Instrument,Date,Price,PE,Y1_PE,Y2_PE,Forward_PE,EPS,Forward_EPS,Band_10x,Band_13x,Band_16x,Band_19x,Band_22x,Band_25x,Band_fwd_10x,Band_fwd_13x,Band_fwd_16x,Band_fwd_19x,Band_fwd_22x,Band_fwd_25x,SD_minus_2,SD_minus_1,SD_mean,SD_plus_1,SD_plus_2,SD_fwd_minus_2,SD_fwd_minus_1,SD_fwd_mean,SD_fwd_plus_1,SD_fwd_plus_2
.DJI,2006-06-02,11247.87353,16.98977,15.06941,13.31541,14.334171643835615,662.0380105204486,784.6894685984264,6620.3801052044855,8606.494136765832,10592.608168327177,12578.722199888522,14564.836231449868,16550.950263011215,7846.894685984264,10200.963091779544,12555.031497574822,14909.099903370101,17263.16830916538,19617.23671496066,7370.313744274158,9674.836767983295,11979.35979169243,14283.882815401566,16588.405839110703,8099.94373815031,10123.225308210394,12146.506878270478,14169.788448330562,16193.070018390647
.DJI,2006-06-09,10891.91753,16.42546,14.58717,12.89021,13.84329712328767,663.11187205716,786.8008201367898,6631.1187205716,8620.45433674308,10609.78995291456,12599.12556908604,14588.46118525752,16577.796801428998,7868.0082013678975,10228.410661778267,12588.813122188636,14949.215582599005,17309.618043009374,19670.020503419742,7382.268792651592,9690.529877614465,11998.790962577337,14307.052047540208,16615.31313250308,8121.738128615046,10150.46371038478,12179.189292154513,14207.914873924246,16236.640455693981
.DJI,2006-06-16,11014.54505,16.61082,14.74824,13.02811,13.961221616438356,663.0946003869767,788.938486373653,6630.946003869767,8620.229805030696,10609.513606191627,12598.797407352558,14588.081208513488,16577.365009674417,7889.38486373653,10256.200322857489,12623.015781978447,14989.831241099406,17356.646700220364,19723.462159341325,7382.076511202316,9690.277474297618,11998.47843739292,14306.679400488221,16614.88036358352,8143.80415210898,10178.041596689502,12212.279041270023,14246.516485850547,16280.753930431069
.DJI,2006-06-23,10989.09103,16.55486,14.70391,12.9883,13.886057561643836,663.7984875740416,791.3758805345977,6637.984875740416,8629.38033846254,10620.775801184665,12612.17126390679,14603.566726628915,16594.96218935104,7913.758805345978,10287.886446949771,12662.014088553564,15036.141730157357,17410.26937176115,19784.39701336494,7389.912722004116,9700.563883128698,12011.215044253278,14321.866205377857,16632.517366502438,8168.964112018487,10209.486252497401,12250.008392976315,14290.530533455229,16331.052673934142
.DJI,2006-06-30,11150.21976,16.77209,14.74182,13.08235,13.918904739726027,664.8080090197466,801.0845658118553,6648.080090197465,8642.504117256705,10636.928144315945,12631.352171375185,14625.776198434425,16620.200225493663,8010.845658118553,10414.099355554119,12817.353052989685,15220.606750425251,17623.860447860818,20027.114145296382,7401.151487253516,9715.316744816044,12029.48200237857,14343.647259941097,16657.812517503626,8269.181851218756,10334.737338998832,12400.292826778908,14465.848314558983,16531.40380233906
.DJI,2006-07-07,11090.66696,16.68007,14.77035,13.06833,13.893693123287672,664.9053007571312,798.2519018942899,6649.053007571311,8643.768909842705,10638.484812114099,12633.200714385492,14627.916616656885,16622.63251892828,7982.519018942899,10377.274724625768,12772.030430308638,15166.786135991508,17561.541841674378,19956.297547357248,7402.23461332461,9716.738538826527,12031.242464328441,14345.746389830356,16660.25031533227,8239.941725946843,10298.193335023383,12356.444944099925,14414.696553176465,16472.948162253007
.DJI,2006-07-14,10739.35352,16.09762,14.3166,12.61761,13.408920410958904,667.1392118834959,800.911124151568,6671.39211883496,8672.809754485446,10674.227390135935,12675.645025786424,14677.06266143691,16678.480297087397,8009.1112415156795,10411.844613970383,12814.577986425087,15217.311358879791,17620.044731334496,20022.7781037892,7427.104221438486,9749.384285986527,12071.664350534567,14393.94441508261,16716.22447963065,8267.39150262049,10332.499779970474,12397.60805732046,14462.716334670444,16527.824612020428
.DJI,2006-07-21,10868.38457,15.94839,14.39738,12.78688,13.506089589041096,681.4722094205121,804.7025379439699,6814.722094205121,8859.138722466656,10903.555350728193,12947.97197898973,14992.388607251265,17036.805235512802,8047.0253794396995,10461.132993271609,12875.240607103518,15289.348220935428,17703.455834767337,20117.56344859925,7586.670118056222,9958.842669588286,12331.015221120351,14703.187772652414,17075.36032418448,8306.528307223407,10381.412550681793,12456.29679414018,14531.181037598568,16606.065281056955
.DJI,2006-07-28,11219.69801,16.28616,14.46112,13.00168,13.625440657534249,688.9099707972905,823.4374426485809,6889.099707972905,8955.829620364777,11022.559532756648,13089.289445148519,15156.01935754039,17222.74926993226,8234.374426485809,10704.686754431552,13174.999082377295,15645.311410323038,18115.62373826878,20585.936066214523,7669.472969298566,10067.536016640932,12465.599063983298,14863.662111325664,17261.72515866803,8499.919043456948,10623.11027830822,12746.301513159493,14869.492748010765,16992.683982862036
.DJI,2006-08-04,11240.34939,16.4001,14.39478,13.068,13.609617041095891,685.3829787623247,825.9122469102841,6853.829787623246,8909.97872391022,10966.127660197195,13022.27659648417,15078.425532771143,17134.574469058116,8259.122469102842,10736.859209833694,13214.595950564546,15692.332691295398,18170.069432026252,20647.806172757104,7630.207795006203,10015.99354977646,12401.779304546715,14787.56505931697,17173.350814087225,8525.465168497387,10655.03755927414,12784.609950050895,14914.182340827649,17043.754731604404
.DJI,2006-08-11,11088.02551,16.25246,14.16033,12.88922,13.38373402739726,682.2367512364282,828.4702525694387,6822.3675123642815,8869.077766073566,10915.78801978285,12962.498273492136,15009.20852720142,17055.918780910706,8284.702525694387,10770.113283402703,13255.524041111019,15740.934798819335,18226.345556527653,20711.75631423597,7595.181582601119,9970.015468058682,12344.849353516243,14719.683238973805,17094.517124431364,8551.870138552651,10688.038215793149,12824.206293033645,14960.374370274143,17096.54244751464
.DJI,2006-08-18,11381.46709,16.57751,14.55747,13.21158,13.709374931506847,686.560713279618,830.1959167987407,6865.60713279618,8925.289272635033,10984.971412473888,13044.653552312742,15104.335692151595,17164.017831990448,8301.959167987407,10792.546918383629,13283.13466877985,15773.722419176072,18264.310169572294,20754.897919968516,7643.3192368901655,10033.204629850057,12423.090022809947,14812.975415769837,17202.860808729725,8569.683278307477,10710.300892302297,12850.918506297117,14991.536120291938,17132.15373428676
.DJI,2006-08-25,11284.05345,16.44312,14.43371,13.05982,13.541622520547946,686.2477102885583,833.2866636090077,6862.477102885583,8921.220233751259,10979.963364616933,13038.706495482607,15097.449626348283,17156.192757213958,8332.866636090077,10832.726626917101,13332.586617744124,15832.446608571146,18332.30659939817,20832.166590225195,7639.834648074499,10028.630492416449,12417.426336758399,14806.222181100347,17195.018025442296,8601.587459864479,10750.17440607183,12898.761352279182,15047.348298486533,17195.935244693883
.DJI,2006-09-01,11464.15262,16.69994,14.82639,13.26122,13.780084575342466,686.4786711808546,831.9363032439945,6864.786711808546,8924.22272535111,10983.658738893673,13043.094752436236,15102.530765978801,17161.966779521365,8319.363032439946,10815.171942171928,13310.980851903912,15806.789761635897,18302.59867136788,20798.407581099862,7642.405881465679,10032.005689757456,12421.605498049232,14811.205306341008,17200.80511463278,8587.648387886908,10732.753499115193,12877.858610343479,15022.963721571763,17168.068832800047
.DJI,2006-09-08,11392.11295,16.57272,14.7317,13.17284,13.659716821917808,687.4015218986383,833.9933468987216,6874.015218986383,8936.219784682298,10998.424350378213,13060.628916074127,15122.833481770042,17185.038047465958,8339.933468987216,10841.913509683382,13343.893550379546,15845.87359107571,18347.853631771875,20849.83367246804,7652.679761848843,10045.491969871124,12438.304177893402,14831.116385915682,17223.928593937962,8608.882186143393,10759.2912789873,12909.700371831208,15060.109464675115,17210.518557519023
.DJI,2006-09-15,11560.76582,16.82716,14.92816,13.37362,13.829334465753426,687.0301239187124,835.9596659281583,6870.301239187124,8931.391610943261,10992.481982699399,13053.572354455537,15114.662726211674,17175.753097967812,8359.596659281582,10867.475657066057,13375.354654850533,15883.233652635008,18391.112650419484,20898.99164820396,7648.545075331536,10040.064464539644,12431.58385374775,14823.103242955858,17214.622632163966,8629.179480993214,10784.658626657156,12940.137772321095,15095.616917985037,17251.096063648976
.DJI,2006-09-22,11508.09682,16.76117,14.85835,13.31567,13.73832205479452,686.5926913216679,837.6639282512529,6865.926913216679,8925.704987181682,10985.483061146686,13045.26113511169,15105.039209076693,17164.817283041695,8376.63928251253,10889.631067266288,13402.622852020046,15915.614636773804,18428.606421527562,20941.59820628132,7643.675240924813,10033.671947937653,12423.668654950492,14813.66536196333,17203.66206897617,8646.771699934005,10806.645198634214,12966.518697334426,15126.392196034638,17286.265694734848
.DJI,2006-09-29,11679.07096,16.98416,15.09002,13.51536,13.916574739726029,687.6448973631901,839.2202232537229,6876.448973631901,8939.383665721472,11002.318357811042,13065.253049900612,15128.187741990183,17191.122434079753,8392.202232537229,10909.862902298399,13427.523572059567,15945.184241820734,18462.844911581902,20980.505581343074,7655.389203758372,10049.048590269731,12442.70797678109,14836.367363292447,17230.026749803805,8662.836528715876,10826.722854301222,12990.60917988657,15154.495505471916,17318.38183105726
.DJI,2006-10-06,11850.2052,17.26516,15.33201,13.73633,14.112298438356165,686.3652117906813,839.7076671644099,6863.652117906813,8922.747753278858,10981.843388650901,13040.939024022944,15100.034659394989,17159.130294767034,8397.0766716441,10916.19967313733,13435.322674630559,15954.445676123789,18473.56867761702,20992.69167911025,7641.142764711773,10030.34762622896,12419.552487746148,14808.757349263335,17197.962210780523,8667.868160221165,10833.011334942888,12998.15450966461,15163.297684386333,17328.440859108054
.DJI,2006-10-13,11960.50593,17.33393,15.52281,13.86278,14.222074164383562,690.0054361590245,840.9818280903622,6900.054361590245,8970.070670067318,11040.086978544392,13110.103287021466,15180.11959549854,17250.135903975613,8409.818280903623,10932.763765174708,13455.709249445796,15978.654733716883,18501.60021798797,21024.545702259056,7681.6685279880385,10083.544838477952,12485.421148967862,14887.297459457774,17289.173769947683,8681.020664780704,10849.449198134007,13017.87773148731,15186.306264840612,17354.734798193913
.DJI,2006-10-20,12002.36898,17.05596,15.512,13.9018,14.219428493150684,703.7052725264365,844.0823754471838,7037.052725264365,9148.168542843674,11259.284360422984,13370.400178002294,15481.515995581603,17592.63181316091,8440.823754471838,10973.07088081339,13505.318007154941,16037.565133496493,18569.812259838043,21102.059386179597,7834.185589951998,10283.750383320605,12733.315176689208,15182.879970057813,17632.444763426418,8713.026012313385,10889.449148086112,13065.872283858842,15242.295419631571,17418.7185554043
.DJI,2006-10-27,12090.25738,17.03218,15.49511,14.06452,14.319282602739726,709.8479102498916,844.3340155663075,7098.479102498915,9228.022833248591,11357.566563998265,13487.11029474794,15616.654025497615,17746.19775624729,8443.340155663074,10976.342202361997,13509.34424906092,16042.346295759842,18575.348342458765,21108.350389157687,7902.570133618437,10373.517158573532,12844.464183528626,15315.411208483718,17786.358233438812,8715.623563177427,10892.69554009775,13069.767517018074,15246.839493938396,17423.91147085872
.DJI,2006-11-03,11986.03999,16.87853,15.35249,13.9479,14.171095123287673,710.1353014747136,845.8090137510316,7101.3530147471365,9231.758919171278,11362.164823595418,13492.570728019558,15622.9766324437,17753.38253686784,8458.090137510315,10995.51717876341,13532.944220016505,16070.3712612696,18607.798302522693,21145.22534377579,7905.769592653462,10377.717012878753,12849.66443310404,15321.61185332933,17793.55927355462,8730.849206936198,10911.724391064532,13092.599575192868,15273.474759321201,17454.349943449535
.DJI,2006-11-10,12108.42738,16.8362,15.45067,14.10628,14.294126273972603,719.1900416958695,847.0911161633975,7191.900416958695,9349.470542046303,11507.040667133911,13664.61079222152,15822.180917309128,17979.751042396736,8470.911161633974,11012.184510124167,13553.45785861436,16094.731207104553,18636.004555594744,21177.27790408494,8006.57388975168,10510.040432718813,13013.506975685943,15516.973518653074,18020.440061620204,8744.083687354623,10928.26470683016,13112.445726305696,15296.626745781232,17480.80776525677
.DJI,2006-11-17,12342.55631,17.05842,15.69426,14.38581,14.543540958904108,723.5462786119698,848.6623955525369,7235.462786119698,9406.101621955608,11576.740457791517,13747.379293627426,15918.018129463335,18088.656965299244,8486.623955525369,11032.61114218298,13578.59832884059,16124.5855154982,18670.572702155812,21216.559888813423,8055.070852623659,10573.701250400265,13092.331648176869,15610.962045953474,18129.59244373008,8760.303192213885,10948.535675047455,13136.768157881024,15325.000640714594,17513.233123548165
.DJI,2006-11-24,12280.16894,17.00226,15.67268,14.29892,14.4381778630137,722.2668598174596,850.5345381191158,7222.668598174596,9389.469177626976,11556.269757079353,13723.070336531731,15889.870915984111,18056.67149543649,8505.345381191159,11056.948995548506,13608.552609905853,16160.1562242632,18711.75983862055,21263.363452977897,8040.827383553888,10555.004184977926,13069.180986401963,15583.357787826,18097.534589250037,8779.628352122265,10972.68805859406,13165.747765065853,15358.807471537648,17551.86717800944
.DJI,2006-12-01,12194.12836,16.90001,15.5615,14.19487,14.307195753424658,721.5456298546569,852.3073682752358,7215.456298546569,9380.093188110539,11544.73007767451,13709.366967238482,15874.003856802452,18038.64074636642,8523.073682752358,11079.995787578066,13636.917892403773,16193.839997229481,18750.76210205519,21307.684206880895,8032.7980997013665,10544.46433371348,13056.130567725593,15567.796801737706,18079.46303574982,8797.92836135715,10995.55921950775,13193.190077658348,15390.820935808948,17588.451793959546
.DJI,2006-12-08,12307.48722,17.06149,15.68794,14.32516,14.411033808219177,721.3606326293894,854.0322216842319,7213.606326293894,9377.688224182062,11541.770122070231,13705.8520199584,15869.933917846567,18034.015815734736,8540.32221684232,11102.418881895015,13664.51554694771,16226.612212000406,18788.7088770531,21350.805542105798,8030.7385690243145,10541.760836439078,13052.783103853842,15563.805371268605,18074.827638683368,8815.733131433113,11017.811435679441,13219.889739925768,15421.968044172096,17624.046348418422
.DJI,2006-12-15,12445.52065,17.26022,15.86505,14.48729,14.54768495890411,721.0522606316722,855.498361777662,7210.522606316722,9373.679388211738,11536.836170106755,13699.992952001772,15863.14973389679,18026.306515791806,8554.98361777662,11121.478703109606,13687.973788442592,16254.468873775579,18820.963959108565,21387.45904444155,8027.305535970309,10537.254375036076,13047.20321410184,15557.152053167607,18067.10089223337,8830.867337694659,11036.72600901468,13242.5846803347,15448.44335165472,17654.30202297474
.DJI,2006-12-22,12343.21729,17.1138,15.72413,14.36843,14.401858219178084,721.2435163435356,857.0572701211073,7212.435163435356,9376.165712465963,11539.89626149657,13703.626810527176,15867.357359557784,18031.08790858839,8570.572701211073,11141.744511574396,13712.916321937717,16284.088132301038,18855.25994266436,21426.431753027682,8029.434740909327,10540.04933206848,13050.66392322763,15561.278514386782,18071.893105545932,8846.959142644448,11056.837379215343,13266.71561578624,15476.593852357135,17686.47208892803
.DJI,2006-12-29,12463.14535,17.2686,15.93485,14.50803,14.515848191780822,721.7229740685407,858.5888461589792,7217.229740685407,9382.398662891028,11547.56758509665,13712.736507302274,15877.905429507895,18043.074351713516,8585.888461589791,11161.65500006673,13737.421538543667,16313.188077020604,18888.954615497543,21464.72115397448,8034.772431199383,10547.055992037936,13059.339552876489,15571.62311371504,18083.906674553593,8862.768810333273,11076.59613720623,13290.423464079187,15504.250790952143,17718.0781178251
.DJI,2007-01-05,12398.01408,17.18197,14.42649,,14.42649,721.5711632600919,859.3922762917384,7215.711632600919,9380.425122381195,11545.13861216147,13709.852101941746,15874.565591722021,18039.279081502296,8593.922762917384,11172.0995917926,13750.276420667815,16328.45324954303,18906.630078418246,21484.80690729346,8033.08235710959,10544.837471699198,13056.592586288807,15568.347700878414,18080.10281546802,8871.062204259546,11086.961134544417,13302.86006482929,15518.758995114164,17734.657925399035
.DJI,2007-01-12,12556.07558,17.3819,14.6145,,14.6145,722.364964704664,859.151909405043,7223.64964704664,9390.744541160631,11557.839435274624,13724.934329388616,15892.029223502608,18059.1241176166,8591.51909405043,11168.97482226556,13746.430550480689,16323.886278695818,18901.34200691095,21478.797735126078,8041.919562231022,10556.437862130537,13070.956162030052,15585.474461929567,18099.992761829082,8868.581021146148,11083.860177735354,13299.139334324562,15514.418490913768,17729.697647502973
.DJI,2007-01-19,12565.52883,17.27287,14.61755,,14.61755,727.4719736789542,859.6193500278774,7274.719736789542,9457.135657826404,11639.551578863267,13821.96749990013,16004.383420936992,18186.799341973856,8596.193500278774,11175.051550362406,13753.909600446039,16332.767650529671,18911.625700613302,21490.483750696934,8098.7746941678615,10631.070250926525,13163.365807685186,15695.66136444385,18227.95692120251,8873.40616905166,11089.890597324922,13306.375025598183,15522.859453871446,17739.343882144705
.DJI,2007-01-26,12487.01881,16.96986,14.53366,,14.53366,735.835110601973,859.1792301457444,7358.351106019731,9565.856437825649,11773.361769631569,13980.867101437489,16188.372433243407,18395.877765049325,8591.792301457444,11169.329991894678,13746.867682331911,16324.405372769144,18901.943063206378,21479.480753643613,8191.879534115822,10753.286775223814,13314.694016331805,15876.101257439796,18437.508498547784,8868.863039028918,11084.212640747508,13299.562242466098,15514.91184418469,17730.261445903277
.DJI,2007-02-02,12653.4921,17.03922,14.78993,13.77563,14.69822616438356,742.6098201678245,860.8856577987406,7426.0982016782455,9653.927662181719,11881.757122685192,14109.586583188666,16337.41604369214,18565.245504195613,8608.856577987406,11191.513551383627,13774.170524779849,16356.827498176071,18939.484471572294,21522.141444968514,8267.300785211975,10852.290470115262,13437.280155018547,16022.269839921833,18607.25952482512,8886.477609550911,11106.227147497924,13325.976685444937,15545.72622339195,17765.475761338963
.DJI,2007-02-09,12580.83027,16.82814,14.69113,13.65538,14.57762315068493,747.6067034146376,863.0234256953535,7476.0670341463765,9718.88714439029,11961.707254634202,14204.527364878115,16447.347475122027,18690.16758536594,8630.234256953534,11219.304534039595,13808.374811125655,16397.445088211716,18986.515365297775,21575.585642383838,8322.92991327906,10925.313512589188,13527.697111899313,16130.080711209437,18732.464310519565,8908.544682425889,11133.806345308143,13359.068008190397,15584.329671072652,17809.591333954908
.DJI,2007-02-16,12767.57196,17.09517,14.90502,13.96494,14.783968602739726,746.8525881871897,863.6092447892473,7468.525881871897,9709.083646433466,11949.641410995035,14190.199175556603,16430.75694011817,18671.314704679742,8636.092447892474,11226.920182260215,13817.747916627957,16408.5756509957,18999.403385363443,21590.231119731183,8314.534525495726,10914.293085342004,13514.051645188283,16113.81020503456,18713.568764880838,8914.591790092249,11141.363957477874,13368.136124863498,15594.908292249123,17821.680459634747
.DJI,2007-02-23,12647.48368,16.93116,14.75366,13.80651,14.613533698630135,746.9945166190622,865.4637503032936,7469.945166190622,9710.928716047809,11951.912265904995,14192.895815762182,16433.87936561937,18674.862915476555,8654.637503032936,11251.028753942817,13847.420004852698,16443.81125576258,19040.20250667246,21636.59375758234,8316.114581407184,10916.367187416632,13516.619793426078,16116.872399435524,18717.12500544497,8933.73489182483,11165.288806612834,13396.842721400837,15628.396636188842,17859.950550976846
.DJI,2007-03-02,12114.09621,16.03897,14.13105,13.01976,13.945327561643836,755.2914064930603,868.6849524653277,7552.914064930603,9818.788284409784,12084.662503888965,14350.536723368146,16616.410942847328,18882.28516232651,8686.849524653277,11292.90438204926,13898.959239445243,16505.014096841227,19111.06895423721,21717.12381163319,8408.481908511236,11037.615596023506,13666.749283535775,16295.882971048044,18925.01665856031,8966.985696539066,11206.845315976736,13446.704935414404,15686.564554852072,17926.42417428974
.DJI,2007-03-09,12276.32355,16.2542,14.29635,13.21618,14.095112849315068,755.2708561479494,870.9631261020056,7552.708561479494,9818.521129923342,12084.33369836719,14350.14626681104,16615.95883525489,18881.771403698735,8709.631261020057,11322.520639326072,13935.41001763209,16548.299395938106,19161.188774244125,21774.07815255014,8408.253126343727,11037.315279075969,13666.377431808209,16295.439584540449,18924.501737272687,8990.502105285814,11236.235878662008,13481.969652038202,15727.703425414396,17973.43719879059
.DJI,2007-03-16,12110.41105,16.04969,14.15314,12.84264,13.883859178082192,754.5573185525703,872.2654771029476,7545.573185525704,9809.245141183414,12072.917096841125,14336.589052498837,16600.261008156547,18863.93296381426,8722.654771029476,11339.451202338318,13956.247633647161,16573.044064956004,19189.840496264846,21806.63692757369,8400.309479811793,11026.887841899535,13653.466203987278,16280.04456607502,18906.62292816276,9003.945601416577,11253.037420087634,13502.129238758691,15751.221057429748,18000.312876100805
.DJI,2007-03-23,12481.01039,16.51997,14.58981,13.24632,14.28798484931507,755.5104755032847,873.5318886202703,7555.104755032848,9821.6361815427,12088.167608052556,14354.69903456241,16621.230461072264,18887.761887582117,8735.318886202702,11355.914552063514,13976.510217924324,16597.105883785134,19217.701549645946,21838.297215506755,8410.92075237117,11040.81700875384,13670.713265136506,16300.609521519174,18930.505777901843,9017.018112836899,11269.375308686635,13521.73250453637,15774.089700386106,18026.44689623584
.DJI,2007-03-30,12354.3529,16.36343,14.44127,13.11048,14.116776,754.9977541383438,875.1539940847683,7549.977541383438,9814.97080379847,12079.9640662135,14344.957328628532,16609.950591043562,18874.943853458593,8751.539940847684,11377.001923101989,14002.463905356293,16627.9258876106,19253.387869864902,21878.84985211921,8405.212745787023,11033.324243331865,13661.435740876705,16289.547238421545,18917.658735966383,9033.762268997487,11290.301980635124,13546.841692272761,15803.381403910398,18059.921115548033
.DJI,2007-04-06,12560.1976,16.38681,14.65722,13.3067,14.302014739726026,766.4821646189831,878.2117644664521,7664.821646189831,9964.26814004678,12263.71463390373,14563.161127760679,16862.60762161763,19162.054115474577,8782.11764466452,11416.752938063877,14051.388231463234,16686.02352486259,19320.658818261945,21955.294111661304,8533.0659914697,11201.154179092433,13869.242366715165,16537.330554337896,19205.418741960628,9065.326051929427,11329.75006774893,13594.174083568432,15858.598099387935,18123.022115207437
.DJI,2007-04-13,12612.12712,16.43436,14.65138,13.31451,14.274126273972602,767.4242939791995,883.5656122082171,7674.242939791995,9976.515821729594,12278.788703667193,14581.061585604792,16883.33446754239,19185.60734947999,8835.656122082171,11486.352958706822,14137.049795331473,16787.746631956124,19438.443468580776,22089.140305205427,8543.554496453015,11214.922191849364,13886.289887245712,16557.65758264206,19229.025278038407,9120.591054489456,11398.819692262365,13677.048330035275,15955.276967808184,18233.505605581093
.DJI,2007-04-20,12961.9809,16.76112,14.96698,13.61848,14.560582739726026,773.336203069962,890.2103117504688,7733.36203069962,10053.370639909506,12373.379249119393,14693.387858329279,17013.396467539165,19333.40507674905,8902.103117504688,11572.734052756094,14243.3649880075,16913.995923258906,19584.626858510313,22255.25779376172,8609.370392419913,11301.317163937627,13993.26393545534,16685.210706973052,19377.157478490764,9189.180852878475,11484.54250780075,13779.904162723027,16075.265817645302,18370.62747256758
.DJI,2007-04-27,13120.93885,16.68764,15.15053,13.79035,14.71452709589041,786.2668927421734,891.6996628226347,7862.668927421733,10221.469605648253,12580.270283874774,14939.070962101294,17297.871640327812,19656.672318554334,8916.996628226347,11592.09561669425,14267.194605162154,16942.29359363006,19617.392582097964,22292.491570565868,8753.32472479899,11490.282615902757,14227.240507006523,16964.19839811029,19701.156289214057,9204.554654074564,11503.756524389362,13802.958394704163,16102.160265018962,18401.362135333762
.DJI,2007-05-04,13264.61864,16.84745,15.31643,13.94387,14.850135643835618,787.3368753134748,893.2321534386944,7873.368753134748,10235.379379075173,12597.390005015597,14959.40063095602,17321.411256896445,19683.421882836872,8932.321534386943,11612.017994703026,14291.71445501911,16971.410915335193,19651.107375651274,22330.80383596736,8765.23658956518,11505.919039427428,14246.601489289676,16987.283939151926,19727.96638901417,9220.37376248123,11523.527081291064,13826.680400100899,16129.833718910733,18432.98703772057
.DJI,2007-05-11,13326.21891,16.8623,15.38756,14.01051,14.893331095890414,790.296632725073,894.7775903321699,7902.96632725073,10273.856225425949,12644.746123601168,15015.636021776387,17386.525919951604,19757.415818126825,8947.775903321699,11632.10867431821,14316.441445314718,17000.774216311227,19685.106987307736,22369.43975830425,8798.186873965422,11549.172099485913,14300.157325006405,17051.142550526896,19802.127776047386,9236.326508617063,11543.4646572346,13850.602805852135,16157.740954469671,18464.879103087205
.DJI,2007-05-18,13556.52915,17.17058,15.65562,14.25553,15.12627090410959,789.5207471151236,896.2241411607197,7895.207471151236,10263.769712496607,12632.331953841978,15000.89419518735,17369.45643653272,19738.01867787809,8962.241411607196,11650.913835089355,14339.586258571515,17028.258682053674,19716.931105535834,22405.603529017993,8789.54912162474,11537.833526008862,14286.117930392986,17034.402334777107,19782.68673916123,9251.258505023943,11562.126510799862,13872.994516575782,16183.862522351701,18494.73052812762
.DJI,2007-05-25,13507.28144,17.11708,15.59874,14.204,15.04466520547945,789.1113110413692,897.8120320737004,7891.113110413691,10258.447043537799,12625.780976661907,14993.114909786014,17360.448842910122,19727.78277603423,8978.120320737004,11671.556416958105,14364.992513179206,17058.428609400307,19751.864705621407,22445.30080184251,8784.990965939052,11531.850142702238,14278.709319465424,17025.56849622861,19772.427672991795,9267.649482056471,11582.61178315311,13897.574084249747,16212.536385346386,18527.498686443025
.DJI,2007-06-01,13668.10854,17.32459,15.72517,14.2284,15.101857561643836,788.9426843578982,905.0614127572414,7889.426843578982,10256.254896652677,12623.082949726371,14989.911002800065,17356.73905587376,19723.567108947456,9050.614127572415,11765.798365844139,14480.982604115863,17196.16684238759,19911.35108065931,22626.535318931037,8783.113684660504,11529.385879908588,14275.65807515667,17021.930270404755,19768.202465652837,9342.481091276357,11676.135548848035,14009.790006419713,16343.44446399139,18677.09892156307
.DJI,2007-06-08,13424.38926,17.00472,15.44923,13.95773,14.799508082191782,789.4507677868263,907.0834777375837,7894.507677868263,10262.859981228741,12631.21228458922,14999.5645879497,17367.91689131018,19736.269194670658,9070.834777375838,11792.085210588588,14513.33564380134,17234.58607701409,19955.836510226844,22677.086943439594,8788.77005819187,11536.810867841732,14284.851677491592,17032.89248714145,19780.93329679131,9363.353822759438,11702.222071227912,14041.090319696386,16379.958568164862,18718.826816633336
.DJI,2007-06-15,13639.48425,17.23739,15.68955,14.17619,15.001282164383564,791.2731712863722,909.2212319279761,7912.731712863722,10286.551226722839,12660.370740581955,15034.190254441071,17408.009768300188,19781.829282159306,9092.21231927976,11819.876015063688,14547.539710847617,17275.203406631546,20002.867102415476,22730.5307981994,8809.058448506134,11563.442958602876,14317.827468699617,17072.21197879636,19826.5964888931,9385.420754152185,11729.801092215115,14074.181430278044,16418.561768340973,18762.9421064039
.DJI,2007-06-22,13360.25647,16.86159,15.35625,13.87494,14.654149643835616,792.3485549108951,911.7046566820135,7923.485549108951,10300.531213841638,12677.576878574322,15054.622543307007,17431.668208039693,19808.71387277238,9117.046566820134,11852.160536866175,14587.274506912216,17322.388476958255,20057.502447004295,22792.616417050336,8821.03044192983,11579.15831159604,14337.28618126225,17095.41405092846,19853.541920594667,9411.055864078615,11761.839585564607,14112.623307050599,16463.407028536592,18814.190750022583
.DJI,2007-06-29,13408.62344,16.89944,15.40933,13.92377,14.676725068493152,793.4359623750846,913.5977799832598,7934.359623750846,10314.6675108761,12694.975398001354,15075.283285126608,17455.59117225186,19835.899059377116,9135.977799832597,11876.771139782377,14617.564479732157,17358.357819681936,20099.151159631714,22839.944499581496,8833.136293937696,11595.049377590953,14356.962461244206,17118.875544897463,19880.788628550716,9430.597597264948,11786.262640137991,14141.927683011034,16497.59272588408,18853.257768757117
.DJI,2007-07-06,13611.6834,17.17511,15.66317,14.13781,14.88168419178082,792.5237975186185,914.6601436091323,7925.2379751861845,10302.80936774204,12680.380760297896,15057.952152853752,17435.523545409607,19813.094937965463,9146.601436091323,11890.581866918721,14634.562297746117,17378.542728573513,20122.52315940091,22866.50359022831,8822.98137673986,11581.719257640796,14340.457138541731,17099.195019442664,19857.9329003436,9441.563827784641,11799.968120808153,14158.372413831665,16516.776706855177,18875.18099987869
.DJI,2007-07-13,13907.25027,17.5507,16.00871,14.45655,15.183726328767124,792.40430695072,915.9313049294949,7924.043069507199,10301.25599035936,12678.46891121152,15055.68183206368,17432.89475291584,19810.107673767998,9159.31304929495,11907.106964083434,14654.900878871918,17402.694793660405,20150.488708448887,22898.282623237374,8821.651116300278,11579.973056182025,14338.29499606377,17096.616935945516,19854.93887582726,9454.685368966328,11816.367286292172,14178.049203618017,16539.731120943863,18901.413038269708
.DJI,2007-07-20,13851.07956,17.4857,15.83475,14.33812,15.010578410958905,792.1375501123775,922.7545522088357,7921.375501123775,10297.788151460907,12674.20080179804,15050.613452135174,17427.026102472308,19803.438752809438,9227.545522088356,11995.809178714864,14764.07283534137,17532.33649196788,20300.600148594385,23068.86380522089,8818.68137504559,11576.074746981203,14333.468118916813,17090.861490852425,19848.254862788035,9525.118223344842,11904.393534007431,14283.668844670021,16662.94415533261,19042.219465995197
.DJI,2007-07-27,13265.47348,16.63158,15.13866,13.61019,14.267641479452054,797.6075321767386,929.7593788787478,7976.0753217673855,10368.897918297602,12761.720514827817,15154.543111358033,17547.36570788825,19940.188304418465,9297.593788787479,12086.871925423722,14876.150062059965,17665.42819869621,20454.706335332452,23243.984471968695,8879.577401178893,11656.01152214444,14432.445643109982,17208.879764075526,19985.313885041072,9597.425427904536,11994.762325054342,14392.099222204148,16789.43611935395,19186.773016503757
.DJI,2007-08-03,13181.90837,16.31398,14.95773,13.54043,14.12288205479452,808.0130274770472,933.3724036536103,8080.130274770472,10504.169357201614,12928.208439632755,15352.247522063897,17776.28660449504,20200.325686926182,9333.724036536103,12133.841247496934,14933.958458457764,17734.075669418595,20534.192880379425,23334.310091340256,8995.419337456171,11808.07449575129,14620.729654046409,17433.384812341526,20246.039970636648,9634.720814897815,12041.373711218868,14448.026607539921,16854.679503860974,19261.33240018203
.DJI,2007-08-10,13239.54228,16.31637,14.98018,13.57946,14.128235232876712,811.426946067048,937.0980919960404,8114.26946067048,10548.550298871623,12982.831137072768,15417.111975273912,17851.392813475057,20285.6736516762,9370.980919960404,12182.275195948525,14993.569471936646,17804.863747924766,20616.15802391289,23427.452299901008,9033.425691632021,11857.96453918169,14682.50338673136,17507.042234281027,20331.581081830696,9673.179169657524,12089.438562383442,14505.697955109361,16921.95734783528,19338.216740561198
.DJI,2007-08-17,13079.07776,16.10571,14.82201,13.42686,13.946696712328766,812.0770683192484,937.7903621033217,8120.770683192484,10557.00188815023,12993.233093107974,15429.464298065719,17865.695503023464,20301.92670798121,9377.903621033218,12191.274707343182,15004.645793653148,17818.016879963114,20631.38796627308,23444.759052583042,9040.663350036384,11867.465242418244,14694.267134800102,17521.06902718196,20347.87091956382,9680.325116105101,12098.369491815522,14516.413867525942,16934.458243236364,19352.502618946783
.DJI,2007-08-24,13378.87166,16.47487,15.13805,13.7442,14.236820958904108,812.0775253461788,939.7372979978707,8120.775253461788,10557.007829500326,12993.240405538862,15429.472981577397,17865.705557615933,20301.938133654472,9397.372979978707,12216.584873972319,15035.79676796593,17855.008661959542,20674.220555953154,23493.432449946766,9040.668438009905,11867.471921280909,14694.27540455191,17521.07888782291,20347.882371093914,9700.422328873612,12123.486778984374,14546.551229095137,16969.6156792059,19392.680129316665
.DJI,2007-08-31,13357.73651,16.44885,15.11552,13.73381,14.195641835616438,812.0772278913116,940.974467000558,8120.772278913117,10557.00396258705,12993.235646260986,15429.467329934922,17865.699013608857,20301.93069728279,9409.74467000558,12232.668071007254,15055.591472008928,17878.5148730106,20701.438274012275,23524.361675013948,9040.665126514701,11867.46757435937,14694.270022204038,17521.072470048708,20347.874917893376,9713.192984932306,12139.44741189679,14565.701838861272,16991.956265825756,19418.21069279024
.DJI,2007-09-07,13113.38173,16.14795,14.88031,13.47599,13.918446986301367,812.0771819333103,942.1583990589095,8120.771819333103,10557.003365133034,12993.234910932964,15429.466456732895,17865.698002532827,20301.929548332755,9421.583990589095,12248.059187765823,15074.534384942552,17901.00958211928,20727.48477929601,23553.959976472735,9040.664614875062,11867.4669027421,14694.269190609139,17521.071478476177,20347.873766343215,9725.414103535528,12154.72123862179,14584.028373708054,17013.335508794316,19442.64264388058
.DJI,2007-09-14,13442.52096,16.55325,15.24677,13.8243,14.24519523287671,812.0774446105751,943.6529819525249,8120.774446105751,10557.006779937476,12993.239113769201,15429.471447600927,17865.70378143265,20301.936115264376,9436.529819525249,12267.488765382823,15098.447711240398,17929.406657097974,20760.36560295555,23591.32454881312,9040.667539199381,11867.470741433564,14694.273943667746,17521.077145901927,20347.880348136106,9740.841910119845,12174.002750582045,14607.163591044246,17040.324431506448,19473.485271968646
.DJI,2007-09-21,13820.18973,17.01832,15.67802,14.20418,14.612009698630136,812.0772044479127,945.8103310248714,8120.772044479127,10557.003657822865,12993.235271166603,15429.46688451034,17865.69849785408,20301.930111197817,9458.103310248714,12295.534303323328,15132.965296397942,17970.396289472556,20807.827282547172,23645.258275621785,9040.664865524845,11867.46723176415,14694.269598003455,17521.071964242758,20347.874330482064,9763.111109349406,12201.834563804709,14640.55801826001,17079.281472715313,19518.004927170616
.DJI,2007-09-28,13895.62594,17.11121,15.75766,14.29142,14.669027013698631,812.0773422802946,947.2765935343638,8120.773422802946,10557.00544964383,12993.237476484714,15429.469503325598,17865.70153016648,20301.933557007364,9472.765935343637,12314.595715946729,15156.42549654982,17998.25527715291,20840.085057756,23681.914838359095,9040.666399980393,11867.469246007706,14694.272092035018,17521.07493806233,20347.87778408964,9778.246579248678,12220.750716421215,14663.254853593751,17105.758990766288,19548.263127938822
.DJI,2007-10-05,14066.00772,17.27433,16.06043,14.46538,14.84557,814.2722594740288,947.4885585396855,8142.7225947402885,10585.539373162375,13028.356151584461,15471.172930006547,17913.989708428635,20356.80648685072,9474.885585396856,12317.351261015912,15159.816936634968,18002.282612254025,20844.74828787308,23687.213963492137,9065.101897796909,11899.54514683389,14733.98839587087,17568.43164490785,20402.87489394483,9780.434584423043,12223.48526249606,14666.535940569076,17109.586618642094,19552.63729671511
.DJI,2007-10-12,14093.07697,17.30067,16.10567,14.52396,14.870636164383562,814.5971786063776,947.7117733371837,8145.971786063776,10589.763321882909,13033.554857702042,15477.346393521175,17921.137929340308,20364.92946515944,9477.117733371837,12320.253053383387,15163.388373394939,18006.52369340649,20849.65901341804,23692.794333429592,9068.719146215992,11904.293423395531,14739.867700575069,17575.441977754606,20411.016254934144,9782.738715386451,12226.364941372389,14669.991167358326,17113.617393344262,19557.243619330202
.DJI,2007-10-19,13522.02162,16.55339,15.42167,13.9113,14.213374000000002,816.8732579852223,951.3590242541987,8168.732579852222,10619.35235380789,13069.972127763556,15520.591901719223,17971.21167567489,20421.831449630557,9513.590242541988,12367.667315304583,15221.74438806718,18075.821460829775,20929.89853359237,23783.97560635497,9094.058203584875,11937.55540550436,14781.052607423842,17624.549809343327,20468.04701126281,9820.387401151926,12273.417876662152,14726.448352172378,17179.478827682604,19632.50930319283
.DJI,2007-10-26,13806.69576,16.72875,15.68056,14.21159,14.47721197260274,825.3274010311588,953.6847140270066,8253.274010311588,10729.256213405064,13205.238416498541,15681.220619592019,18157.202822685496,20633.18502577897,9536.847140270067,12397.901282351086,15258.955424432106,18120.009566513127,20981.063708594145,23842.117850675168,9188.176193333744,12061.101867615074,14934.027541896401,17806.953216177728,20679.87889045906,9844.394294408417,12303.42144177841,14762.448589148404,17221.475736518398,19680.502883888388
.DJI,2007-11-02,13595.10044,16.49186,15.4924,13.97371,14.219196876712328,824.3521616118497,956.108882792498,8243.521616118498,10716.578100954046,13189.634585789596,15662.691070625146,18135.747555460694,20608.804040296243,9561.08882792498,12429.415476302474,15297.742124679968,18166.06877305746,21034.395421434954,23902.72206981245,9177.319081835809,12046.849993792752,14916.380905749693,17785.911817706634,20655.442729663577,9869.417735397543,12334.69547766171,14799.973219925878,17265.250962190046,19730.528704454213
.DJI,2007-11-09,13042.74157,16.04661,15.24986,13.57289,13.811800794520549,812.8035497840353,944.3186854515269,8128.035497840354,10566.446147192459,13004.856796544565,15443.267445896672,17881.67809524878,20320.088744600882,9443.186854515268,12276.14291086985,15109.09896722443,17942.05502357901,20775.011079933593,23607.96713628817,9048.751097627599,11878.08183765158,14707.41257767556,17536.74331769954,20366.07405772352,9747.713623203796,12182.590946012906,14617.468268822016,17052.345591631125,19487.222914440237
.DJI,2007-11-16,13176.78716,16.24525,15.43328,13.68441,13.900024109589042,811.1163053815732,947.9686550262808,8111.1630538157315,10544.511969960451,12977.86088610517,15411.20980224989,17844.558718394608,20277.90763453933,9479.686550262808,12323.59251534165,15167.498480420492,18011.404445499335,20855.31041057818,23699.21637565702,9029.96740180983,11853.424923815648,14676.882445821462,17500.33996782728,20323.797489833094,9785.390372267693,12229.678954520708,14673.967536773724,17118.25611902674,19562.544701279756
.DJI,2007-11-23,12980.88063,15.98656,15.23735,13.4723,13.656058630136988,811.9871085461788,950.558355201627,8119.8710854617875,10555.832411100324,12991.79373673886,15427.755062377397,17863.71638801593,20299.67771365447,9505.583552016271,12357.258617621152,15208.933683226032,18060.608748830913,20912.283814435796,23763.958880040675,9039.661849002681,11866.150595666391,14692.6393423301,17519.12808899381,20345.616835657518,9812.122508429084,12263.088499831121,14714.054491233157,17165.02048263519,19615.98647403723
.DJI,2007-11-30,13371.71822,16.44903,15.68266,13.87267,14.02639517808219,812.918343513265,953.3253590983095,8129.18343513265,10567.938465672445,13006.69349621224,15445.448526752034,17884.20355729183,20322.958587831625,9533.253590983095,12393.229668278023,15253.205745572952,18113.181822867882,20973.15790016281,23833.133977457735,9050.029069264956,11879.759400834715,14709.489732404472,17539.22006397423,20368.950395543987,9840.684859248451,12298.785428356037,14756.885997463623,17214.98656657121,19673.087135678794
.DJI,2007-12-07,13625.58383,16.77941,16.00857,14.1954,14.3146221369863,812.0418912226354,951.864722631696,8120.418912226354,10556.54458589426,12992.670259562166,15428.795933230072,17864.92160689798,20301.047280565886,9518.64722631696,12374.24139421205,15229.835562107137,18085.429730002226,20941.023897897314,23796.6180657924,9040.27173167833,11866.951174249507,14693.630616820685,17520.31005939186,20346.98950196304,9825.607464081428,12279.941856934942,14734.276249788454,17188.61064264197,19642.94503549548
.DJI,2007-12-14,13339.85293,16.44281,15.69655,13.93548,14.017502438356164,811.2879082103361,951.6569009824525,8112.879082103362,10546.74280673437,12980.606531365378,15414.470255996386,17848.333980627394,20282.197705258404,9516.569009824525,12371.539712771882,15226.51041571924,18081.481118666597,20936.451821613955,23791.422524561312,9031.877815815205,11855.932679157218,14679.987542499231,17504.042405841243,20328.097269183258,9823.462228629945,12277.260764014229,14731.059299398512,17184.857834782797,19638.65637016708
.DJI,2007-12-21,13450.64986,16.58041,15.84946,14.07513,14.123741780821918,811.2374700022496,952.34322948782,8112.374700022496,10546.087110029244,12979.799520035993,15413.511930042741,17847.22434004949,20280.93675005624,9523.432294878201,12380.46198334166,15237.49167180512,18094.52136026858,20951.551048732043,23808.5807371955,9031.31629908597,11855.195589409572,14679.074879733173,17502.954170056775,20326.833460380378,9830.546842992486,12286.115041245313,14741.683239498143,17197.251437750972,19652.819636003802
.DJI,2007-12-28,13365.86541,16.48783,15.78514,14.00666,14.021277643835615,810.6503651481123,953.2558836302793,8106.503651481124,10538.45474692546,12970.405842369797,15402.356937814135,17834.308033258472,20266.259128702808,9532.558836302793,12392.326487193632,15252.094138084469,18111.861788975308,20971.629439866145,23831.397090756982,9024.78019857963,11846.615804655215,14668.451410730797,17490.28701680638,20312.12262288196,9839.967699907404,12297.889130082123,14755.810560256841,17213.73199043156,19671.65342060628
.DJI,2008-01-04,12800.17514,15.79591,13.42185,,13.42185,810.3474342408889,953.6818799196832,8103.474342408889,10534.516645131556,12965.558947854222,15396.601250576889,17827.643553299557,20258.68585602222,9536.818799196832,12397.864438955881,15258.910078714931,18119.95571847398,20981.00135823303,23842.046997992078,9021.407739908687,11842.188857814112,14662.969975719534,17483.751093624956,20304.532211530382,9844.365039383612,12303.384879153153,14762.404718922695,17221.424558692237,19680.44439846178
.DJI,2008-01-11,12606.30084,15.48358,13.30445,,13.30445,814.1722289031349,947.5251393330803,8141.722289031349,10584.238975740753,13026.755662450158,15469.272349159563,17911.789035868966,20354.30572257837,9475.251393330804,12317.826811330044,15160.402229329286,18002.977647328527,20845.553065327767,23688.128483327007,9063.988280935353,11898.08332828295,14732.178375630545,17566.27342297814,20400.368470325735,9780.812189042772,12223.957188816354,14667.102188589935,17110.24718836352,19553.3921881371
.DJI,2008-01-18,12099.30123,15.2325,12.86502,,12.86502,794.3083032988675,940.4805612428119,7943.083032988675,10326.007942885277,12708.93285278188,15091.857762678483,17474.782672575086,19857.70758247169,9404.80561242812,12226.247296156555,15047.68897988499,17869.130663613425,20690.572347341862,23512.014031070295,8842.847860642447,11607.79752182061,14372.747182998773,17137.696844176935,19902.6465053551,9708.094651120286,12133.075567406999,14558.05648369371,16983.03739998042,19408.018316267135
.DJI,2008-01-25,12207.17176,15.22341,12.96318,,12.96318,801.8684223836841,941.6803407805801,8018.684223836841,10424.289490987894,12829.894758138946,15235.500025289997,17641.10529244105,20046.710559592102,9416.8034078058,12241.844430147541,15066.885452489281,17891.926474831023,20716.96749717276,23542.0085195145,8927.012891522425,11718.278969909394,14509.54504829636,17300.811126683326,20092.077205070294,9720.479355061152,12148.553841382947,14576.628327704742,17004.70281402654,19432.777300348334
.DJI,2008-02-01,12743.19154,15.96617,13.53347,12.35911,13.430793715846994,798.1370322375373,948.8040550398974,7981.370322375373,10375.781419087984,12770.192515800596,15164.603612513209,17559.01470922582,19953.42580593843,9488.040550398975,12334.452715518666,15180.864880638359,18027.277045758052,20873.689210877743,23720.101375997438,8885.472201044888,11663.749486695504,14442.026772346118,17220.304057996735,19998.581343647347,9794.013774747187,12240.456393111072,14686.899011474954,17133.341629838837,19579.78424820272
.DJI,2008-02-08,12182.13474,15.30839,13.03913,11.81453,12.908639836065571,795.7815772919295,943.7194696504133,7957.815772919294,10345.160504795083,12732.505236670871,15119.84996854666,17507.19470042245,19894.539432298236,9437.194696504133,12268.353105455373,15099.511514406613,17930.669923357855,20761.828332309095,23592.986741260334,8859.249474126256,11629.327532440671,14399.405590755086,17169.4836490695,19939.561707383917,9741.528228254248,12174.860503837164,14608.192779420082,17041.525055002996,19474.857330585914
.DJI,2008-02-15,12348.2082,15.4803,13.24012,12.16039,13.104416229508196,797.6724094494292,942.2936499982817,7976.724094494292,10369.74132284258,12762.758551190867,15155.775779539155,17548.79300788744,19941.81023623573,9422.936499982818,12249.817449977661,15076.698399972507,17903.579349967353,20730.460299962197,23557.341249957044,8880.299664624503,11656.95962030989,14433.619575995277,17210.279531680662,19986.93948736605,9726.810229064527,12156.466101764732,14586.121974464939,17015.777847165144,19445.433719865352
.DJI,2008-02-22,12381.01667,14.76793,12.82713,11.73477,12.668946721311476,838.3718415512534,977.2727711588585,8383.718415512534,10898.833940166294,13413.949464820054,15929.064989473814,18444.180514127576,20959.296038781336,9772.727711588584,12704.546025065161,15636.364338541736,18568.182652018313,21500.000965494888,24431.819278971463,9333.396887196986,12251.729642389471,15170.062397581954,18088.395152774436,21006.72790796692,10087.881614305217,12607.729357819626,15127.577101334033,17647.42484484844,20167.27258836285
.DJI,2008-02-29,12266.39044,15.15271,12.78559,11.3971,12.557968688524593,809.5179304560041,976.7814161862789,8095.179304560042,10523.733095928053,12952.286887296066,15380.840678664079,17809.39447003209,20237.948261400103,9767.814161862789,12698.158410421625,15628.502658980462,18558.8469075393,21489.191156098135,24419.53540465697,9012.173069014401,11830.066723450745,14647.960377887088,17465.85403232343,20283.747686759772,10082.809610929839,12601.390420835269,15119.971230740699,17638.55204064613,20157.13285055156
.DJI,2008-03-07,11893.69238,14.69857,12.45479,11.03534,12.19494532786885,809.1734352389383,975.2969004969294,8091.734352389383,10519.254658106198,12946.774963823013,15374.295269539827,17801.81557525664,20229.335880973456,9752.969004969294,12678.859706460082,15604.75040795087,18530.641109441658,21456.531810932447,24382.422512423236,9008.337884640046,11825.032367508187,14641.726850376326,17458.421333244467,20275.115816112604,10067.485722890906,12582.238785190533,15096.991847490162,17611.74490978979,20126.49797208942
.DJI,2008-03-14,11951.0869,14.79857,12.60547,11.11353,12.303820928961748,807.5839016877983,971.3313424343283,8075.839016877982,10498.590721941378,12921.342427004773,15344.094132068167,17766.84583713156,20189.59754219496,9713.313424343283,12627.30745164627,15541.301478949254,18455.295506252238,21369.289533555224,24283.28356085821,8990.641980790444,11801.803372495615,14612.964764200786,17424.126155905957,20235.287547611126,10026.551317010819,12531.079391128314,15035.607465245808,17540.135539363302,20044.663613480796
.DJI,2008-03-21,12361.31529,15.31042,13.08573,11.51408,12.73790581967213,807.3792417190384,970.4354440201205,8073.792417190384,10495.930142347499,12918.067867504615,15340.20559266173,17762.343317818846,20184.48104297596,9704.354440201205,12615.660772261566,15526.967104321928,18438.27343638229,21349.57976844265,24260.886100503012,8988.363549406318,11798.812529433393,14609.261509460466,17419.71048948754,20230.159469514612,10017.303420816745,12519.521466798715,15021.739512780683,17523.957558762653,20026.17560474462
.DJI,2008-03-28,12216.40429,15.13708,12.91029,11.36672,12.539158415300545,807.0515773187432,974.2603040323095,8070.5157731874315,10491.670505143662,12912.82523709989,15333.97996905612,17755.13470101235,20176.28943296858,9742.603040323094,12665.383952420023,15588.164864516952,18510.94577661388,21433.72668871081,24356.507600807738,8984.715738563695,11794.024134300245,14603.332530036792,17412.64092577334,20221.94932150989,10056.785473456459,12568.865724910032,15080.945976363606,17593.02622781718,20105.10647927075
.DJI,2008-04-04,12609.41673,15.60889,13.27394,11.76233,12.881582213114754,807.8355815179683,978.871734961435,8078.355815179683,10501.862559733589,12925.369304287493,15348.876048841397,17772.382793395303,20195.889537949206,9788.71734961435,12725.332554498655,15661.94775938296,18598.562964267265,21535.178169151568,24471.793374035875,8993.443873252783,11805.481350551248,14617.518827849712,17429.556305148177,20241.593782446642,10104.386891052898,12628.35748076623,15152.328070479562,17676.298660192893,20200.269249906225
.DJI,2008-04-11,12325.42416,15.33132,12.98558,11.46097,12.560688688524593,803.9375709332269,981.2697747425641,8039.375709332269,10451.188422131949,12863.00113493163,15274.813847731311,17686.626560530993,20098.43927333067,9812.697747425642,12756.507071653334,15700.316395881026,18644.125720108717,21587.93504433641,24531.7443685641,8950.048236549897,11748.5169232405,14546.9856099311,17345.4542966217,20143.922983312303,10129.140616043864,12659.294428404615,15189.448240765365,17719.602053126117,20249.755865486866
.DJI,2008-04-18,12849.36114,15.74972,13.5755,12.02296,13.113131530054645,815.8469572792405,979.8850191161359,8158.469572792405,10606.010444630127,13053.551316467849,15501.09218830557,17948.633060143293,20396.173931981015,9798.85019116136,12738.505248509768,15678.160305858175,18617.815363206584,21557.47042055499,24497.1254779034,9082.632638770085,11922.557336439664,14762.482034109242,17602.406731778818,20442.331429448397,10114.84649956338,12641.429790526674,15168.01308148997,17694.596372453263,20221.17966341656
.DJI,2008-04-25,12891.86232,15.71224,13.68833,12.05547,13.170811530054646,820.4980524737402,978.8206513001793,8204.980524737402,10666.474682158623,13127.968839579844,15589.462997001065,18050.957154422285,20512.451311843506,9788.206513001793,12724.66846690233,15661.130420802869,18597.592374703407,21534.054328603943,24470.516282504483,9134.412189631523,11990.527129841346,14846.64207005117,17702.757010260993,20558.871950470813,10103.859580825518,12627.69845393695,15151.537327048381,17675.376200159815,20199.215073271247
.DJI,2008-05-02,13058.20315,15.76768,13.82729,12.26576,13.302513524590164,828.1626180896618,981.6342697837857,8281.626180896617,10766.114035165603,13250.601889434589,15735.089743703575,18219.57759797256,20704.065452241546,9816.342697837857,12761.245507189215,15706.148316540572,18651.05112589193,21595.953935243288,24540.856744594643,9219.73999922135,12102.53493007814,14985.329860934928,17868.124791791714,20750.9197226485,10132.903109928233,12663.996754068043,15195.090398207853,17726.184042347664,20257.277686487472
.DJI,2008-05-09,12745.87646,15.36885,13.54574,11.91085,12.96504136612022,829.3318276904257,983.0957032892364,8293.318276904258,10781.313759975534,13269.309243046811,15757.30472611809,18245.300209189365,20733.295692260643,9830.957032892364,12780.244142760073,15729.531252627783,18678.81836249549,21628.1054723632,24577.39258223091,9232.756535210989,12119.621429425899,15006.48632364081,17893.351217855718,20780.216112070626,10147.988732515143,12682.85060803281,15217.712483550476,17752.574359068145,20287.436234585814
.DJI,2008-05-16,12986.79791,15.67385,14.06532,12.19074,13.363632950819673,828.5646417440514,971.8014523291318,8285.646417440514,10771.340342672669,13257.034267904823,15742.728193136976,18228.42211836913,20714.116043601287,9718.014523291318,12633.418880278714,15548.82323726611,18464.227594253505,21379.6319512409,24295.036308228297,9224.215634182465,12108.409990378726,14992.604346574986,17876.798702771244,20760.993058967506,10031.404018430985,12537.144246813476,15042.884475195964,17548.624703578455,20054.364931960947
.DJI,2008-05-23,12479.63343,15.13459,13.56891,11.74734,12.852226721311474,824.5769082611422,971.0094367777031,8245.769082611421,10719.499807394848,13193.230532178275,15666.961256961702,18140.691981745127,20614.422706528556,9710.09436777703,12623.12267811014,15536.150988443249,18449.17929877636,21362.207609109468,24275.235919442577,9179.821133518548,12050.134377939134,14920.44762235972,17790.760866780303,20661.074111200887,10023.228451327004,12526.926508210405,15030.624565093807,17534.322621977208,20038.02067886061
.DJI,2008-05-30,12638.32079,15.35366,13.66124,11.91247,12.939752923497268,823.1471056412607,976.7049544701971,8231.471056412607,10700.91237333639,13170.353690260172,15639.795007183953,18109.236324107736,20578.677641031518,9767.049544701971,12697.164408112561,15627.279271523154,18557.394134933744,21487.508998344336,24417.623861754928,9163.90347662657,12029.239645706291,14894.575814786012,17759.91198386573,20625.248152945453,10082.020336161704,12600.403993451797,15118.787650741888,17637.17130803198,20155.55496532207
.DJI,2008-06-06,12209.80791,14.85633,13.08169,11.33789,12.32890202185792,821.858959110359,990.3402499552046,8218.58959110359,10684.166468434667,13149.743345765744,15615.320223096822,18080.897100427897,20546.473977758975,9903.402499552047,12874.42324941766,15845.443999283274,18816.464749148887,21787.485499014503,24758.506248880116,9149.562843716565,12010.415035605853,14871.267227495138,17732.119419384424,20592.97161127371,10222.770442670573,12776.31201039677,15329.853578122968,17883.395145849165,20436.936713575364
.DJI,2008-06-13,12307.34894,14.97149,13.17717,11.38122,12.367520409836066,822.0523768843315,995.1347183718241,8220.523768843315,10686.680899496308,13152.838030149303,15618.995160802298,18085.15229145529,20551.309422108287,9951.34718371824,12936.751338833714,15922.155493949185,18907.559649064657,21892.96380418013,24878.367959295603,9151.716118385455,12013.241588404142,14874.767058422825,17736.29252844151,20597.817998460196,10272.261261628959,12838.165120393556,15404.068979158154,17969.972837922753,20535.876696687348
.DJI,2008-06-20,11842.68564,14.43987,12.70267,10.97697,12.361706692705512,820.1379680010969,958.013802979828,8201.379680010969,10661.79358401426,13122.20748801755,15582.62139202084,18043.03529602413,20503.449200027422,9580.13802979828,12454.179438737765,15328.220847677248,18202.262256616734,21076.303665556217,23950.3450744957,9130.403453734716,11985.26495691449,14840.126460094263,17694.987963274038,20549.84946645381,9889.081241740503,12359.270723057758,14829.460204375011,17299.649685692264,19769.83916700952
.DJI,2008-06-27,11346.51284,13.89341,12.03231,10.45755,12.35589297557496,816.6830778045131,918.3077955134205,8166.830778045131,10616.88001145867,13066.92924487221,15516.97847828575,17967.027711699287,20417.07694511283,9183.077955134206,11938.001341674466,14692.924728214728,17447.84811475499,20202.77150129525,22957.694887835514,9091.940972281693,11934.776165980906,14777.611359680117,17620.44655337933,20463.28174707854,9479.216652734445,11847.026229207375,14214.835805680303,16582.645382153234,18950.454958626164
.DJI,2008-07-04,11288.54188,14.483245,8.75,5.89474,12.350079258444406,779.4207637860162,914.0461080265071,7794.207637860162,10132.46992921821,12470.73222057626,14808.994511934308,17147.256803292355,19485.519094650404,9140.461080265071,11882.599404344592,14624.737728424114,17366.876052503634,20109.014376583156,22851.15270066268,8677.108378397714,11390.235218184136,14103.362057970557,16816.48889775698,19529.615737543398,9435.225455891654,11792.046489642036,14148.867523392417,16505.6885571428,18862.50959089318
.DJI,2008-07-11,11100.54335,15.07308,8.8449,5.77867,12.344265541313854,736.4482474716515,899.2469671726229,7364.482474716515,9573.82721713147,11783.171959546424,13992.516701961378,16201.861444376333,18411.206186791285,8992.469671726229,11690.210573244098,14387.951474761967,17085.692376279836,19783.433277797703,22481.174179315574,8198.705442939636,10762.246984511356,13325.788526083074,15889.330067654791,18452.87160922651,9282.461575291176,11601.123782982797,13919.78599067442,16238.448198366043,18557.110406057665
.DJI,2008-07-18,11496.56969,15.662914999999998,12.32735,7.85429,12.3384518241833,733.9993666568453,931.767603733459,7339.993666568453,9541.991766538988,11743.989866509524,13945.987966480061,16147.986066450596,18349.98416642113,9317.67603733459,12112.978848534967,14908.281659735345,17703.584470935722,20498.8872821361,23294.190093336478,8171.442627752836,10726.459730953406,13281.476834153973,15836.493937354542,18391.51104055511,9618.155294925396,12020.670296917531,14423.185298909666,16825.7003009018,19228.215302893936
.DJI,2008-07-25,11370.69454,16.25275,12.12295,8.62391,12.332638107052748,699.6166519512084,922.0001788179745,6996.166519512084,9095.016475365708,11193.866431219334,13292.71638707296,15391.566342926584,17490.41629878021,9220.001788179745,11986.00232463367,14752.002861087592,17518.003397541517,20284.00393399544,23050.004470449363,7788.667936974586,10224.000435367536,12659.332933760483,15094.665432153432,17529.99793054638,9517.33121680524,11894.661414350154,14271.991611895066,16649.321809439978,19026.652006984892
.DJI,2008-08-01,11326.3207,18.31319,13.71605,10.00901,12.326824389922194,618.4788504897291,918.8352443196841,6184.788504897291,8040.225056366478,9895.661607835666,11751.098159304853,13606.53471077404,15461.971262243227,9188.35244319684,11944.858176155893,14701.363909114945,17457.869642073998,20214.37537503305,22970.881107992103,6885.3798420484145,9038.275488493655,11191.171134938893,13344.066781384132,15496.96242782937,9484.661234096191,11853.83081027801,14223.000386459831,16592.169962641652,18961.33953882347
.DJI,2008-08-08,11734.31577,17.71978,13.32645,9.77273,12.321010672791642,662.2156578693415,952.3825667899765,6622.156578693415,8608.803552301439,10595.450525909464,12582.09749951749,14568.744473125513,16555.391446733538,9523.825667899766,12380.973368269695,15238.121068639624,18095.268769009555,20952.416469379485,23809.564169749414,7372.291450503066,9677.432856237281,11982.574261971495,14287.71566770571,16592.85707343992,9830.952901627179,12286.62252909711,14742.292156567044,17197.961784036976,19653.631411506907
.DJI,2008-08-15,11659.89799,13.90741,12.77353,11.05889,12.315196955661088,838.3946392606531,946.7894043416123,8383.946392606531,10899.13031038849,13414.31422817045,15929.49814595241,18444.68206373437,20959.865981516326,9467.894043416123,12308.262256440961,15148.630469465797,17988.998682490634,20829.36689551547,23669.73510854031,9333.650688743508,12252.06280168489,15170.474914626271,18088.887027567653,21007.299140509032,9773.217577064961,12214.465521878261,14655.71346669156,17096.96141150486,19538.209356318162
.DJI,2008-08-22,11628.06281,13.89491,12.78534,11.01951,12.309383238530534,836.8577277578624,944.6503195710178,8368.577277578624,10879.150460852212,13389.7236441258,15900.296827399387,18410.870010672974,20921.44319394656,9446.503195710178,12280.45415442323,15114.405113136285,17948.35607184934,20782.30703056239,23616.257989275444,9316.540613804085,12229.602810445647,15142.665007087206,18055.727203728766,20968.789400370326,9751.136910780631,12186.869335166633,14622.601759552635,17058.334183938638,19494.06660832464
.DJI,2008-08-29,11543.54897,13.76993,12.72166,10.99571,12.303569521399982,838.3157336311804,938.2276379161303,8383.157336311804,10898.104537205345,13413.051738098886,15927.998938992427,18442.946139885968,20957.89334077951,9382.276379161303,12196.959292909694,15011.642206658085,17826.325120406476,20641.008034154867,23455.69094790326,9332.772250895285,12250.90969706991,15169.047143244532,18087.184589419157,21005.322035593777,9684.838888270453,12104.010757248585,14523.182626226717,16942.354495204847,19361.52636418298
.DJI,2008-09-05,11220.96337,13.35461,12.15873,10.70094,12.297755804269428,840.2314534082238,912.4399238846817,8402.314534082238,10923.00889430691,13443.703254531581,15964.397614756253,18485.091974980925,21005.786335205597,9124.399238846816,11861.719010500861,14599.038782154907,17336.35855380895,20073.678325462995,22810.99809711704,9354.099509419038,12278.905485591966,15203.71146176489,18128.517437937815,21053.32341411074,9418.64564731447,11771.325217591302,14124.004787868134,16476.68435814497,18829.3639284218
.DJI,2008-09-12,11421.98907,13.694,12.48535,10.87982,12.291942087138876,834.0871235577624,929.2257471625161,8340.871235577624,10843.13260625091,13345.393976924199,15847.655347597487,18349.916718270775,20852.17808894406,9292.25747162516,12079.934713112709,14867.611954600257,17655.289196087804,20442.966437575353,23230.6436790629,9285.696127699899,12189.113982072206,15092.53183644451,17995.949690816815,20899.36754518912,9591.91702355945,11987.87797868396,14383.83893380847,16779.799888932983,19175.76084405749
.DJI,2008-09-19,11388.44408,13.7082,12.52243,11.12351,12.286128370008322,830.7760377000627,926.9351366863738,8307.760377000628,10800.088490100816,13292.416603201003,15784.744716301191,18277.07282940138,20769.40094250157,9269.351366863737,12050.156776922859,14830.96218698198,17611.7675970411,20392.57300710022,23173.378417159343,9248.834586190687,12140.726707189244,15032.618828187798,17924.51094918635,20816.403070184908,9568.272235748153,11958.326969181115,14348.381702614077,16738.43643604704,19128.491169480003
.DJI,2008-09-26,11143.12874,13.56459,12.45509,11.20052,12.28031465287777,821.4865867674584,907.3976567358327,8214.865867674584,10679.32562797696,13143.785388279335,15608.245148581711,18072.704908884087,20537.164669186463,9073.976567358328,11796.169537565826,14518.362507773323,17240.555477980823,19962.74844818832,22684.941418395818,9145.417309845014,12004.973291208666,14864.529272572317,17724.08525393597,20583.64123529962,9366.59693014314,11706.275273053168,14045.953615963195,16385.631958873226,18725.31030178325
.DJI,2008-10-03,10325.38454,12.57276,11.60875,10.53089,12.274500935747216,821.2504287045962,841.20605750489,8212.504287045962,10676.25557315975,13140.006859273539,15603.758145387328,18067.509431501116,20531.260717614903,8412.060575048901,10935.67874756357,13459.29692007824,15982.915092592912,18506.53326510758,21030.15143762225,9142.788217574061,12001.52214388279,14860.256070191517,17718.989996500244,20577.723922808967,8683.335269111203,10852.341966515425,13021.348663919649,15190.355361323871,17359.362058728093
.DJI,2008-10-10,8451.191603,12.556645806451613,9.7149,8.82013,12.268687218616662,673.0453126787866,688.8423718371477,6730.453126787866,8749.589064824226,10768.725002860585,12787.860940896944,14806.996878933303,16826.132816969664,6888.423718371477,8954.95083388292,11021.477949394362,13088.005064905805,15154.532180417249,17221.05929592869,7492.855455015511,9835.694377282907,12178.533299550301,14521.372221817695,16864.21114408509,7110.563706558838,8886.708450930104,10662.85319530137,12438.997939672634,14215.1426840439
.DJI,2008-10-17,8852.218394,12.540531612903226,10.21558,9.4609,12.26287350148611,705.8886072175568,721.8714596482805,7058.886072175568,9176.551893828238,11294.217715480909,13411.883537133579,15529.54935878625,17647.21518043892,7218.714596482805,9384.328975427647,11549.943354372488,13715.55773331733,15881.172112262171,18046.786491207014,7858.49214248614,10315.657020720259,12772.821898954373,15229.98677718849,17687.151655422604,7451.50590560537,9312.81445976183,11174.12301391829,13035.431568074748,14896.740122231207
.DJI,2008-10-24,8378.951027,12.524417419354839,9.80053,9.27718,12.257059784355556,669.009243819312,683.6020362480872,6690.09243819312,8697.120169651056,10704.147901108992,12711.175632566928,14718.203364024865,16725.2310954828,6836.020362480872,8886.826471225133,10937.632579969395,12988.438688713657,15039.244797457919,17090.05090620218,7447.9228479520025,9776.712405282447,12105.501962612892,14434.291519943336,16763.08107727378,7056.47043127093,8819.103238955682,10581.736046640433,12344.368854325186,14107.001662009938
.DJI,2008-10-31,9325.007874,12.508303225806452,10.96068,10.39781,12.251246067225004,745.5054219313416,761.1477087989126,7455.054219313416,9691.57048510744,11928.086750901466,14164.603016695492,16401.119282489515,18637.635548283542,7611.477087989126,9894.920214385864,12178.363340782602,14461.80646717934,16745.249593576078,19028.692719972816,8299.536839843971,10894.605977626816,13489.675115409662,16084.744253192506,18679.813390975352,7856.934321681772,9819.514670895584,11782.095020109395,13744.675369323206,15707.255718537017
.DJI,2008-11-07,8943.813391,12.492189032258064,10.52811,10.36757,12.24543235009445,715.9524538017124,730.3795517624999,7159.524538017124,9307.381899422262,11455.239260827399,13603.096622232535,15750.953983637673,17898.81134504281,7303.795517624999,9494.934172912499,11686.072828199998,13877.211483487497,16068.350138774997,18259.488794062498,7970.530583815451,10462.727236346078,12954.923888876705,15447.120541407332,17939.317193937957,7539.330542231716,9422.576775763204,11305.823009294692,13189.06924282618,15072.315476357668
.DJI,2008-11-14,8497.307693,12.476074838709678,10.06743,9.9963,12.239618632963898,681.0882270948948,694.2461156522428,6810.882270948949,8854.146952233632,10897.411633518317,12940.676314803002,14983.940996087686,17027.20567737237,6942.461156522428,9025.199503479156,11107.937850435885,13190.676197392613,15273.414544349342,17356.15289130607,7582.395332972764,9953.231260178098,12324.06718738343,14694.903114588762,17065.739041794095,7166.343760490016,8956.421781282,10746.499802073984,12536.577822865967,14326.65584365795
.DJI,2008-11-21,8046.421364,12.45996064516129,9.59757,9.62473,12.233804915833344,645.7822454780186,657.720261141821,6457.822454780186,8395.169191214241,10332.515927648297,12269.862664082353,14207.209400516409,16144.556136950465,6577.20261141821,8550.363394843673,10523.524178269136,12496.684961694598,14469.845745120061,16443.006528545524,7189.342128427318,9437.27960234478,11685.21707626224,13933.154550179703,16181.092024097163,6789.306246464595,8485.204223788385,10181.102201112177,11877.000178435968,13572.89815575976
.DJI,2008-11-28,8829.040877,12.443846451612904,10.518,10.65302,12.227991198702792,709.5105931539059,722.0352659344921,7095.105931539059,9223.637711000776,11352.169490462495,13480.701269924213,15609.23304938593,17737.76482884765,7220.352659344921,9386.458457148397,11552.564254951874,13718.670052755351,15884.775850558828,18050.881648362305,7898.814861580858,10368.587701667959,12838.360541755059,15308.133381842159,17777.906221929257,7453.1967932180705,9314.927713486495,11176.65863375492,13038.389554023344,14900.120474291769
.DJI,2008-12-05,8635.417018,12.427732258064516,10.36721,10.51117,12.222177481572238,694.8505840553787,706.536706001847,6948.5058405537875,9033.057592719922,11117.60934488606,13202.161097052196,15286.712849218331,17371.264601384468,7065.3670600184705,9184.977178024012,11304.587296029553,13424.197414035094,15543.807532040635,17663.417650046176,7735.608422021415,10154.35046333492,12573.092504648423,14991.834545961925,17410.576587275427,7293.2131710331,9114.981849001775,10936.750526970449,12758.519204939124,14580.287882907798
.DJI,2008-12-12,8629.682375,12.41161806451613,10.42213,10.83013,12.216363764441684,695.2906808880628,706.4035208347773,6952.906808880627,9038.778851544816,11124.650894209004,13210.522936873193,15296.394979537381,17382.26702220157,7064.035208347773,9183.245770852105,11302.456333356437,13421.666895860768,15540.8774583651,17660.088020869433,7740.507916738029,10160.781914325138,12581.055911912246,15001.329909499354,17421.603907086464,7291.838369403676,9113.263636246395,10934.688903089113,12756.11416993183,14577.539436774548
.DJI,2008-12-19,8579.106007,12.395503870967742,10.4075,11.00413,12.210550047311132,692.1143421280068,702.5978333293178,6921.143421280068,8997.486447664089,11073.829474048109,13150.172500432129,15226.515526816149,17302.85855320017,7025.978333293178,9133.771833281131,11241.565333269085,13349.35883325704,15457.152333244992,17564.945833232945,7705.146483032271,10114.36379552377,12523.581108015269,14932.798420506768,17342.015732998265,7252.55422463968,9064.166721336576,10875.77921803347,12687.391714730367,14499.004211427262
.DJI,2008-12-26,8515.547044,12.379389677419354,10.35871,11.09484,12.204736330180578,687.8810075372938,697.7247859867537,6878.810075372939,8942.45309798482,11006.096120596701,13069.739143208582,15133.382165820465,17197.025188432344,6977.247859867537,9070.422217827798,11163.596575788059,13256.77093374832,15349.94529170858,17443.119649668843,7658.017762895017,10052.499037762796,12446.980312630574,14841.461587498352,17235.94286236613,7202.252276050241,9001.299869976297,10800.347463902353,12599.395057828411,14398.442651754467
.DJI,2009-01-02,9034.691557,12.363275483870968,11.81763,,12.198922613050026,730.768441485154,740.6138921920013,7307.684414851539,9499.989739307002,11692.295063762464,13884.600388217925,16076.905712673388,18269.21103712885,7406.138921920014,9627.980598496017,11849.822275072022,14071.663951648026,16293.50562822403,18515.347304800034,8135.473496341609,10679.243901727667,13223.014307113723,15766.784712499779,18310.555117885833,7644.974347830517,9554.609303527115,11464.244259223711,13373.87921492031,15283.514170616905
.DJI,2009-01-09,8599.177259,12.34716129032258,11.54237,,12.193108895919472,696.4497390780695,705.2489510593798,6964.497390780694,9053.846608014903,11143.195825249111,13232.54504248332,15321.894259717528,17411.243476951735,7052.489510593798,9168.236363771937,11283.983216950077,13399.730070128217,15515.476923306356,17631.223776484494,7753.411439454957,10177.720063819144,12602.02868818333,15026.337312547515,17450.6459369117,7279.92034246852,9098.368610330886,10916.816878193255,12735.26514605562,14553.713413917987
.DJI,2009-01-16,8281.223147,12.331047096774194,11.22098,,12.18729517878892,671.575015650242,679.4963956738204,6715.7501565024195,8730.475203453147,10745.200250403872,12759.925297354597,14774.650344305324,16789.37539125605,6794.963956738204,8833.453143759665,10871.942330781127,12910.431517802588,14948.92070482405,16987.40989184551,7476.486983378772,9814.207871182694,12151.928758986618,14489.64964679054,16827.37053459446,7014.090026038747,8766.13664996594,10518.183273893132,12270.229897820323,14022.276521747515
.DJI,2009-01-23,8077.563663,12.314932903225806,11.22729,,12.181481461658366,655.9161731919905,663.1019132134635,6559.161731919905,8526.910251495878,10494.658771071849,12462.40729064782,14430.155810223792,16397.904329799763,6631.019132134635,8620.324871775025,10609.630611415416,12598.936351055807,14588.242090696196,16577.54783033659,7302.160766521907,9585.373963836419,11868.58716115093,14151.800358465442,16435.01355577995,6844.858258748466,8554.63255006495,10264.406841381431,11974.181132697915,13683.955424014397
.DJI,2009-01-30,8000.862809,12.29881870967742,11.70816,9.92041,12.175667744527814,650.5391288274263,657.1190161291875,6505.391288274263,8457.008674756542,10408.626061238821,12360.2434477211,14311.86083420338,16263.478220685658,6571.190161291875,8542.547209679436,10513.904258067,12485.261306454562,14456.618354842125,16427.975403229688,7242.299393981432,9506.795354006348,11771.291314031261,14035.787274056176,16300.283234081091,6783.0999050135315,8477.447602893246,10171.79530077296,11866.142998652675,13560.490696532388
.DJI,2009-02-06,8280.585965,12.282704516129032,12.36758,10.41704,12.16985402739726,674.1663413075149,680.4178543438907,6741.663413075149,8764.162436997694,10786.661460920239,12809.160484842783,14831.659508765328,16854.158532687874,6804.178543438907,8845.432106470578,10886.68566950225,12927.939232533923,14969.192795565596,17010.446358597266,7505.335603554937,9852.076773494051,12198.817943433161,14545.559113372274,16892.300283311386,7023.601767540683,8778.024325412873,10532.446883285063,12286.869441157252,14041.291999029443
.DJI,2009-02-13,7850.40807,12.266590322580646,11.75708,9.96414,12.155196715753425,639.9829018132914,645.8478833029238,6399.829018132914,8319.777723572788,10239.726429012662,12159.675134452536,14079.62383989241,15999.572545332285,6458.478833029239,8396.02248293801,10333.566132846781,12271.109782755553,14208.653432664325,16146.197082573095,7124.7793969214545,9352.529629645229,11580.279862369001,13808.030095092776,16035.780327816548,6666.7538274740655,8332.03948714163,9997.325146809197,11662.610806476761,13327.896466144326
.DJI,2009-02-20,7365.671417,12.250476129032258,11.11988,9.46934,12.140539404109589,601.2559299261995,606.7005074343492,6012.559299261995,7816.327089040594,9620.094878819193,11423.86266859779,13227.63045837639,15031.398248154988,6067.005074343492,7887.106596646539,9707.208118949588,11527.309641252636,13347.411163555684,15167.51268585873,6693.641110844546,8786.584584841312,10879.528058838074,12972.471532834837,15065.415006831601,6262.65570366714,7827.001861428842,9391.348019190544,10955.694176952245,12520.040334713947
.DJI,2009-02-27,7062.93004,12.23436193548387,10.71467,9.16404,12.125882092465753,577.3026887095,582.4673195848121,5773.026887095,7504.9349532235,9236.843019352,10968.7510854805,12700.659151609,14432.5672177375,5824.673195848121,7572.075154602558,9319.477113356994,11066.879072111431,12814.281030865866,14561.682989620303,6426.97529988821,8436.538673348228,10446.102046808244,12455.665420268262,14465.228793728278,6012.509032872797,7514.3711580051995,9016.2332831376,10518.095408270003,12019.957533402403
.DJI,2009-03-06,6626.937854,12.218247741935484,10.09875,8.613,12.111224780821917,542.3803800650576,547.1732193835369,5423.803800650576,7050.9449408457485,8678.086081040921,10305.227221236095,11932.368361431267,13559.509501626439,5471.732193835369,7113.25185198598,8754.77151013659,10396.2911682872,12037.810826437812,13679.330484588423,6038.193436469859,7926.193904124926,9814.194371779993,11702.194839435058,13590.195307090125,5648.186281823782,7059.044378831984,8469.902475840187,9880.760572848389,11291.61866985659
.DJI,2009-03-13,7223.977939,12.202133548387096,11.09098,9.53431,12.096567469178083,592.0258051883789,597.1923818394445,5920.2580518837885,7696.335467448926,9472.412883014062,11248.490298579198,13024.567714144334,14800.645129709472,5971.923818394444,7763.500963912778,9555.078109431111,11346.655254949444,13138.232400467778,14929.809545986112,6590.884299097371,8651.69814513925,10712.511991181125,12773.325837223003,14834.13968326488,6164.508238388224,7704.338181708627,9244.168125029031,10783.998068349434,12323.828011669837
.DJI,2009-03-20,7278.377402,12.18601935483871,11.30268,9.74957,12.081910157534248,597.2727590581063,602.419427648303,5972.727590581063,7764.5458677553825,9556.364144929701,11348.18242210402,13140.000699278338,14931.818976452658,6024.19427648303,7831.4525594279385,9638.710842372848,11445.969125317757,13253.227408262666,15060.485691207574,6649.29740470021,8728.375649167823,10807.453893635437,12886.53213810305,14965.610382570661,6218.464330145275,7771.771943135202,9325.079556125129,10878.387169115054,12431.694782104982
.DJI,2009-03-27,7776.176299,12.169905161290322,12.07021,10.45736,12.067252845890412,638.9676990856292,644.4031958481944,6389.676990856292,8306.58008811318,10223.483185370067,12140.386282626954,14057.289379883841,15974.19247714073,6444.0319584819445,8377.241546026527,10310.45113357111,12243.660721115693,14176.870308660276,16110.07989620486,7113.477383293821,9337.69374330568,11561.910103317536,13786.126463329392,16010.342823341249,6651.84106571186,8313.401672834918,9974.962279957976,11636.522887081032,13298.08349420409
.DJI,2009-04-03,8017.588852,12.153790967741935,12.47399,10.82013,12.052595534246576,659.6780274796511,665.2167849836662,6596.780274796511,8575.814357235464,10554.848439674417,12533.88252211337,14512.916604552323,16491.950686991277,6652.167849836662,8647.818204787662,10643.46855973866,12639.118914689658,14634.769269640658,16630.419624591657,7344.0406071348425,9640.348641422443,11936.65667571004,14232.96470999764,16529.272744285237,6866.688986746692,8581.916366510168,10297.143746273645,12012.37112603712,13727.598505800597
.DJI,2009-04-10,8083.377954,12.137676774193547,12.71842,11.17802,12.296392602739726,665.9740660738657,657.3779981780156,6659.740660738657,8657.662858960255,10655.585057181852,12653.507255403449,14651.429453625045,16649.351651846642,6573.779981780155,8545.913976314203,10518.047970848249,12490.181965382295,14462.315959916343,16434.44995445039,7414.132926681483,9732.357173736265,12050.581420791048,14368.805667845829,16687.029914900613,6785.773242822494,8480.788712639183,10175.804182455873,11870.819652272563,13565.835122089253
.DJI,2009-04-17,8131.325944,12.121562580645161,12.99973,11.28925,12.498301616438356,670.8149951709622,650.5944722365555,6708.149951709622,8720.59493722251,10733.039922735396,12745.484908248281,14757.92989376117,16770.374879274055,6505.944722365555,8457.728139075221,10409.511555784888,12361.294972494554,14313.07838920422,16264.861805913886,7468.025853813171,9803.10114625073,12138.176438688288,14473.251731125843,16808.3270235634,6715.750411280926,8393.274907194404,10070.799403107882,11748.323899021358,13425.848394934836
.DJI,2009-04-24,8076.289298,12.105448387096773,13.01562,11.28724,12.47579720547945,667.1615160169148,647.3565708853332,6671.615160169148,8673.099708219892,10674.584256270637,12676.068804321381,14677.553352372126,16679.03790042287,6473.565708853332,8415.635421509332,10357.705134165331,12299.77484682133,14241.844559477331,16183.91427213333,7427.35252811949,9749.710232301768,12072.067936484047,14394.425640666324,16716.7833448486,6682.327229469366,8351.50296272989,10020.678695990413,11689.854429250938,13359.03016251146
.DJI,2009-05-01,8212.407428,12.089334193548387,13.23831,11.55038,12.678749643835616,679.3101502961715,647.7300726568773,6793.101502961716,8831.03195385023,10868.962404738744,12906.892855627259,14944.823306515773,16982.753757404287,6477.300726568773,8420.490944539404,10363.681162510036,12306.871380480668,14250.0615984513,16193.251816421931,7562.600421412168,9927.246947321102,12291.893473230035,14656.539999138968,17021.186525047902,6686.182695174813,8356.32148360683,10026.460272038847,11696.599060470864,13366.73784890288
.DJI,2009-05-08,8574.645729,12.07322,13.86381,12.07863,13.237774273972605,710.2202833212681,647.7407418752414,7102.202833212681,9232.863683176485,11363.52453314029,13494.185383104093,15624.846233067898,17755.5070830317,6477.407418752414,8420.629644378138,10363.851870003862,12307.074095629587,14250.296321255311,16193.518546881034,7906.71567559994,10378.958913616461,12851.202151632979,15323.445389649498,17795.688627666015,6686.29282800052,8356.459126465164,10026.625424929807,11696.791723394452,13366.958021859095
.DJI,2009-05-15,8268.638791,12.103195,13.36676,11.60511,12.715190821917808,683.17818485119,650.296083386097,6831.7818485119005,8881.31640306547,10930.85095761904,12980.385512172612,15029.920066726181,17079.45462127975,6502.9608338609705,8453.84908401926,10404.737334177553,12355.625584335845,14306.513834494135,16257.402084652425,7605.662342013628,9983.773313387763,12361.884284761898,14739.995256136031,17118.106227510165,6712.670297430129,8389.425412988696,10066.180528547266,11742.935644105833,13419.690759664401
.DJI,2009-05-22,8277.320404,12.13317,13.38265,11.5755,12.679594383561646,682.2059201346392,652.8064032340864,6822.059201346392,8868.676961750309,10915.294722154227,12961.912482558146,15008.530242962062,17055.14800336598,6528.064032340863,8486.483242043123,10444.902451745382,12403.32166144764,14361.7408711499,16320.16008085216,7594.8383471831285,9969.564911032581,12344.291474882033,14719.018038731483,17093.744602580937,6738.583031507972,8421.810878110662,10105.038724713353,11788.266571316042,13471.494417918733
.DJI,2009-05-29,8500.33431,12.163145,13.70168,11.89758,12.965211780821916,698.8599009548929,655.6263371319285,6988.599009548929,9085.178712413606,11181.758415278286,13278.338118142965,15374.917821007642,17471.49752387232,6556.2633713192845,8523.14238271507,10490.021394110856,12456.900405506642,14423.779416902427,16390.65842829821,7780.24320579525,10212.9414897375,12645.639773679752,15078.338057622002,17511.036341564253,6767.6917513670805,8458.190652970015,10148.68955457295,11839.188456175885,13529.68735777882
.DJI,2009-06-05,8763.132303,12.19312,9.94863,9.24314,12.837247452054793,718.6948297892582,682.6332775565006,7186.948297892582,9343.032787260356,11499.11727662813,13655.201765995906,15811.28625536368,17967.370744731455,6826.332775565006,8874.232608234508,10922.13244090401,12970.032273573512,15017.932106243014,17065.831938912517,8001.060811856416,10502.80354558259,13004.546279308763,15506.289013034935,18008.03174676111,7046.470436098685,8806.605349157651,10566.74026221662,12326.875175275585,14087.010088334551
.DJI,2009-06-12,8799.257099,12.223095,9.86888,9.15508,12.709283123287669,719.8878106567936,692.3488141417521,7198.878106567936,9358.541538538317,11518.204970508697,13677.868402479078,15837.531834449459,17997.19526641984,6923.488141417521,9000.534583842777,11077.581026268033,13154.62746869329,15231.673911118545,17308.720353543802,8014.3419877782335,10520.237431518624,13026.132875259013,15532.0283189994,18037.92376273979,7146.758897809584,8931.944823916163,10717.130750022743,12502.316676129321,14287.502602235902
.DJI,2009-06-19,8539.733013,12.25307,8.25098,8.01524,12.581318794520547,696.9463989840913,678.7629462754929,6969.463989840913,9060.303186793186,11151.14238374546,13241.981580697735,15332.820777650008,17423.65997460228,6787.62946275493,8823.918301581409,10860.207140407887,12896.495979234365,14932.784818060845,16969.07365688732,7758.9406375877115,10184.978111610366,12611.015585633018,15037.053059655673,17463.090533678325,7006.519007057385,8756.674469309046,10506.829931560704,12256.985393812363,14007.140856064023
.DJI,2009-06-26,8438.387119,12.283045,13.25032,11.60686,12.453354465753424,686.9947247608392,677.5995288823958,6869.947247608392,8930.93142189091,10991.915596173427,13052.899770455944,15113.883944738462,17174.86811902098,6775.995288823959,8808.793875471145,10841.592462118333,12874.391048765521,14907.189635412708,16939.988222059896,7648.150984817604,10039.54715123028,12430.943317642954,14822.339484055628,17213.7356504683,6994.509650738504,8741.665300881119,10488.820951023736,12235.97660116635,13983.132251308965
.DJI,2009-07-03,8280.737951,12.31302,13.02046,11.38101,12.193997534246575,672.5188419250517,679.0831249345202,6725.188419250517,8742.744945025672,10760.301470800827,12777.857996575982,14795.414522351137,16812.971048126292,6790.831249345202,8828.080624148763,10865.329998952324,12902.579373755885,14939.828748559445,16977.078123363008,7486.994379713868,9828.000682170903,12169.006984627937,14510.01328708497,16851.019589542004,7009.82404583777,8760.805072348747,10511.786098859722,12262.767125370696,14013.748151881671
.DJI,2009-07-10,8146.516991,12.342995,12.78153,11.0272,12.357645547945205,660.0113660420344,659.228892703965,6600.113660420344,8580.147758546447,10560.18185667255,12540.215954798654,14520.250052924757,16500.28415105086,6592.28892703965,8569.975605151545,10547.66228326344,12525.348961375335,14503.03563948723,16480.722317599124,7347.751587091869,9645.219957160036,11942.688327228201,14240.156697296366,16537.625067364534,6804.879070191655,8504.666976663022,10204.454883134391,11904.242789605758,13604.030696077125
.DJI,2009-07-17,8743.936298,12.37297,13.48851,11.70551,12.521293561643835,706.6966377514857,698.3253171848859,7066.9663775148565,9187.056290769315,11307.146204023771,13427.236117278228,15547.326030532686,17667.415943787142,6983.253171848859,9078.229123403516,11173.205074958174,13268.181026512832,15363.156978067489,17458.13292962215,7867.487756718815,10327.46535105036,12787.442945381901,15247.420539713445,17707.398134044986,7208.451249163214,9009.047281999248,10809.64331483528,12610.239347671315,14410.83538050735
.DJI,2009-07-24,9093.243324,13.48565,13.88777,12.11742,12.893463835616435,674.2903251975247,705.2599239376741,6742.903251975247,8765.774227567821,10788.645203160395,12811.516178752969,14834.387154345543,16857.258129938116,7052.599239376741,9168.379011189763,11284.158783002786,13399.938554815808,15515.71832662883,17631.49809844185,7506.715887094683,9853.888639094881,12201.061391095076,14548.234143095271,16895.406895095468,7280.03360981871,9098.510170685267,10916.986731551824,12735.46329241838,14553.939853284939
.DJI,2009-07-31,9171.614459,13.93853,14.02204,12.36027,13.056847561643837,658.0044279418274,702.4371247116949,6580.0442794182745,8554.057563243756,10528.070847069239,12502.084130894722,14476.097414720203,16450.110698545686,7024.371247116949,9131.682621252034,11238.993995387118,13346.305369522202,15453.616743657287,17560.928117792373,7325.408816391687,9615.89112979001,11906.373443188333,14196.855756586656,16487.338069984977,7250.895312658477,9062.09343042307,10873.291548187664,12684.489665952258,14495.687783716852
.DJI,2009-08-07,9370.074054,14.7099,14.39496,12.59324,13.313928,636.9910097281423,703.7798352221823,6369.910097281423,8280.883126465851,10191.856155650277,12102.829184834703,14013.802214019131,15924.775243203558,7037.798352221824,9149.13785788837,11260.477363554917,13371.816869221464,15483.15637488801,17594.495880554558,7091.471364744836,9308.806962530567,11526.142560316297,13743.478158102027,15960.813755887755,7264.75541914238,9079.415647128291,10894.075875114204,12708.736103100115,14523.396331086027
.DJI,2009-08-14,9321.403841,14.66913,14.30288,12.51072,13.193213808219175,635.4435362560697,706.5301886635767,6354.435362560697,8260.765971328907,10167.096580097115,12073.427188865324,13979.757797633534,15886.088406401743,7065.301886635767,9184.892452626498,11304.483018617228,13424.073584607957,15543.664150598688,17663.254716589418,7074.243705881035,9286.19262165108,11498.141537421125,13710.09045319117,15922.039368961214,7293.145895919281,9114.897769265317,10936.649642611354,12758.40151595739,14580.153389303427
.DJI,2009-08-21,9505.957661,14.98409,14.60702,12.71895,13.401758876712329,634.403401274285,709.3067222331616,6344.03401274285,8247.244216565705,10150.45442038856,12053.664624211415,13956.87482803427,15860.085031857125,7093.067222331616,9220.987389031101,11348.907555730586,13476.827722430071,15604.747889129556,17732.66805582904,7062.664127321607,9270.992382381546,11479.320637441486,13687.648892501424,15895.977147561362,7321.806616625644,9150.717639450299,10979.628662274954,12808.53968509961,14637.450707924265
.DJI,2009-08-28,9544.198543,15.0457,14.70964,12.75265,13.42285205479452,634.3472582199565,711.0410294353874,6343.472582199565,8246.514356859436,10149.556131519304,12052.597906179173,13955.639680839044,15858.681455498914,7110.410294353874,9243.533382660036,11376.656470966198,13509.77955927236,15642.902647578521,17776.025735884683,7062.03909987849,9270.171923619886,11478.304747361282,13686.437571102679,15894.570394844073,7339.708973321967,9173.091818363573,11006.474663405179,12839.857508446785,14673.24035348839
.DJI,2009-09-04,9441.265577,14.88566,14.82839,12.61757,13.33230084931507,634.2523997592314,708.1497547728255,6342.523997592314,8245.281196870008,10148.038396147702,12050.795595425396,13953.55279470309,15856.309993980783,7081.497547728255,9205.946812046732,11330.396076365209,13454.845340683685,15579.294605002162,17703.74386932064,7060.983062905184,9268.785688828237,11476.588314751289,13684.39094067434,15892.19356659739,7309.863839628354,9135.791681164954,10961.719522701553,12787.647364238152,14613.575205774752
.DJI,2009-09-11,9605.414183,15.13697,15.12172,12.81663,13.51762997260274,634.5665072336142,710.5841928258179,6345.665072336142,8249.364594036984,10153.064115737827,12056.76363743867,13960.463159139512,15864.162680840354,7105.841928258179,9237.594506735633,11369.347085213087,13501.09966369054,15632.852242167994,17764.604820645447,7064.479947674387,9273.375966869626,11482.271986064863,13691.1680052601,15900.064024455338,7334.993285163632,9167.198200425804,10999.403115687976,12831.608030950147,14663.81294621232
.DJI,2009-09-18,9820.197949,15.46606,15.45937,13.09544,13.7689981369863,634.9514969552685,713.2107834789354,6349.514969552684,8254.36946041849,10159.223951284295,12064.078442150101,13968.932933015905,15873.787423881711,7132.107834789354,9271.74018522616,11411.372535662966,13551.004886099772,15690.637236536579,17830.269586973383,7068.765947861419,9279.002098081379,11489.238248301339,13699.474398521299,15909.710548741257,7362.106222656476,9201.083667273524,11040.06111189057,12879.03855650762,14718.016001124666
.DJI,2009-09-25,9665.193901,15.23107,15.22046,12.86512,13.491059671232875,634.5709067714874,716.4147321658648,6345.709067714874,8249.421788029336,10153.1345083438,12056.847228658262,13960.559948972725,15864.272669287186,7164.147321658648,9313.391518156242,11462.635714653838,13611.879911151433,15761.124107649026,17910.36830414662,7064.528926696649,9273.440260475283,11482.351594253914,13691.262928032547,15900.17426181118,7395.178928666413,9242.417590732017,11089.656252797618,12936.89491486322,14784.133576928823
.DJI,2009-10-02,9487.668544,14.95155,14.90619,12.63594,13.195727671232875,634.5608678698865,718.9954794750298,6345.608678698864,8249.291282308524,10152.973885918183,12056.656489527842,13960.339093137502,15864.021696747162,7189.954794750298,9346.941233175388,11503.927671600477,13660.914110025566,15817.900548450656,17974.886986875747,7064.4171659619615,9273.293554798605,11482.169943635248,13691.046332471893,15899.922721308536,7421.818649018411,9275.711635726526,11129.604622434643,12983.49760914276,14837.390595850875
.DJI,2009-10-09,9864.93827,15.53513,15.5136,13.15463,13.691053315068492,635.0084144773813,720.5390296115905,6350.084144773813,8255.109388205956,10160.1346316381,12065.159875070245,13970.185118502388,15875.210361934533,7205.390296115906,9367.007384950677,11528.624473785449,13690.24156262022,15851.858651454992,18013.475740289763,7069.399597272559,9279.833874696815,11490.268152121069,13700.702429545323,15911.136706969577,7437.751919137974,9295.624870747806,11153.497822357636,13011.370773967468,14869.243725577298
.DJI,2009-10-16,9995.90951,15.61704,15.71196,13.30903,13.80936610958904,640.0642829883255,723.8499892517856,6400.642829883255,8320.835678848232,10241.028527813209,12161.221376778185,14081.414225743161,16001.60707470814,7238.499892517856,9410.049860273213,11581.59982802857,13753.149795783926,15924.699763539284,18096.24973129464,7125.685394437228,9353.718911184853,11581.752427932479,13809.785944680103,16037.819461427727,7471.929243899027,9338.339335214818,11204.749426530607,13071.159517846398,14937.569609162187
.DJI,2009-10-23,9972.179003,15.31427,15.42675,13.02434,13.478494219178083,651.1690732238624,739.858536186552,6511.690732238623,8465.197951910211,10418.705171581798,12372.212391253384,14325.719610924973,16279.226830596559,7398.58536186552,9618.160970425175,11837.736578984832,14057.312187544489,16276.887796104143,18496.4634046638,7249.312417054732,9516.001183749619,11782.689950444503,14049.378717139387,16316.067483834273,7637.177198268485,9544.86450722606,11452.551816183637,13360.239125141214,15267.926434098788
.DJI,2009-10-30,9712.730492,15.69857,14.94443,12.60086,12.9989458630137,618.7016073438537,747.1937028090816,6187.016073438536,8043.120895470098,9899.225717501658,11755.330539533219,13611.43536156478,15467.540183596342,7471.937028090816,9713.518136518062,11955.099244945306,14196.68035337255,16438.261461799797,18679.84257022704,6887.859741808694,9041.530794334645,11195.201846860593,13348.872899386542,15502.543951912492,7712.894331389401,9639.494991468144,11566.095651546888,13492.69631162563,15419.296971704374
.DJI,2009-11-06,10023.41876,16.1641,15.34136,12.95998,13.31881808219178,620.103733582445,752.5756938899881,6201.03733582445,8061.348536571785,9921.65973731912,11781.970938066455,13642.282138813789,15502.593339561125,7525.756938899881,9783.484020569846,12041.21110223981,14298.938183909773,16556.665265579737,18814.3923472497,6903.46928404536,9062.021071737016,11220.572859428668,13379.124647120323,15537.676434811978,7768.449843090653,9708.927691280096,11649.40553946954,13589.883387658983,15530.361235848426
.DJI,2009-11-13,10270.47299,16.55573,15.77113,13.24536,13.57751605479452,620.3576036816256,756.4323951856621,6203.576036816256,8064.648847861133,9925.72165890601,11786.794469950886,13647.867280995764,15508.94009204064,7564.3239518566215,9833.621137413607,12102.918322970594,14372.21550852758,16641.512694084566,18910.809879641554,6906.295560258383,9065.731057766236,11225.166555274089,13384.60205278194,15544.037550289793,7808.260576839391,9758.682731617659,11709.104886395926,13659.527041174195,15609.949195952462
.DJI,2009-11-20,10318.16073,16.624,15.73671,13.294,13.568386602739729,620.6785809672763,760.4559799259079,6206.785809672763,8068.821552574592,9930.85729547642,11792.89303837825,13654.928781280078,15516.964524181907,7604.559799259078,9885.927739036802,12167.295678814526,14448.663618592249,16730.031558369974,19011.399498147697,6909.868925023604,9070.421729291967,11230.974533560331,13391.527337828695,15552.080142097057,7849.79396211584,9810.590723889987,11771.387485664134,13732.184247438281,15692.981009212428
.DJI,2009-11-27,10309.92307,16.64474,15.84067,13.25728,13.497924547945203,619.4102803648481,763.8154320228058,6194.10280364848,8052.333644743025,9910.564485837569,11768.795326932113,13627.026168026658,15485.257009121202,7638.154320228058,9929.600616296475,12221.046912364893,14512.49320843331,16803.939504501726,19095.385800570144,6895.74923217606,9051.887141992998,11208.025051809935,13364.162961626871,15520.300871443807,7884.471849439202,9853.930786233097,11823.389723026994,13792.84865982089,15762.307596614784
.DJI,2009-12-04,10388.89881,16.74584,15.8608,13.34337,13.529590849315069,620.3868429412917,767.864965445421,6203.868429412916,8065.028958236791,9926.189487060667,11787.350015884542,13648.510544708417,15509.671073532292,7678.649654454211,9982.244550790474,12285.839447126737,14589.434343463,16893.029239799263,19196.624136135524,6906.621074071736,9066.158352060507,11225.695630049277,13385.232908038046,15544.770186026817,7926.273089549548,9906.173540686632,11886.073991823718,13865.974442960802,15845.874894097888
.DJI,2009-12-11,10471.50214,16.85961,15.98524,13.43662,13.576270410958903,621.0999032599212,771.3091904494844,6210.999032599212,8074.298742378976,9937.59845215874,11800.898161938503,13664.197871718266,15527.497581498032,7713.091904494844,10027.019475843297,12340.94704719175,14654.874618540203,16968.802189888658,19282.72976123711,6914.5594071936675,9076.57881444913,11238.598221704591,13400.617628960053,15562.637036215516,7961.826043770118,9950.607252522452,11939.388461274786,13928.16967002712,15916.950878779455
.DJI,2009-12-18,10328.89237,16.63667,15.78702,13.22428,13.315555671232875,620.8509497393409,775.7011892725358,6208.509497393408,8071.062346611431,9933.615195829454,11796.168045047476,13658.7208942655,15521.273743483522,7757.011892725358,10084.115460542966,12411.219028360572,14738.322596178179,17065.426163995788,19392.529731813393,6911.787866095934,9072.940677912928,11234.093489729918,13395.24630154691,15556.399113363901,8007.162377171255,10007.268129746355,12007.373882321453,14007.479634896554,16007.585387471652
.DJI,2009-12-25,10520.09677,16.90766,16.06403,13.47562,13.51816920547945,622.2089141844584,778.2190480154508,6222.089141844584,8088.71588439796,9955.342626951335,11821.96936950471,13688.596112058085,15555.22285461146,7782.190480154508,10116.84762420086,12451.504768247212,14786.161912293564,17120.81905633992,19455.47620038627,6926.905765453733,9092.785587320635,11258.665409187535,13424.545231054435,15590.425052921335,8033.152931364175,10039.750853637504,12046.348775910834,14052.946698184163,16059.544620457491
.DJI,2010-01-01,10428.04659,16.79196,13.35927,,13.35927,621.0142586094775,780.5850611597789,6210.142586094775,8073.185361923207,9936.22813775164,11799.270913580072,13662.313689408504,15525.356465236937,7805.850611597789,10147.605795077125,12489.360978556462,14831.1161620358,17172.871345515137,19514.62652899447,6913.6059454070955,9075.327227682317,11237.048509957538,13398.769792232759,15560.49107450798,8057.576061939653,10070.274627819159,12082.973193698665,14095.67175957817,16108.370325457676
.DJI,2010-01-08,10618.19295,16.99222,13.58798,,13.58798,624.8855623338211,781.4401367973753,6248.855623338211,8123.5123103396745,9998.168997341138,11872.8256843426,13747.482371344064,15622.139058345527,7814.401367973753,10158.72177836588,12503.042188758005,14847.36259915013,17191.683009542256,19536.003419934383,6956.704260903149,9131.901368467476,11307.098476031802,13482.29558359613,15657.492691160456,8066.402565714153,10081.305900292347,12096.209234870541,14111.112569448735,16126.015904026928
.DJI,2010-01-15,10609.65299,16.67773,13.50333,,13.50333,636.1568984508084,785.7064138993863,6361.568984508084,8270.039679860509,10178.510375212934,12086.98107056536,13995.451765917785,15903.92246127021,7857.064138993864,10214.183380692022,12571.302622390182,14928.421864088341,17285.5411057865,19642.66034748466,7082.185399718817,9296.617495572022,11511.049591425226,13725.48168727843,15939.913783131635,8110.441138780989,10136.344850168987,12162.248561556986,14188.152272944984,16214.055984332985
.DJI,2010-01-22,10172.98142,15.69343,12.911,,12.911,648.2318664562177,787.9313314228178,6482.318664562177,8427.01426393083,10371.709863299484,12316.405462668137,14261.10106203679,16205.796661405444,7879.313314228179,10243.107308496632,12606.901302765085,14970.695297033539,17334.489291301994,19698.283285570447,7216.613183679403,9473.077672441803,11729.542161204201,13986.0066499666,16242.471138728999,8133.407812201506,10165.048359370037,12196.68890653857,14228.329453707101,16259.970000875634
.DJI,2010-01-29,10067.32776,15.7631,12.79704,10.95944,12.65103890410959,638.6642069136147,795.770832443627,6386.642069136147,8302.634689876992,10218.627310617836,12134.61993135868,14050.612552099525,15966.605172840369,7957.70832443627,10345.020821767152,12732.333319098032,15119.645816428912,17506.958313759795,19894.270811090675,7110.0986761937265,9333.258594299215,11556.418512404704,13779.578430510192,16002.73834861568,8214.330928599571,10266.185227282063,12318.039525964556,14369.893824647048,16421.74812332954
.DJI,2010-02-05,10012.23368,15.73551,12.73153,10.70863,12.53201109589041,636.282756644049,798.9327174537283,6362.82756644049,8271.675836372637,10180.524106304783,12089.37237623693,13998.220646169077,15907.068916101223,7989.327174537283,10386.125326898467,12782.923479259653,15179.721631620838,17576.51978398202,19973.317936343206,7083.586549436401,9298.456751711648,11513.326953986894,13728.197156262142,15943.067358537388,8246.969433018481,10306.976490115092,12366.983547211705,14426.990604308317,16486.99766140493
.DJI,2010-02-12,10099.14478,15.83569,12.83584,10.91461,12.609503315068494,637.7457995199452,800.9153515136011,6377.457995199452,8290.695393759288,10203.932792319123,12117.170190878958,14030.407589438793,15943.64498799863,8009.153515136011,10411.899569676814,12814.645624217617,15217.39167875842,17620.137733299223,20022.883787840026,7099.874262294766,9319.837247670981,11539.800233047195,13759.763218423408,15979.726203799622,8267.435139493418,10332.554316879703,12397.673494265986,14462.79267165227,16527.911849038555
.DJI,2010-02-19,10402.35113,16.16893,13.19984,11.36346,12.94828109589041,643.3543301875882,803.3769928968834,6433.543301875881,8363.606292438646,10293.66928300141,12223.732273564176,14153.79526412694,16083.858254689705,8033.7699289688335,10443.900907659485,12854.031886350134,15264.162865040784,17674.293843731433,20084.424822422086,7162.312717501312,9401.798733047051,11641.284748592789,13880.770764138526,16120.256779684263,8292.845390944483,10364.311784448997,12435.77817795351,14507.244571458023,16578.710964962538
.DJI,2010-02-26,10325.26477,15.67891,13.07539,11.25866,12.791681479452054,658.5448076428783,807.1858876869325,6585.448076428783,8561.082499357417,10536.716922286052,12512.351345214687,14487.985768143322,16463.620191071957,8071.858876869324,10493.416539930122,12914.97420299092,15336.531866051717,17758.089529112513,20179.64719217331,7331.4247367383905,9623.788086335282,11916.151435932174,14208.514785529063,16500.878135125953,8332.162642849287,10413.450076318526,12494.737509787765,14576.024943257004,16657.31237672624
.DJI,2010-03-05,10566.19744,16.04583,13.39958,11.5199,13.069992273972604,658.5011457805549,808.4318045880849,6585.011457805549,8560.514895147215,10536.018332488879,12511.521769830542,14487.025207172208,16462.528644513874,8084.318045880849,10509.613459645103,12934.908873409358,15360.204287173614,17785.499700937868,20210.795114702123,7330.9386594756525,9623.150024193454,11915.361388911253,14207.572753629054,16499.784118346855,8345.023598941601,10429.523565272319,12514.023531603034,14598.523497933751,16683.02346426447
.DJI,2010-03-12,10624.69239,16.1377,13.45491,11.61368,13.096752931506847,658.3771163176909,811.2463024663301,6583.771163176909,8558.902512129982,10534.033861083055,12509.165210036128,14484.296558989201,16459.427907942274,8112.463024663301,10546.201932062291,12979.940839461282,15413.679746860273,17847.41865425926,20281.157561658252,7329.55786858402,9621.337492603785,11913.117116623549,14204.896740643315,16496.67636466308,8374.076205580568,10465.833210413659,12557.59021524675,14649.34722007984,16741.10422491293
.DJI,2010-03-19,10741.98458,16.31241,13.62474,11.74623,13.223304986301368,658.5160978665937,812.3524785315107,6585.160978665936,8560.709272265718,10536.257565865499,12511.80585946528,14487.35415306506,16462.90244666484,8123.524785315107,10560.582220909639,12997.63965650417,15434.697092098702,17871.754527693236,20308.811963287768,7331.105117539217,9623.368529761816,11915.631941984413,14207.89535420701,16500.15876642961,8385.494689262341,10480.103912374747,12574.71313548715,14669.322358599557,16763.93158171196
.DJI,2010-03-26,10850.35893,16.46787,13.7524,11.84041,13.307142054794518,658.8805309976335,815.3786053625731,6588.805309976335,8565.446902969235,10542.088495962136,12518.730088955037,14495.371681947938,16472.013274940837,8153.786053625731,10599.921869713451,13046.05768580117,15492.193501888889,17938.329317976608,20384.46513406433,7335.162266029015,9628.694252756004,11922.226239482992,14215.75822620998,16509.29021293697,8416.731832179392,10519.143768200496,12621.555704221599,14723.967640242703,16826.379576263807
.DJI,2010-04-02,10927.06742,16.58027,13.86631,11.93135,13.37859405479452,659.0403787151838,816.7575288738235,6590.403787151838,8567.52492329739,10544.64605944294,12521.767195588493,14498.888331734044,16476.009467879594,8167.575288738235,10617.847875359705,13068.120461981176,15518.393048602647,17968.66563522412,20418.938221845587,7336.941813141008,9631.030222217663,11925.11863129432,14219.207040370973,16513.295449447625,8430.965746749815,10536.933166358354,12642.900585966894,14748.868005575434,16854.835425183974
.DJI,2010-04-09,10997.35205,16.68657,13.967,12.02001,13.438912301369864,659.0540806169272,818.3215875944819,6590.540806169272,8567.703048020054,10544.865289870835,12522.027531721616,14499.189773572398,16476.35201542318,8183.215875944819,10638.180638728265,13093.14540151171,15548.110164295156,18003.074927078604,20458.03968986205,7337.0943531963185,9631.230457945328,11925.366562694338,14219.502667443347,16513.638772192357,8447.110716381081,10557.110981224121,12667.111246067161,14777.111510910201,16887.11177575324
.DJI,2010-04-16,11018.66416,16.60883,13.88699,11.96369,13.328442602739727,663.4220568215823,826.7030506426204,6634.220568215823,8624.486738680569,10614.752909145316,12605.019079610063,14595.28525007481,16585.551420539556,8267.030506426203,10747.139658354065,13227.248810281926,15707.357962209788,18187.46711413765,20667.57626606551,7385.72200681174,9695.062830278832,12004.403653745921,14313.744477213011,16623.0853006801,8533.628226619327,10665.23966428176,12796.851101944192,14928.462539606626,17060.073977269058
.DJI,2010-04-23,11204.27603,16.78815,14.00747,12.10982,13.419978356164384,667.3919419352341,834.8952384750596,6673.919419352341,8676.095245158043,10678.271070963745,12680.446896769447,14682.62272257515,16684.79854838085,8348.952384750595,10853.638100175775,13358.323815600954,15863.009531026133,18367.695246451312,20872.38096187649,7429.9178057709805,9753.077611683957,12076.237417596933,14399.397223509908,16722.557029422882,8618.191946651965,10770.92652069273,12923.661094733494,15076.395668774258,17229.130242815023
.DJI,2010-04-30,11008.6127,15.8437,13.60387,11.73811,12.990469452054796,694.825874006703,847.4376342310468,6948.25874006703,9032.736362087138,11117.213984107248,13201.691606127357,15286.169228147466,17370.646850167574,8474.376342310468,11016.689245003608,13559.002147696749,16101.315050389889,18643.62795308303,21185.94085577617,7735.3333308506935,10153.989357652667,12572.645384454638,14991.301411256609,17409.95743805858,8747.660614234024,10932.735112783797,13117.809611333572,15302.884109883347,17487.95860843312
.DJI,2010-05-07,10380.43442,15.12729,12.76264,11.03264,12.160694794520548,686.2058187553752,853.6053733276234,6862.058187553752,8920.675643819877,10979.293100086003,13037.910556352128,15096.528012618253,17155.14546888438,8536.053733276234,11096.869853259104,13657.685973241974,16218.502093224844,18779.318213207716,21340.134333190585,7639.368279470457,10028.01830136538,12416.668323260303,14805.318345155225,17193.968367050147,8811.32699650763,11012.304694147526,13213.282391787423,15414.260089427318,17615.237787067214
.DJI,2010-05-14,10620.15789,15.42657,13.05677,11.28256,12.40541619178082,688.4328719864494,856.0904145268711,6884.328719864494,8949.627335823843,11014.92595178319,13080.224567742538,15145.523183701887,17210.821799661237,8560.90414526871,11129.175388849324,13697.446632429937,16265.71787601055,18833.989119591162,21402.260363171776,7664.161540246094,10060.563829177772,12456.966118109449,14853.368407041125,17249.770695972802,8836.978792162343,11044.364041146413,13251.749290130485,15459.134539114557,17666.519788098627
.DJI,2010-05-21,10193.38663,14.77035,12.52737,10.82115,12.3366914739726,690.1249212103979,826.2658307947112,6901.2492121039795,8971.623975735172,11041.998739366367,13112.373502997561,15182.748266628754,17253.123030259947,8262.658307947111,10741.455800331245,13220.253292715379,15699.050785099513,18177.848277483645,20656.64576986778,7682.99872701344,10085.290959319778,12487.583191626118,14889.875423932455,17292.16765623879,8529.115032150701,10659.599120848046,12790.083209545393,14920.567298242739,17051.051386940086
.DJI,2010-05-28,10136.62991,14.68596,12.47857,10.7685,12.26796675616438,690.2258967067866,826.2681266972434,6902.258967067865,8972.936657188226,11043.614347308585,13114.292037428944,15184.969727549304,17255.647417669665,8262.681266972433,10741.485647064164,13220.290027155894,15699.094407247623,18177.898787339353,20656.703167431086,7684.122863508689,10086.766586745398,12489.410309982106,14892.054033218814,17294.69775645552,8529.138731565672,10659.628740130003,12790.118748694336,14920.60875725867,17051.098765823
.DJI,2010-06-04,9931.973175,14.39657,12.23964,10.54789,12.199242038356163,689.8846860745301,814.1467431970326,6898.8468607453015,8968.500918968892,11038.154977192482,13107.809035416072,15177.463093639662,17247.117151863255,8141.467431970326,10583.907661561423,13026.347891152522,15468.78812074362,17911.228350334717,20353.668579925816,7680.324245645894,10081.780230798877,12483.23621595186,14884.692201104841,17286.148186257822,8404.015955857187,10503.251598432114,12602.487241007042,14701.72288358197,16800.958526156897
.DJI,2010-06-11,10211.07115,14.80075,12.57948,10.86016,12.130517320547943,689.9022786007465,841.7671629472402,6899.022786007465,8968.729621809705,11038.436457611944,13108.143293414183,15177.850129216424,17247.556965018663,8417.671629472403,10942.973118314123,13468.274607155843,15993.576095997563,18518.877584839283,21044.179073681004,7680.520099110059,10082.037323015298,12483.554546920537,14885.071770825776,17286.588994731013,8689.127270528432,10859.580749552388,13030.034228576345,15200.487707600303,17370.94118662426
.DJI,2010-06-18,10450.64347,15.15541,12.86445,11.1309,12.061792602739724,689.565209387275,866.4253991256851,6895.65209387275,8964.347722034574,11033.0433501964,13101.738978358226,15170.43460652005,17239.130234681874,8664.25399125685,11263.530188633906,13862.806386010961,16462.082583388015,19061.358780765073,21660.634978142127,7676.767586690315,10077.111488594877,12477.455390499437,14877.799292403997,17278.14319430856,8943.66149549283,11177.694972473364,13411.7284494539,15645.761926434436,17879.79540341497
.DJI,2010-06-25,10143.80952,14.70462,12.50779,10.83787,12.065314962818002,689.8382630765025,840.741377349903,6898.382630765025,8967.897419994531,11037.41220922404,13106.926998453548,15176.441787683054,17245.956576912562,8407.41377349903,10929.63790554874,13451.862037598448,15974.086169648157,18496.310301697868,21018.534433747576,7679.807429307592,10081.101818198602,12482.39620708961,14883.690595980619,17284.98498487163,8678.538616088252,10846.347159533258,13014.155702978262,15181.964246423266,17349.77278986827
.DJI,2010-07-02,9686.482341,14.03923,11.93278,10.34192,12.068837322896279,689.9582342478898,802.602776211374,6899.582342478898,8969.457045222567,11039.331747966236,13109.206450709906,15179.081153453575,17248.955856197244,8026.02776211374,10433.836090747862,12841.644419381984,15249.452748016107,17657.26107665023,20065.06940528435,7681.143040192982,10082.85504306121,12484.567045929438,14886.279048797665,17287.991051665893,8284.853552332244,10354.323667801036,12423.79378326983,14493.263898738622,16562.734014207414
.DJI,2010-07-09,10198.02596,14.77001,12.57712,10.90163,12.072359682974557,690.4549123528014,844.7417263736851,6904.549123528014,8975.91386058642,11047.278597644823,13118.643334703227,15190.008071761631,17261.372808820037,8447.41726373685,10981.642442857907,13515.867621978961,16050.092801100016,18584.317980221073,21118.543159342127,7686.672440929705,10090.113356805876,12493.554272682046,14896.995188558216,17300.436104434386,8719.83215107538,10897.955389412471,13076.07862774956,15254.201866086652,17432.325104423744
.DJI,2010-07-16,10097.89692,14.3426,12.35359,10.79665,12.075882043052836,704.0492602457016,836.203673073243,7040.492602457016,9152.64038319412,11264.788163931225,13376.93594466833,15489.083725405435,17601.23150614254,8362.03673073243,10870.647749952159,13379.258769171887,15887.869788391616,18396.480807611344,20905.091826831074,7838.015124472483,10288.777322833434,12739.539521194383,15190.301719555335,17641.063917916283,8631.698240612128,10787.806546191385,12943.914851770642,15100.023157349897,17256.131462929156
.DJI,2010-07-23,10424.62185,14.36047,12.66237,11.18652,12.079404403131115,725.9248374182739,863.0079350019793,7259.248374182739,9437.02288643756,11614.797398692383,13792.571910947205,15970.346423202027,18148.12093545685,8630.079350019792,11219.10315502573,13808.126960031668,16397.150765037604,18986.174570043542,21575.19837504948,8081.550789399323,10608.46083795922,13135.370886519115,15662.28093507901,18189.190983638906,8908.38478000612,11133.606500929593,13358.828221853064,15584.049942776537,17809.27166370001
.DJI,2010-07-30,10465.94495,14.25714,12.6334,11.16977,12.082926763209391,734.0844622413751,866.1763126684797,7340.8446224137515,9543.098009137877,11745.351395862002,13947.604782586128,16149.858169310253,18352.11155603438,8661.763126684797,11260.292064690237,13858.821002695675,16457.349940701115,19055.878878706553,21654.40781671199,8172.389976917493,10727.703293825809,13283.016610734123,15838.329927642437,18393.64324455075,8941.09030476065,11174.481525079942,13407.872745399232,15641.263965718525,17874.655186037817
.DJI,2010-08-06,10653.56392,14.52624,12.76486,11.41289,12.08644912328767,733.4013426736719,881.4469668740966,7334.013426736719,9534.217454757734,11734.421482778751,13934.625510799768,16134.829538820783,18335.033566841797,8814.469668740965,11458.810569363255,14103.151469985545,16747.492370607833,19391.833271230124,22036.174171852414,8164.784967146426,10717.720377126889,13270.655787107351,15823.591197087811,18376.526607068274,9098.721373941657,11371.48719332645,13644.253012711244,15917.018832096037,18189.78465148083
.DJI,2010-08-13,10303.15011,14.01138,12.32448,11.07157,12.089971483365948,735.341565927125,852.2063202692947,7353.41565927125,9559.440357052625,11765.465054834,13971.489752615375,16177.51445039675,18383.539148178126,8522.063202692947,11078.682163500831,13635.301124308715,16191.920085116599,18748.539045924485,21305.158006732367,8186.38501712036,10746.074252542361,13305.763487964361,15865.452723386361,18425.14195880836,8796.885295028711,10994.25560607591,13191.625917123109,15388.996228170308,17586.366539217506
.DJI,2010-08-20,10213.61673,13.87112,12.27728,10.9649,12.093493843444225,736.3224260189517,844.5546723072679,7363.224260189517,9572.191538246372,11781.158816303227,13990.126094360081,16199.093372416937,18408.06065047379,8445.546723072679,10979.210739994482,13512.874756916286,16046.53877383809,18580.202790759893,21113.866807681698,8197.304702245867,10760.40826528763,13323.51182832939,15886.615391371151,18449.718954412914,8717.901288645586,10895.542217661177,13073.18314667677,15250.824075692362,17428.465004707956
.DJI,2010-08-27,10150.6482,13.78911,12.20644,10.91915,12.097016203522504,736.1351240217823,839.1034639636388,7361.351240217823,9569.75661228317,11778.161984348517,13986.567356413863,16194.97272847921,18403.378100544556,8391.034639636388,10908.345031527304,13425.65542341822,15942.965815309137,18460.27620720005,20977.58659909097,8195.219513084323,10757.67108672668,13320.122660369034,15882.574234011388,18445.025807653743,8661.631282923197,10825.216550664372,12988.801818405545,15152.38708614672,17315.972353887893
.DJI,2010-09-03,10447.93232,14.18515,12.57398,11.25663,12.100538563600782,736.540136692245,863.4270503817135,7365.4013669224505,9575.021776999185,11784.64218707592,13994.262597152656,16203.883007229391,18413.503417306125,8634.270503817135,11224.551654962275,13814.832806107415,16405.113957252557,18995.395108397697,21585.676259542837,8199.728424059645,10763.589827665151,13327.451231270656,15891.312634876158,18455.174038481662,8912.7110914089,11139.013479854342,13365.315868299784,15591.618256745225,17817.920645190665
.DJI,2010-09-10,10462.76625,14.2021,12.5989,11.27718,12.10406092367906,736.705575231832,864.4013208436343,7367.05575231832,9577.172478013816,11787.289203709312,13997.405929404807,16207.522655100303,18417.6393807958,8644.013208436343,11237.217170967246,13830.421133498148,16423.625096029053,19016.829058559953,21610.033021090858,8201.570212480816,10766.007499823249,13330.44478716568,15894.882074508112,18459.319361850543,8922.76798173699,11151.58247662548,13380.396971513968,15609.211466402458,17838.025961290947
.DJI,2010-09-17,10607.85119,14.40398,12.77714,11.45974,12.107583283757338,736.4527852718484,876.132828607566,7364.527852718484,9573.88620853403,11783.244564349574,13992.602920165118,16201.961275980664,18411.31963179621,8761.32828607566,11389.726771898358,14018.125257721056,16646.523743543756,19274.922229366453,21903.32071518915,8198.755961203888,10762.313298643616,13325.870636083342,15889.427973523068,18452.985310962795,9043.86627176661,11302.929858044303,13561.993444321997,15821.05703059969,18080.120616877382
.DJI,2010-09-24,10860.2551,14.74017,13.11515,11.74258,12.111105643835616,736.7795011862142,896.7187158116913,7367.795011862143,9578.133515420785,11788.472018979428,13998.810522538071,16209.149026096713,18419.487529655355,8967.187158116913,11657.343305551985,14347.49945298706,17037.655600422135,19727.81174785721,22417.96789529228,8202.393212775336,10767.087832870899,13331.78245296646,15896.47707306202,18461.171693157583,9256.363743474945,11568.506984635529,13880.650225796111,16192.793466956695,18504.93670811728
.DJI,2010-10-01,10829.67903,14.70074,13.06548,11.69035,12.033190630136987,736.6757748249407,899.9839994952954,7366.757748249407,9576.78507272423,11786.812397199052,13996.839721673874,16206.867046148696,18416.89437062352,8999.839994952954,11699.791993438841,14399.743991924726,17099.69599041061,19799.647988896497,22499.599987382386,8201.238451547144,10765.57200508169,13329.905558616238,15894.239112150783,18458.57266568533,9290.069578948353,11610.632186702263,13931.194794456174,16251.757402210085,18572.320009963998
.DJI,2010-10-08,11006.47529,14.93944,13.26827,11.85891,12.1832558630137,736.7394822028135,903.4100090940217,7367.394822028135,9577.613268636576,11787.831715245016,13998.050161853456,16208.268608461898,18418.487055070338,9034.100090940217,11744.330118222282,14454.560145504347,17164.790172786412,19875.020200068477,22585.25022735054,8201.947690828403,10766.503006734227,13331.058322640049,15895.61363854587,18460.168954451692,9325.434504956105,11654.830902836362,13984.227300716617,16313.623698596874,18643.020096477132
.DJI,2010-10-15,11062.78369,14.9543,13.31794,11.90027,12.199340109589045,739.772753656139,906.8345984799885,7397.72753656139,9617.045797529807,11836.364058498224,14055.682319466641,16275.000580435059,18494.318841403474,9068.345984799886,11788.84978023985,14509.353575679816,17229.857371119782,19950.361166559745,22670.864961999712,8235.716389796284,10810.830380264995,13385.944370733707,15961.058361202418,18536.172351671128,9360.784770841721,11699.011296902525,14037.23782296333,16375.464349024134,18713.69087508494
.DJI,2010-10-22,11132.56372,14.05294,13.2417,11.90044,12.157667945205478,792.187522326289,915.6824952099682,7921.87522326289,10298.437790241756,12675.000357220624,15051.562924199492,17428.125491178358,19804.688058157226,9156.824952099683,11903.872437729588,14650.919923359492,17397.967408989396,20145.0148946193,22892.062380249205,8819.237703971075,11576.805026821401,14334.372349671725,17091.93967252205,19849.506995372372,9452.117034854145,11813.157409072664,14174.197783291185,16535.238157509706,18896.278531728225
.DJI,2010-10-29,11118.48662,14.04149,13.17467,11.85888,12.08598895890411,791.8309680810228,919.9484343239183,7918.309680810227,10293.802585053296,12669.295489296364,15044.788393539433,17420.2812977825,19795.77420202557,9199.484343239183,11959.329646210937,14719.174949182692,17479.02025215445,20238.8655551262,22998.710858097955,8815.268269266868,11571.594443641789,14327.920618016708,17084.246792391627,19840.572966766547,9496.152119044951,11868.191998588387,14240.23187813182,16612.271757675255,18984.311637218692
.DJI,2010-11-05,11444.0763,14.50523,13.583,12.21049,12.42106687671233,788.9620709220054,921.3440692003646,7889.620709220054,10256.50692198607,12623.393134752087,14990.279347518102,17357.16556028412,19724.051773050134,9213.440692003645,11977.47289960474,14741.505107205834,17505.537314806927,20269.569522408023,23033.601730009115,8783.32951072732,11529.669189688764,14276.008868650208,17022.34854761165,19768.688226573096,9510.55853639933,11886.196988928703,14261.835441458074,16637.473893987444,19013.112346516817
.DJI,2010-11-12,11192.5806,14.18881,13.21242,11.9601,12.128219671232875,788.8315228690777,922.8543762732024,7888.315228690777,10254.80979729801,12621.304365905244,14987.798934512477,17354.29350311971,19720.788071726944,9228.543762732024,11997.106891551632,14765.670020371239,17534.233149190848,20302.796278010454,23071.35940683006,8781.876149902879,11527.761397262375,14273.64664462187,17019.53189198136,19765.417139340858,9526.148655557126,11905.681357452508,14285.214059347889,16664.74676124327,19044.279463138653
.DJI,2010-11-19,11203.55468,14.18011,13.22184,11.96341,12.108215643835615,790.089405512369,925.2853607462644,7900.89405512369,10271.162271660796,12641.430488197904,15011.698704735012,17381.96692127212,19752.235137809224,9252.853607462643,12028.709689701436,14804.56577194023,17580.42185417902,20356.277936417817,23132.13401865661,8795.87986205718,11546.143739444746,14296.40761683231,17046.671494219874,19796.935371607437,9551.242451572116,11937.043322314255,14322.844193056395,16708.645063798536,19094.445934540676
.DJI,2010-11-26,11091.99745,13.9468,13.28719,11.80272,12.172629232876712,795.3077014082085,911.2244559328183,7953.077014082084,10339.00011830671,12724.923222531335,15110.84632675596,17496.769430980585,19882.692535205213,9112.244559328183,11845.917927126637,14579.591294925092,17313.264662723548,20046.938030522004,22780.611398320456,8853.973925164764,11622.402443925466,14390.830962686168,17159.25948144687,19927.68800020757,9406.098999985044,11755.644548455268,14105.190096925493,16454.735645395718,18804.28119386594
.DJI,2010-12-03,11382.09166,14.30078,13.64345,12.12019,12.237042821917807,795.9070526223045,930.1341693120088,7959.070526223045,10346.791684089958,12734.512841956872,15122.233999823786,17509.9551576907,19897.67631555761,9301.341693120088,12091.744201056114,14882.14670899214,17672.549216928168,20462.951724864193,23253.35423280022,8860.646361521442,11631.161193530363,14401.67602553928,17172.190857548198,19942.70568955712,9601.29419579871,11999.597470868186,14397.900745937663,16796.20402100714,19194.507296076616
.DJI,2010-12-10,11410.32154,14.32749,13.67049,12.15049,12.23794205479452,796.3936139547124,932.3725744827924,7963.936139547123,10353.11698141126,12742.297823275398,15131.478665139535,17520.65950700367,19909.84034886781,9323.725744827923,12120.843468276302,14917.961191724678,17715.078915173057,20512.196638621434,23309.31436206981,8866.063134604998,11638.27166361494,14410.480192624878,17182.68872163482,19954.897250644757,9624.400095230389,12028.474983287691,14432.549871344994,16836.624759402297,19240.6996474596
.DJI,2010-12-17,11491.90817,14.43103,13.69933,12.20025,12.25774895890411,796.3331910473473,937.5219062266896,7963.331910473473,10352.331483615515,12741.331056757557,15130.3306298996,17519.33020304164,19908.329776183684,9375.219062266895,12187.784780946964,15000.350499627033,17812.916218307102,20625.48193698717,23438.04765566724,8865.390460562807,11637.38866028807,14409.386860013332,17181.385059738594,19953.383259463855,9677.553984869226,12094.906160863324,14512.258336857423,16929.610512851523,19346.962688845622
.DJI,2010-12-24,11573.4948,14.52306,13.7941,12.26715,12.29643397260274,796.9047019016655,941.2074123104718,7969.047019016654,10359.761124721652,12750.475230426648,15141.189336131643,17531.90344183664,19922.61754754164,9412.074123104718,12235.696360036134,15059.318596967549,17882.940833898963,20706.56307083038,23530.185307761796,8871.752956730166,11645.740558727122,14419.728160724077,17193.71576272103,19967.703364717985,9715.597558945181,12142.452623450043,14569.307687954906,16996.162752459768,19423.01781696463
.DJI,2010-12-31,11577.50602,14.52499,13.79888,12.27042,12.27042,797.0749735455928,943.5297259588507,7970.749735455928,10361.974656092707,12753.199576729485,15144.424497366263,17535.649418003042,19926.87433863982,9435.297259588508,12265.886437465058,15096.475615341611,17927.064793218164,20757.653971094715,23588.24314897127,8873.648550967288,11648.228860508945,14422.809170050601,17197.389479592257,19971.969789133916,9739.569602214484,12172.412633415339,14605.255664616196,17038.09869581705,19470.941727017907
.DJI,2011-01-07,11674.75909,14.63057,12.36697,,12.36697,797.9702151044012,944.0274448793843,7979.702151044012,10373.612796357214,12767.523441670419,15161.434086983623,17555.344732296828,19949.25537761003,9440.274448793843,12272.356783431997,15104.43911807015,17936.5214527083,20768.603787346456,23600.68612198461,8883.615065065389,11661.311668160091,14439.008271254792,17216.704874349492,19994.401477444193,9744.70729733474,12178.833671258146,14612.96004518155,17047.08641910495,19481.212793028357
.DJI,2011-01-14,11787.37589,14.81184,12.42649,,12.42649,795.8076707552876,948.5684123191666,7958.0767075528765,10345.49971981874,12732.922732084602,15120.345744350465,17507.76875661633,19895.191768882192,9485.684123191666,12331.389360149165,15177.094597106665,18022.799834064164,20868.505071021664,23714.210307979163,8859.539966527853,11629.708854954923,14399.877743381992,17170.046631809062,19940.215520236132,9791.581356756878,12237.416382444866,14683.251408132852,17129.086433820838,19574.921459508823
.DJI,2011-01-21,11871.83848,14.83235,12.43098,,12.43098,800.4017219119021,955.0203185911329,8004.017219119021,10405.222384854727,12806.427550590433,15207.63271632614,17608.837882061845,20010.043047797553,9550.203185911329,12415.264141684727,15280.325097458126,18145.386053231523,21010.44700900492,23875.50796477832,8910.684459507758,11696.845022875355,14483.00558624295,17269.166149610548,20055.32671297814,9858.181049881461,12320.651985154343,14783.122920427228,17245.59385570011,19708.064790972996
.DJI,2011-01-28,11823.70389,14.37327,12.34895,11.05608,12.24977093150685,822.6175317099032,965.2183666217799,8226.175317099032,10694.027912228743,13161.880507358452,15629.73310248816,18097.58569761787,20565.43829274758,9652.1836662178,12547.838766083138,15443.493865948478,18339.148965813816,21234.804065679156,24130.459165544496,9158.007854376989,12021.500601631715,14884.99334888644,17748.486096141165,20611.97884339589,9963.450227808287,12452.216307156254,14940.98238650422,17429.748465852186,19918.514545200152
.DJI,2011-02-04,12092.15266,14.93044,12.64282,11.11234,12.496061643835615,809.8992836111996,967.6770973649233,8098.992836111996,10528.690686945594,12958.388537779194,15388.086388612794,17817.78423944639,20247.48209027999,9676.770973649232,12579.802265744003,15482.833557838772,18385.864849933543,21288.896142028312,24191.92743412308,9016.418584160805,11835.639710905909,14654.860837651011,17474.08196439611,20293.303091141213,9988.830434225858,12483.93622475566,14979.042015285462,17474.147805815264,19969.253596345065
.DJI,2011-02-11,12273.26287,14.89676,12.82332,11.41687,12.66148191780822,823.8880716343688,969.3385774012602,8238.880716343687,10710.544931246794,13182.2091461499,15653.873361053007,18125.537575956114,20597.20179085922,9693.385774012602,12601.401506216382,15509.417238420163,18417.432970623944,21325.448702827725,24233.464435031503,9172.152477071048,12040.067913751373,14907.983350431696,17775.89878711202,20643.814223792342,10005.981033736805,12505.370865369578,15004.760697002348,17504.15052863512,20003.540360267893
.DJI,2011-02-18,12391.25318,15.05428,12.92717,11.52204,12.738536109589042,823.1050026969074,972.7376107740024,8231.050026969075,10700.365035059796,13169.680043150518,15638.99505124124,18108.31005933196,20577.625067422683,9727.376107740023,12645.58894006203,15563.801772384038,18482.014604706044,21400.227437028054,24318.44026935006,9163.434754431604,12028.624365152007,14893.81397587241,17759.00358659281,20624.193197313212,10041.067498109118,12549.221563052388,15057.37562799566,17565.52969293893,20073.6837578822
.DJI,2011-02-25,12130.44842,14.66201,12.64028,11.3275,12.438867178082193,827.3387086763684,975.2052374491434,8273.387086763683,10755.40321279279,13237.419338821894,15719.435464850998,18201.451590880104,20683.46771690921,9752.052374491434,12677.668086838865,15603.283799186294,18528.899511533724,21454.515223881153,24380.130936228587,9210.5676091526,12090.494550283402,14970.421491414201,17850.348432545,20730.275373675802,10066.539532633937,12581.056246463677,15095.572960293415,17610.089674123155,20124.606387952896
.DJI,2011-03-04,12169.87944,14.76623,12.68946,11.36874,12.46150010958904,824.1697061470667,976.5982693075099,8241.697061470666,10714.206179911867,13186.715298353067,15659.224416794266,18131.733535235468,20604.242653676665,9765.982693075099,12695.777500997629,15625.572308920158,18555.367116842688,21485.161924765216,24414.956732687748,9175.287847981499,12044.183641089205,14913.079434196907,17781.97522730461,20650.871020412313,10080.919080378311,12599.027655445305,15117.136230512298,17635.244805579292,20153.353380646284
.DJI,2011-03-11,12044.39648,14.61022,12.53521,11.25243,12.289197397260272,824.381595896571,980.0799914472162,8243.81595896571,10716.960746655423,13190.105534345135,15663.250322034848,18136.395109724563,20609.539897414274,9800.799914472162,12741.039888813812,15681.27986315546,18621.519837497108,21561.759811838758,24501.999786180404,9177.646766817315,12047.280138128175,14916.913509439033,17786.54688074989,20656.18025206075,10116.859098145935,12643.945115270255,15171.031132394577,17698.117149518897,20225.20316664322
.DJI,2011-03-18,11858.51822,14.38584,12.26159,11.03491,12.002810931506849,824.31878986559,987.9784233601408,8243.1878986559,10716.14426825267,13189.10063784944,15662.05700744621,18135.013377042982,20607.969746639752,9879.784233601407,12843.71950368183,15807.654773762253,18771.590043842676,21735.5253139231,24699.460584003522,9176.947562019393,12046.362308504906,14915.777054990418,17785.19180147593,20654.60654796144,10198.390527678908,12745.842246601598,15293.293965524286,17840.745684446974,20388.19740336966
.DJI,2011-03-25,12220.58727,14.83553,12.65258,11.38321,12.360451013698633,823.737828712557,988.6845760285262,8237.37828712557,10708.59177326324,13179.805259400911,15651.018745538582,18122.232231676255,20593.445717813924,9886.845760285261,12852.89948837084,15818.953216456419,18785.006944541998,21751.060672627576,24717.114400713155,9170.47985789509,12037.872306065748,14905.264754236405,17772.65720240706,20640.049650577716,10205.679776628156,12754.952274007504,15304.224771386855,17853.497268766205,20402.769766145553
.DJI,2011-04-01,12376.72198,15.02638,12.7886,11.52732,12.47414389041096,823.6662442983607,992.1900924611067,8236.662442983607,10707.66117587869,13178.65990877377,15649.658641668851,18120.657374563933,20591.656107459017,9921.900924611067,12898.471201994387,15875.041479377707,18851.611756761027,21828.18203414435,24804.752311527667,9169.682925417736,12036.82619162598,14903.969457834222,17771.112724042465,20638.255990250706,10241.865410580629,12800.176702381741,15358.487994182853,17916.799285983965,20475.110577785075
.DJI,2011-04-08,12380.05204,15.02943,12.76076,11.47954,12.416761205479451,823.7206627263976,997.0435796523774,8237.206627263975,10708.368615443169,13179.530603622361,15650.692591801553,18121.854579980747,20593.01656815994,9970.435796523774,12961.566535480906,15952.697274438038,18943.82801339517,21934.958752352304,24926.089491309434,9170.288753001241,12037.62144718542,14904.954141369597,17772.286835553776,20639.619529737953,10291.96544983991,12862.791209564442,15433.616969288974,18004.442729013506,20575.26848873804
.DJI,2011-04-15,12341.83196,14.85163,12.58944,11.38251,12.242240958904109,831.0085802029811,1008.1350302963491,8310.085802029811,10803.111542638753,13296.137283247697,15789.163023856641,18282.188764465584,20775.214505074528,10081.35030296349,13105.755393852538,16130.160484741586,19154.565575630633,22178.97066651968,25203.37575740873,9251.423427281608,12144.125017741811,15036.826608202015,17929.528198662218,20822.22978912242,10406.456761098503,13005.881257739005,15605.305754379508,18204.73025102001,20804.154747660512
.DJI,2011-04-22,12505.98911,14.75054,12.67107,11.42246,12.287934876712328,847.8326291783216,1017.7453929790042,8478.326291783216,11021.82417931818,13565.322066853145,16108.81995438811,18652.317841923075,21195.815729458038,10177.453929790043,13230.690108727054,16283.926287664068,19337.16246660108,22390.398645538095,25443.634824475106,9438.721614737362,12389.986924500032,15341.2522342627,18292.517544025366,21243.782853788034,10505.659566982678,13129.86389115437,15754.06821532606,18378.27253949775,21002.476863669443
.DJI,2011-04-29,12810.53882,14.80237,12.89774,11.68113,12.50109180821918,865.4383602085342,1024.7535988478514,8654.383602085341,11250.698682710945,13847.013763336547,16443.32884396215,19039.643924587752,21635.959005213354,10247.535988478514,13321.796785022068,16396.057581565623,19470.318378109176,22544.579174652732,25618.839971196285,9634.722084994293,12647.272112346605,15659.822139698917,18672.372167051228,21684.922194403538,10578.001653266096,13220.276277016234,15862.550900766371,18504.82552451651,21147.100148266647
.DJI,2011-05-06,12638.73767,14.34321,12.65422,11.45508,12.240270301369865,881.1652112741849,1032.55380468073,8811.65211274185,11455.147746564404,14098.643380386959,16742.13901420951,19385.634648032068,22029.130281854625,10325.538046807302,13423.199460849492,16520.86087489168,19618.522288933873,22716.18370297606,25813.845117018252,9809.805425710932,12877.09987830062,15944.394330890305,19011.688783479993,22078.98323606968,10658.51914575285,13320.906200389218,15983.293255025586,18645.68030966195,21308.06736429832
.DJI,2011-05-13,12595.74953,14.30339,12.61548,11.41255,12.177152082191782,880.6128847776645,1034.3756442378992,8806.128847776645,11447.967502109637,14089.806156442632,16731.644810775626,19373.48346510862,22015.32211944161,10343.756442378992,13446.88337509269,16550.010307806388,19653.137240520085,22756.264173233783,25859.39110594748,9803.656504495018,12869.028334655768,15934.400164816516,18999.77199497726,22065.14382513801,10677.325053699295,13344.409628242754,16011.494202786214,18678.578777329676,21345.663351873136
.DJI,2011-05-20,12512.04377,14.17245,12.50295,11.35701,12.063411369863015,882.8426821050701,1037.1895135117222,8828.426821050702,11476.954867365912,14125.482913681122,16774.010959996333,19422.539006311545,22071.067052626753,10371.895135117222,13483.463675652389,16595.032216187556,19706.60075672272,22818.16929725789,25929.737837793054,9828.480314650878,12901.613963918015,15974.747613185149,19047.881262452283,22121.014911719416,10706.371171579769,13380.711163801325,16055.05115602288,18729.391148244435,21403.731140465992
.DJI,2011-05-27,12441.58259,14.09113,12.42377,11.26909,12.07223792237443,882.9371803396889,1030.5945484176577,8829.371803396889,11478.183344415957,14126.994885435022,16775.806426454088,19424.617967473154,22073.429508492223,10305.945484176576,13397.72912942955,16489.512774682524,19581.296419935497,22673.08006518847,25764.863710441445,9829.532341311513,12902.994934466942,15976.45752762237,19049.9201207778,22123.382713933224,10638.294756189103,13295.629968986457,15952.96518178381,18610.300394581165,21267.635607378517
.DJI,2011-06-03,12151.26134,13.7635,12.13432,10.99996,12.081064474885846,882.8612881897772,1005.8104867547127,8828.612881897772,11477.196746467103,14125.780611036434,16774.364475605766,19422.9483401751,22071.532204744428,10058.104867547127,13075.536327811264,16092.967788075402,19110.39924833954,22127.83070860368,25145.262168867815,9828.687451823767,12901.88586799236,15975.08428416095,19048.282700329542,22121.481116498133,10382.461699793848,12975.892480072902,15569.323260351955,18162.754040631007,20756.18482091006
.DJI,2011-06-10,11951.91145,13.54025,11.94436,10.83099,12.089891027397261,882.6950351729104,988.5871942861535,8826.950351729103,11475.035457247835,14123.120562766566,16771.205668285296,19419.290773804027,22067.37587932276,9885.871942861535,12851.633525719995,15817.395108578456,18783.156691436918,21748.918274295378,24714.67985715384,9826.836596018256,12899.456293293006,15972.075990567753,19044.6956878425,22117.31538511725,10204.674555243255,12753.695958791875,15302.717362340496,17851.738765889117,20400.760169437737
.DJI,2011-06-17,12004.36,13.60111,12.15863,10.91206,12.098717579908678,882.6014935545702,992.2010263248586,8826.014935545702,11473.819416209413,14121.623896873123,16769.428377536835,19417.232858200543,22065.037338864255,9922.010263248587,12898.613342223161,15875.216421197738,18851.819500172314,21828.42257914689,24805.025658121467,9825.795219142066,12898.089302464576,15970.383385787081,19042.67746910959,22114.971552432093,10241.978275203866,12800.31775941217,15358.657243620475,17916.99672782878,20475.336212037084
.DJI,2011-06-24,11934.57997,13.52289,12.11993,10.85645,12.107544132420093,882.5465540280221,985.7143479694655,8825.465540280222,11473.105202364288,14120.744864448354,16768.38452653242,19416.024188616488,22063.663850700552,9857.143479694656,12814.286523603052,15771.429567511448,18728.572611419844,21685.71565532824,24642.858699236636,9825.183590291175,12897.28643171846,15969.389273145744,19041.492114573026,22113.59495600031,10175.01964783754,12716.633564426318,15258.247481015094,17799.86139760387,20341.47531419265
.DJI,2011-07-01,12582.76984,14.25736,12.7791,11.45,12.116370684931509,882.5455652378841,1038.4933052311223,8825.455652378841,11473.092348092494,14120.729043806146,16768.3657395198,19416.00243523345,22063.639130947104,10384.933052311224,13500.41296800459,16615.892883697958,19731.372799391323,22846.852715084693,25962.33263077806,9825.172582322708,12897.271981818258,15969.371381313804,19041.47078080935,22113.570180304898,10719.829539502394,13397.531291837502,16075.233044172612,18752.93479650772,21430.636548842827
.DJI,2011-07-08,12657.2044,14.34563,12.86805,11.52679,12.173534547945206,882.3038374752451,1039.7312588344716,8823.038374752452,11469.949887178187,14116.861399603922,16763.772912029657,19410.684424455394,22057.595936881127,10397.312588344717,13516.506364848132,16635.700141351546,19754.893917854963,22874.087694358375,25993.28147086179,9822.481483891743,12893.739440470694,15964.997397049643,19036.255353628592,22107.51331020754,10732.608294588123,13413.502046829539,16094.395799070953,18775.28955131237,21456.183303553782
.DJI,2011-07-15,12479.72699,14.10771,12.6802,11.36721,12.13204491780822,884.6033119478639,1028.6581589952266,8846.033119478638,11499.84305532223,14153.652991165822,16807.462927009412,19461.272862853006,22115.082798696596,10286.581589952266,13372.556066937945,16458.530543923625,19544.505020909306,22630.479497894987,25716.453974880664,9848.080993347137,12927.343311881705,16006.605630416268,19085.867948950832,22165.130267485398,10618.306409200253,13270.648741134986,15922.991073069721,18575.333405004454,21227.67573693919
.DJI,2011-07-22,12681.15817,14.28592,12.88656,11.45532,12.090555287671233,887.6682894766316,1048.8482843241293,8876.682894766316,11539.68776319621,14202.692631626105,16865.697500056,19528.702368485894,22191.70723691579,10488.482843241292,13635.027696213681,16781.57254918607,19928.117402158456,23074.662255130843,26221.207108103234,9882.202668609272,12972.13402905677,16062.065389504265,19151.996749951762,22241.928110399258,10826.718635660256,13531.12017077015,16235.52170588004,18939.923240989934,21644.324776099824
.DJI,2011-07-29,12143.23891,13.40649,12.29891,10.95381,12.0914916227608,905.7731673241841,1004.2796446339004,9057.73167324184,11775.051175214394,14492.370677186946,17209.690179159497,19927.00968113205,22644.3291831046,10042.796446339004,13055.635380240705,16068.474314142406,19081.313248044105,22094.152181945807,25106.991115847508,10083.760023198809,13236.713607715172,16389.667192231536,19542.620776747895,22695.57436126426,10366.659607951431,12956.14319029594,15545.626772640446,18135.110354984954,20724.59393732946
.DJI,2011-08-05,11444.60609,12.62648,11.46434,10.31066,12.092427957850369,906.3971977938427,946.4274775827955,9063.971977938427,11783.163571319954,14502.355164701483,17221.54675808301,19940.73835146454,22659.929944846066,9464.274775827955,12303.557208576342,15142.839641324728,17982.122074073115,20821.404506821502,23660.68693956989,10090.707207913709,13245.833013000449,16400.95881808719,19556.08462317393,22711.21042826067,9769.48159423218,12209.796329450946,14650.111064669714,17090.42579988848,19530.74053510725
.DJI,2011-08-12,11269.02076,12.39329,11.35056,10.16476,12.093364292939937,909.2840367650558,931.835053259647,9092.840367650559,11820.692477945726,14548.544588240893,17276.39669853606,20004.248808831228,22732.100919126395,9318.35053259647,12113.855692375411,14909.360852154352,17704.866011933293,20500.371171712235,23295.876331491174,10122.845708436227,13288.020463536686,16453.195218637145,19618.3699737376,22783.54472883806,9618.85154151612,12021.540458653933,14424.229375791749,16826.918292929564,19229.60721006738
.DJI,2011-08-19,10817.64538,12.37603,10.96552,9.79002,12.094300628029504,874.0804102769628,894.4415814279699,8740.804102769627,11363.045333600516,13985.286564431404,16607.527795262293,19229.76902609318,21852.01025692407,8944.415814279699,11627.74055856361,14311.065302847519,16994.39004713143,19677.71479141534,22361.03953569925,9730.931999509581,12773.564594687698,15816.197189865812,18858.829785043927,21901.46238022204,9232.858062399226,11539.129829281757,13845.401596164289,16151.67336304682,18457.94512992935
.DJI,2011-08-26,11284.53585,12.35877,11.44904,10.25405,12.095236963119072,913.0792020565153,932.9735237440101,9130.792020565154,11870.029626734698,14609.267232904245,17348.50483907379,20087.742445243337,22826.980051412884,9329.735237440102,12128.65580867213,14927.576379904162,17726.496951136192,20525.41752236822,23324.338093600254,10165.096392634023,13343.481938737365,16521.867484840706,19700.253030944048,22878.63857704739,9630.603383792475,12036.22778871399,14441.852193635506,16847.476598557023,19253.101003478536
.DJI,2011-09-02,11240.2611,12.31428,11.40533,10.22392,12.09617329820864,912.7826474629454,929.2410767349543,9127.826474629454,11866.17441701829,14604.522359407127,17342.870301795963,20081.218244184798,22819.566186573637,9292.410767349542,12080.133997554405,14867.857227759268,17655.58045796413,20443.303688168995,23231.026918373856,10161.794919966014,13339.148173545653,16516.501427125288,19693.854680704924,22871.20793428456,9592.07526281109,11988.075744452308,14384.076226093526,16780.076707734745,19176.077189375963
.DJI,2011-09-09,10992.1333,12.04336,11.16157,10.01875,12.097109633298208,912.7131714073149,908.6578226705759,9127.13171407315,11865.271228295094,14603.410742517039,17341.550256738985,20079.68977096093,22817.829285182874,9086.578226705758,11812.551694717487,14538.525162729215,17264.49863074094,19990.47209875267,22716.445566764396,10161.021459349593,13338.132870063333,16515.244280777075,19692.35569149081,22869.46710220455,9379.604971643155,11722.532587817343,14065.460203991528,16408.387820165713,18751.3154363399
.DJI,2011-09-16,11509.08829,12.61041,11.72692,10.55174,12.098045968387776,912.665669871162,951.3179500287299,9126.65669871162,11864.653708325106,14602.650717938592,17340.647727552077,20078.644737165563,22816.64174677905,9513.179500287299,12367.13335037349,15221.087200459679,18075.041050545868,20928.994900632057,23782.94875071825,10160.49263589955,13337.43869601108,16514.38475612261,19691.33081623414,22868.276876345666,9819.963413155781,12272.887980881183,14725.812548606584,17178.737116331984,19631.661684057384
.DJI,2011-09-23,10771.47855,12.465123333333333,10.99729,9.90484,12.098982303477344,864.1293200200988,890.2797177332999,8641.293200200987,11233.681160261285,13826.069120321581,16418.45708038188,19010.845040442175,21603.23300050247,8902.797177333,11573.636330532898,14244.475483732798,16915.314636932697,19586.153790132597,22256.992943332498,9620.148847900175,12628.142168227709,15636.13548855524,18644.12880888277,21652.122129210304,9189.897294959732,11485.437909650851,13780.97852434197,16076.51913903309,18372.05975372421
.DJI,2011-09-30,10913.3848,12.319836666666667,11.16706,10.05332,12.099918638566912,885.8384323818145,901.9386928119508,8858.384323818145,11515.899620963588,14173.414918109032,16830.930215254477,19488.44551239992,22145.960809545362,9019.386928119508,11725.20300655536,14431.019084991212,17136.835163427066,19842.651241862917,22548.46732029877,9861.831299168738,12945.393013556506,16028.95472794427,19112.51644233204,22196.078156719803,9310.246867575059,11635.849551844552,13961.452236114048,16287.054920383542,18612.657604653035
.DJI,2011-10-07,11103.1229,12.17455,11.39914,10.25069,12.10085497365648,911.9945213580789,917.5486297597535,9119.94521358079,11855.928777655026,14591.912341729263,17327.8959058035,20063.87946987774,22799.863033951973,9175.486297597534,11928.132186876795,14680.778076156055,17433.423965435315,20186.069854714577,22938.715743993835,10153.020897069122,13327.630720928128,16502.24054478713,19676.850368646134,22851.460192505136,9471.380177111016,11837.232283604439,14203.084390097863,16568.936496591286,18934.78860308471
.DJI,2011-10-14,11644.48576,12.75739,12.00653,10.87627,12.101791308746048,912.7639556366937,962.2117472464138,9127.639556366938,11865.931423277018,14604.2232901871,17342.51515709718,20080.807024007263,22819.098890917343,9622.117472464139,12508.75271420338,15395.38795594262,18282.02319768186,21168.658439421102,24055.293681160343,10161.586828252639,13338.875016468555,16516.163204684468,19693.451392900384,22870.7395811163,9932.414450271988,12413.428115685778,14894.441781099567,17375.45544651336,19856.46911192715
.DJI,2011-10-21,11808.79427,13.14047,12.18433,11.09042,12.102727643835617,898.6584399188157,975.7134604292836,8986.584399188157,11682.559718944603,14378.535038701051,17074.510358457497,19770.485678213947,22466.460997970393,9757.134604292836,12684.274985580687,15611.415366868538,18538.55574815639,21465.69612944424,24392.83651073209,10004.553433321396,13132.74098801389,16260.92854270638,19389.11609739887,22517.303652091363,10071.785655731426,12587.61279646295,15103.439937194475,17619.267077926,20135.094218657523
.DJI,2011-10-28,12231.10725,13.19074,12.57581,11.50814,12.103663978925185,927.2495136739864,1010.529313379545,9272.495136739864,12054.243677761822,14835.992218783782,17617.74075980574,20399.4893008277,23181.23784184966,10105.29313379545,13136.881073934084,16168.46901407272,19200.056954211355,22231.64489434999,25263.232834488626,10322.851145103283,13550.562876193984,16778.274607284686,20005.986338375387,23233.698069466085,10431.171707638732,13036.76974047361,15642.367773308486,18247.965806143362,20853.56383897824
.DJI,2011-11-04,11983.24435,12.90172,12.31593,11.26747,12.104600314014753,928.8098292320715,989.974393134299,9288.098292320716,12074.52778001693,14860.957267713144,17647.38675540936,20433.81624310557,23220.245730801787,9899.74393134299,12869.667110745888,15839.590290148784,18809.513469551683,21779.43664895458,24749.359828357476,10340.221771895722,13573.364887696544,16806.50800349736,20039.65111929818,23272.794235099,10218.993891838501,12771.592116506532,15324.190341174562,17876.78856584259,20429.386790510624
.DJI,2011-11-11,12153.68321,13.07421,12.44952,11.41991,12.105536649104321,929.592167327892,1003.9772347390515,9295.92167327892,12084.698175262596,14873.474677246271,17662.25117922995,20451.02768121362,23239.8041831973,10039.772347390515,13051.704051607669,16063.635755824824,19075.567460041977,22087.499164259134,25099.430868476287,10348.931358246755,13584.79775598229,16820.664153717822,20056.530551453354,23292.396949188886,10363.537986938076,12952.241820870839,15540.945654803603,18129.649488736366,20718.353322669132
.DJI,2011-11-18,11796.15516,12.68031,12.08776,11.08754,12.10647298419389,930.273404987733,974.36761106236,9302.73404987733,12093.554264840528,14884.374479803728,17675.194694766928,20466.014909730126,23256.835124693323,9743.676110623599,12666.77894381068,15589.88177699776,18512.984610184838,21436.08744337192,24359.190276559,10356.51541717941,13594.753171010474,16832.99092484154,20071.228678672604,23309.466432503665,10057.893148455167,12570.250085584958,15082.607022714747,17594.96395984454,20107.32089697433
.DJI,2011-11-25,11231.78456,12.17435,11.7983,10.57386,12.107409319283457,922.5777606196634,927.6786027305734,9225.777606196634,11993.510888055625,14761.244169914615,17528.977451773604,20296.710733632593,23064.444015491586,9276.786027305734,12059.821835497454,14842.857643689174,17625.893451880896,20408.929260072615,23191.965068264333,10270.841615138284,13482.29119465508,16693.740774171874,19905.190353688668,23116.639933205464,9575.946651386734,11967.918373903138,14359.890096419542,16751.861818935944,19143.83354145235
.DJI,2011-12-02,12019.42098,13.0272,12.61922,11.32074,12.108345654373025,922.6403970154753,992.6559187430441,9226.403970154754,11994.325161201179,14762.246352247605,17530.167543294032,20298.088734340457,23066.009925386883,9926.559187430441,12904.526943659574,15882.494699888706,18860.46245611784,21838.43021234697,24816.397968576104,10271.538931427693,13483.206545277832,16694.87415912797,19906.541772978104,23118.20938682824,10246.673894479596,12806.186295469515,15365.698696459434,17925.21109744935,20484.72349843927
.DJI,2011-12-09,12184.25927,13.20584,12.78835,11.47968,12.109281989462593,922.6417456216341,1006.1917197570139,9226.41745621634,11994.342693081242,14762.267929946145,17530.19316681105,20298.11840367595,23066.04364054085,10061.91719757014,13080.49235684118,16099.067516112222,19117.642675383264,22136.217834654304,25154.792993925348,10271.553945143445,13483.226253427882,16694.898561712314,19906.570869996747,23118.243178281184,10386.396970997732,12980.810741030467,15575.224511063203,18169.638281095937,20764.052051128674
.DJI,2011-12-16,11866.38929,12.86437,12.3782,11.21832,12.11021832455216,922.4228850693816,979.8658432063256,9224.228850693815,11991.49750590196,14758.766161110105,17526.03481631825,20293.303471526393,23060.57212673454,9798.658432063256,12738.255961682233,15677.85349130121,18617.451020920187,21557.048550539163,24496.64608015814,10269.117421997173,13480.027887043556,16690.93835208994,19901.84881713632,23112.759282182706,10114.648556559418,12641.18240342226,15167.716250285106,17694.25009714795,20220.783944010793
.DJI,2011-12-23,12294.0001,13.32619,12.82729,11.65552,12.111154659641729,922.5442605876098,1015.0972756518064,9225.442605876098,11993.075387638926,14760.708169401756,17528.340951164584,20295.973732927414,23063.606514690244,10150.972756518064,13196.264583473483,16241.556410428902,19286.84823738432,22332.14006433974,25377.43189129516,10270.468667146242,13481.801634634823,16693.134602123402,19904.46756961198,23115.80053710056,10478.32442076154,13095.70071015274,15713.076999543939,18330.45328893514,20947.829578326335
.DJI,2011-12-30,12217.55994,13.24338,12.75299,11.58852,12.112090994731297,922.5409178019507,1008.7077404978695,9225.409178019507,11993.03193142536,14760.654684831212,17528.277438237063,20295.900191642915,23063.522945048768,10087.077404978696,13113.200626472304,16139.323847965912,19165.447069459522,22191.57029095313,25217.693512446738,10270.431452698287,13481.752784107985,16693.07411551768,19904.395446927374,23115.716778337068,10412.36855244555,13013.269752982425,15614.1709535193,18215.072154056175,20815.97335459305
.DJI,2012-01-06,12359.92028,13.39312,11.74773,,12.113027329820865,922.855934987516,1020.382431530664,9228.55934987516,11997.127154837708,14765.694959800256,17534.262764762803,20302.830569725353,23071.3983746879,10203.82431530664,13264.971609898632,16326.118904490624,19387.266199082616,22448.41349367461,25509.5607882666,10273.938465068512,13486.356356412023,16698.774247755533,19911.192139099043,23123.610030442553,10532.880352731121,13163.884145628499,15794.887938525877,18425.891731423257,21056.895524320633
.DJI,2012-01-13,12422.05629,13.52782,11.81259,,12.113963664910433,918.2600219399726,1025.4328503545041,9182.600219399726,11937.380285219644,14692.160351039562,17446.94041685948,20201.720482679397,22956.500548499316,10254.32850354504,13330.627054608554,16406.925605672066,19483.224156735578,22559.52270779909,25635.821258862605,10222.77324409401,13419.192979342673,16615.612714591334,19812.032449839997,23008.45218508866,10585.013215429366,13229.039254369642,15873.065293309919,18517.0913322502,21161.117371190474
.DJI,2012-01-20,12720.47566,13.77393,12.1149,,12.1149,923.5182449743828,1049.9860221710455,9235.182449743828,12005.737184666976,14776.291919590125,17546.846654513272,20317.40138943642,23087.95612435957,10499.860221710456,13649.818288223592,16799.77635473673,19949.734421249865,23099.692487763,26249.650554276137,10281.311806661599,13496.035167765625,16710.75852886965,19925.48188997368,23140.205251077703,10838.462915298986,13545.798049124478,16253.13318294997,18960.468316775463,21667.803450600957
.DJI,2012-01-27,12660.45878,14.01432,12.10917,10.73051,12.007465573770492,903.394440829095,1054.3822676165676,9033.94440829095,11744.127730778235,14454.31105326552,17164.494375752805,19874.677698240088,22584.861020727374,10543.822676165675,13706.969479015379,16870.11628186508,20033.263084714785,23196.409887564485,26359.55669041419,10057.27821958327,13201.951569599607,16346.624919615944,19491.29826963228,22635.97161964862,10883.843084388589,13602.513711735199,16321.184339081807,19039.854966428415,21758.525593775023
.DJI,2012-02-03,12862.23054,14.15235,12.32624,10.7968,12.18416087431694,908.8406194024315,1055.6517328257187,9088.406194024315,11814.92805223161,14541.449910438903,17267.9717686462,19994.49362685349,22721.015485060787,10556.517328257187,13723.472526734342,16890.4277252115,20057.382923688656,23224.338122165813,26391.293320642966,10117.909247039348,13281.540487258424,16445.171727477496,19608.80296769657,22772.434207915645,10896.947117491047,13618.890995804175,16340.834874117303,19062.778752430433,21784.72263074356
.DJI,2012-02-10,12801.22978,14.25966,12.25831,10.87806,12.103691830601091,897.7233524501986,1057.6301808705475,8977.233524501986,11670.403581852583,14363.573639203178,17056.743696553774,19749.91375390437,22443.083811254965,10576.301808705475,13749.192351317117,16922.08289392876,20094.973436540404,23267.863979152047,26440.754521763687,9994.14332406403,13119.075883474732,16244.008442885433,19368.941002296135,22493.873561706834,10917.369613896652,13644.414819074243,16371.460024251837,19098.50522942943,21825.550434607023
.DJI,2012-02-17,12949.87184,14.4266,12.4017,11.00597,12.218653442622951,897.6385177380671,1059.84443382495,8976.385177380671,11669.300730594872,14362.216283809074,17055.131837023277,19748.047390237476,22440.962943451676,10598.444338249501,13777.977639724351,16957.5109411992,20137.044242674052,23316.577544148902,26496.110845623753,9993.19887913054,13117.836132917984,16242.473386705427,19367.110640492872,22491.747894280314,10940.226202484146,13672.980745397717,16405.735288311287,19138.48983122486,21871.24437413843
.DJI,2012-02-24,12982.94545,14.46185,12.42231,11.18071,12.235730765027322,897.737526664984,1061.0682516085103,8977.37526664984,11670.587846644792,14363.800426639744,17057.013006634697,19750.225586629647,22443.4381666246,10610.682516085104,13793.887270910634,16977.092025736165,20160.296780561697,23343.501535387226,26526.706290212758,9994.301122269551,13119.283021451985,16244.264920634416,19369.246819816846,22494.22871899928,10952.85904080972,13688.769135142904,16424.679229476085,19160.58932380927,21896.499418142448
.DJI,2012-03-02,12977.57193,14.45457,12.41836,11.15797,12.204851311475409,897.8179171016502,1063.3125794656796,8978.179171016502,11671.632922321452,14365.086673626403,17058.540424931354,19751.994176236305,22445.447927541256,10633.125794656797,13823.063533053835,17013.001271450874,20202.939009847913,23392.87674824495,26582.81448664199,9995.19609012767,13120.457824620524,16245.719559113373,19370.981293606223,22496.243028099074,10976.02607707122,13717.723055735465,16459.42003439971,19201.117013063955,21942.813991728202
.DJI,2012-03-09,12922.02037,14.39308,12.3816,11.13791,12.147133852459016,897.7939655723445,1063.7917163795903,8977.939655723445,11671.321552440479,14364.703449157512,17058.085345874544,19751.467242591578,22444.84913930861,10637.917163795903,13829.292312934675,17020.667462073445,20212.042611212215,23403.417760350985,26594.79290948976,9994.929443375018,13120.107803726414,16245.28616407781,19370.464524429204,22495.6428847806,10980.971959743098,13723.904368378366,16466.836777013632,19209.7691856489,21952.701594284164
.DJI,2012-03-16,13232.62476,14.72586,12.69725,11.41372,12.430724644808745,898.5977565996145,1064.5095228238476,8985.977565996145,11681.770835794989,14377.564105593832,17073.357375392676,19769.15064519152,22464.943914990363,10645.095228238477,13838.623796710019,17032.152365181562,20225.680933653104,23419.20950212465,26612.73807059619,10003.87786017537,13131.85417910189,16259.830498028412,19387.806816954933,22515.78313588145,10988.381504596238,13733.164740351856,16477.947976107473,19222.731211863094,21967.514447618712
.DJI,2012-03-23,13080.72831,14.55545,12.54974,11.27194,12.25996568306011,898.6825079265842,1066.946568053935,8986.825079265842,11682.872603045595,14378.920126825347,17074.9676506051,19771.01517438485,22467.062698164606,10669.46568053935,13870.305384701154,17071.14508886296,20271.984793024763,23472.824497186568,26673.664201348372,10004.82137680143,13133.092711091402,16261.364045381373,19389.635379671345,22517.906713961314,11013.537862672883,13764.604894626564,16515.671926580246,19266.738958533926,22017.805990487606
.DJI,2012-03-30,13212.03889,14.70477,12.68035,11.39111,12.363323770491805,898.4866060468814,1068.6478114836616,8984.866060468814,11680.32587860946,14375.785696750103,17071.245514890747,19766.70533303139,22462.165151172037,10686.478114836616,13892.421549287601,17098.364983738586,20304.308418189572,23510.251852640555,26716.19528709154,10002.64044716664,13130.229856272575,16257.81926537851,19385.408674484443,22512.998083590377,11031.098919138056,13786.552520066212,16542.00612099437,19297.459721922525,22052.913322850683
.DJI,2012-04-06,13060.14245,14.53766,12.50203,11.26323,12.173714153005465,898.3662054278335,1072.814942576559,8983.662054278335,11678.760670561836,14373.859286845336,17068.957903128838,19764.056519412337,22459.155135695837,10728.149425765589,13946.594253495266,17165.039081224942,20383.48390895462,23601.928736684295,26820.373564413974,10001.300055341266,13128.470355582975,16255.64065582468,19382.810956066387,22509.981256308092,11074.114059206464,13840.312394042345,16606.510728878224,19372.709063714105,22138.907398549985
.DJI,2012-04-13,12849.59142,14.3265,12.24768,11.0608,12.153644408014573,896.9107192964088,1057.2624135297635,8969.10719296409,11659.839350853315,14350.571508742541,17041.303666631768,19732.035824520994,22422.76798241022,10572.624135297636,13744.411375886926,16916.198616476217,20087.98585706551,23259.773097654797,26431.56033824409,9985.096469945003,13107.200291756084,16229.304113567163,19351.407935378244,22473.51175718932,10913.57334175552,13639.670277697376,16365.767213639234,19091.864149581088,21817.961085522948
.DJI,2012-04-20,13029.26365,14.41538,12.34342,11.1687,12.13357466302368,903.8446194273062,1073.8190526577364,9038.446194273061,11749.98005255498,14461.513910836899,17173.047769118817,19884.581627400734,22596.115485682654,10738.190526577364,13959.647684550573,17181.104842523782,20402.56200049699,23624.0191584702,26845.47631644341,10062.289952228599,13208.530352667833,16354.770753107065,19501.011153546297,22647.251553985527,11084.47896849851,13853.266349706055,16622.0537309136,19390.841112121147,22159.628493328688
.DJI,2012-04-27,13228.31081,14.4646,12.48299,11.33696,12.113504918032788,914.5300118910997,1092.0300028365577,9145.300118910996,11888.890154584296,14632.480190257595,17376.070225930893,20119.660261604193,22863.250297277493,10920.300028365578,14196.390036875251,17472.480045384924,20748.570053894597,24024.66006240427,27300.750070913942,10181.247917915416,13364.683664481108,16548.1194110468,19731.55515761249,22914.99090417818,11272.461193021267,14088.204575735883,16903.947958450502,19719.69134116512,22535.434723879735
.DJI,2012-05-04,13038.26996,14.26512,12.2886,11.1824,12.106900216477513,913.9965145754119,1076.9288361900342,9139.965145754119,11881.954689480355,14623.94423320659,17365.933776932827,20107.92332065906,22849.912864385296,10769.288361900342,14000.074870470444,17230.861379040547,20461.64788761065,23692.434396180754,26923.220904750855,10175.308617549179,13356.88728517446,16538.46595279974,19720.04462042502,22901.623288050298,11116.579656295977,13893.38545492795,16670.191253559922,19446.997052191895,22223.802850823868
.DJI,2012-05-11,12820.60471,14.00179,12.10389,10.98761,12.100295514922237,915.6404081192476,1059.5282317022313,9156.404081192475,11903.32530555022,14650.246529907961,17397.167754265705,20144.088978623447,22891.01020298119,10595.282317022313,13773.867012129007,16952.4517072357,20131.036402342394,23309.62109744909,26488.205792555782,10193.609698435352,13380.910681788877,16568.2116651424,19755.512648495922,22942.813631849443,10936.9622114324,13668.901443381681,16400.84067533096,19132.779907280245,21864.719139229524
.DJI,2012-05-18,12369.3807,13.47884,11.68476,10.60781,12.093690813366962,917.6888144677138,1022.7961745415488,9176.888144677137,11929.95458808028,14683.02103148342,17436.08747488656,20189.153918289703,22942.220361692845,10227.961745415489,13296.350269040135,16364.73879266478,19433.12731628943,22501.515839914075,25569.90436353872,10216.414125407891,13410.845514443472,16605.27690347905,19799.70829251463,22994.13968155021,10557.79617404505,13195.023679562795,15832.251185080539,18469.478690598284,21106.70619611603
.DJI,2012-05-25,12454.82717,13.60632,11.77614,10.68906,12.087086111811686,915.370737275031,1030.424293728573,9153.70737275031,11899.819584575403,14645.931796400497,17392.04400822559,20138.15622005068,22884.268431875775,10304.24293728573,13395.51581847145,16486.78869965717,19578.06158084289,22669.334462028608,25760.607343214328,10190.607516237389,13376.96978812806,16563.33206001873,19749.6943319094,22936.05660380007,10636.537305047053,13293.433524856191,15950.32974466533,18607.225964474466,21264.122184283606
.DJI,2012-06-01,12118.56614,13.23844,11.46395,10.39704,12.08048141025641,915.4074150730751,1003.1525837795881,9154.07415073075,11900.296395949976,14646.518641169201,17392.740886388427,20138.963131607652,22885.185376826877,10031.525837795882,13040.983589134645,16050.44134047341,19059.899091812174,22069.356843150937,25078.814594489704,10191.015841552156,13377.50578712426,16563.995732696363,19750.485678268466,22936.975623840564,10355.025541387868,12941.603055094882,15528.180568801894,18114.758082508906,20701.33559621592
.DJI,2012-06-08,12554.19939,13.71195,11.914,10.85035,12.073876708701135,915.5663045737477,1039.7819766498624,9155.663045737478,11902.36195945872,14649.060873179964,17395.759786901206,20142.45870062245,22889.157614343694,10397.819766498624,13517.16569644821,16636.511626397798,19755.857556347386,22875.203486296974,25994.54941624656,10192.784721060612,13379.827753474721,16566.870785888827,19753.913818302935,22940.95685071704,10733.131828377764,13414.15635390627,16095.180879434774,18776.20540496328,21457.229930491787
.DJI,2012-06-15,12767.17228,13.9428,12.12307,11.03969,12.067272007145862,915.6820925495597,1057.999875401804,9156.820925495596,11903.867203144277,14650.913480792955,17397.959758441633,20145.00603609031,22892.052313738994,10579.998754018041,13753.998380223453,16927.998006428865,20101.997632634277,23275.99725883969,26449.9968850451,10194.073761411752,13381.519846296997,16568.96593118224,19756.412016067487,22943.85810095273,10921.185779428768,13649.184223003938,16377.18266657911,19105.18111015428,21833.179553729453
.DJI,2012-06-22,12640.78112,13.80379,12.02997,10.95544,12.060667305590586,915.7471332148634,1048.0996448795588,9157.471332148634,11904.712731793225,14651.954131437815,17399.195531082405,20146.436930726995,22893.678330371586,10480.996448795588,13625.295383434264,16769.59431807294,19913.893252711616,23058.192187350294,26202.49112198897,10194.797843868962,13382.470332236015,16570.142820603065,19757.815308970115,22945.487797337166,10818.990817684042,13521.462024362836,16223.933231041628,18926.404437720423,21628.875644399213
.DJI,2012-06-29,12880.09181,14.06437,12.29447,11.17703,12.05406260403531,915.7958593239512,1068.5270379870237,9157.958593239511,11905.346171211366,14652.733749183219,17400.121327155073,20147.508905126924,22894.89648309878,10685.270379870237,13890.85149383131,17096.43260779238,20302.01372175345,23507.59483571452,26713.175949675595,10195.340300201995,13383.182401851764,16571.024503501532,19758.8666051513,22946.70870680107,11029.852236766272,13784.994429424434,16540.136622082595,19295.27881474076,22050.42100739892
.DJI,2012-07-06,12772.47011,13.95061,12.18324,11.06934,12.047457902480035,915.5492204283541,1060.179683829459,9155.492204283542,11902.139865568604,14648.787526853666,17395.43518813873,20142.08284942379,22888.730510708854,10601.796838294591,13782.335889782968,16962.874941271344,20143.41399275972,23323.953044248097,26504.492095736474,10192.594527280795,13379.578090592262,16566.56165390373,19753.545217215193,22940.52878052666,10943.686814972787,13677.305782837411,16410.924750702037,19144.543718566663,21878.162686431286
.DJI,2012-07-13,12777.08679,13.99465,12.29862,11.19418,12.04085320092476,912.9979520745427,1061.1446362470972,9129.979520745426,11868.973376969056,14607.967233192683,17346.961089416312,20085.95494563994,22824.948801863567,10611.446362470972,13794.880271212263,16978.314179953555,20161.748088694847,23345.18199743614,26528.61590617743,10164.191855659801,13342.29457441614,16520.397293172475,19698.500011928812,22876.60273068515,10953.64751994672,13689.754568154873,16425.861616363025,19161.968664571177,21898.075712779326
.DJI,2012-07-20,12822.57247,13.84524,12.39066,11.26643,12.034248499369484,926.13580335191,1065.506705356119,9261.3580335191,12039.76544357483,14818.17285363056,17596.58026368629,20374.98767374202,23153.39508379775,10655.06705356119,13851.587169629547,17048.107285697904,20244.62740176626,23441.14751783462,26637.667633902976,10310.452469553691,13534.287427652236,16758.12238575078,19981.95734384932,23205.792301947866,10998.674904382133,13746.02932417968,16493.38374397723,19240.738163774775,21988.092583572325
.DJI,2012-07-27,13075.65753,13.87256,12.6393,11.56817,12.027643797814209,942.5554857935377,1087.1337520301563,9425.554857935378,12253.22131531599,15080.887772696604,17908.554230077218,20736.22068745783,23563.887144838445,10871.337520301564,14132.738776392032,17394.1400324825,20655.54128857297,23916.942544663438,27178.343800753908,10493.248939322866,13774.240035932215,17055.23113254156,20336.22222915091,23617.213325760255,11221.919727069693,14025.038378071424,16828.15702907315,19631.275680074883,22434.39433107661
.DJI,2012-08-03,13096.16771,13.88279,12.58839,11.63081,12.023260819672132,943.3383138403735,1089.2359324495737,9433.383138403735,12263.398079924857,15093.413021445976,17923.427962967096,20753.442904488216,23583.45784600934,10892.359324495737,14160.067121844459,17427.77491919318,20695.4827165419,23963.190513890622,27230.898311239343,10501.96398018353,13785.680064223916,17069.396148264303,20353.112232304687,23636.828316345072,11243.619448814572,14052.158464265878,16860.697479717186,19669.23649516849,22477.7755106198
.DJI,2012-08-10,13207.95199,13.86907,12.58632,11.62973,12.003479644808744,952.331482211857,1100.343598759062,9523.31482211857,12380.309268754141,15237.303715389711,18094.298162025283,20951.292608660853,23808.287055296423,11003.43598759062,14304.466783867805,17605.49758014499,20906.528376422175,24207.559172699363,27508.58996897655,10602.082812334585,13917.10369041827,17232.12456850195,20547.145446585633,23862.166324669317,11358.278146005583,14195.457709635148,17032.63727326471,19869.816836894275,22706.99640052384
.DJI,2012-08-17,13275.20105,13.91091,12.7637,11.65557,12.067334153005463,954.301411625839,1100.0939297511463,9543.01411625839,12405.918351135908,15268.822586013424,18131.72682089094,20994.63105576846,23857.535290645974,11000.939297511464,14301.221086764903,17601.50287601834,20901.78466527178,24202.06645452522,27502.34824377866,10624.013574019564,13945.891683285541,17267.769792551513,20589.64790181749,23911.526011083464,11355.700941903573,14192.23674679475,17028.772551685925,19865.308356577105,22701.84416146828
.DJI,2012-08-24,13157.97013,13.9368,12.64483,11.5626,12.059835036429872,944.1170232765054,1091.057223440696,9441.170232765055,12273.52130259457,15105.872372424086,17938.223442253602,20770.57451208312,23602.925581912634,10910.572234406958,14183.743904729046,17456.915575051135,20730.087245373223,24003.25891569531,27276.4305860174,10510.63316951815,13797.059904300382,17083.48663908261,20369.913373864838,23656.340108647066,11262.419694197297,14075.654815106263,16888.88993601523,19702.125056924197,22515.360177833165
.DJI,2012-08-31,13090.83723,13.87075,12.57226,11.50612,12.05233591985428,943.7728478993565,1086.1659778694814,9437.728478993566,12269.047022691635,15100.365566389704,17931.684110087775,20763.002653785843,23594.321197483914,10861.659778694813,14120.157712303258,17378.655645911702,20637.153579520145,23895.65151312859,27154.149446737036,10506.801545846503,13792.030222408164,17077.258898969823,20362.487575531482,23647.71625209314,11211.929894701096,14012.553189639526,16813.176484577954,19613.799779516386,22414.423074454815
.DJI,2012-09-07,13306.63813,14.09724,12.78325,11.70652,12.044836803278688,943.9179676305433,1104.758690161567,9439.179676305434,12270.933579197062,15102.687482088693,17934.441384980324,20766.195287871953,23597.949190763582,11047.58690161567,14361.862972100373,17676.139042585073,20990.415113069776,24304.691183554474,27618.967254039177,10508.417129744006,13794.150961230913,17079.884792717818,20365.618624204722,23651.352455691627,11403.852852166683,14252.416502651364,17100.980153136043,19949.543803620723,22798.107454105404
.DJI,2012-09-14,13593.36606,14.39789,13.06933,11.97492,12.297860655737706,944.1220942790923,1105.3439651438773,9441.220942790922,12273.5872256282,15105.953508465476,17938.319791302754,20770.68607414003,23603.052356977307,11053.439651438774,14369.471546870405,17685.503442302037,21001.53533773367,24317.5672331653,27633.599128596932,10510.68962379943,13797.134010501986,17083.578397204543,20370.022783907098,23656.467170609652,11409.894343250446,14259.96709527467,17110.039847298893,19960.112599323118,22810.18535134734
.DJI,2012-09-21,13579.46715,14.16649,12.92739,11.82973,12.13263617486339,958.5625761921267,1119.2511630847532,9585.625761921267,12461.313490497647,15337.001219074027,18212.688947650407,21088.376676226788,23964.064404803168,11192.511630847532,14550.265120101792,17908.01860935605,21265.772098610312,24623.52558786457,27981.27907711883,10671.452118741241,14008.163140460543,17344.874162179844,20681.58518389914,24018.29620561844,11553.451158250933,14439.382907255465,17325.314656259998,20211.246405264534,23097.178154269066
.DJI,2012-09-28,13437.12686,14.02079,12.7961,11.75397,12.02162087431694,958.3715938973481,1117.7466832868733,9583.71593897348,12458.830720665526,15333.94550235757,18209.060284049614,21084.17506574166,23959.2898474337,11177.466832868733,14530.706882729353,17883.946932589974,21237.186982450592,24590.427032311214,27943.667082171833,10669.325957690438,14005.372179068303,17341.418400446168,20677.46462182403,24013.510843201893,11537.92119104011,14419.973716008395,17302.02624097668,20184.078765944967,23066.13129091325
.DJI,2012-10-05,13610.14697,14.22196,12.97906,11.96032,12.20247950819672,956.9811031672147,1115.3591334333087,9569.811031672147,12440.75434117379,15311.697650675434,18182.64096017708,21053.584269678722,23924.527579180365,11153.591334333087,14499.668734633013,17845.74613493294,21191.823535232863,24537.90093553279,27883.97833583272,10653.845950837762,13985.051939704917,17316.25792857207,20647.463917439225,23978.66990630638,11513.275748148611,14389.172098209969,17265.068448271326,20140.96479833268,23016.861148394037
.DJI,2012-10-12,13328.84531,13.82125,12.73404,11.72525,12.190924930643126,964.3733605860542,1093.3415951480922,9643.733605860542,12536.853687618704,15429.973769376867,18323.09385113503,21216.21393289319,24109.334014651355,10933.415951480922,14213.440736925199,17493.465522369475,20773.49030781375,24053.51509325803,27333.539878702304,10736.142217199349,14093.080304749945,17450.01839230054,20806.95647985113,24163.894567401723,11286.000082423969,14105.125338679083,16924.250594934198,19743.375851189314,22562.50110744443
.DJI,2012-10-19,13343.51323,13.69138,12.65004,11.74781,12.179370353089533,974.5922784993186,1095.5831741018665,9745.922784993185,12669.699620491141,15593.476455989097,18517.253291487054,21441.03012698501,24364.806962482966,10955.831741018665,14242.581263324264,17529.330785629863,20816.080307935463,24102.829830241062,27389.57935254666,10849.907031229488,14242.416689043848,17634.926346858207,21027.436004672563,24419.945662486924,11309.138743176769,14134.043795856456,16958.948848536147,19783.853901215836,22608.758953895525
.DJI,2012-10-26,13107.21369,13.42973,12.49639,11.68778,12.167815775535939,975.9848999198049,1077.2034958281315,9759.84899919805,12687.803698957463,15615.758398716878,18543.71309847629,21471.667798235707,24399.622497995122,10772.034958281314,14003.64544576571,17235.255933250104,20466.8664207345,23698.476908218894,26930.08739570329,10865.410758557638,14262.768065715121,17660.1253728726,21057.482680030083,24454.839987187563,11119.414825754417,13896.928820183632,16674.442814612845,19451.95680904206,22229.470803471275
.DJI,2012-11-02,13093.16013,13.56633,12.47177,11.70962,12.156261197982346,965.1217484758221,1077.0713064452052,9651.217484758221,12546.582730185686,15441.947975613153,18337.31322104062,21232.678466468085,24128.043711895552,10770.713064452051,14001.926983787667,17233.140903123283,20464.3548224589,23695.568741794516,26926.78266113013,10744.4738438769,14104.017034299577,17463.560224722252,20823.10341514493,24182.646605567606,11118.050303089933,13895.22345397156,16672.396604853187,19449.569755734814,22226.742906616437
.DJI,2012-11-09,12815.39106,13.26683,12.18414,11.51231,12.144706620428751,965.9723581292592,1055.2244249723647,9659.723581292592,12557.64065568037,15455.557730068147,18353.474804455924,21251.3918788437,24149.30895323148,10552.244249723646,13717.917524640741,16883.590799557835,20049.26407447493,23214.93734939202,26380.610624309116,10753.943481450748,14116.447603873377,17478.951726296007,20841.455848718637,24203.959971141267,10892.536239418196,13613.378326336091,16334.220413253985,19055.062500171876,21775.90458708977
.DJI,2012-11-16,12588.30697,13.01565,12.01182,11.31601,12.133152042875157,967.1669851294403,1037.5133292252874,9671.669851294402,12573.170806682723,15474.671762071044,18376.172717459365,21277.673672847686,24179.174628236007,10375.133292252875,13487.673279928737,16600.2132676046,19712.753255280462,22825.293242956323,25937.833230632186,10767.242983380846,14133.905545927628,17500.56810847441,20867.230671021192,24233.89323356797,10709.713753793969,13384.888688233523,16060.063622673078,18735.238557112632,21410.413491552186
.DJI,2012-11-23,13009.6835,13.45893,12.7348,11.67222,12.121597465321564,966.6209349480232,1073.2647687088393,9666.209349480232,12566.072154324302,15465.934959168371,18365.79776401244,21265.66056885651,24165.52337370058,10732.647687088393,13952.44199321491,17172.236299341428,20392.030605467946,23611.824911594464,26831.61921772098,10761.163934907485,14125.925722581558,17490.68751025563,20855.4492979297,24220.211085603773,11078.757381831818,13846.115570290815,16613.47375874981,19380.831947208804,22148.190135667803
.DJI,2012-11-30,13025.58015,13.47067,12.78552,11.6826,12.11004288776797,966.958595971841,1075.601488014282,9669.58595971841,12570.461747633932,15471.337535549455,18372.213323464977,21273.0891113805,24173.964899296025,10756.01488014282,13982.819344185667,17209.623808228513,20436.428272271358,23663.232736314203,26890.037200357052,10764.923035812873,14130.860205551468,17496.79737529006,20862.734545028652,24228.671714767246,11102.87812725197,13876.261426655235,16649.6447260585,19423.02802546177,22196.411324865032
.DJI,2012-12-07,13155.13404,13.59808,12.938,11.80063,12.098488310214375,967.4258454134703,1087.3370046482198,9674.258454134702,12576.535990375114,15478.813526615524,18381.091062855936,21283.368599096346,24185.646135336756,10873.370046482198,14135.381060426858,17397.392074371517,20659.403088316176,23921.414102260835,27183.425116205497,10770.12481415025,14137.688457110833,17505.252100071415,20872.815743031995,24240.379385992575,11224.017798774272,14027.66052623255,16831.30325369083,19634.945981149107,22438.588708607385
.DJI,2012-12-14,13135.01364,13.56848,12.91102,11.78739,12.086933732660782,968.0534326615804,1086.7118104988979,9680.534326615803,12584.694624600545,15488.854922585286,18393.015220570025,21297.175518554766,24201.335816539508,10867.118104988978,14127.253536485672,17387.388967982366,20647.524399479058,23907.659830975754,27167.795262472446,10777.111595644625,14146.859840153265,17516.608084661904,20886.356329170543,24256.104573679182,11217.56424276571,14019.59493915864,16821.62563555157,19623.656331944498,22425.68702833743
.DJI,2012-12-21,13190.84392,13.63162,12.97004,11.83667,12.075379155107187,967.6651725913721,1092.3751337796325,9676.651725913722,12579.647243687838,15482.642761461953,18385.63827923607,21288.633797010185,24191.629314784303,10923.751337796326,14200.876739135223,17478.00214047412,20755.127541813017,24032.252943151914,27309.37834449081,10772.789187434922,14141.185916990096,17509.582646545266,20877.97937610044,24246.37610565561,11276.023801330759,14092.657086490006,16909.29037164925,19725.9236568085,22542.556941967745
.DJI,2012-12-28,12938.11016,13.37278,12.72481,11.61108,12.063824577553595,967.4959253049851,1072.4716756967052,9674.959253049852,12577.447028964807,15479.934804879762,18382.42258079472,21284.91035670967,24187.39813262463,10724.716756967053,13942.131784057168,17159.546811147284,20376.9618382374,23594.376865327515,26811.79189241763,10770.90499712981,14138.712584880463,17506.520172631113,20874.327760381766,24242.135348132415,11070.570692657971,13835.883931440683,16601.197170223393,19366.510409006107,22131.823647788817
.DJI,2013-01-04,13435.20698,13.87558,12.05227,,12.05227,968.2627306390076,1114.7449385053606,9682.627306390075,12587.415498307098,15492.203690224122,18396.991882141145,21301.780074058166,24206.56826597519,11147.449385053606,14491.684200569687,17835.91901608577,21180.15383160185,24524.388647117932,27868.623462634016,10779.441660890378,14149.918461766072,17520.395262641767,20890.872063517458,24261.348864393152,11506.935731416232,14381.24841134071,17255.561091265186,20129.873771189665,23004.186451114143
.DJI,2013-01-11,13488.42621,13.97996,12.1126,,12.1126,964.8401147070521,1113.5863654376433,9648.40114707052,12542.921491191677,15437.441835312833,18331.96217943399,21226.482523555147,24121.002867676303,11135.863654376433,14476.622750689363,17817.381847002292,21158.140943315222,24498.90003962815,27839.65913594108,10741.338481248422,14099.901317833299,17458.464154418172,20817.026991003047,24175.589827587923,11494.976380563967,14366.301739224064,17237.62709788416,20108.952456544255,22980.277815204354
.DJI,2013-01-18,13649.69661,14.15798,12.2637,,12.2637,964.0991589195635,1113.016186795176,9640.991589195635,12533.289065954325,15425.586542713016,18317.884019471705,21210.181496230398,24102.478972989087,11130.16186795176,14469.210428337288,17808.258988722817,21147.307549108344,24486.356109493874,27825.4046698794,10733.08959442071,14089.073198930262,17445.056803439813,20801.040407949364,24157.024012458915,11489.090721192331,14358.945903451302,17228.80108571027,20098.656267969243,22968.511450228212
.DJI,2013-01-25,13895.97956,14.3692,12.45848,,12.45848,967.0670294797205,1115.3832217092295,9670.670294797204,12571.871383236366,15473.072471675529,18374.27356011469,21275.474648553853,24176.675736993013,11153.832217092295,14499.981882219983,17846.13154734767,21192.281212475362,24538.43087760305,27884.580542730735,10766.130200599133,14132.444822253598,17498.75944390806,20865.074065562523,24231.388687216986,11513.524398968479,14389.482859414484,17265.44131986049,20141.399780306496,23017.358240752503
.DJI,2013-02-01,14009.79039,14.55203,12.47953,11.24543,12.371334931506851,962.7378716234092,1132.439665368722,9627.378716234092,12515.592331104319,15403.805945974547,18292.019560844776,21180.233175715002,24068.44679058523,11324.39665368722,14721.715649793387,18119.034645899552,21516.353642005717,24913.672638111882,28310.99163421805,10717.934702542427,14069.179730314663,17420.4247580869,20771.669785859136,24122.91481363137,11689.589249515775,14609.526875591033,17529.46450166629,20449.402127741545,23369.339753816803
.DJI,2013-02-08,13992.97219,14.53518,12.49997,11.19907,12.360969726027395,962.6968630591434,1132.0286757548029,9626.968630591435,12515.059219768864,15403.149808946295,18291.240398123726,21179.330987301157,24067.421576478584,11320.286757548029,14716.372784812436,18112.458812076846,21508.544839341255,24904.630866605665,28300.71689387007,10717.478163824047,14068.580442722327,17419.682721620604,20770.78500051888,24121.88727941716,11685.346816192878,14604.224726616778,17523.102637040676,20441.980547464576,23360.858457888477
.DJI,2013-02-15,13981.76006,14.49642,12.49489,11.29984,12.34428095890411,964.4974455762182,1132.6508288775422,9644.974455762182,12538.466792490837,15431.959129219491,18325.451465948147,21218.9438026768,24112.436139405454,11326.508288775422,14724.460775408048,18122.413262040674,21520.3657486733,24918.318235305927,28316.270721938556,10737.523626263377,14094.893647799914,17452.26366933645,20809.633690872986,24167.00371240952,11691.76898125609,14612.251081614184,17532.73318197228,20453.215282330373,23373.697382688464
.DJI,2013-02-22,14000.57494,14.47835,12.49815,11.34044,12.330044164383562,967.0007245300742,1135.4845735623492,9670.007245300741,12571.009418890964,15472.011592481187,18373.01376607141,21274.015939661633,24175.018113251856,11354.845735623492,14761.299456310539,18167.753176997587,21574.206897684635,24980.660618371683,28387.114339058728,10765.392043161151,14131.475860419769,17497.559677678386,20863.643494937,24229.727312195617,11721.020262729533,14648.809028494092,17576.59779425865,20504.38656002321,23432.17532578777
.DJI,2013-03-01,14089.65764,14.54343,12.55062,11.49946,12.377826575342466,968.7988074340096,1138.2981942942733,9687.988074340097,12594.384496642126,15500.780918944154,18407.177341246184,21313.57376354821,24219.97018585024,11382.981942942733,14797.876525825553,18212.771108708374,21627.665691591195,25042.560274474014,28457.45485735683,10785.409677994236,14157.752536855916,17530.095395717595,20902.438254579276,24274.781113440957,11750.063815040468,14685.107357630579,17620.150900220688,20555.194442810796,23490.23798540091
.DJI,2013-03-08,14397.06974,14.8573,12.83053,11.75458,12.633026849315067,969.0232909075,1139.6373894970845,9690.232909075,12597.3027817975,15504.37265452,18411.4425272425,21318.512399965002,24225.5822726875,11396.373894970846,14815.2860634621,18234.198231953353,21653.110400444606,25072.02256893586,28490.934737427113,10787.908799802555,14161.033075025352,17534.157350248148,20907.281625470943,24280.40590069374,11763.887634820472,14702.384223591258,17640.880812362044,20579.37740113283,23517.873989903615
.DJI,2013-03-15,14514.10598,14.84444,12.9285,11.86515,12.712916712328765,977.74695306795,1141.681827107738,9777.4695306795,12710.71038988335,15643.9512490872,18577.19210829105,21510.4329674949,24443.673826698752,11416.81827107738,14841.863752400594,18266.909233723807,21691.95471504702,25117.000196370234,28542.045677693448,10885.027282578225,14288.518213461793,17692.00914434536,21095.50007522893,24498.991006112497,11784.991307400696,14728.759373748671,17672.527440096645,20616.29550644462,23560.063572792595
.DJI,2013-03-22,14512.0325,14.83545,12.93262,11.86744,12.696237589041097,978.199683865336,1143.0183468310506,9781.99683865336,12716.59589024937,15651.194941845377,18585.793993441384,21520.393045037392,24454.992096633403,11430.183468310506,14859.238508803657,18288.29354929681,21717.348589789963,25146.403630283115,28575.458670776265,10890.067428257787,14295.134293648951,17700.201159040113,21105.268024431276,24510.334889822436,11798.787509588929,14746.001723530844,17693.215937472756,20640.430151414672,23587.644365356588
.DJI,2013-03-28,14578.53735,14.89792,12.98557,11.9216,12.73196619178082,978.5619301217889,1145.0342492592576,9785.619301217888,12721.305091583255,15656.990881948623,18592.676672313988,21528.362462679357,24464.048253044723,11450.342492592576,14885.445240370349,18320.547988148122,21755.650735925894,25190.75348370367,28625.85623148144,10894.100230786222,14300.4280582747,17706.755885763178,21113.083713251654,24519.41154074013,11819.596628232057,14772.008743245991,17724.420858259928,20676.83297327386,23629.245088287797
.DJI,2013-04-05,14565.25174,14.89886,12.98082,11.91646,12.703794794520547,977.608470715209,1146.5276301756971,9776.084707152091,12708.910119297718,15641.735531443344,18574.56094358897,21507.386355734598,24440.211767880224,11465.27630175697,14904.859192284062,18344.442082811154,21784.024973338244,25223.607863865338,28663.190754392428,10883.4855910567,14286.49447141568,17689.50335177466,21092.51223213364,24495.521112492617,11835.01202742735,14791.274748580689,17747.53746973403,20703.800190887367,23660.062912040707
.DJI,2013-04-12,14865.0611,15.16456,13.25545,12.15641,12.948321013698632,980.2500764941417,1148.0300097806937,9802.500764941416,12743.250994423843,15684.001223906267,18624.751453388693,21565.501682871116,24506.251912353542,11480.300097806938,14924.390127149018,18368.4801564911,21812.57018583318,25256.660215175263,28700.75024451734,10912.893968023027,14325.098153244227,17737.302338465426,21149.506523686625,24561.710708907824,11850.520315432736,14810.656845382633,17770.79337533253,20730.92990528243,23691.06643523233
.DJI,2013-04-19,14547.51199,14.8351,13.00239,11.91376,12.677292273972602,980.6143531219877,1147.5251714332637,9806.143531219877,12747.98659058584,15689.829649951804,18631.67270931777,21573.51576868373,24515.35882804969,11475.251714332637,14917.827228632428,18360.40274293222,21802.97825723201,25245.553771531802,28688.129285831594,10916.94937419951,14330.42158914488,17743.89380409025,21157.36601903562,24570.838233980987,11845.309130149022,14804.143960299078,17762.97879044913,20721.813620599183,23680.64845074924
.DJI,2013-04-26,14712.54537,15.04663,13.21886,12.17051,12.885685753424656,977.7967139485719,1141.7743418187747,9777.96713948572,12711.357281331435,15644.74742317715,18578.137565022866,21511.527706868583,24444.917848714296,11417.743418187747,14843.066443644071,18268.389469100395,21693.71249455672,25119.035520013043,28544.358545469368,10885.581258779812,14289.245404936903,17692.90955109399,21096.57369725108,24500.237843408166,11785.946288937133,14729.95289972503,17673.95951051293,20617.966121300826,23561.972732088725
.DJI,2013-05-03,14973.95702,15.2986,13.47729,12.40234,13.115046575342465,978.779562835815,1141.7387604366165,9787.79562835815,12724.134316865595,15660.47300537304,18596.811693880485,21533.15038238793,24469.489070895375,11417.387604366166,14842.603885676015,18267.820166985864,21693.036448295716,25118.252729605563,28543.469010915414,10896.523084697781,14303.608481377476,17710.693878057173,21117.779274736866,24524.86467141656,11785.579000722955,14729.49386674093,17673.408732758904,20617.32359877688,23561.238464794853
.DJI,2013-05-10,15118.48602,15.42862,13.59593,12.51506,13.210962602739729,979.8987868001157,1144.389434337259,9798.987868001157,12738.684228401504,15678.38058880185,18618.076949202197,21557.773309602544,24497.46967000289,11443.89434337259,14877.062646384367,18310.230949396144,21743.399252407922,25176.567555419697,28609.735858431475,10908.983142331816,14319.964504731652,17730.945867131486,21141.92722953132,24552.90859193116,11812.940537130136,14763.690029922174,17714.439522714212,20665.18901550625,23615.938508298288
.DJI,2013-05-17,15354.40158,15.66045,13.80586,12.70917,13.394225671232876,980.4572397344904,1146.3448471662714,9804.572397344904,12745.944116548375,15687.315835751846,18628.68755495532,21570.05927415879,24511.43099336226,11463.448471662714,14902.483013161527,18341.517554660342,21780.552096159157,25219.586637657972,28658.621179156784,10915.200267742055,14328.125578411438,17741.05088908082,21153.9761997502,24566.90151041958,11833.125252910952,14788.916677444302,17744.708101977652,20700.499526511005,23656.290951044353
.DJI,2013-05-24,15303.10223,15.58443,13.74831,12.65446,13.316763698630137,981.9481514562933,1149.1607552947864,9819.481514562933,12765.325968931813,15711.170423300693,18657.01487766957,21602.859332038453,24548.70378640733,11491.607552947864,14939.089818832224,18386.572084716583,21834.05435060094,25281.5366164853,28729.018882369663,10931.798237919123,14349.913341824866,17768.028445730608,21186.14354963635,24604.25865354209,11862.192416834421,14825.244516128176,17788.29661542193,20751.348714715685,23714.400814009437
.DJI,2013-05-31,15115.56779,15.38943,13.5889,12.51867,13.146147315068491,982.2045254437622,1149.8097068084808,9822.045254437622,12768.658830768909,15715.272407100196,18661.885983431483,21608.499559762768,24555.113136094056,11498.097068084808,14947.52618851025,18396.955308935692,21846.384429361133,25295.813549786577,28745.24267021202,10934.652389332621,14353.659918971349,17772.667448610075,21191.6749782488,24610.682507887526,11868.891207834002,14833.616595339288,17798.341982844577,20763.067370349865,23727.79275785515
.DJI,2013-06-07,15248.11671,15.52299,13.70782,12.62165,13.237642301369863,982.2925035705106,1151.8755653657515,9822.925035705106,12769.802546416637,15716.68005712817,18663.5575678397,21610.435078551232,24557.312589262765,11518.755653657516,14974.38234975477,18430.009045852024,21885.635741949278,25341.262438046535,28796.88913414379,10935.631829163061,14354.945606502755,17774.259383842447,21193.57316118214,24612.88693852183,11890.215997772571,14860.26809566782,17830.32019356307,20800.37229145832,23770.424389353568
.DJI,2013-06-14,15070.18169,15.34011,13.54202,12.46994,13.05738109589041,982.4037565571564,1154.1504057611587,9824.037565571563,12771.248835243034,15718.460104914502,18665.67137458597,21612.88264425744,24560.09391392891,11541.504057611586,15003.955274895063,18466.40649217854,21928.857709462016,25391.308926745492,28853.76014402897,10936.870382544494,14356.571426272383,17776.27247000027,21195.973513728157,24615.67455745604,11913.697999192804,14889.615656434831,17865.533313676857,20841.450970918886,23817.36862816091
.DJI,2013-06-21,14799.401,15.06563,13.29769,12.24811,12.803093397260271,982.3287177502699,1155.923849088449,9823.2871775027,12770.273330753509,15717.259484004318,18664.245637255128,21611.23179050594,24558.217943756747,11559.23849088449,15027.010038149838,18494.781585415185,21962.553132680532,25430.32467994588,28898.096227211227,10936.034993124309,14355.4748303121,17774.91466749989,21194.354504687675,24613.794341875466,11932.0043378767,14912.494727827963,17892.985117779226,20873.475507730487,23853.96589768175
.DJI,2013-06-28,14909.60245,15.17409,13.39525,12.33614,12.875850849315068,982.5697916646072,1157.950851130985,9825.697916646073,12773.407291639895,15721.116666633716,18668.826041627537,21616.53541662136,24564.24479161518,11579.50851130985,15053.361064702805,18527.21361809576,22001.066171488717,25474.91872488167,28948.771278274624,10938.718812415636,14358.99781650499,17779.276820594343,21199.555824683695,24619.834828773048,11952.928032100586,14938.644942910429,17924.36185372027,20910.078764530113,23895.795675339956
.DJI,2013-07-05,15135.84179,15.40115,13.59812,12.51875,13.048084876712329,982.7734805517771,1160.004853816809,9827.734805517772,12776.055247173103,15724.375688828433,18672.696130483764,21621.016572139095,24569.337013794426,11600.048538168088,15080.063099618515,18560.077661068943,22040.092222519368,25520.106783969797,29000.121345420222,10940.9864329764,14361.974468454735,17782.962503933068,21203.9505394114,24624.93857488973,11974.130440007119,14965.143491450151,17956.156542893183,20947.169594336217,23938.182645779252
.DJI,2013-07-12,15464.29584,15.70047,13.91769,12.7907,13.321774739726028,984.9575101891855,1160.8285038693002,9849.575101891856,12804.447632459412,15759.320163026969,18714.192693594527,21669.06522416208,24623.93775472964,11608.285038693002,15090.770550300902,18573.256061908804,22055.741573516705,25538.227085124607,29020.712596732505,10965.300722184416,14393.891261603445,17822.48180102247,21251.072340441497,24679.662879860523,11982.632553712072,14975.769344593537,17968.906135475,20962.04292635647,23955.179717237934
.DJI,2013-07-19,15543.74072,15.6241,13.98195,12.86371,13.369215753424658,994.8567098264859,1162.6516473876425,9948.567098264859,12933.137227744317,15917.707357223775,18902.27748670323,21886.84761618269,24871.417745662147,11626.516473876425,15114.471416039352,18602.42635820228,22090.381300365207,25578.336242528134,29066.29118469106,11075.506187708597,14538.555373184092,18001.604558659586,21464.65374413508,24927.702929610572,12001.451921775622,14999.289594761221,17997.12726774682,20994.964940732418,23992.802613718017
.DJI,2013-07-26,15558.83102,15.5964,14.0068,12.90805,13.383673287671233,997.5911761688595,1162.5232240488474,9975.911761688596,12968.685290195173,15961.458818701753,18954.23234720833,21947.00587571491,24939.77940422149,11625.232240488474,15112.801912635015,18600.37158478156,22087.9412569281,25575.510929074644,29063.080601221183,11105.94835952681,14578.516093096854,18051.083826666894,21523.651560236936,24996.219293806975,12000.126274037844,14997.632814027593,17995.13935401734,20992.645894007088,23990.152433996835
.DJI,2013-08-02,15658.3579,16.07569,14.0208,13.08708,13.473358684931508,974.0395528901092,1162.1718285814047,9740.395528901092,12662.51418757142,15584.632846241748,18506.751504912074,21428.870163582404,24350.98882225273,11621.718285814048,15108.233771558262,18594.749257302476,22081.26474304669,25567.780228790903,29054.295714535117,10843.753666785708,14234.339312878723,17624.924958971736,21015.510605064752,24406.096251157767,11996.499000281756,14993.099485071923,17989.69996986209,20986.300454652257,23982.900939442425
.DJI,2013-08-09,15425.51415,15.83499,13.92956,12.89331,13.302131917808218,974.14107302878,1159.6272120372755,9741.4107302878,12663.83394937414,15586.25716846048,18508.68038754682,21431.10360663316,24353.526825719502,11596.272120372756,15075.153756484582,18554.03539259641,22032.917028708234,25511.79866482006,28990.680300931886,10844.883866655617,14235.822899553046,17626.76193245047,21017.7009653479,24408.639998245326,11970.232239139379,14960.271560612544,17950.31088208571,20940.35020355887,23930.38952503204
.DJI,2013-08-16,15081.47062,15.46613,13.63496,12.60924,12.994236273972604,975.1289184818697,1160.627704623789,9751.289184818697,12676.675940264307,15602.062695709916,18527.449451155524,21452.836206601132,24378.222962046744,11606.27704623789,15088.160160109257,18570.043273980624,22051.926387851992,25533.809501723357,29015.692615594726,10855.881318168109,14250.258994397696,17644.636670627282,21039.014346856868,24433.39202308645,11980.559806904079,14973.178847224355,17965.79788754463,20958.41692786491,23951.035968185188
.DJI,2013-08-23,15010.51164,15.3773,13.56954,12.5554,12.916600547945206,976.1474146956879,1162.1100756567018,9761.474146956878,12689.916391043942,15618.358635131006,18546.80087921807,21475.243123305132,24403.685367392198,11621.100756567019,15107.430983537124,18593.76121050723,22080.091437477335,25566.42166444744,29052.751891417545,10867.219997403905,14265.14301081505,17663.0660242262,21060.98903763734,24458.912051048486,11995.861556763299,14992.302814802695,17988.74407284209,20985.18533088149,23981.626588920888
.DJI,2013-08-30,14810.30596,15.1703,13.3979,12.39176,12.730815397260272,976.2698140445476,1163.3430772381826,9762.698140445476,12691.50758257912,15620.317024712762,18549.126466846406,21477.93590898005,24406.745351113692,11633.430772381826,15123.460004096374,18613.48923581092,22103.518467525468,25593.547699240014,29083.576930954565,10868.58264061903,14266.93172037841,17665.28080013779,21063.62987989717,24461.978959656546,12008.589194687233,15008.209684098398,18007.830173509563,21007.45066292073,24007.071152331897
.DJI,2013-09-06,14922.50408,15.28594,13.4993,12.48633,12.808260191780825,976.2241694001154,1165.0687803466005,9762.241694001154,12690.9142022015,15619.586710401847,18548.259218602194,21476.93172680254,24405.604235002887,11650.687803466006,15145.894144505806,18641.10048554561,22136.30682658541,25631.513167625213,29126.719508665014,10868.074489508574,14266.264682418057,17664.45487532754,21062.645068237023,24460.835261146505,12026.402735771075,15030.472862184371,18034.542988597666,21038.613115010965,24042.68324142426
.DJI,2013-09-13,15376.05789,15.75875,13.89713,12.86224,13.171289342465755,975.7155795986357,1167.392006219605,9757.155795986357,12684.302534782264,15611.449273578171,18538.596012374077,21465.742751169986,24392.88948996589,11673.92006219605,15176.096080854866,18678.27209951368,22180.448118172495,25682.62413683131,29184.800155490128,10862.41247865047,14258.83229449926,17655.252110348047,21051.671926196836,24448.091742045624,12050.384195463612,15060.444640697337,18070.50508593106,21080.565531164786,24090.625976398507
.DJI,2013-09-20,15451.08703,15.76417,14.53252,13.40366,13.719122246575344,980.1395842597485,1126.244576897549,9801.395842597485,12741.81459537673,15682.233348155976,18622.652100935222,21563.070853714467,24503.489606493713,11262.445768975489,14641.179499668136,18019.913230360784,21398.64696105343,24777.38069174608,28156.114422438724,10911.66388391782,14323.483450893462,17735.3030178691,21147.12258484474,24558.942151820378,11625.640553786503,14529.604461811225,17433.568369835946,20337.532277860668,23241.49618588539
.DJI,2013-09-27,15258.23582,15.5447,14.36112,13.23174,13.525688219178084,981.5715851705082,1128.0931197545524,9815.715851705083,12760.430607216607,15705.145362728132,18649.860118239656,21594.574873751182,24539.289629262705,11280.931197545524,14665.210556809181,18049.48991607284,21433.769275336497,24818.048634600153,28202.327993863808,10927.60601386605,14344.410308329203,17761.21460279235,21178.018897255504,24594.823191718653,11644.722106092833,14553.452387114407,17462.182668135978,20370.91294915755,23279.643230179125
.DJI,2013-10-04,15072.5772,15.35555,14.18296,13.08305,13.348233780821918,981.5719528118498,1129.181391897371,9815.719528118498,12760.435386554047,15705.151244989596,18649.867103425146,21594.582961860695,24539.298820296244,11291.81391897371,14679.358094665822,18066.902270357936,21454.44644605005,24841.990621742163,28229.534797434273,10927.610106730795,14344.415680936081,17761.221255141365,21178.026829346647,24594.832403551933,11655.955776839519,14567.492111794385,17479.028446749253,20390.564781704117,23302.101116658985
.DJI,2013-10-11,15237.1076,15.39347,14.37675,13.24267,13.494342547945203,989.8422902698351,1129.1478296080581,9898.42290269835,12867.949773507857,15837.476644317361,18807.003515126868,21776.53038593637,24746.057256745877,11291.478296080582,14678.921784904756,18066.36527372893,21453.808762553104,24841.25225137728,28228.695740201452,11019.681832021093,14465.276060024049,17910.870288027003,21356.464516029955,24802.05874403291,11655.60933067701,14567.059126989352,17478.508923301695,20389.958719614035,23301.408515926378
.DJI,2013-10-18,15399.6472,15.76656,14.66069,13.40205,13.657226328767123,976.7284176129732,1127.5823384110358,9767.284176129731,12697.469428968652,15627.654681807571,18557.83993464649,21488.02518748541,24418.21044032433,11275.823384110357,14658.570399343465,18041.317414576573,21424.06442980968,24806.81144504279,28189.558460275897,10873.688166479824,14273.633623585214,17673.5790806906,21073.52453779599,24473.469994901378,11639.449574332759,14546.862831843728,17454.276089354695,20361.689346865664,23269.102604376632
.DJI,2013-10-25,15570.27845,15.92858,14.84107,13.62401,13.847415534246576,977.5057443915276,1124.4176511849844,9775.057443915277,12707.574677089859,15640.091910264442,18572.609143439026,21505.126376613607,24437.643609788192,11244.176511849844,14617.429465404797,17990.68241895975,21363.935372514705,24737.188326069656,28110.44127962461,10882.341963012244,14284.9932578938,17687.644552775353,21090.29584765691,24492.947142538465,11606.782144087205,14506.035417813873,17405.288691540543,20304.54196526721,23203.795238993876
.DJI,2013-11-01,15615.55321,16.1643,14.47957,13.75363,13.872962602739726,966.0519298701458,1125.610560423203,9660.519298701458,12558.675088311897,15456.830877922333,18354.986667532772,21253.142457143207,24151.298246753646,11256.10560423203,14632.937285501639,18009.768966771248,21386.600648040858,24763.432329310464,28140.264010580075,10754.829334960958,14117.610442852694,17480.39155074443,20843.172658636166,24205.953766527902,11619.09592947743,14521.425058523977,17423.754187570525,20326.083316617074,23228.41244566362
.DJI,2013-11-08,15761.78104,16.3061,14.55082,13.91723,14.009230739726029,966.6186911646561,1125.099681262602,9666.18691164656,12566.04298514053,15465.899058634497,18365.755132128466,21265.611205622434,24165.4672791164,11250.99681262602,14626.295856413826,18001.59490020163,21376.89394398944,24752.19298777724,28127.49203156505,10761.138955394032,14125.892932564255,17490.646909734478,20855.4008869047,24220.15486407492,11613.82238800216,14514.834241321765,17415.846094641372,20316.857947960976,23217.869801280583
.DJI,2013-11-15,15961.6964,16.50939,14.74078,14.11777,14.196286328767124,966.8253278891589,1124.3571755562211,9668.253278891589,12568.729262559065,15469.205246226542,18369.68122989402,21270.157213561495,24170.63319722897,11243.57175556221,14616.643282230874,17989.71480889954,21362.786335568202,24735.857862236866,28108.92938890553,10763.43939353576,14128.91266337739,17494.38593321902,20859.85920306065,24225.33247290228,11606.157885434433,14505.255225852436,17404.352566270438,20303.44990668844,23202.54724710644
.DJI,2013-11-22,16064.76872,16.5811,14.83385,14.22692,14.29177005479452,968.8602517323942,1124.057318191366,9688.602517323941,12595.183272521124,15501.764027718307,18408.34478291549,21314.92553811267,24221.506293309856,11240.57318191366,14612.745136487758,17984.917091061856,21357.089045635956,24729.261000210052,28101.432954784148,10786.093722942855,14158.650466503077,17531.207210063298,20903.76395362352,24276.320697183743,11603.062612868669,14501.386786442668,17399.710960016666,20298.035133590667,23196.359307164665
.DJI,2013-11-29,16086.4107,16.60328,15.31254,14.24122,14.33514394520548,968.8694462780848,1122.1659692772214,9688.694462780848,12595.302801615102,15501.911140449356,18408.519479283612,21315.127818117864,24221.73615695212,11221.659692772213,14588.157600603878,17954.655508435542,21321.153416267207,24687.65132409887,28054.149231930536,10786.196083661422,14158.784833000618,17531.373582339813,20903.962331679006,24276.5510810182,11583.539195763115,14476.986623116247,17370.43405046938,20263.88147782251,23157.32890517564
.DJI,2013-12-06,16020.20038,16.53598,15.23199,14.18321,14.255044246575345,968.8086451483373,1123.826773378744,9688.086451483374,12594.512386928385,15500.938322373397,18407.364257818408,21313.79019326342,24220.21612870843,11238.267733787441,14609.748053923673,17981.228374059905,21352.70869419614,24724.18901433237,28095.669334468603,10785.519198958242,14157.896302438523,17530.273405918804,20902.65050939908,24275.027612879363,11600.6828179484,14498.412543541232,17396.142269134063,20293.8719947269,23191.60172031973
.DJI,2013-12-13,15755.35909,16.23665,15.04932,13.95993,14.013653342465751,970.3577455940726,1124.2863445363198,9703.577455940725,12614.650692722944,15525.723929505162,18436.79716628738,21347.8704030696,24258.943639851816,11242.863445363198,14615.722478972157,17988.581512581117,21361.440546190075,24734.299579799037,28107.158613407995,10802.764970537866,14180.534419452255,17558.303868366642,20936.07331728103,24313.842766195416,11605.426733432176,14504.341439696298,17403.256145960422,20302.170852224543,23201.085558488667
.DJI,2013-12-20,16221.14324,16.71666,15.49765,14.36888,14.402897726027398,970.3579088167133,1126.2416458520609,9703.579088167133,12614.652814617273,15525.726541067414,18436.800267517552,21347.873993967693,24258.947720417833,11262.416458520609,14641.141396076791,18019.866333632974,21398.591271189158,24777.31620874534,28156.041146301523,10802.766787657205,14180.53680474189,17558.306821826576,20936.07683891126,24313.846855995944,11625.610298119138,14529.566648593318,17433.5229990675,20337.47934954168,23241.435700015863
.DJI,2013-12-27,16478.40662,16.97963,15.7529,14.59877,14.611418,970.4809009383597,1127.7760050393467,9704.809009383596,12616.251712198677,15527.694415013755,18439.137117828835,21350.579820643914,24262.022523458993,11277.760050393466,14661.088065511507,18044.416080629548,21427.74409574759,24811.07211086563,28194.40012598367,10804.1360300726,14182.334176919572,17560.532323766543,20938.730470613515,24316.928617460486,11641.44869482061,14549.361311804947,17457.273928789284,20365.18654577362,23273.099162757957
.DJI,2014-01-03,16469.99386,16.97096,14.59359,,14.59359,970.4809780943446,1128.577263031235,9704.809780943446,12616.25271522648,15527.695649509513,18439.138583792548,21350.58151807558,24262.024452358615,11285.772630312349,14671.504419406054,18057.23620849976,21442.967997593463,24828.699786687168,28214.431575780873,10804.136889032065,14182.335304455373,17560.53371987868,20938.732135301987,24316.930550725298,11649.71966685956,14559.698286501925,17469.67690614429,20379.655525786657,23289.63414542902
.DJI,2014-01-10,16437.04925,16.93702,14.58723,,14.58723,970.4805951696343,1126.8108647083784,9704.805951696342,12616.247737205245,15527.689522714149,18439.13130822305,21350.573093731953,24262.014879240858,11268.108647083784,14648.541241208919,18028.973835334054,21409.406429459188,24789.839023584325,28170.27161770946,10804.132626021164,14182.329708501657,17560.526790982145,20938.723873462633,24316.920955943126,11631.486050114512,14536.910102230433,17442.334154346354,20347.758206462273,23253.182258578196
.DJI,2014-01-17,16458.56279,16.97413,14.60327,,14.60327,969.6262954272179,1127.046393718667,9696.262954272179,12605.141840553832,15514.020726835486,18422.89961311714,21331.778499398795,24240.657385680446,11270.46393718667,14651.603118342673,18032.742299498674,21413.881480654676,24795.020661810675,28176.159842966677,10794.621907553033,14169.845213008246,17545.068518463457,20920.291823918666,24295.515129373878,11633.917294330708,14539.94864592598,17445.97999752125,20352.011349116525,23258.042700711794
.DJI,2014-01-24,15879.1101,15.83051,14.07331,,14.07331,1003.0700274343657,1128.3138153000255,10030.700274343657,13039.910356646753,16049.12043894985,19058.33052125295,22067.540603556045,25076.75068585914,11283.138153000255,14668.07959890033,18053.021044800407,21437.962490700484,24822.90393660056,28207.845382500636,11166.943124394236,14658.5824802642,18150.221836134162,21641.861192004122,25133.500547874086,11647.000232119917,14556.299565292205,17465.598898464494,20374.89823163678,23284.19756480907
.DJI,2014-01-31,15698.84592,15.42716,13.92654,12.4544,13.801508931506849,1017.6108836623201,1137.4731558635451,10176.108836623202,13228.941487610162,16281.774138597122,19334.606789584082,22387.439440571045,25440.272091558003,11374.73155863545,14787.151026226087,18199.570493816722,21611.98996140736,25024.40942899799,28436.828896588628,11328.823063019147,14871.078452151947,18413.333841284744,21955.589230417543,25497.844619550342,11741.547369824699,14674.463593114264,17607.379816403827,20540.296039693392,23473.212262982957
.DJI,2014-02-07,15794.08346,15.49804,14.04551,12.58776,13.89374424657534,1019.1019935424092,1136.7766082129426,10191.019935424092,13248.325916051319,16305.631896678547,19362.937877305776,22420.243857933005,25477.54983856023,11367.766082129427,14778.095906768254,18188.425731407082,21598.75555604591,25009.085380684737,28419.415205323567,11345.423239245893,14892.86911139468,18440.31498354347,21987.760855692257,25535.206727841043,11734.357268508698,14665.477479387582,17596.597690266466,20527.71790114535,23458.838112024237
.DJI,2014-02-14,16154.38705,15.88398,14.36265,12.88724,14.1807501369863,1017.0238850716256,1139.1771869575539,10170.238850716256,13221.310505931133,16272.38216114601,19323.453816360885,22374.525471575762,25425.59712679064,11391.77186957554,14809.3034304482,18226.834991320862,21644.366552193525,25061.898113066185,28479.42967393885,11322.288145518769,14862.500220301572,18402.712295084373,21942.924369867174,25483.136444649976,11759.13720190717,14696.44718202066,17633.757162134152,20571.06714224764,23508.377122361133
.DJI,2014-02-21,16103.30043,15.8703,14.35392,12.90158,14.147011287671234,1014.6815391013401,1138.282857244457,10146.815391013402,13190.860008317422,16234.904625621442,19278.949242925464,22322.993860229482,25367.038477533504,11382.82857244457,14797.677144177942,18212.525715911313,21627.374287644685,25042.222859378056,28457.071431111428,11296.211357744804,14828.269836914913,18360.328316085022,21892.38679525513,25424.445274425238,11749.905498603723,14684.909495397089,17619.913492190455,20554.917488983818,23489.921485777184
.DJI,2014-02-28,16321.711,16.08214,14.54216,13.15009,14.317140465753424,1014.8967115072994,1140.0119345788012,10148.967115072994,13193.657249594893,16238.34738411679,19283.03751863869,22327.727653160586,25372.417787682487,11400.11934578801,14820.155149524415,18240.19095326082,21660.22675699722,25080.262560733627,28500.29836447003,11298.606821624262,14831.414305769495,18364.221789914725,21897.029274059954,25429.836758205187,11767.75387007749,14707.216204141567,17646.678538205644,20586.14087226972,23525.6032063338
.DJI,2014-03-07,16452.71881,16.21263,14.67379,13.2736,14.42060495890411,1014.8087515720767,1140.917378770656,10148.087515720767,13192.513770436997,16236.940025153228,19281.366279869457,22325.79253458569,25370.218789301918,11409.173787706559,14831.925924018527,18254.678060330494,21677.43019664246,25100.182332954428,28522.934469266398,11297.627584315806,14830.128884083913,18362.63018385202,21895.131483620124,25427.63278338823,11777.10030239951,14718.89727789744,17660.69425339537,20602.4912288933,23544.28820439123
.DJI,2014-03-14,16065.66779,15.6192,14.34609,12.96963,14.070798,1028.5845491446426,1141.7737494348223,10285.845491446426,13371.599138880352,16457.35278631428,19543.10643374821,22628.860081182138,25714.613728616063,11417.737494348223,14843.05874265269,18268.379990957157,21693.701239261623,25119.02248756609,28544.34373587056,11450.99030454331,15031.44450455498,18611.898704566647,22192.352904578318,25772.80710458999,11785.940174063828,14729.945257420071,17673.950340776315,20617.955424132557,23561.9605074888
.DJI,2014-03-21,16302.76624,15.86879,14.58066,13.18881,14.27559698630137,1027.3477839205132,1142.0024154256996,10273.477839205132,13355.52119096667,16437.56454272821,19519.60789448975,22601.65124625129,25683.69459801283,11420.024154256997,14846.031400534095,18272.038646811194,21698.045893088292,25124.05313936539,28550.06038564249,11437.221687658795,15013.370766380394,18589.51984510199,22165.66892382359,25741.818002545184,11788.300574878487,14732.89526177034,17677.489948662194,20622.084635554045,23566.6793224459
.DJI,2014-03-28,16323.05961,15.88854,14.62644,13.2138,14.289728547945206,1027.3479885502381,1142.2931901912984,10273.479885502382,13355.523851153095,16437.56781680381,19519.611782454525,22601.65574810524,25683.699713755952,11422.931901912983,14849.81147248688,18276.691043060775,21703.57061363467,25130.450184208566,28557.329754782462,11437.223965753483,15013.373756781482,18589.52354780948,22165.673338837478,25741.823129865475,11791.30209246739,14736.646527186655,17681.990961905918,20627.335396625185,23572.67983134445
.DJI,2014-04-04,16412.71006,15.9758,14.71185,13.29814,14.347771260273973,1027.3482429674884,1143.9205269074382,10273.482429674885,13355.52715857735,16437.571887479815,19519.61661638228,22601.661345284745,25683.706074187212,11439.205269074382,14870.966849796696,18302.72843051901,21734.490011241327,25166.251591963643,28598.013172685954,11437.226798121,15013.377474763423,18589.528151405844,22165.678828048265,25741.829504690686,11808.100248134371,14757.640687155732,17707.181126177093,20656.72156519845,23606.26200421981
.DJI,2014-04-11,16026.75077,15.63077,14.39468,12.99663,14.007822328767125,1025.3334141568203,1144.1286442566243,10253.334141568203,13329.334384038662,16405.334626509124,19481.334868979586,22557.335111450047,25633.335353920505,11441.286442566243,14873.672375336115,18306.05830810599,21738.444240875862,25170.830173645736,28603.216106415606,11414.79618199376,14983.933334776173,18553.070487558587,22122.207640341,25691.34479312341,11810.2485359435,14760.325594881231,17710.402653818965,20660.479712756696,23610.55677169443
.DJI,2014-04-17,16408.53579,16.0264,14.75951,13.29689,14.33074194520548,1023.8441440373385,1144.9885744045284,10238.441440373386,13309.973872485401,16381.506304597417,19453.038736709434,22524.571168821447,25596.103600933464,11449.885744045285,14884.85146725887,18319.817190472455,21754.782913686042,25189.748636899625,28624.714360113212,11398.216487389935,14962.16956127608,18526.12263516222,22090.075709048364,25654.028782934507,11819.12515031836,14771.419495060758,17723.713839803157,20676.008184545553,23628.30252928795
.DJI,2014-04-25,16361.46288,16.0063,14.56428,13.23866,14.146618904109587,1022.188943103653,1156.5634863640103,10221.889431036529,13288.456260347488,16355.023089658447,19421.589918969406,22488.156748280366,25554.723577591325,11565.634863640102,15035.325322732133,18505.015781824164,21974.706240916195,25444.396700008227,28914.087159100258,11379.789523987201,14937.980921655473,18496.172319323745,22054.363716992015,25612.555114660285,11938.606982811038,14920.746644688274,17902.88630656551,20885.025968442747,23867.16563031998
.DJI,2014-05-02,16512.8925,16.24061,14.66604,13.35644,14.228310684931508,1016.7655340532161,1160.5659213983836,10167.655340532161,13217.95194269181,16268.248544851458,19318.545147011107,22368.841749170755,25419.138351330403,11605.659213983836,15087.356978178987,18569.054742374137,22050.75250656929,25532.45027076444,29014.148034959588,11319.411984283957,14858.724751382515,18398.03751848107,21937.350285579625,25476.66305267818,11979.922050607132,14972.381786047832,17964.84152148853,20957.30125692923,23949.760992369927
.DJI,2014-05-09,16583.34131,16.28255,14.73282,13.40805,14.264613616438355,1018.4732311585101,1162.5510340419999,10184.732311585101,13240.15200506063,16295.571698536161,19350.991392011692,22406.411085487223,25461.83077896275,11625.510340419998,15113.163442545998,18600.816544671998,22088.469646797996,25576.122748923997,29063.775851049995,11338.423375240665,14883.680555249257,18428.93773525785,21974.19491526644,25519.452095275028,12000.413342220747,14997.991588852245,17995.56983548374,20993.148082115236,23990.726328746732
.DJI,2014-05-16,16491.31474,16.20008,14.66206,13.3317,14.166364219178082,1017.9773643093122,1164.1176581973275,10179.773643093122,13233.705736021058,16287.637828948995,19341.56992187693,22395.502014804868,25449.434107732806,11641.176581973275,15133.529556565258,18625.88253115724,22118.235505749224,25610.588480341205,29102.94145493319,11332.903006023344,14876.43409696679,18419.965187910235,21963.49627885368,25507.02736979712,12016.5847935079,15018.202500215682,18019.820206923465,21021.43791363125,24023.05562033903
.DJI,2014-05-23,16606.26768,16.29578,14.76294,13.41689,14.235583424657534,1019.0532567327247,1166.5322863575925,10190.532567327247,13247.692337525421,16304.852107723595,19362.01187792177,22419.171648119944,25476.331418318117,11665.322863575926,15164.919722648703,18664.51658172148,22164.11344079426,25663.710299867034,29163.307158939813,11344.880663785629,14892.156885403429,18439.433107021225,21986.709328639023,25533.98555025682,12041.509751761301,15049.353453401753,18057.197155042206,21065.040856682655,24072.884558323105
.DJI,2014-05-30,16717.17478,16.40467,14.86197,13.49935,14.301989178082192,1019.0497449811548,1168.8706075668888,10190.497449811548,13247.646684755013,16304.795919698478,19361.94515464194,22419.094389585407,25476.24362452887,11688.706075668888,15195.317898369554,18701.92972107022,22208.541543770887,25715.153366471553,29221.76518917222,11344.841568279857,14892.105565656422,18439.369563032986,21986.63356040955,25533.897557786117,12065.647032806826,15079.519975818517,18093.39291883021,21107.2658618419,24121.138804853592
.DJI,2014-06-06,16924.28272,16.60784,15.05032,13.68925,14.464873452054794,1019.053815547356,1170.0263245369656,10190.53815547356,13247.699602115626,16304.861048757695,19362.022495399764,22419.183942041833,25476.345388683898,11700.263245369657,15210.342218980553,18720.42119259145,22230.500166202346,25740.579139813242,29250.65811342414,11344.886884937725,14892.165051762844,18439.443218587963,21986.72138541308,25533.999552238198,12077.576901639613,15094.429801614328,18111.282701589043,21128.13560156376,24144.988501538475
.DJI,2014-06-13,16775.74298,16.46207,14.91823,13.57891,14.316453342465756,1019.0542853966724,1171.7806483704626,10190.542853966725,13247.70571015674,16304.868566346759,19362.031422536777,22419.194278726794,25476.35713491681,11717.806483704626,15233.148428816014,18748.4903739274,22263.83231903879,25779.174264150177,29294.516209261565,11344.892115659859,14892.171918008242,18439.45172035662,21986.731522705002,25534.011325053383,12095.685879672927,15117.062213722234,18138.43854777154,21159.81488182085,24181.191215870156
.DJI,2014-06-20,16947.08065,16.63021,15.08093,13.73007,14.448061342465756,1019.0539175392252,1172.9657182579315,10190.539175392252,13247.700928009926,16304.862680627602,19362.02443324528,22419.186185862953,25476.34793848063,11729.657182579314,15248.554337353109,18767.451492126904,22286.348646900697,25805.245801674493,29324.142956448286,11344.88802038926,14892.166542243256,18439.44506409725,21986.723585951244,25534.002107805234,12107.918743497925,15132.350719503063,18156.782695508202,21181.214671513342,24205.646647518482
.DJI,2014-06-27,16851.8431,16.53149,14.93495,13.71702,14.341000575342466,1019.3783560949435,1175.0814046388512,10193.783560949434,13251.918629234266,16310.053697519095,19368.188765803927,22426.323834088755,25484.458902373586,11750.814046388512,15276.058260305064,18801.30247422162,22326.546688138173,25851.790902054727,29377.035115971277,11348.499918661542,14896.907795793557,18445.31567292557,21993.723550057584,25542.1314271896,12129.757880301466,15159.645045185574,18189.532210069683,21219.41937495379,24249.3065398379
.DJI,2014-07-03,17068.26287,16.74379,15.1478,13.89406,14.515777643835616,1019.378699207288,1175.8421277035984,10193.78699207288,13251.923089694745,16310.059187316609,19368.195284938472,22426.331382560336,25484.4674801822,11758.421277035985,15285.94766014678,18813.474043257575,22341.00042636837,25868.526809479165,29396.05319258996,11348.503738450721,14896.912809940592,18445.32188143046,21993.73095292033,25542.140024410197,12137.610431242123,15169.459081552526,18201.30773186293,21233.156382173333,24265.005032483736
.DJI,2014-07-11,16943.80545,16.61782,15.03137,13.80164,14.384498328767124,1019.6166193881028,1177.9211942424572,10196.166193881028,13255.016052045336,16313.865910209644,19372.715768373953,22431.56562653826,25490.41548470257,11779.211942424572,15312.975525151944,18846.739107879315,22380.502690606685,25914.26627333406,29448.029856061432,11351.152447967144,14900.389708361246,18449.626968755347,21998.864229149447,25548.101489543547,12159.071560346743,15196.280977150567,18233.49039395439,21270.69981075821,24307.909227562035
.DJI,2014-07-18,17100.17997,16.57618,15.02739,13.84312,14.381719506849317,1031.6116240291792,1189.0219359274815,10316.116240291793,13410.951112379329,16505.785984466867,19600.620856554404,22695.455728641944,25790.29060072948,11890.219359274815,15457.28516705726,19024.350974839705,22591.41678262215,26158.482590404594,29725.54839818704,11484.690018565634,15075.681323177118,18666.6726277886,22257.663932400083,25848.655237011564,12273.658778219107,15339.490888411978,18405.322998604846,21471.155108797717,24536.987218990587
.DJI,2014-07-25,16960.56674,16.30647,14.85579,13.74601,14.229448410958904,1040.1127123160315,1191.9342373761801,10401.127123160315,13521.46526010841,16641.803397056505,19762.1415340046,22882.479670952693,26002.81780790079,11919.342373761801,15495.14508589034,19070.947798018882,22646.750510147423,26222.553222275965,29798.355934404502,11579.33063866027,15199.913829798383,18820.497020936495,22441.080212074605,26061.663403212715,12303.720960556187,15377.062290744243,18450.4036209323,21523.744951120356,24597.086281308413
.DJI,2014-08-01,16493.36977,15.73636,14.45178,13.38686,13.830333534246575,1048.1057735079778,1192.5503986696513,10481.057735079778,13625.375055603712,16769.692376127645,19914.009696651578,23058.32701717551,26202.644337699447,11925.503986696513,15503.155182705466,19080.80637871442,22658.457574723376,26236.108770732328,29813.75996674128,11668.315512376985,15316.722171736015,18965.128831095044,22613.535490454073,26261.9421498131,12310.081275063347,15385.011345560983,18459.941416058617,21534.871486556254,24609.80155705389
.DJI,2014-08-08,16553.92877,14.9073,14.49566,13.44326,13.861336712328768,1110.457881038149,1194.251976815219,11104.57881038149,14435.952453495938,17767.326096610384,21098.69973972483,24430.073382839277,27761.447025953727,11942.51976815219,15525.275698597847,19108.031629043504,22690.78755948916,26273.54348993482,29856.299420380474,12362.466887088553,16227.918285717322,20093.36968434609,23958.821082974857,27824.272481603624,12327.645786627116,15406.963289146865,18486.280791666613,21565.598294186362,24644.91579670611
.DJI,2014-08-15,16662.90929,15.85363,14.62058,13.53311,13.94426304109589,1051.0469394075678,1194.9652155077567,10510.469394075679,13663.610212298381,16816.751030521085,19969.891848743788,23123.032666966494,26276.173485189196,11949.652155077567,15534.547801600838,19119.443448124108,22704.339094647377,26289.234741170647,29874.13038769392,11701.058821838775,15359.703540681467,19018.34825952416,22676.99297836685,26335.63769720954,12335.00818094056,15416.164732867002,18497.321284793445,21578.47783671989,24659.634388646333
.DJI,2014-08-22,17001.2177,16.15352,14.98976,13.80593,14.230811452054796,1052.4775838331213,1194.6766182152728,10524.775838331214,13682.208589830578,16839.64134132994,19997.074092829305,23154.50684432867,26311.939595828033,11946.766182152729,15530.796036798547,19114.825891444365,22698.855746090183,26282.885600736,29866.91545538182,11716.985850355668,15380.610574824981,19044.235299294294,22707.860023763606,26371.484748232917,12332.029140280974,15412.441558882812,18492.85397748465,21573.266396086485,24653.678814688323
.DJI,2014-08-29,17098.44604,16.24602,15.07652,13.89292,14.295019726027398,1052.4698381511284,1196.1120983182914,10524.698381511284,13682.10789596467,16839.517410418055,19996.92692487144,23154.336439324827,26311.745953778212,11961.120983182915,15549.457278137788,19137.793573092662,22726.129868047537,26314.46616300241,29902.802457957285,11716.899619496497,15380.49738161289,19044.09514372928,22707.69290584567,26371.29066796206,12346.846859311221,15430.960589773165,18515.07432023511,21599.188050697056,24683.301781159003
.DJI,2014-09-05,17137.36307,16.28383,15.12325,13.91633,14.303205726027397,1052.415989972875,1198.1484010130202,10524.15989972875,13681.407869647375,16838.655839566,19995.903809484626,23153.151779403248,26310.399749321874,11981.484010130203,15575.929213169264,19170.374416208324,22764.819619247384,26359.264822286445,29953.710025325505,11716.300140369953,15379.710459522954,19043.12077867595,22706.531097828953,26369.94141698195,12367.86655935971,15457.230791935144,18546.595024510578,21635.959257086015,24725.32348966145
.DJI,2014-09-12,16987.50683,16.1416,15.03236,13.81084,14.178969315068493,1052.4053891807503,1198.077691863454,10524.053891807504,13681.270059349754,16838.486226892004,19995.702394434255,23152.918561976505,26310.134729518755,11980.77691863454,15575.009994224902,19169.243069815264,22763.476145405624,26357.70922099599,29951.94229658635,11716.182124239978,15379.555542536635,19042.92896083329,22706.302379129946,26369.6757974266,12367.13666536192,15456.318578019887,18545.500490677856,21634.682403335824,24723.86431599379
.DJI,2014-09-19,17279.73774,16.41927,15.29705,14.06204,14.410549671232875,1052.4059681094227,1199.1033051636298,10524.059681094226,13681.277585422495,16838.495489750763,19995.71339407903,23152.9312984073,26310.149202735567,11991.033051636297,15588.342967127188,19185.652882618077,22782.962798108965,26380.272713599854,29977.582629090746,11716.188569316973,15379.564002836976,19042.939436356977,22706.314869876976,26369.69030339698,12377.72354126757,15469.549945245093,18561.376349222613,21653.202753200138,24745.029157177658
.DJI,2014-09-26,17113.15231,16.23819,15.12043,13.92587,14.240055643835618,1053.8829949643402,1201.7616179335732,10538.829949643403,13700.478934536422,16862.127919429444,20023.776904322465,23185.425889215487,26347.074874108504,12017.616179335731,15622.901033136452,19228.18588693717,22833.470740737892,26438.755594538612,30044.040448339332,11732.63196253076,15401.148856721757,19069.66575091275,22738.182645103745,26406.699539294743,12405.163929773624,15503.84465695812,18602.525384142613,21701.20611132711,24799.886838511604
.DJI,2014-10-03,17009.69467,16.14003,15.03037,13.85277,14.139910821917807,1053.8824692395244,1202.9562904763047,10538.824692395245,13700.472100113817,16862.11950783239,20023.766915550965,23185.41432326954,26347.06173098811,12029.562904763046,15638.431776191961,19247.300647620876,22856.16951904979,26465.038390478705,30073.907261907618,11732.62610975981,15401.141173927572,19069.65623809533,22738.17130226309,26406.686366430848,12417.495916844793,15519.257045939463,18621.018175034133,21722.779304128806,24824.540433223476
.DJI,2014-10-10,16544.10318,15.69824,14.63591,13.49815,13.753756356164384,1053.8826760197321,1202.8788900702746,10538.82676019732,13700.474788256517,16862.122816315714,20023.77084437491,23185.418872434107,26347.066900493304,12028.788900702746,15637.425570913569,19246.062241124393,22854.698911335217,26463.33558154604,30071.972251756863,11732.628411795316,15401.144195755207,19069.659979715096,22738.175763674986,26406.691547634873,12416.696952465578,15518.258508580997,18619.820064696418,21721.381620811833,24822.943176927252
.DJI,2014-10-17,16380.40764,15.13601,14.4549,13.42752,13.638625479452054,1082.2143775010718,1201.030680450806,10822.143775010718,14068.786907513933,17315.43004001715,20562.073172520366,23808.71630502358,27055.359437526793,12010.306804508058,15613.398845860476,19216.490887212894,22819.582928565313,26422.67496991773,30025.76701127015,12048.038592945544,15815.175690677546,19582.312788409545,23349.449886141545,27116.586983873545,12397.618839998053,15494.414882352521,18591.21092470699,21688.006967061458,24784.803009415926
.DJI,2014-10-24,16805.41239,15.50588,14.98201,14.04691,14.221120410958903,1083.8090060028842,1181.7221079887365,10838.090060028842,14089.517078037494,17340.944096046147,20592.3711140548,23843.798132063454,27095.225150072103,11817.221079887366,15362.387403853574,18907.553727819784,22452.720051785993,25997.886375752205,29543.052699718413,12065.791217684839,15838.47914186229,19611.16706603974,23383.854990217187,27156.54291439464,12198.306428062524,15245.316306118835,18292.32618417515,21339.336062231458,24386.34594028777
.DJI,2014-10-31,17390.5164,15.98981,15.03995,14.70041,14.75715504109589,1087.5999402119226,1178.446411355759,10875.999402119225,14138.799222754993,17401.59904339076,20664.398864026527,23927.198684662297,27189.998505298063,11784.46411355759,15319.803347624867,18855.142581692144,22390.48181575942,25925.821049826696,29461.160283893976,12107.994798235373,15893.87878521778,19679.76277220018,23465.64675918259,27251.530746164994,12164.493105095722,15203.056767302534,18241.620429509345,21280.184091716157,24318.74775392297
.DJI,2014-11-07,17573.92734,16.22861,15.01701,14.87939,14.899750219178085,1082.8978784997605,1179.4779832872548,10828.978784997606,14077.672420496887,17326.366055996168,20575.05969149545,23823.75332699473,27072.446962494014,11794.779832872548,15333.213782734312,18871.647732596077,22410.08168245784,25948.515632319606,29486.94958218137,12055.647849098223,15825.16418150131,19594.680513904394,23364.19684630748,27133.713178710565,12175.141488872168,15216.365006423941,18257.588523975715,21298.81204152749,24340.035559079264
.DJI,2014-11-14,17634.74322,16.28562,15.09073,14.93555,14.95553208219178,1082.8413790816683,1179.14515666069,10828.413790816683,14076.937928061687,17325.462065306692,20573.986202551696,23822.510339796703,27071.034477041707,11791.4515666069,15328.887036588969,18866.32250657104,22403.757976553108,25941.19344653518,29478.62891651725,12055.018854340988,15824.338514940113,19593.658175539236,23362.97783613836,27132.297496737483,12171.705891661275,15212.071232817798,18252.43657397432,21292.80191513084,24333.167256287365
.DJI,2014-11-21,17810.0625,16.4276,15.36908,15.11928,15.146655342465754,1084.1548674182472,1175.841273027915,10841.548674182472,14094.013276437214,17346.477878691956,20598.9424809467,23851.40708320144,27103.871685456183,11758.41273027915,15285.936549362894,18813.46036844664,22340.984187530383,25868.508006614127,29396.03182569787,12069.641611624094,15843.533463041449,19617.4253144588,23391.317165876153,27165.209017293506,12137.601608866868,15169.448055439834,18201.2945020128,21233.140948585766,24264.98739515873
.DJI,2014-11-28,17828.23662,16.44436,15.98682,15.14027,15.216807397260272,1084.1550914720913,1171.614791103284,10841.550914720912,14094.016189137186,17346.48146355346,20598.946737969734,23851.41201238601,27103.877286802282,11716.14791103284,15230.992284342692,18745.836657652544,22260.681030962398,25775.525404272248,29290.3697775821,12069.644105962938,15843.536737301134,19617.42936863933,23391.32199997752,27165.214631315714,12093.973820843961,15114.922500432018,18135.871180020073,21156.81985960813,24177.768539196186
.DJI,2014-12-05,17958.7949,16.56478,16.11179,15.28796,15.346643780821918,1084.1553525009087,1170.209927100959,10841.553525009087,14094.019582511813,17346.48564001454,20598.951697517266,23851.417755019993,27103.88381252272,11702.09927100959,15212.729052312467,18723.358833615344,22233.98861491822,25744.6183962211,29255.248177523976,12069.647011935482,15843.540551902654,19617.43409186982,23391.327631836994,27165.22117180416,12079.472135994143,15096.798445768289,18114.124755542434,21131.451065316578,24148.777375090725
.DJI,2014-12-12,17280.82947,15.93944,15.51405,14.78011,14.818315095890412,1084.1553699502617,1166.180456966563,10841.553699502618,14094.019809353402,17346.485919204188,20598.952029054974,23851.41813890576,27103.88424875654,11661.80456966563,15160.34594056532,18658.88731146501,22157.428682364698,25655.970053264387,29154.511424164077,12069.647206195032,15843.540806902576,19617.43440761012,23391.32800831766,27165.221609025204,12037.877998836344,15044.81452642749,18051.751054018638,21058.68758160978,24065.62410920093
.DJI,2014-12-19,17804.7965,16.42274,16.01963,15.41974,15.439462410958903,1084.1550496445782,1153.2005471487264,10841.550496445781,14094.015645379517,17346.48079431325,20598.945943246985,23851.41109218072,27103.876241114456,11532.005471487264,14991.607112933443,18451.208754379622,21910.8103958258,25370.41203727198,28830.013678718162,12069.643640307055,15843.536126045654,19617.428611784253,23391.32109752285,27165.213583261448,11903.893099767249,14877.361595268734,17850.83009077022,20824.298586271707,23797.767081773192
.DJI,2014-12-26,18053.71134,16.63752,16.23729,15.64009,15.648270821917809,1085.1203388485785,1153.7192540605192,10851.203388485785,14106.56440503152,17361.925421577256,20617.286438122992,23872.647454668728,27128.008471214463,11537.192540605192,14998.35030278675,18459.508064968308,21920.665827149867,25381.823589331423,28842.98135151298,12080.389978393972,15857.64259022776,19634.895202061547,23412.14781389533,27189.40042572912,11909.247443071506,14884.053397755117,17858.859352438725,20833.665307122337,23808.471261805946
.DJI,2015-01-02,17832.98886,16.43411,15.44895,,15.44895,1085.1204513052426,1154.3172099074695,10851.204513052426,14106.565866968154,17361.92722088388,20617.288574799608,23872.649928715335,27128.011282631065,11543.172099074694,15006.123728797103,18469.075358519513,21932.02698824192,25394.97861796433,28857.930247686738,12080.391230347612,15857.644233637733,19634.897236927853,23412.15024021797,27189.403243508088,11915.41983216556,14891.767585348141,17868.115338530723,20844.463091713307,23820.81084489589
.DJI,2015-01-09,17737.36601,16.34599,15.527,,15.527,1085.1203267590402,1142.356283248535,10851.203267590401,14106.564247867522,17361.925228144642,20617.286208421763,23872.647188698884,27128.008168976005,11423.56283248535,14850.631682230955,18277.70053197656,21704.769381722166,25131.83823146777,28558.907081213372,12080.389843803981,15857.642413554657,19634.89498330533,23412.147553056006,27189.40012280668,11791.953369481207,14737.460486414284,17682.96760334736,20628.474720280436,23573.98183721351
.DJI,2015-01-16,17511.57019,16.16875,15.52815,,15.52815,1083.0503403169694,1127.7306176202574,10830.503403169694,14079.654424120601,17328.80544507151,20577.956466022417,23827.107486973327,27076.258507924234,11277.306176202574,14660.498029063347,18043.689881924118,21426.88173478489,24810.07358764566,28193.265440506435,12057.345170715706,15827.392215498461,19597.439260281215,23367.48630506397,27137.533349846723,11640.980183956433,14548.775771807295,17456.57135965816,20364.36694750902,23272.162535359887
.DJI,2015-01-23,17672.60062,16.54581,15.879,,15.879,1068.1012667255336,1112.95425530575,10681.012667255336,13885.316467431938,17089.620267608538,20293.924067785138,23498.227867961738,26702.53166813834,11129.5425530575,14468.40531897475,17807.268084892,21146.130850809248,24484.993616726497,27823.85638264375,11890.920644020465,15608.930670192305,19326.94069636414,23044.95072253598,26762.960748707817,11488.451434442546,14358.14692953076,17227.842424618975,20097.53791970719,22967.233414795406
.DJI,2015-01-30,17164.94535,16.36264,15.79574,13.60902,15.616009589041097,1049.0327569389783,1099.188960670587,10490.327569389783,13637.425840206717,16784.524111023653,19931.62238184059,23078.720652657525,26225.818923474457,10991.88960670587,14289.456488717631,17587.023370729392,20884.590252741153,24182.157134752913,27479.724016764674,11678.635401286152,15330.268846155064,18981.902291023973,22633.53573589288,26285.169180761794,11346.359413909844,14180.561802417289,17014.764190924732,19848.966579432177,22683.168967939622
.DJI,2015-02-06,17824.28712,17.00358,16.42331,14.30547,16.20862484931507,1048.266725007322,1099.6791699299035,10482.66725007322,13627.467425095187,16772.267600117153,19917.06777513912,23061.867950161086,26206.668125183052,10996.791699299036,14295.829209088746,17594.866718878457,20893.90422866817,24192.941738457877,27491.97924824759,11670.107347632555,15319.074271553507,18968.041195474456,22617.008119395407,26265.975043316357,11351.419590679487,14186.885958632989,17022.352326586493,19857.818694539998,22693.2850624935
.DJI,2015-02-13,18019.3539,16.9602,16.67103,14.61775,16.42351131506849,1062.4493755969856,1097.1681727687142,10624.493755969856,13811.841882760813,16999.19000955177,20186.538136342726,23373.886263133685,26561.23438992464,10971.68172768714,14263.186245993284,17554.690764299427,20846.195282605568,24137.699800911712,27429.204319217853,11827.99946698241,15526.335527269728,19224.671587557044,22923.00764784436,26621.343708131677,11325.499865047615,14154.491755539631,16983.483646031647,19812.475536523663,22641.46742701568
.DJI,2015-02-20,18140.4398,17.0556,16.80879,14.78701,16.526294712328767,1063.6060765965433,1097.6713241394073,10636.060765965432,13826.878995755063,17017.697225544693,20208.515455334324,23399.33368512395,26590.151914913582,10976.713241394073,14269.727213812293,17562.741186230516,20855.75515864874,24148.76913106696,27441.78310348518,11840.876747651468,15543.239229447321,19245.601711243173,22947.964193039024,26650.326674834876,11330.693636542557,14160.98287705138,16991.272117560202,19821.561358069022,22651.850598577847
.DJI,2015-02-27,18132.70134,17.01506,16.77716,14.90835,16.480198410958902,1065.6854186820383,1100.27202876042,10656.854186820383,13853.910442866498,17050.966698912613,20248.022954958727,23445.079211004842,26642.135467050957,11002.7202876042,14303.53637388546,17604.35246016672,20905.168546447978,24205.98463272924,27506.800719010498,11864.025574921556,15573.626148237901,19283.226721554245,22992.827294870585,26702.42786818693,11357.539365907802,14194.534389964685,17031.52941402157,19868.524438078453,22705.51946213534
.DJI,2015-03-06,17856.78219,16.75634,16.55019,14.68731,16.21844424657534,1065.6731834040131,1101.0169605984624,10656.73183404013,13853.751384252171,17050.77093446421,20247.79048467625,23444.810034888287,26641.829585100328,11010.169605984625,14313.220487780012,17616.2713695754,20919.322251370788,24222.373133166173,27525.42401496156,11863.889362443782,15573.447345335615,19283.005328227446,22992.56331111928,26702.12129401111,11365.22891217848,14204.144704793089,17043.0604974077,19881.97629002231,22720.892082636918
.DJI,2015-03-13,17749.31084,16.65551,16.47267,14.64561,16.112263643835618,1065.6720112443268,1101.6025576760405,10656.720112443269,13853.736146176248,17050.75217990923,20247.768213642208,23444.784247375188,26641.800281108168,11016.025576760405,14320.833249788528,17625.64092281665,20930.44859584477,24235.25626887289,27540.063941901015,11863.876313065182,15573.43021572455,19282.984118383913,22992.538021043278,26702.091923702643,11371.273728085183,14211.699452745475,17052.125177405764,19892.550902066057,22732.976626726348
.DJI,2015-03-20,18127.65325,16.22174,16.38397,14.64858,16.008365041095892,1117.4912956316646,1132.386299504264,11174.912956316646,14527.38684321164,17879.860730106633,21232.334617001627,24584.80850389662,27937.282390791614,11323.862995042638,14721.021893555431,18118.180792068222,21515.339690581015,24912.498589093804,28309.657487606597,12440.768240521438,16330.70262291923,20220.63700531702,24110.571387714812,28000.505770112602,11689.038381284525,14608.838406213914,17528.638431143307,20448.438456072698,23368.238481002085
.DJI,2015-03-27,17712.66286,15.85054,16.04169,14.32114,15.6363001369863,1117.4800896373247,1132.7911785283684,11174.800896373246,14527.24116528522,17879.681434197195,21232.12170310917,24584.561972021143,27937.002240933118,11327.911785283684,14726.285320868788,18124.658856453894,21523.032392039,24921.405927624106,28319.77946320921,12440.643486817287,16330.538861678428,20220.434236539568,24110.329611400706,28000.22498626185,11693.217738147643,14614.061722885794,17534.905707623944,20455.749692362097,23376.59367710025
.DJI,2015-04-02,17763.24377,15.89584,16.07718,14.3673,15.646196547945204,1117.4775142427202,1135.3074669340535,11174.775142427203,14527.207685155363,17879.640227883523,21232.072770611685,24584.505313339843,27936.937856068005,11353.074669340534,14758.997070142696,18164.919470944857,21570.841871747016,24976.76427254918,28382.686673351338,12440.614815553781,16330.50122558803,20220.387635622275,24110.274045656523,28000.160455690766,11719.192082561127,14646.52418796346,17573.856293365792,20501.188398768125,23428.520504170458
.DJI,2015-04-10,18057.65407,16.1593,16.36418,14.65979,15.897223835616437,1117.4774940746195,1135.899843691154,11174.774940746194,14527.207422970054,17879.63990519391,21232.07238741777,24584.504869641627,27936.937351865487,11358.998436911541,14766.697967985003,18174.397499058465,21582.09703013193,24989.79656120539,28397.496092278852,12440.614591027052,16330.500930857093,20220.387270687133,24110.273610517175,28000.159950347217,11725.306881594779,14654.1664000989,17583.025918603023,20511.885437107143,23440.744955611266
.DJI,2015-04-17,17826.3031,15.85174,15.97726,14.42985,15.523635698630136,1124.5644389827237,1148.332996604208,11245.644389827237,14619.337706775408,17993.03102372358,21366.72434067175,24740.41765761992,28114.11097456809,11483.329966042078,14928.328955854702,18373.327945667326,21818.32693547995,25263.325925292575,28708.324915105197,12519.511884884925,16434.06754497899,20348.62320507305,24263.178865167112,28177.734525261174,11853.647891782459,14814.56565772509,17775.48342366772,20736.40118961035,23697.318955552983
.DJI,2015-04-24,18080.14189,16.07095,16.23242,14.70248,15.754575726027396,1125.0201070876333,1147.6121099301104,11250.201070876334,14625.261392139233,18000.321713402132,21375.382034665032,24750.44235592793,28125.50267719083,11476.121099301105,14918.957429091435,18361.793758881766,21804.630088672096,25247.466418462427,28690.302748252758,12524.584730919554,16440.726550149873,20356.868369380187,24273.010188610504,28189.152007840818,11846.206551309007,14805.265547916542,17764.32454452408,20723.383541131614,23682.44253773915
.DJI,2015-05-01,18024.05579,16.06083,16.10775,14.62285,15.615495479452054,1122.2368825272417,1154.241683443045,11222.368825272417,14589.079472854142,17955.790120435868,21322.50076801759,24689.21141559932,28055.922063181042,11542.41683443045,15005.141884759585,18467.86693508872,21930.591985417857,25393.317035746993,28856.042086076126,12493.599745307129,16400.05329139051,20306.50683747389,24212.960383557274,28119.413929640654,11914.640211516806,14890.793223582505,17866.946235648204,20843.0992477139,23819.252259779598
.DJI,2015-05-08,18191.11295,16.18027,16.21411,14.81077,15.721979808219178,1124.2774657036007,1157.0497591206677,11242.774657036007,14615.607054146809,17988.43945125761,21361.271848368415,24734.104245479215,28106.936642590015,11570.497591206677,15041.64686856868,18512.796145930683,21983.945423292687,25455.09470065469,28926.24397801669,12516.317078741245,16429.873798414337,20343.43051808743,24256.98723776052,28170.543957433612,11943.626525098709,14927.020016351691,17910.413507604673,20893.806998857657,23877.200490110637
.DJI,2015-05-15,18272.55623,16.35916,16.26921,14.85327,15.745506164383563,1116.9617651517558,1160.4934156599322,11169.617651517558,14520.502946972825,17871.388242428093,21222.27353788336,24573.158833338628,27924.044128793896,11604.934156599322,15086.41440357912,18567.894650558916,22049.374897538713,25530.855144518508,29012.335391498305,12434.873102006633,16322.96421383187,20211.055325657107,24099.14643748234,27987.237549307578,11979.17361135103,14971.446394461918,17963.719177572806,20955.991960683696,23948.264743794585
.DJI,2015-05-22,18232.0181,16.30969,16.23058,14.82152,15.68239775342466,1117.8641715446463,1162.5784772624177,11178.641715446463,14532.234230080401,17885.82674471434,21239.41925934828,24593.01177398222,27946.604288616156,11625.784772624176,15113.52020441143,18601.255636198683,22088.991067985935,25576.726499773187,29064.461931560443,12444.919380520481,16336.15172634756,20227.38407217464,24118.616418001715,28009.84876382879,12000.696624398313,14998.345631966864,17995.994639535416,20993.643647103967,23991.292654672518
.DJI,2015-05-29,18010.67654,16.09295,16.03982,14.64508,15.470460383561644,1119.1656309129155,1164.1978385554382,11191.656309129155,14549.1532018679,17906.650094606648,21264.146987345393,24621.643880084142,27979.140772822888,11641.978385554383,15134.571901220697,18627.16541688701,22119.758932553326,25612.35244821964,29104.945963885955,12459.40822212344,16355.170886498605,20250.933550873768,24146.69621524893,28042.45887962409,12017.412453895342,15019.23690154631,18021.06134919728,21022.885796848248,24024.710244499216
.DJI,2015-06-05,17849.45821,15.9489,15.89293,14.5093,15.301570328767124,1119.1654728539272,1166.511529633192,11191.654728539272,14549.151147101054,17906.647565662835,21264.143984224618,24621.640402786397,27979.13682134818,11665.115296331918,15164.649885231494,18664.18447413107,22163.719063030647,25663.253651930223,29162.7882408298,12459.406462489831,16355.168576669128,20250.93069084842,24146.692805027717,28042.45491920701,12041.295490825529,15049.085672316143,18056.87585380676,21064.666035297374,24072.45621678799
.DJI,2015-06-12,17898.838,15.99302,15.93989,14.54191,15.315586602739726,1119.1656109977978,1168.6681329462215,11191.656109977977,14549.152942971372,17906.649775964765,21264.14660895816,24621.64344195155,27979.140274944944,11686.681329462215,15192.68572830088,18698.690127139544,22204.694525978208,25710.698924816872,29216.703323655536,12459.40800041311,16355.170595464691,20250.93319051627,24146.69578556785,28042.458380619428,12063.556991967183,15076.90786454873,18090.258737130276,21103.60960971182,24116.96048229337
.DJI,2015-06-19,18015.94817,16.09766,16.04315,14.62758,15.383843424657536,1119.16565326886,1171.0953935687926,11191.656532688601,14549.153492495181,17906.65045230176,21264.14741210834,24621.64437191492,27979.1413317215,11710.953935687925,15224.240116394303,18737.52629710068,22250.81247780706,25764.098658513438,29277.384839219816,12459.408471006922,16355.171213202073,20250.93395539722,24146.69669759237,28042.45943978752,12088.612348598605,15108.221788269311,18127.831227940016,21147.440667610725,24167.05010728143
.DJI,2015-06-26,17946.68301,15.8565,15.83565,14.69704,15.2835021369863,1131.8186869737963,1174.2520038367884,11318.186869737963,14713.64293065935,18109.09899158074,21504.555052502128,24900.01111342352,28295.467174344907,11742.520038367884,15265.276049878248,18788.032061388614,22310.78807289898,25833.544084409346,29356.30009591971,12600.271724687695,16540.079079170093,20479.886433652486,24419.693788134882,28359.50114261728,12121.196404581544,15148.945002014245,18176.693599446946,21204.442196879645,24232.190794312348
.DJI,2015-07-02,17730.11319,15.64617,15.62325,14.49511,15.057634602739729,1133.1919051116024,1177.4832938749898,11331.919051116023,14731.49476645083,18131.07048178564,21530.646197120444,24930.221912455254,28329.79762779006,11774.832938749898,15307.282820374869,18839.732701999837,22372.182583624806,25904.632465249775,29437.082346874748,12615.559439825081,16560.146901740678,20504.734363656273,24449.321825571868,28393.909287487462,12154.551341226515,15190.631654380455,18226.711967534393,21262.792280688333,24298.872593842272
.DJI,2015-07-10,17760.41171,15.6729,15.646,14.51928,15.056401315068497,1133.1924347121465,1179.592077704871,11331.924347121465,14731.501651257904,18131.078955394343,21530.656259530784,24930.23356366722,28329.810867803662,11795.920777048708,15334.697010163321,18873.473243277935,22412.249476392546,25951.02570950716,29489.801942621772,12615.565335743604,16560.154641173664,20504.74394660372,24449.333252033775,28393.922557463833,12176.319226563968,15217.836930722862,18259.354634881754,21300.87233904065,24342.390043199543
.DJI,2015-07-17,18086.44651,15.97025,16.08645,14.78543,15.380691205479453,1132.5086651743086,1175.9189667338624,11325.086651743086,14722.61264726601,18120.138642788937,21517.664638311864,24915.19063383479,28312.716629357714,11759.189667338624,15286.94656754021,18814.703467741798,22342.460367943386,25870.217268144974,29397.974168346558,12607.953090007622,16550.16222599451,20492.371361981397,24434.580497968283,28376.78963395517,12138.403600829506,15170.450376640525,18202.497152451546,21234.543928262563,24266.590704073584
.DJI,2015-07-24,17568.53221,15.77982,15.83919,14.45801,15.063458767123288,1113.354411520537,1166.3013443064056,11133.54411520537,14473.607349766982,17813.670584328593,21153.733818890203,24493.797053451814,27833.860288013428,11663.013443064056,15161.917475983271,18660.82150890249,22159.725541821706,25658.629574740924,29157.533607660138,12394.713280929702,16270.247365264526,20145.781449599348,24021.31553393417,27896.84961826899,12039.125856352679,15046.374085752686,18053.622315152694,21060.8705445527,24068.11877395271
.DJI,2015-07-31,17689.85992,16.0054,15.93195,14.6582,15.19212808219178,1105.2432254114235,1164.4096089958628,11052.432254114236,14368.161930348506,17683.891606582776,20999.621282817046,24315.350959051317,27631.080635285587,11644.096089958628,15137.324916946216,18630.553743933804,22123.782570921394,25617.01139790898,29110.24022489657,12304.413350242387,16151.712779102749,19999.01220796311,23846.31163682347,27693.611065683832,12019.598450676853,15021.968937552689,18024.339424428523,21026.70991130436,24029.080398180195
.DJI,2015-08-07,17373.37901,16.06401,15.74626,14.47973,14.986342,1081.5094742844408,1159.2808311728106,10815.094742844409,14059.62316569773,17304.151588551053,20548.680011404376,23793.208434257696,27037.73685711102,11592.808311728106,15070.650805246538,18548.49329876497,22026.3357922834,25504.178285801834,28982.020779320264,12040.191070925117,15804.874433876943,19569.557796828765,23334.24115978059,27098.924522732414,11966.656728537524,14955.802924707828,17944.949120878133,20934.095317048435,23923.24151321874
.DJI,2015-08-14,17477.40281,16.16071,15.96083,14.55678,15.09147301369863,1081.4749358165575,1158.097873821571,10814.749358165574,14059.174165615248,17303.59897306492,20548.02378051459,23792.448587964263,27036.87339541394,11580.97873821571,15055.272359680424,18529.565981145137,22003.85960260985,25478.153224074562,28952.446845539278,12039.806562270778,15804.369698448347,19568.932834625914,23333.49597080348,27098.059106981043,11954.445671331945,14940.541672612791,17926.637673893638,20912.733675174484,23898.82967645533
.DJI,2015-08-21,16459.74665,15.21192,15.06949,13.7301,14.214482136986302,1082.0295301316337,1157.956124702671,10820.295301316337,14066.383891711237,17312.47248210614,20558.56107250104,23804.649662895943,27050.73825329084,11579.561247026711,15053.429621134725,18527.297995242738,22001.16636935075,25475.034743458764,28948.903117566777,12045.980730578258,15812.474383353969,19578.968036129678,23345.461688905387,27111.955341681096,11952.982468454922,14938.712976899023,17924.443485343123,20910.173993787226,23895.904502231326
.DJI,2015-08-28,16643.0076,15.38128,15.23914,13.86946,14.338528493150688,1082.0300781209367,1160.7193588902885,10820.300781209367,14066.391015572177,17312.481249934986,20558.571484297798,23804.661718660605,27050.751953023417,11607.193588902885,15089.351665573751,18571.509742244616,22053.66781891548,25535.825895586346,29017.983972257214,12045.986831214517,15812.48239151509,19578.977951815665,23345.473512116234,27111.969072416807,11981.505906516366,14974.361272664435,17967.216638812504,20960.072004960573,23952.927371108643
.DJI,2015-09-04,16102.37777,14.8818,14.76522,13.47302,13.890772328767124,1082.018154389926,1159.2140011288463,10820.18154389926,14066.236007069037,17312.290470238815,20558.344933408593,23804.39939657837,27050.453859748148,11592.140011288464,15069.782014675002,18547.42401806154,22025.06602144808,25502.70802483462,28980.350028221157,12045.854087116511,15812.308141473008,19578.762195829502,23345.216250185993,27111.670304542487,11965.966876541555,14954.940754869336,17943.914633197117,20932.8885115249,23921.862389852682
.DJI,2015-09-11,16433.0893,15.18737,15.09871,13.83724,14.22086512328767,1082.0233720519088,1155.5618562959055,10820.233720519089,14066.303836674815,17312.37395283054,20558.444068986268,23804.514185141994,27050.58430129772,11555.618562959055,15022.304131846771,18488.989700734488,21955.675269622203,25422.36083850992,28889.046407397636,12045.912174122415,15812.384390913663,19578.856607704907,23345.328824496155,27111.8010412874,11928.267673411896,14907.824683504045,17887.381693596195,20866.93870368834,23846.495713780492
.DJI,2015-09-18,16384.58494,15.14254,15.05536,13.8046,14.16098093150685,1082.0235535121585,1157.0233036290474,10820.235535121585,14066.30619565806,17312.376856194536,20558.447516731012,23804.518177267488,27050.588837803964,11570.233036290474,15041.302947177617,18512.37285806476,21983.4427689519,25454.51267983904,28925.582590726186,12045.914194276775,15812.387042722574,19578.859891168373,23345.33273961417,27111.805588059968,11943.353438734912,14926.678715858912,17910.00399298291,20893.32927010691,23876.65454723091
.DJI,2015-09-25,16314.66785,15.07792,15.02213,13.72464,14.069452410958906,1082.0237705200716,1159.580868782943,10820.237705200716,14066.30901676093,17312.380328321145,20558.45163988136,23804.522951441577,27050.59426300179,11595.80868782943,15074.55129417826,18553.29390052709,22032.03650687592,25510.779113224748,28989.521719573575,12045.916610174923,15812.390214015011,19578.863817855097,23345.337421695185,27111.811025535273,11969.753861682108,14959.673689449623,17949.593517217138,20939.51334498465,23929.433172752164
.DJI,2015-10-02,16472.37382,15.20021,15.24204,13.94773,14.26687493150685,1083.6938318615335,1154.5887868984219,10836.938318615335,14088.019814199935,17339.101309784535,20590.182805369135,23841.264300953735,27092.345796538335,11545.887868984219,15009.654229679483,18473.42059037475,21937.186951070016,25400.953311765283,28864.719672460546,12064.509011008648,15836.796019443707,19609.083027878765,23381.370036313823,27153.65704474888,11918.2231810511,14895.271181583283,17872.319182115465,20849.36718264765,23826.415183179834
.DJI,2015-10-09,17084.49079,15.76505,15.92188,14.57099,14.878178684931507,1083.694044103888,1148.2918139236374,10836.94044103888,14088.022573350545,17339.10470566221,20590.186837973873,23841.268970285535,27092.3511025972,11482.918139236373,14927.793581007287,18372.6690227782,21817.54446454911,25262.41990632002,28707.295348090935,12064.511373852953,15836.799121093618,19609.08686833428,23381.374615574943,27153.662362815605,11853.222784260366,14814.034362772252,17774.845941284137,20735.657519796023,23696.469098307905
.DJI,2015-10-16,17215.97368,16.06843,16.07993,14.79735,15.064407753424655,1071.4160425131765,1142.824461591344,10714.160425131766,13928.408552671295,17142.656680210825,20356.904807750354,23571.152935289883,26785.401062829413,11428.244615913442,14856.718000687473,18285.191385461505,21713.664770235537,25142.13815500957,28570.6115397836,11927.823264653449,15657.371868670769,19386.920472688085,23116.469076705405,26846.01768072272,11796.786132488653,14743.500423278922,17690.21471406919,20636.92900485946,23583.643295649726
.DJI,2015-10-23,17646.70039,16.55514,16.4949,15.25279,15.487599835616438,1065.9348329280213,1139.4083381091973,10659.348329280212,13857.152828064276,17054.95732684834,20252.761825632402,23450.566324416468,26648.37082320053,11394.083381091972,14812.308395419564,18230.533409747157,21648.75842407475,25066.98343840234,28485.208452729934,11866.802245167031,15577.271017685198,19287.73979020336,22998.208562721524,26708.67733523969,11761.52325575171,14699.429247260452,17637.335238769196,20575.241230277938,23513.14722178668
.DJI,2015-10-30,17663.53662,16.54878,16.4877,15.18088,15.402860383561643,1067.361861116046,1146.7698972881044,10673.618611160458,13875.704194508597,17077.789777856735,20279.87536120487,23481.96094455301,26684.046527901148,11467.698972881044,14908.008664745357,18348.31835660967,21788.628048473984,25228.937740338297,28669.24743220261,11882.6890149605,15598.12520515337,19313.561395346238,23028.997585539106,26744.43377573197,11837.512825588447,14794.40022007204,17751.287614555637,20708.17500903923,23665.062403522825
.DJI,2015-11-06,17910.33427,17.00344,16.391,15.46616,15.605519452054796,1053.3359290825856,1147.6922844527116,10533.359290825856,13693.367078073614,16853.37486532137,20013.382652569126,23173.39043981688,26333.39822706464,11476.922844527116,14919.99969788525,18363.076551243386,21806.153404601522,25249.230257959658,28692.30711131779,11726.541606503997,15393.154190217416,19059.76677393083,22726.379357644248,26392.991941357664,11847.034151459502,14806.29987396366,17765.56559646782,20724.83131897198,23684.09704147614
.DJI,2015-11-13,17245.23664,16.48503,15.74876,14.88495,14.99854693150685,1046.1149685502544,1149.793824612011,10461.149685502543,13599.494591153307,16737.83949680407,19876.184402454834,23014.529308105597,26152.87421375636,11497.93824612011,14947.319719956142,18396.701193792174,21846.08266762821,25295.46414146424,28744.845615300273,11646.152348164489,15287.629109560137,18929.105870955784,22570.58263235143,26212.059393747073,11868.727264130164,14833.411700206007,17798.09613628185,20762.780572357693,23727.465008433534
.DJI,2015-11-20,17823.81479,17.02909,16.29293,15.39218,15.4933601369863,1046.66865874806,1150.4163481910134,10466.686587480599,13606.692563724779,16746.69853996896,19886.70451621314,23026.710492457318,26166.716468701496,11504.163481910135,14955.412526483175,18406.661571056215,21857.910615629255,25309.159660202295,28760.408704775335,11652.316451146655,15295.720581950958,18939.12471275526,22582.528843559565,26225.932974363866,11875.153253221872,14841.442834434394,17807.732415646915,20774.021996859436,23740.311578071956
.DJI,2015-11-27,17798.49365,17.0049,16.65605,15.37674,15.495908602739725,1046.668527894901,1148.5930968160958,10466.68527894901,13606.690862633714,16746.696446318416,19886.702030003118,23026.70761368782,26166.713197372526,11485.930968160957,14931.710258609246,18377.489549057533,21823.26883950582,25269.048129954106,28714.827420402395,11652.314994389157,15295.7186696998,18939.12234501044,22582.526020321082,26225.929695631723,11856.33277181065,14817.921192816388,17779.509613822123,20741.09803482786,23702.6864558336
.DJI,2015-12-04,17847.6327,17.05185,16.7043,15.43531,15.529180493150683,1046.6684084131632,1149.296494291627,10466.684084131632,13606.689309371122,16746.69453461061,19886.6997598501,23026.70498508959,26166.71021032908,11492.96494291627,14940.854425791149,18388.74390866603,21836.633391540912,25284.522874415794,28732.412357290672,11652.313664227022,15295.716923627382,18939.120183027742,22582.5234424281,26225.92670182846,11863.593580328365,14826.995675667224,17790.397771006083,20753.799866344943,23717.201961683804
.DJI,2015-12-11,17265.21295,16.4954,16.11536,14.88374,14.95122602739726,1046.6683408707884,1154.7690415730785,10466.683408707884,13606.688431320248,16746.693453932614,19886.698476544978,23026.703499157346,26166.70852176971,11547.690415730785,15011.997540450022,18476.304665169257,21940.61178988849,25404.918914607726,28869.226039326964,11652.312912293619,15295.715936582164,18939.11896087071,22582.521985159256,26225.925009447797,11920.083856874704,14897.596634845282,17875.10941281586,20852.62219078644,23830.134968757015
.DJI,2015-12-18,17128.55226,16.36483,16.00112,14.88402,14.92380712328767,1046.6685116802312,1147.7334247554006,10466.685116802311,13606.690651843006,16746.6961868837,19886.701721924393,23026.707256965085,26166.71279200578,11477.334247554007,14920.534521820207,18363.73479608641,21806.93507035261,25250.135344618815,28693.335618885016,11652.314813875046,15295.718432743188,18939.122051611328,22582.52567047947,26225.929289347612,11847.45882153663,14806.83062220234,17766.20242286805,20725.57422353376,23684.94602419947
.DJI,2015-12-24,17552.16767,16.40219,16.08365,14.87439,14.897581287671231,1070.1112272202674,1178.1890852661847,10701.112272202674,13911.445953863476,17121.77963552428,20332.11331718508,23542.446998845884,26752.780680506687,11781.890852661847,15316.458108460401,18851.025364258956,22385.59262005751,25920.159875856065,29454.727131654618,11913.297062329346,15638.303665983525,19363.310269637703,23088.31687329188,26813.323476946058,12161.836860898087,15199.737020973973,18237.637181049857,21275.537341125742,24313.437501201628
.DJI,2015-12-31,17425.02867,16.27986,16.10566,14.96602,14.96602,1070.3426608091224,1164.3061194626225,10703.426608091224,13914.454590518591,17125.48257294596,20336.510555373326,23547.538537800694,26758.56652022806,11643.061194626225,15135.979553014093,18628.89791140196,22121.81626978983,25614.734628177695,29107.65298656556,11915.87355814034,15641.685771178723,19367.497984217105,23093.31019725549,26819.122410293872,12018.530181724256,15020.633826143709,18022.73747056316,21024.84111498261,24026.944759402064
.DJI,2016-01-08,16346.453,15.26827,14.12586,,14.12586,1070.6159243974596,1157.2005527451072,10706.159243974596,13918.007017166974,17129.854790359354,20341.70256355173,23553.550336744112,26765.39810993649,11572.005527451072,15043.607185686393,18515.208843921715,21986.810502157037,25458.41216039236,28930.013818627678,11918.915737515128,15645.679168188839,19372.44259886255,23099.20602953626,26825.96946020997,11945.183089730848,14928.96539461447,17912.747699498093,20896.530004381715,23880.312309265337
.DJI,2016-01-15,15988.08058,14.91641,13.88204,,13.88204,1071.8450739822786,1151.7097328634695,10718.450739822785,13933.985961769622,17149.521183716457,20365.056405663294,23580.591627610127,26796.126849556964,11517.097328634696,14972.226527225104,18427.355725815512,21882.484924405922,25337.61412299633,28792.74332158674,11932.599571275123,15663.641613558419,19394.683655841713,23125.725698125003,26856.767740408297,11888.50419457883,14858.128701867845,17827.75320915686,20797.377716445873,23767.00222373489
.DJI,2016-01-22,16093.51042,15.46675,14.27751,,14.27751,1040.523084681656,1127.1930763837672,10405.23084681656,13526.800100861528,16648.369354906496,19769.938608951463,22891.50786299643,26013.0771170414,11271.930763837672,14653.509992988973,18035.089222140276,21416.668451291578,24798.24768044288,28179.82690959418,11583.899217863533,15205.910895810328,18827.92257375712,22449.934251703915,26071.94592965071,11635.431423654753,14541.840988982744,17448.250554310733,20354.660119638724,23261.06968496672
.DJI,2016-01-29,16466.29855,16.49239,14.74787,12.69866,14.585500901639346,998.4179703487487,1128.9498153710483,9984.179703487487,12979.433614533733,15974.687525579979,18969.941436626224,21965.19534767247,24960.449258718716,11289.498153710483,14676.347599823628,18063.197045936773,21450.046492049918,24836.895938163063,28223.745384276208,11115.152865024815,14590.598630057017,18066.044395089215,21541.49016012142,25016.93592515362,11653.565332072063,14564.504558824872,17475.44378557768,20386.383012330494,23297.322239083303
.DJI,2016-02-05,16204.96677,16.34129,14.56443,12.74282,14.38525524590164,991.6577436665037,1126.4983827531873,9916.577436665037,12891.55066766455,15866.52389866406,18841.49712966357,21816.470360663083,24791.44359166259,11264.983827531873,14644.478975791435,18023.974124050997,21403.469272310558,24782.964420570122,28162.459568829683,11039.892848471702,14491.806583941916,17943.72031941213,21395.634054882343,24847.547790352557,11628.260460429008,14532.878793841906,17437.497127254806,20342.115460667705,23246.733794080603
.DJI,2016-02-12,15973.83608,16.04419,14.3918,12.64882,14.187023661202186,995.614990847154,1125.946954165184,9956.14990847154,12942.994881013003,15929.839853554464,18916.684826095927,21903.529798637388,24890.37477117885,11259.46954165184,14637.310404147393,18015.151266642944,21392.992129138496,24770.832991634048,28148.6738541296,11083.947952289847,14549.636678158495,18015.32540402714,21481.014129895786,24946.702855764433,11622.56834817674,14525.764851242782,17428.961354308827,20332.15785737487,23235.354360440913
.DJI,2016-02-19,16391.99431,16.72899,14.76787,13.03228,14.530767540983604,979.8555866193954,1128.0886755477204,9798.555866193954,12738.12262605214,15677.689385910326,18617.25614576851,21556.822905626697,24496.389665484883,11280.886755477204,14665.152782120365,18049.418808763527,21433.68483540669,24817.95086204985,28202.21688869301,10908.502204861974,14319.333189474559,17730.164174087142,21140.995158699727,24551.82614331231,11644.676230843144,14553.39505270522,17462.113874567294,20370.83269642937,23279.551518291446
.DJI,2016-02-26,16639.97186,16.96787,15.00714,13.42076,14.76008081967213,980.6753505301491,1127.3631942328097,9806.75350530149,12748.77955689194,15690.805608482386,18632.831660072832,21574.85771166328,24516.88376325373,11273.631942328098,14655.721525026527,18037.811107724956,21419.900690423387,24801.990273121814,28184.079855820244,10917.62844402419,14331.31298806436,17744.997532104524,21158.68207614469,24572.366620184854,11637.187462267786,14544.035667748958,17450.88387323013,20357.732078711302,23264.580284192478
.DJI,2016-03-04,17006.76771,17.34567,15.40617,13.73738,15.114359726775955,980.4618507097161,1125.205964224309,9804.618507097162,12746.00405922631,15687.389611355458,18628.775163484606,21570.160715613754,24511.546267742902,11252.05964224309,14627.677534916016,18003.295427588942,21378.91332026187,24754.531212934795,28130.14910560772,10915.251600646725,14328.192961902932,17741.134323159138,21154.075684415344,24567.01704567155,11614.919492072751,14516.205390560846,17417.49128904894,20318.777187537034,23220.06308602513
.DJI,2016-03-11,17213.31295,17.55612,15.61904,13.92091,15.289621338797811,980.4736439486629,1125.8168249282126,9804.736439486629,12746.157371332618,15687.578303178607,18628.999235024596,21570.420166870583,24511.841098716573,11258.168249282126,14635.618724066764,18013.0691988514,21390.519673636038,24767.970148420674,28145.420623205315,10915.382892007217,14328.365304970797,17741.347717934375,21154.330130897953,24567.31254386153,11621.225091333952,14524.086062833145,17426.947034332337,20329.808005831528,23232.668977330723
.DJI,2016-03-18,17602.29735,17.94742,15.94737,14.22476,15.58025639344262,980.7703474928429,1129.7822645209108,9807.703474928428,12750.014517406958,15692.325559885487,18634.636602364015,21576.947644842545,24519.25868732107,11297.822645209108,14687.16943877184,18076.516232334572,21465.863025897306,24855.209819460037,28244.556613022767,10918.686022907397,14332.701246884715,17746.716470862033,21160.73169483935,24574.746918816665,11662.158274310475,14575.243928523229,17488.329582735983,20401.41523694874,23314.500891161493
.DJI,2016-03-24,17515.73462,17.84608,15.9522,14.15626,15.540017049180328,981.4891909035485,1127.1374133353272,9814.891909035485,12759.35948174613,15703.827054456777,18648.294627167423,21592.762199878067,24537.229772588715,11271.374133353273,14652.786373359253,18034.198613365235,21415.610853371218,24797.0230933772,28178.43533338318,10926.688737835713,14343.206221749906,17759.723705664095,21176.241189578286,24592.758673492473,11634.856842780788,14541.122883791773,17447.38892480276,20353.654965813745,23259.92100682473
.DJI,2016-04-01,17792.74904,18.12753,16.27696,14.43961,15.81511245901639,981.5319042362638,1125.047266411067,9815.319042362638,12759.91475507143,15704.510467780221,18649.106180489012,21593.701893197805,24538.297605906595,11250.472664110672,14625.614463343873,18000.756262577073,21375.898061810276,24751.039861043475,28126.181660276678,10927.164255341013,14343.83042234756,17760.496589354105,21177.162756360653,24593.828923367197,11613.281336585687,14514.158040897499,17415.03474520931,20315.91144952112,23216.78815383293
.DJI,2016-04-08,17576.95858,17.90768,16.22079,14.36488,15.718781557377053,981.5318667744789,1118.2138078476494,9815.318667744788,12759.914268068225,15704.509868391662,18649.105468715097,21593.701069038536,24538.29666936197,11182.138078476493,14536.779502019443,17891.42092556239,21246.062349105337,24600.703772648285,27955.345196191236,10927.163838287755,14343.8298748916,17760.495911495444,21177.16194809929,24593.82798470313,11542.743076400382,14426.000058102907,17309.257039805434,20192.51402150796,23075.771003210484
.DJI,2016-04-15,17897.45981,18.24694,16.56001,14.63381,16.002148797814208,980.8471891725408,1118.4410316472422,9808.471891725407,12751.01345924303,15693.555026760652,18636.096594278275,21578.638161795898,24521.17972931352,11184.410316472422,14539.733411414149,17895.056506355875,21250.3796012976,24605.70269623933,27961.025791181055,10919.541483287332,14333.824189519792,17748.10689575225,21162.38960198471,24576.672308217167,11545.088590219955,14428.931456841792,17312.77432346363,20196.617190085468,23080.460056707307
.DJI,2016-04-22,18003.74568,18.63791,16.69935,14.77725,16.10591475409836,965.9744939212604,1117.834407723952,9659.744939212604,12557.668420976386,15455.591902740167,18353.51538450395,21251.43886626773,24149.36234803151,11178.344077239519,14531.847300411375,17885.35052358323,21238.853746755085,24592.356969926943,27945.860193098797,10753.967258721676,14116.478815735316,17478.990372748955,20841.501929762595,24204.01348677623,11538.826725054816,14421.105442987182,17303.384160919548,20185.662878851912,23067.94159678428
.DJI,2016-04-29,17773.64224,18.69839,16.56787,14.61816,15.928620819672132,950.5439901510238,1115.8305820205874,9505.439901510237,12357.07187196331,15208.70384241638,18060.335812869453,20911.96778332252,23763.599753775594,11158.305820205875,14505.797566267636,17853.289312329398,21200.78105839116,24548.27280445292,27895.764550514683,10582.183082871343,13890.98178557623,17199.780488281118,20508.579190986,23817.37789369089,11518.142268199159,14395.254224275435,17272.36618035171,20149.478136427984,23026.59009250426
.DJI,2016-05-06,17740.63335,18.87806,16.49796,14.57564,15.830925464480874,939.7487533146943,1120.6314747551462,9397.487533146943,12216.733793091027,15035.98005303511,17855.226312979194,20674.472572923274,23493.71883286736,11206.314747551462,14568.209171816901,17930.10359608234,21291.99802034778,24653.892444613215,28015.786868878655,10462.002245573276,13733.22323908265,17004.444232592024,20275.665226101395,23546.886219610766,11567.699402070573,14457.190213959733,17346.68102584889,20236.17183773805,23125.66264962721
.DJI,2016-05-13,17535.32081,18.64995,16.29484,14.41695,15.607306502732245,940.2341995554948,1123.5328022122353,9402.341995554947,12223.044594221432,15043.747192887917,17864.4497915544,20685.152390220886,23505.85498888737,11235.328022122354,14605.92642875906,17976.524835395765,21347.12324203247,24717.721648669176,28088.32005530588,10467.406604603757,13740.317413532972,17013.228222462185,20286.139031391394,23559.049840320607,11597.648305565288,14494.620041574815,17391.591777584345,20288.563513593872,23185.5352496034
.DJI,2016-05-20,17500.94226,18.62071,16.23636,14.3771,15.520087704918032,939.8643907777953,1127.6316598684086,9398.643907777952,12218.23708011134,15037.830252444724,17857.42342477811,20677.016597111495,23496.609769444884,11276.316598684087,14659.211578289312,18042.106557894538,21425.001537499764,24807.89651710499,28190.791496710215,10463.28961030174,13734.913132354619,17006.536654407493,20278.160176460373,23549.78369851325,11639.958694240431,14547.49912460092,17455.039554961408,20362.5799853219,23270.120415682388
.DJI,2016-05-27,17873.21676,19.04728,16.59679,14.67656,15.820303551912566,938.3605827183724,1129.764463832886,9383.605827183725,12198.687575338841,15013.769323493958,17828.851071649075,20643.93281980419,23459.014567959308,11297.644638328858,14686.938029827517,18076.231421326174,21465.52481282483,24854.81820432349,28244.11159582215,10446.548068225626,13712.936905500428,16979.32574277523,20245.71458005003,23512.103417324826,11661.974527010081,14575.014283061262,17488.05403911244,20401.093795163622,23314.133551214803
.DJI,2016-06-03,17807.06202,18.97678,16.52302,14.62785,15.720420683060109,938.3605659126574,1132.734446425368,9383.605659126573,12198.687356864546,15013.769054602519,17828.85075234049,20643.932450078464,23459.014147816437,11327.344464253682,14725.547803529786,18123.75114280589,21521.954482081994,24920.157821358098,28318.361160634202,10446.547881131546,13712.936659906449,16979.32543868135,20245.71421745625,23512.10299623115,11692.632121976101,14613.329825894865,17534.02752981363,20454.72523373239,23375.422937651158
.DJI,2016-06-10,17865.3412,19.03888,16.57746,14.67781,15.736631311475408,938.3609329960586,1135.271002185347,9383.609329960585,12198.692128948762,15013.774927936938,17828.857726925115,20643.94052591329,23459.023324901467,11352.71002185347,14758.52302840951,18164.336034965552,21570.149041521592,24975.962048077636,28381.775054633676,10446.551967784872,13712.942024359743,16979.332080934615,20245.722137509485,23512.112194084355,11718.815675810727,14646.053758727774,17573.29184164482,20500.529924561866,23427.768007478913
.DJI,2016-06-17,17675.16344,18.77591,16.40414,14.51889,15.533628387978144,941.3745293836624,1137.8644447088257,9413.745293836624,12237.868881987612,15061.992470138599,17886.116058289586,20710.239646440572,23534.36323459156,11378.644447088256,14792.237781214733,18205.83111534121,21619.424449467686,25033.017783594165,28446.61111772064,10480.101628865194,13756.98187202911,17033.862115193027,20310.74235835694,23587.622601520856,11745.586442297277,14679.511583816164,17613.43672533505,20547.36186685394,23481.287008372827
.DJI,2016-06-24,17400.75138,18.4844,16.1468,14.28605,15.252013114754098,941.3749637532189,1140.8822723321234,9413.74963753219,12237.874528791846,15061.999420051503,17886.12431131116,20710.249202570816,23534.374093830473,11408.822723321235,14831.469540317605,18254.116357313975,21676.763174310345,25099.409991306715,28522.056808303085,10480.106464599488,13756.988219783301,17033.869974967114,20310.751730150925,23587.633485334736,11776.737916782857,14718.444372128655,17660.150827474456,20601.857282820252,23543.563738166053
.DJI,2016-07-01,17949.37005,19.06705,16.6269,14.83259,15.729745,941.3816007195661,1141.11004660279,9413.81600719566,12237.96080935436,15062.105611513058,17886.250413671754,20710.395215830453,23534.54001798915,11411.1004660279,14834.430605836269,18257.76074564464,21681.09088545301,25104.421025261378,28527.75116506975,10480.18035238767,13757.085210537643,17033.990068687617,20310.89492683759,23587.79978498756,11779.089112830758,14721.382872457312,17663.67663208387,20605.970391710423,23548.26415133698
.DJI,2016-07-08,18146.73854,19.27671,16.87293,15.01836,15.910175081967212,941.3815189417695,1140.574408924496,9413.815189417695,12237.959746243003,15062.104303068312,17886.24885989362,20710.39341671893,23534.537973544237,11405.744089244961,14827.467316018448,18249.190542791937,21670.913769565424,25092.636996338915,28514.360223112402,10480.179441974658,13757.084015459988,17033.988588945318,20310.893162430646,23587.797735915974,11773.56000197629,14714.472647307202,17655.385292638115,20596.29793796903,23537.210583299944
.DJI,2016-07-15,18516.54765,19.66733,17.18561,15.36203,16.204065573770492,941.4876167736038,1142.7099924831655,9414.876167736038,12239.33901805685,15063.80186837766,17888.264718698472,20712.727569019284,23537.190419340095,11427.099924831655,14855.229902281151,18283.359879730648,21711.489857180146,25139.61983462964,28567.749812079135,10481.360604227852,13758.634499251133,17035.908394274415,20313.182289297692,23590.45618432097,11795.604527059872,14742.023665122613,17688.442803185353,20634.861941248095,23581.281079310837
.DJI,2016-07-22,18570.8548,19.46349,17.18154,15.38191,16.178467540983604,954.137968062254,1147.874775713828,9541.37968062254,12403.793584809302,15266.207488996064,18128.621393182824,20991.035297369588,23853.449201556352,11478.74775713828,14922.372084279765,18365.99641142125,21809.620738562735,25253.245065704217,28696.8693928457,10622.193995197864,13943.503165144082,17264.8123350903,20586.121505036517,23907.430674982734,11848.917914408923,14808.654181275011,17768.3904481411,20728.126715007187,23687.862981873277
.DJI,2016-07-29,18432.24487,19.14454,17.34252,15.25924,16.14150338797814,962.7938237220638,1141.916240821035,9627.938237220638,12516.31970838683,15404.701179553022,18293.082650719214,21181.464121885405,24069.845593051596,11419.16240821035,14844.911130673456,18270.65985313656,21696.408575599664,25122.157298062768,28547.906020525876,10718.557604120859,14069.997398503963,17421.437192887068,20772.87698727017,24124.316781653273,11787.411038982602,14731.783529073808,17676.156019165013,20620.528509256215,23564.90099934742
.DJI,2016-08-05,18543.53002,19.3777,17.43968,15.42044,16.236963278688524,956.9520644864972,1142.0565349395665,9569.520644864971,12440.376838324464,15311.233031783955,18182.089225243446,21052.945418702937,23923.80161216243,11420.565349395665,14846.734954214364,18272.904559033064,21699.074163851765,25125.243768670465,28551.413373489162,10653.522670022754,13984.62757661483,17315.732483206906,20646.83738979898,23977.94229639106,11788.859222642985,14733.593453927071,17678.32768521116,20623.061916495244,23567.796147779332
.DJI,2016-08-12,18576.47042,19.31057,17.55458,15.45214,16.262096393442622,961.9845721798996,1142.3170771199343,9619.845721798996,12505.799438338694,15391.753154878394,18277.706871418093,21163.66058795779,24049.61430449749,11423.170771199344,14850.122002559146,18277.07323391895,21704.02446527875,25130.975696638554,28557.926927998356,10709.548396690156,14058.171224703878,17406.794052717596,20755.416880731318,24104.039708745036,11791.54866488332,14736.95469082358,17682.360716763844,20627.766742704105,23573.172768644366
.DJI,2016-08-19,18552.5698,19.21661,17.54874,15.40146,16.18762262295082,965.4444670522013,1146.0960162053789,9654.444670522013,12550.778071678616,15447.11147283522,18343.444873991823,21239.778275148426,24136.11167630503,11460.960162053789,14899.248210669924,18337.536259286062,21775.8243079022,25214.112356518337,28652.40040513447,10748.066594022997,14108.733152556912,17469.399711090824,20830.066269624735,24190.73282815865,11830.556699535131,14785.706526191383,17740.856352847633,20696.00617950389,23651.15600616014
.DJI,2016-08-26,18395.40093,19.0548,17.39455,15.27346,16.00946663934426,965.3945950626613,1149.032715730339,9653.945950626614,12550.129735814597,15446.313521002581,18342.497306190566,21238.68109137855,24134.864876566535,11490.32715730339,14937.425304494409,18384.523451685425,21831.62159887644,25278.719746067458,28725.817893258478,10747.51138087191,14108.004337367413,17468.49729386291,20828.99025035841,24189.48320685391,11860.870730600844,14823.592686441229,17786.314642281613,20749.036598122,23711.758553962387
.DJI,2016-09-02,18491.96219,19.16162,17.48866,15.35461,16.054298524590163,965.0521297259835,1151.838690533635,9650.521297259835,12545.677686437786,15440.834075615736,18335.990464793686,21231.146853971637,24126.30324314959,11518.386905336349,14973.902976937254,18429.41904853816,21884.935120139064,25340.45119173997,28795.967263340874,10743.69879467936,14102.999645524347,17462.30049636933,20821.601347214317,24180.902198059302,11889.83535794312,14859.792375974033,17829.749394004946,20799.70641203586,23769.663430066772
.DJI,2016-09-09,18085.4461,18.71904,17.08756,15.02229,15.65992800546448,966.1524362360464,1154.8869250030489,9661.524362360464,12559.981671068603,15458.438979776742,18356.89628848488,21255.35359719302,24153.81090590116,11548.86925003049,15013.530025039636,18478.190800048782,21942.851575057928,25407.512350067074,28872.17312507622,10755.94824873662,14119.07921453767,17482.21018033872,20845.34114613977,24208.47211194082,11921.300706582302,14899.117440934124,17876.934175285944,20854.75090963776,23832.567643989583
.DJI,2016-09-16,18123.79668,18.78809,17.12439,15.01859,15.62846650273224,964.642849805382,1159.665708521787,9646.42849805382,12540.357047469966,15434.285596886111,18328.214146302256,21222.1426957184,24116.07124513455,11596.65708521787,15075.654210783232,18554.651336348594,22033.648461913956,25512.645587479317,28991.64271304468,10739.142377410064,14097.01854419586,17454.89471098165,20812.770877767445,24170.64704455324,11970.629618448187,14960.76820113326,17950.906783818333,20941.045366503404,23931.18394918848
.DJI,2016-09-23,18261.44785,18.92609,17.24887,15.13388,15.705967459016392,964.8822260699385,1162.7076076435249,9648.822260699384,12543.4689389092,15438.115617119016,18332.76229532883,21227.408973538648,24122.055651748462,11627.076076435249,15115.198899365823,18603.321722296398,22091.444545226972,25579.567368157546,29067.69019108812,10741.80729716494,14100.51672141365,17459.22614566236,20817.935569911067,24176.644994159775,12002.029570568373,15000.011534205132,17997.99349784189,20995.97546147865,23993.957425115408
.DJI,2016-09-30,18308.15337,18.94071,17.29179,15.18018,15.710967213114754,966.6033306037631,1165.3103925210435,9666.03330603763,12565.84329784892,15465.65328966021,18365.463281471497,21265.273273282786,24165.083265094076,11653.103925210435,15149.035102773565,18644.966280336695,22140.897457899824,25636.828635462956,29132.75981302609,10760.967949875814,14125.668457659578,17490.36896544334,20855.069473227104,24219.769981010864,12028.896773346136,15033.58988436572,18038.282995385303,21042.976106404887,24047.66921742447
.DJI,2016-10-07,18240.492,18.8727,17.22268,15.16126,15.640005081967214,966.5014544818706,1166.2714880464537,9665.014544818707,12564.518908264317,15464.02327170993,18363.52763515554,21263.031998601153,24162.536362046765,11662.714880464537,15161.529344603898,18660.34380874326,22159.158272882618,25657.97273702198,29156.787201161344,10759.83378692827,14124.179668746854,17488.525550565435,20852.871432384018,24217.217314202597,12038.817665615425,15045.988912179639,18053.16015874385,21060.33140530806,24067.502651872277
.DJI,2016-10-14,18138.38359,18.7716,17.14012,15.06121,15.504256393442624,966.2673181827869,1169.8970353503348,9662.67318182787,12561.47513637623,15460.27709092459,18359.07904547295,21257.881000021313,24156.68295456967,11698.970353503348,15208.661459554352,18718.352565605357,22228.04367165636,25737.734777707366,29247.42588375837,10757.227202478816,14120.75806690663,17484.288931334442,20847.819795762254,24211.350660190066,12076.242316202228,15092.761850636833,18109.281385071437,21125.800919506044,24142.32045394065
.DJI,2016-10-21,18145.71129,18.50019,16.93952,15.04369,15.411460300546448,980.8391854353928,1177.4167363852341,9808.391854353928,12750.909410660106,15693.426966966284,18635.94452327246,21578.46207957864,24520.979635884818,11774.16736385234,15306.417573008044,18838.667782163746,22370.91799131945,25903.16820047515,29435.418409630853,10919.452379560702,14333.707225162443,17747.962070764184,21162.216916365924,24576.471761967663,12153.864302666743,15189.773000745216,18225.681698823686,21261.59039690216,24297.49909498063
.DJI,2016-10-28,18161.18849,18.40826,16.69791,15.11827,15.394491202185792,986.5782257530045,1179.7199564102111,9865.782257530045,12825.516934789059,15785.251612048072,18744.986289307086,21704.7209665661,24664.455643825113,11797.199564102111,15336.359433332746,18875.519302563378,22414.67917179401,25953.839041024643,29492.99891025528,10983.343768060564,14417.575941754892,17851.80811544922,21286.040289143548,24720.272462837875,12177.639252332141,15219.48668517744,18261.33411802274,21303.18155086804,24345.028983713342
.DJI,2016-11-04,17888.28306,18.12898,16.44261,14.90325,15.14298639344262,986.723084255154,1181.2916286939399,9867.23084255154,12827.400095317003,15787.569348082465,18747.738600847926,21707.90785361339,24668.077106378852,11812.916286939399,15356.791173021218,18900.666059103038,22444.540945184857,25988.415831266677,29532.290717348496,10984.956443756524,14419.692863050166,17854.429282343808,21289.16570163745,24723.902120931092,12193.862812839141,15239.762722101033,18285.662631362924,21331.562540624815,24377.462449886705
.DJI,2016-11-11,18847.66377,19.10819,17.32318,15.69035,15.913414207650272,986.3657295641292,1184.388436325569,9863.657295641293,12822.75448433368,15781.851673026067,18740.948861718454,21700.04605041084,24659.14323910323,11843.884363255691,15397.049672232397,18950.214981209105,22503.38029018581,26056.54559916252,29609.710908139226,10980.978097877605,14414.470582381991,17847.963066886376,21281.455551390758,24714.948035895144,12225.829557121915,15279.714426113529,18333.599295105145,21387.48416409676,24441.369033088373
.DJI,2016-11-18,18867.93479,19.01446,17.40194,15.72771,15.924409153005463,992.2940115049283,1184.843632734656,9922.940115049283,12899.822149564068,15876.704184078853,18853.58621859364,21830.46825310842,24807.35028762321,11848.43632734656,15402.967225550528,18957.498123754496,22512.029021958464,26066.55992016243,29621.0908183664,11046.976268940103,14501.104822682977,17955.233376425847,21409.36193016872,24863.49048391159,12230.528314338573,15285.586883936758,18340.645453534944,21395.704023133127,24450.762592731313
.DJI,2016-11-25,19152.13994,19.30413,17.66067,15.95709,16.12465524590164,992.1265521937534,1187.7550030018688,9921.265521937534,12897.645178518793,15874.024835100054,18850.404491681315,21826.784148262574,24803.163804843833,11877.550030018687,15440.815039024294,19004.0800480299,22567.345057035505,26130.610066041114,29693.87507504672,11045.111983743262,14498.65761953882,17952.203255334378,21405.748891129933,24859.29452692549,12260.58088457055,15323.146273160193,18385.711661749836,21448.277050339482,24510.842438929125
.DJI,2016-12-02,19170.42495,19.30895,17.68256,15.95222,16.089323442622952,992.8258631360069,1191.4997556214678,9928.25863136007,12906.736220768089,15885.21381017611,18863.69139958413,21842.16898899215,24820.646578400174,11914.997556214677,15489.496823079082,19063.996089943485,22638.49535680789,26212.99462367229,29787.493890536694,11052.897248285943,14508.877152418887,17964.857056551828,21420.83696068477,24876.81686481771,12299.236030008173,15371.457071264089,18443.678112520007,21515.899153775925,24588.120195031843
.DJI,2016-12-09,19756.84632,19.90425,18.21925,16.41004,16.51879032786885,992.5943615057085,1196.0225856652607,9925.943615057085,12903.72669957421,15881.509784091337,18859.292868608463,21837.07595312559,24814.859037642713,11960.225856652607,15548.29361364839,19136.361370644172,22724.429127639953,26312.496884635737,29900.564641631518,11050.319994985535,14505.494052885224,17960.66811078491,21415.842168684598,24871.016226584285,12345.922866467663,15429.805793142363,18513.688719817063,21597.57164649176,24681.454573166462
.DJI,2016-12-16,19843.40905,19.97879,18.29503,16.4655,16.540480737704918,993.2237663041655,1199.6875643865585,9932.237663041655,12911.90896195415,15891.580260866647,18871.251559779143,21850.92285869164,24830.594157604137,11996.875643865586,15595.93833702526,19195.001030184936,22794.06372334461,26393.12641650429,29992.189109663963,11057.327010841214,14514.691997095812,17972.05698335041,21429.421969605006,24886.786955859603,12383.754547192337,15477.087433625906,18570.420320059475,21663.753206493046,24757.086092926616
.DJI,2016-12-23,19933.80683,20.06585,18.3758,16.53111,16.571431092896177,993.4195077706651,1202.901953262516,9934.19507770665,12914.453601018646,15894.712124330641,18874.970647642636,21855.22917095463,24835.487694266627,12029.01953262516,15637.725392412707,19246.431252200255,22855.137111987802,26463.84297177535,30072.548831562897,11059.506154633475,14517.55250768133,17975.598860729184,21433.64521377704,24891.691566824895,12416.93502187654,15518.556045250889,18620.17706862524,21721.798091999586,24823.419115373934
.DJI,2016-12-30,19762.59891,19.89138,18.21797,16.3934,16.398385163934424,993.5257840330836,1205.155185247424,9935.257840330836,12915.835192430086,15896.412544529338,18876.989896628587,21857.56724872784,24838.14460082709,12051.55185247424,15667.017408216512,19282.482963958784,22897.948519701058,26513.41407544333,30128.8796311856,11060.689303312472,14519.10559900671,17977.521894700945,21435.938190395183,24894.354486089418,12440.193970845685,15547.62483738803,18655.055703930375,21762.486570472716,24869.91743701506
.DJI,2017-01-06,19963.80246,20.10868,16.54658,,16.54658,992.7952734838885,1206.521375414134,9927.952734838886,12906.338555290551,15884.724375742217,18863.110196193884,21841.49601664555,24819.881837097215,12065.21375414134,15684.777880383741,19304.342006626142,22923.906132868546,26543.470259110945,30163.03438535335,11052.556700870451,14508.430123870176,17964.303546869898,21420.17696986962,24876.050392869343,12454.296445682936,15565.249963536553,18676.20348139017,21787.15699924379,24898.110517097408
.DJI,2017-01-13,19885.73164,20.03007,16.47093,,16.47093,992.7939163467728,1207.3229404775566,9927.939163467729,12906.320912508047,15884.702661548365,18863.084410588683,21841.466159629003,24819.84790866932,12073.229404775566,15695.198226208235,19317.167047640905,22939.135869073576,26561.104690506247,30183.073511938914,11052.541592181557,14508.410291051126,17964.278989920695,21420.14768879026,24876.016387659827,12462.570587462596,15575.590899742454,18688.61121202231,21801.631524302167,24914.651836582023
.DJI,2017-01-20,19827.24702,19.27777,16.38292,,16.38292,1028.5031422202878,1210.2388963627973,10285.03142220288,13370.540848863742,16456.050275524605,19541.55970218547,22627.06912884633,25712.578555507196,12102.388963627973,15733.105652716364,19363.822341804756,22994.53903089315,26625.255719981542,30255.97240906993,11450.084020366394,15030.254846722046,18610.425673077698,22190.596499433344,25770.767325788995,12492.670492658935,15613.209447711268,18733.748402763602,21854.287357815934,24974.826312868267
.DJI,2017-01-27,20093.78351,18.63922,16.69323,14.9263,16.562525589041094,1078.0377885984499,1213.207696010772,10780.377885984499,14014.491251779848,17248.604617575198,20482.71798337055,23716.8313491659,26950.944714961246,12132.076960107719,15771.700048140036,19411.323136172352,23050.94622420467,26690.569312236985,30330.1924002693,12001.541609231606,15754.140198398074,19506.73878756454,23259.337376731008,27011.935965897475,12523.315876700328,15651.509729458472,18779.703582216614,21907.89743497476,25036.091287732903
.DJI,2017-02-03,20071.458,18.65589,16.66518,14.87708,16.49861726027397,1075.8778058832893,1216.553950150044,10758.778058832893,13986.411476482761,17214.04489413263,20441.678311782496,23669.311729432364,26896.94514708223,12165.539501500441,15815.201351950573,19464.863202400706,23114.525052850837,26764.18690330097,30413.848753751103,11977.495028763473,15722.574820189026,19467.654611614576,23212.73440304013,26957.814194465678,12557.85752832982,15694.679525850526,18831.501523371233,21968.323520891943,25105.14551841265
.DJI,2017-02-10,20269.37436,18.90792,16.841,15.08064,16.643260931506852,1072.0044489293375,1217.872774056475,10720.044489293376,13936.057836081387,17152.0711828694,20368.08452965741,23584.097876445427,26800.111223233438,12178.727740564751,15832.346062734176,19485.9643849036,23139.582707073027,26793.20102924245,30446.819351411876,11934.37385514423,15665.970674085454,19397.56749302668,23129.164311967903,26860.761130909126,12571.471065748256,15711.693583106196,18851.916100464136,21992.138617822075,25132.361135180017
.DJI,2017-02-17,20624.04869,19.22318,17.13567,15.36781,16.903184301369862,1072.87393084807,1220.1280138872173,10728.739308480699,13947.361101024908,17165.98289356912,20384.60468611333,23603.22647865754,26821.848271201747,12201.280138872173,15861.664180533826,19522.048222195477,23182.43226385713,26842.81630551878,30503.200347180435,11944.053593216962,15678.677037621645,19413.300482026327,23147.92392643101,26882.547370835688,12594.750740671989,15740.78827832548,18886.825815978973,22032.863353632467,25178.90089128596
.DJI,2017-02-24,20821.7596,19.41642,17.31728,15.63255,17.06341657534247,1072.378924642133,1220.2573563191638,10723.78924642133,13940.926020347728,17158.062794274127,20375.199568200525,23592.336342126924,26809.473116053323,12202.573563191638,15863.34563214913,19524.11770110662,23184.889770064114,26845.661839021603,30506.433907979095,11938.542805339011,15671.443156537061,19404.34350773511,23137.243858933158,26870.144210131206,12596.085875733243,15742.456916217163,18888.827956701083,22035.198997185,25181.570037668924
.DJI,2017-03-03,21005.70539,19.66556,17.47763,15.78718,17.190485068493153,1068.1468206346526,1221.9379096230048,10681.468206346526,13885.908668250484,17090.34913015444,20294.789592058398,23499.230053962357,26703.670515866317,12219.379096230048,15885.192825099062,19551.006553968076,23216.820282837092,26882.634011706105,30548.44774057512,11891.427784995982,15609.596382172382,19327.76497934878,23045.933576525178,26764.102173701573,12613.433358724684,15764.1376197541,18914.841880783515,22065.54614181293,25216.250402842346
.DJI,2017-03-10,20902.98063,19.60193,17.38195,15.68889,17.06189208219178,1066.3735984160742,1225.1267637437072,10663.735984160741,13862.856779408965,17061.977574657187,20261.09836990541,23460.21916515363,26659.339960401856,12251.267637437071,15926.647928668193,19602.028219899315,23277.408511130438,26952.78880236156,30628.16909359268,11871.686918336429,15583.683012780462,19295.679107224496,23007.675201668528,26719.671296112563,12646.350251330614,15805.276809243345,18964.20336715608,22123.12992506881,25282.05648298154
.DJI,2017-03-17,20914.62277,19.62965,17.36993,15.68306,17.018691315068494,1065.4608090312358,1228.920742659103,10654.608090312358,13850.990517406066,17047.372944499773,20243.75537159348,23440.13779868719,26636.520225780896,12289.20742659103,15975.96965456834,19662.73188254565,23349.49411052296,27036.25633850027,30723.018566477578,11861.525048410844,15570.343766148813,19279.162483886783,22987.98120162475,26696.79991936272,12685.513534372152,15854.222672431433,19022.931810490714,22191.640948549993,25360.350086609276
.DJI,2017-03-24,20596.7239,19.29644,17.13057,15.44111,16.74639142465753,1067.3846522985586,1229.920128922414,10673.846522985586,13876.000479881262,17078.15443677694,20280.308393672614,23482.46235056829,26684.616307463966,12299.20128922414,15988.961675991382,19678.722062758625,23368.482449525865,27058.24283629311,30748.00322306035,11882.942743844724,15598.458269066705,19313.973794288682,23029.489319510663,26745.00484473264,12695.829682134347,15867.115686443076,19038.401690751805,22209.687695060533,25380.97369936926
.DJI,2017-03-31,20663.22106,19.36325,17.15481,15.49105,16.74456780821918,1067.1359952487314,1234.025344616976,10671.359952487313,13872.767938233508,17074.175923979703,20275.583909725898,23476.991895472092,26678.399881218287,12340.253446169761,16042.32948002069,19744.405513871618,23446.481547722546,27148.557581573474,30850.6336154244,11880.174503286282,15594.824465070473,19309.47442685466,23024.124388638847,26738.77435042304,12738.20570155298,15920.07679408873,19101.94788662448,22283.81897916023,25465.69007169598
.DJI,2017-04-07,20656.09881,19.32702,17.18135,15.49417,16.732976136986302,1068.7679119698741,1234.4545668921435,10687.679119698741,13893.982855608363,17100.286591517986,20306.59032742761,23512.894063337233,26719.197799246853,12344.545668921435,16047.909369597864,19751.273070274296,23454.636770950725,27158.000471627158,30861.364172303587,11898.342249017216,15618.672835775935,19339.00342253465,23059.33400929337,26779.664596052084,12742.636341212548,15925.61416138204,19108.591981551534,22291.569801721027,25474.54762189052
.DJI,2017-04-13,20453.25166,19.11598,17.00399,15.34256,16.53514810958904,1069.9556946596513,1236.956060172136,10699.556946596513,13909.424030575467,17119.29111455442,20329.158198533376,23539.025282512328,26748.89236649128,12369.56060172136,16080.428782237766,19791.296962754175,23502.165143270584,27213.033323786993,30923.901504303398,11911.56555484643,15636.030757008275,19360.49595917012,23084.961161331965,26809.42636349381,12768.457963191864,15957.885755552368,19147.31354791287,22336.741340273373,25526.169132633877
.DJI,2017-04-21,20547.75844,19.36198,17.04914,15.37513,16.540057506849315,1061.2426229135658,1242.3027206218042,10612.426229135657,13796.154097876355,16979.881966617053,20163.60983535775,23347.33770409845,26531.065572839147,12423.027206218041,16149.935368083454,19876.843529948866,23603.75169181428,27330.659853679692,31057.568015545105,11814.564972667564,15508.700383900492,19202.835795133415,22896.97120636634,26591.106617599267,12823.648775051059,16026.862657300731,19230.076539550402,22433.290421800077,25636.504304049748
.DJI,2017-04-28,20940.50941,19.92216,17.23409,15.59267,16.70343915068493,1051.1164155894742,1253.6645430376132,10511.164155894741,13664.513402663164,16817.862649431587,19971.21189620001,23124.561142968432,26277.910389736855,12536.645430376131,16297.63905948897,20058.63268860181,23819.62631771465,27580.61994682749,31341.61357594033,11701.832283860995,15360.718846009144,19019.60540815729,22678.49197030544,26337.37853245359,12940.930994341305,16173.440753260844,19405.95051218038,22638.46027109992,25870.970030019456
.DJI,2017-05-05,21006.93808,19.61767,17.26968,15.63793,16.710861506849316,1070.8171806335818,1257.082890154397,10708.171806335817,13920.623348236562,17133.074890137308,20345.526432038052,23557.9779739388,26770.429515839543,12570.828901543971,16342.077572007162,20113.326242470353,23884.574912933545,27655.823583396737,31427.072253859926,11921.156275942893,15648.620270062265,19376.084264181638,23103.54825830101,26831.01225242038,12976.216824509096,16217.540616238084,19458.864407967074,22700.188199696062,25941.51199142505
.DJI,2017-05-12,20896.6117,19.75918,17.16488,15.52824,16.57299923287671,1057.564721815379,1260.8829220571204,10575.64721815379,13748.341383599927,16921.035549046064,20093.7297144922,23266.42387993834,26439.118045384475,12608.829220571204,16391.477986742564,20174.126752913926,23956.775519085288,27739.42428525665,31522.073051428008,11773.619763203327,15454.952574547717,19136.285385892104,22817.61819723649,26498.95100858088,13015.442589409717,16266.56456860279,19517.686547795864,22768.808526988938,26019.930506182012
.DJI,2017-05-19,20804.84425,19.61989,17.08808,15.50924,16.48682312328767,1060.395560321694,1261.9074089909482,10603.955603216938,13785.14228418202,16966.328965147102,20147.515646112184,23328.702327077266,26509.889008042348,12619.074089909482,16404.796316882326,20190.51854385517,23976.240770828015,27761.96299780086,31547.685224773704,11805.134823697377,15496.32165008401,19187.50847647064,22878.69530285727,26569.8821292439,13026.017838417833,16279.781404652573,19533.544970887313,22787.30853712205,26041.07210335679
.DJI,2017-05-26,21080.28356,19.86712,17.33756,15.71423,16.688228000000002,1061.0638864616512,1263.1828591987116,10610.638864616512,13793.830524001467,16977.02218338642,20160.213842771373,23343.405502156325,26526.597161541282,12631.828591987116,16421.37716958325,20210.925747179386,24000.47432477552,27790.022902371657,31579.57147996779,11812.575141710407,15506.088379802113,19199.601617893815,22893.11485598552,26586.628094077223,13039.183651567013,16296.235900780392,19553.288149993772,22810.340399207147,26067.392648420526
.DJI,2017-06-02,21206.29259,19.98781,17.43651,15.79949,16.750307095890413,1060.9612854034535,1266.0241074148926,10609.612854034534,13792.496710244895,16975.380566455256,20158.264422665616,23341.14827887598,26524.032135086338,12660.241074148926,16458.313396393605,20256.38571863828,24054.458040882957,27852.530363127637,31650.602685372316,11811.432908217172,15504.588996874681,19197.745085532188,22890.901174189697,26584.057262847204,13068.51238811587,16332.890650206715,19597.26891229756,22861.647174388407,26126.025436479253
.DJI,2017-06-09,21271.96795,20.05246,17.51443,15.88023,16.798068356164386,1060.8158774534395,1266.3341700353199,10608.158774534395,13790.606406894713,16973.054039255032,20155.50167161535,23337.94930397567,26520.396936335987,12663.341700353198,16462.34421045916,20261.346720565118,24060.349230671076,27859.351740777038,31658.354250882996,11809.81411564713,15502.46404610328,19195.113976559427,22887.76390701557,26580.41383747172,13071.713004259285,16336.890746922485,19602.068489585683,22867.246232248883,26132.423974912082
.DJI,2017-06-16,21384.28034,20.15084,17.61585,16.00104,16.87701912328767,1061.2103684015158,1267.0650061949038,10612.103684015157,13795.734789219705,16979.365894424252,20162.9969996288,23346.628104833348,26530.259210037893,12670.650061949038,16471.84508053375,20273.04009911846,24074.235117703174,27875.430136287883,31676.625154872596,11814.205890757312,15508.229025558287,19202.25216035926,22896.275295160234,26590.298429961207,13079.257048128015,16346.319214364607,19613.3813806012,22880.443546837792,26147.505713074384
.DJI,2017-06-23,21394.75827,19.98392,17.63643,16.00469,16.858559424657535,1070.5986748345667,1269.0739304040276,10705.986748345667,13917.782772849368,17129.578797353068,20341.374821856767,23553.170846360466,26764.96687086417,12690.739304040275,16497.961095252358,20305.18288646444,24112.404677676524,27919.626468888608,31726.84826010069,11918.723702181125,15645.4270879417,19372.130473702273,23098.833859462848,26825.53724522342,13099.994134222945,16372.236208551367,19644.47828287979,22916.720357208214,26188.962431536638
.DJI,2017-06-30,21349.62786,19.90366,17.59575,16.02024,16.814469698630134,1072.6483400540403,1269.7175850713475,10726.483400540403,13944.428420702525,17162.373440864645,20380.318461026767,23598.263481188886,26816.208501351008,12697.175850713475,16506.328605927516,20315.48136114156,24124.634116355603,27933.786871569646,31742.939626783686,11941.542143869045,15675.380317382152,19409.21849089526,23143.056664408366,26876.89483792147,13106.63824861561,16380.539953508718,19654.441658401825,22928.34336329493,26202.24506818804
.DJI,2017-07-07,21414.34445,19.96972,17.66002,16.08543,16.84899830136986,1072.3407463900346,1270.956532072234,10723.407463900347,13940.42970307045,17157.451942240554,20374.474181410656,23591.496420580763,26808.518659750865,12709.56532072234,16522.43491693904,20335.304513155745,24148.17410937245,27961.04370558915,31773.91330180585,11938.11777582152,15670.885230328493,19403.652684835462,23136.420139342434,26869.187593849405,13119.427258030579,16396.52352425462,19673.61979047866,22950.7160567027,26227.81232292674
.DJI,2017-07-14,21637.73655,20.13818,17.89679,16.26504,17.02503315068493,1074.46336014476,1270.9365296671683,10744.6336014476,13968.02368188188,17191.41376231616,20414.80384275044,23638.193923184717,26861.584003619,12709.365296671684,16522.174885673187,20334.984474674693,24147.7940636762,27960.603652677702,31773.41324167921,11961.74833642625,15701.904509089089,19442.060681751926,23182.21685441476,26922.3730270776,13119.220783543355,16396.265474591295,19673.310165639235,22950.354856687176,26227.399547735116
.DJI,2017-07-21,21580.07372,20.03402,17.81754,16.33573,16.99746980821918,1077.1714174189703,1269.6050626055467,10771.714174189703,14003.228426446614,17234.742678703526,20466.256930960437,23697.771183217348,26929.28543547426,12696.050626055467,16504.865813872108,20313.681001688747,24122.496189505386,27931.311377322025,31740.126565138668,11991.896502288666,15741.479294327988,19491.06208636731,23240.64487840663,26990.22767044595,13105.476737369778,16379.088308852939,19652.699880336102,22926.311451819263,26199.923023302425
.DJI,2017-07-28,21830.31122,20.01287,17.79318,16.50506,17.05559895890411,1090.8136224339637,1279.9498436027181,10908.136224339636,14180.577091641528,17453.01795894342,20725.45882624531,23997.899693547202,27270.340560849094,12799.498436027181,16639.347966835336,20479.19749764349,24319.047028451645,28158.8965592598,31998.746090067954,12143.771967936276,15940.842630840443,19737.913293744605,23534.98395664877,27332.054619552935,13212.260563856249,16512.545622846857,19812.830681837466,23113.115740828074,26413.400799818683
.DJI,2017-08-04,22092.80721,20.19319,18.06487,16.63203,17.21694276712329,1094.072170370308,1283.2015247322215,10940.721703703079,14222.938214814003,17505.154725924927,20787.37123703585,24069.587748146776,27351.8042592577,12832.015247322215,16681.619821518878,20531.224395715544,24380.82896991221,28230.433544108873,32080.038118305536,12180.048617101382,15988.46213135824,19796.875645615095,23605.28915987195,27413.702674128806,13245.82598719553,16554.49533929101,19863.164691386493,23171.834043481973,26480.503395577456
.DJI,2017-08-11,21858.32084,19.98955,17.93677,16.41867,17.00927328767123,1093.4873891608365,1285.0825823254593,10934.873891608366,14215.336059090874,17495.798226573384,20776.260394055895,24056.722561538405,27337.18472902091,12850.825823254592,16706.073570230972,20561.32131720735,24416.569064183725,28271.816811160104,32127.06455813648,12173.538385185586,15979.91630369168,19786.294222197772,23592.672140703864,27399.050059209956,13265.243172315475,16578.762734988417,19892.28229766136,23205.801860334304,26519.32142300725
.DJI,2017-08-18,21674.51201,19.82662,17.81812,16.26953,16.842296164383562,1093.2025736106307,1286.9095637823502,10932.025736106307,14211.633456938198,17491.24117777009,20770.848898601984,24050.456619433877,27330.064340265766,12869.095637823502,16729.82432917055,20590.553020517604,24451.281711864656,28312.010403211705,32172.739094558754,12170.36760053137,15975.75408956887,19781.140578606366,23586.527067643863,27391.91355668136,13284.102157434636,16602.33249813952,19920.562838844406,23238.79317954929,26557.023520254177
.DJI,2017-08-25,21813.66981,19.95425,17.9257,16.38868,16.92768975342466,1093.1841492413898,1288.6383273645981,10931.841492413898,14211.393940138069,17490.946387862237,20770.498835586408,24050.051283310575,27329.603731034746,12886.38327364598,16752.298255739777,20618.21323783357,24484.128219927363,28350.04320202116,32215.958184114952,12170.162486354107,15975.484841033098,19780.80719571209,23586.129550391077,27391.451905070066,13301.94729020771,16624.63515918961,19947.323028171508,23270.01089715341,26592.69876613531
.DJI,2017-09-01,21987.55585,20.02179,17.99363,16.42648,16.94600095890411,1098.1813239475591,1297.5070580558922,10981.813239475592,14276.357211318269,17570.901183160946,20865.445155003625,24159.9891268463,27454.53309868898,12975.070580558922,16867.5917547266,20760.112928894276,24652.63410306195,28545.155277229627,32437.676451397307,12225.794859169777,16048.512142811851,19871.229426453923,23693.946710095996,27516.663993738068,13393.49461243264,16739.050048873512,20084.605485314387,23430.16092175526,26775.716358196136
.DJI,2017-09-08,21797.79308,19.84524,17.83809,16.28715,16.771553178082193,1098.3889879890594,1299.6883978811406,10983.889879890594,14279.056843857772,17574.22380782495,20869.39077179213,24164.557735759307,27459.724699726485,12996.883978811406,16895.949172454828,20795.01436609825,24694.079559741673,28593.144753385095,32492.209947028517,12228.106734190455,16051.546886545848,19874.98703890124,23698.427191256633,27521.867343612026,13416.011455802358,16767.19136516288,20118.3712745234,23469.55118388392,26820.73109324444
.DJI,2017-09-15,22268.34416,20.27364,18.385,16.68578,17.183907506849316,1098.3890490311558,1295.8836138476702,10983.890490311558,14279.057637405025,17574.224784498492,20869.39193159196,24164.559078685426,27459.726225778893,12958.836138476701,16846.486980019712,20734.137821562723,24621.788663105734,28509.439504648744,32397.090346191755,12228.107413757783,16051.54777859783,19874.988143437873,23698.428508277917,27521.86887311796,13376.736637112654,16718.106105883562,20059.47557465447,23400.84504342538,26742.214512196286
.DJI,2017-09-22,22349.59237,20.34761,18.44287,16.76708,17.226200547945204,1098.3890673155224,1297.4185635303038,10983.890673155223,14279.057875101791,17574.22507704836,20869.392278994925,24164.559480941494,27459.72668288806,12974.185635303038,16866.44132589395,20758.69701648486,24650.952707075772,28543.208397666684,32435.464088257595,12228.107617313344,16051.548045800406,19874.988474287467,23698.42890277453,27521.869331261587,13392.581129192344,16737.908387035393,20083.23564487844,23428.56290272149,26773.890160564537
.DJI,2017-09-29,22405.08903,20.39814,18.49307,16.79822,17.230058493150686,1098.3888251575877,1300.3489825009299,10983.888251575878,14279.05472704864,17574.221202521403,20869.387677994167,24164.55415346693,27459.720628939693,13003.4898250093,16904.53677251209,20805.583720014878,24706.630667517667,28607.677615020457,32508.724562523246,12228.104921425907,16051.544506972645,19874.984092519382,23698.423678066116,27521.86326361285,13422.830329342407,16775.71352228219,20128.596715221975,23481.479908161757,26834.363101101542
.DJI,2017-10-06,22773.66671,20.75452,18.81899,17.08147,17.490858273972602,1097.287083006497,1302.032544845928,10972.870830064969,14264.73207908446,17556.59332810395,20848.45457712344,24140.31582614293,27432.177075162424,13020.32544845928,16926.423082997062,20832.520717534848,24738.618352072634,28644.715986610416,32550.813621148198,12215.83948471413,16035.44395790624,19855.04843109835,23674.652904290455,27494.257377482565,13440.208873110185,16797.43304525384,20154.657217397493,23511.881389541148,26869.105561684803
.DJI,2017-10-13,22871.7154,20.82277,18.8907,17.15821,17.533187287671232,1098.3992715666552,1304.48132588435,10983.992715666553,14279.190530366517,17574.388345066483,20869.586159766448,24164.783974466416,27459.98178916638,13044.8132588435,16958.257236496553,20871.7012141496,24785.14519180265,28698.589169455703,32612.033147108752,12228.22121884555,16051.697167848508,19875.173116851463,23698.649065854417,27522.12501485737,13465.486373869431,16829.02460239134,20192.562830913244,23556.101059435154,26919.63928795706
.DJI,2017-10-20,23328.6333,21.32543,19.10784,17.43017,17.761107643835615,1093.9349546527314,1313.4672548475162,10939.349546527315,14221.15441048551,17502.959274443703,20784.764138401897,24066.56900236009,27348.373866318285,13134.672548475162,17075.07431301771,21015.47607756026,24955.877842102807,28896.279606645356,32836.68137118791,12178.521026731774,15986.456899561184,19794.39277239059,23602.32864522,27410.264518049407,13558.243473269104,16944.951458986194,20331.659444703284,23718.367430420378,27105.075416137468
.DJI,2017-10-27,23434.18712,21.15893,18.84246,17.38852,17.647440821917808,1107.531766492918,1327.908525461389,11075.31766492918,14397.912964407933,17720.508263886688,21043.103563365443,24365.698862844198,27688.29416232295,13279.08525461389,17262.810830998056,21246.536407382224,25230.26198376639,29213.98756015056,33197.71313653472,12329.891140821232,16185.156873019467,20040.422605217704,23895.688337415937,27750.95406961417,13707.31324438341,17131.25730609052,20555.20136779763,23979.14542950474,27403.08949121185
.DJI,2017-11-03,23539.1901,21.12387,18.8885,17.41008,17.64500701369863,1114.3407955076414,1334.0425470913922,11143.407955076415,14486.430341599338,17829.45272812226,21172.475114645185,24515.49750116811,27858.519887691033,13340.425470913922,17342.5531121881,21344.680753462275,25346.80839473645,29348.93603601063,33351.0636772848,12405.69446228449,16284.66210265745,20163.62974303041,24042.59738340337,27921.56502377633,13770.631578679864,17210.39190071796,20650.152222756056,24089.91254479415,27529.672866832247
.DJI,2017-11-10,23422.20645,21.01464,18.83176,17.29251,17.50758328767123,1114.5661524537181,1337.8320734018055,11145.661524537181,14489.359981898335,17833.05843925949,21176.756896620645,24520.4553539818,27864.153811342952,13378.320734018054,17391.816954223472,21405.313174428888,25418.809394634303,29432.30561483972,33445.80183504514,12408.203308258047,16287.955405508914,20167.70750275978,24047.459600010643,27927.211697261504,13809.748899781947,17259.280321152895,20708.81174252384,24158.343163894788,27607.874585265734
.DJI,2017-11-17,23358.2407,20.9925,19.10832,17.24082,17.465943287671234,1112.6945671073001,1337.3592433732445,11126.945671073001,14465.029372394902,17803.113073716802,21141.1967750387,24479.280476360604,27817.364177682502,13373.592433732445,17385.670163852177,21397.74789397191,25409.825624091645,29421.90335421138,33433.98108433111,12387.367387988994,16260.604585108573,20133.841782228148,24007.078979347727,27880.316176467302,13804.86811982718,17253.180373207677,20701.492626588173,24149.80487996867,27598.117133349166
.DJI,2017-11-24,23557.98736,21.1722,19.25256,17.38222,17.57181610958904,1112.6849056782007,1340.6688991665621,11126.849056782008,14464.90377381661,17802.95849085121,21141.013207885815,24479.067924920415,27817.12264195502,13406.688991665622,17428.695689165306,21450.702386664994,25472.709084164682,29494.715781664367,33516.722479164055,12387.259829567047,16260.463395708573,20133.666961850096,24006.87052799162,27880.074094133146,13839.031985650943,17295.878016835064,20752.724048019183,24209.570079203302,27666.41611038742
.DJI,2017-12-01,24231.5901,21.79477,19.79571,17.88476,18.041824383561643,1111.8075620894372,1343.078703397535,11118.075620894371,14453.498307162683,17788.920993430995,21124.343679699305,24459.76636596762,27795.189052235928,13430.78703397535,17460.023144167957,21489.25925436056,25518.495364553164,29547.73147474577,33576.96758493838,12377.492569367543,16247.642143943813,20117.79171852008,23987.941293096348,27858.090867672614,13863.907148975999,17326.966736838393,20790.026324700786,24253.085912563176,27716.14550042557
.DJI,2017-12-08,24329.15681,21.88611,19.87868,17.96217,18.082936383561645,1111.625446915875,1345.42069351726,11116.25446915875,14451.130809906375,17786.007150654,21120.883491401626,24455.75983214925,27790.636172896877,13454.206935172599,17490.46901572438,21526.73109627616,25562.99317682794,29599.25525737972,33635.517337931495,12375.465123895507,16244.980764160193,20114.496404424877,23984.012044689563,27853.527684954246,13888.08230228723,17357.180591618326,20826.278880949423,24295.37717028052,27764.475459611618
.DJI,2017-12-15,24651.73974,22.18749,20.12978,18.17861,18.264140739726027,1111.0648270714714,1349.7344381704427,11110.648270714715,14443.842751929129,17777.037233143543,21110.231714357957,24443.42619557237,27776.620676786784,13497.344381704426,17546.547696215755,21595.751010727083,25644.95432523841,29694.157639749737,33743.360954261065,12369.22387478464,16236.788023868388,20104.352172952134,23971.916322035882,27839.48047111963,13932.610858346401,17412.83191713472,20893.05297592304,24373.274034711358,27853.495093499678
.DJI,2017-12-22,24754.0574,22.27308,20.2187,18.17807,18.22838690410959,1111.389058001857,1357.9949520612379,11113.89058001857,14448.05775402414,17782.22492802971,21116.392102035283,24450.559276040854,27784.726450046423,13579.94952061238,17653.934376796093,21727.919232979806,25801.90408916352,29875.888945347233,33949.87380153095,12372.833461612836,16241.526243240634,20110.21902486843,23978.91180649623,27847.604588124028,14017.879872958209,17519.4002433638,21020.920613769395,24522.440984174988,28023.96135458058
.DJI,2017-12-29,24719.21707,22.24625,20.19091,18.14003,18.151267698630136,1111.1633228072146,1361.8452154647878,11111.633228072147,14445.12319649379,17778.613164915434,21112.103133337077,24445.59310175872,27779.083070180364,13618.452154647877,17703.98780104224,21789.523447436604,25875.05909383097,29960.59474022533,34046.1303866197,12370.320404686798,16238.227412771314,20106.13442085583,23974.04142894034,27841.948437024857,14057.624151674627,17569.07222889422,21080.520306113813,24591.96838333341,28103.416460553002
.DJI,2018-01-05,25295.8728,22.75021,18.49732,,18.49732,1111.896233045761,1367.5425845473833,11118.962330457609,14454.651029594892,17790.339728732175,21126.028427869456,24461.71712700674,27797.405826144022,13675.425845473834,17778.05359911598,21880.681352758133,25983.309106400284,30085.93686004243,34188.56461368458,12378.47972230699,16248.937956291233,20119.39619027547,23989.854424259713,27860.31265824395,14116.435147452266,17642.57359879302,21168.712050133774,24694.85050147453,28220.988952815285
.DJI,2018-01-12,25803.19213,23.31033,18.60544,,18.60544,1106.9423783361283,1386.862774005882,11069.423783361282,14390.250918369667,17711.078053378053,21031.905188386438,24352.732323394823,27673.559458403208,13868.62774005882,18029.216062076466,22189.804384094114,26350.39270611176,30510.981028129405,34671.56935014705,12323.329620842514,16176.543720724118,20029.75782060572,23882.97192048732,27736.18602036892,14315.867475636514,17891.82204510521,21467.776614573904,25043.7311840426,28619.685753511294
.DJI,2018-01-19,26071.72435,26.26877,18.44348,,18.44348,992.4988627179728,1413.6011398065875,9924.988627179728,12902.485215333647,15879.981803487564,18857.47839164148,21834.9749797954,24812.47156794932,14136.011398065875,18376.81481748564,22617.6182369054,26858.42165632516,31099.225075744926,35340.02849516469,11049.25682940195,14504.098460535235,17958.94009166852,21413.781722801803,24868.623353935087,14591.873803365928,18236.771878390675,21881.669953415425,25526.56802844017,29171.46610346492
.DJI,2018-01-26,26616.70705,27.81242,18.4508,,18.4508,957.0079500453395,1442.5773977280119,9570.079500453396,12441.103350589414,15312.127200725432,18183.151050861452,21054.17490099747,23925.19875113349,14425.773977280118,18753.506170464156,23081.23836364819,27408.970556832224,31736.702750016262,36064.4349432003,10654.144830829076,13985.444272410079,17316.74371399108,20648.043155572082,23979.34259715308,14890.980734576424,18610.59260527176,22330.204475967097,26049.816346662432,29769.42821735777
.DJI,2018-02-02,25520.95788,25.88691,17.31908,15.4592,17.150926465753425,985.8634298183908,1488.0221153626694,9858.634298183908,12816.22458763908,15773.814877094253,18731.405166549426,21688.9954560046,24646.58574545977,14880.221153626695,19344.2874997147,23808.35384580271,28272.42019189072,32736.486537978726,37200.55288406673,10975.386112733353,14407.130115563783,17838.87411839421,21270.618121224637,24702.362124055067,15360.083062016009,19196.871807546966,23033.660553077923,26870.449298608877,30707.238044139835
.DJI,2018-02-09,24190.89714,24.30488,16.34375,14.57784,16.150225616438355,995.3102891271218,1497.867442506656,9953.102891271217,12939.033758652584,15924.964626033949,18910.895493415315,21896.82636079668,24882.757228178045,14978.674425066562,19472.276752586527,23965.879080106497,28459.481407626467,32953.083735146436,37446.6860626664,11080.555779575636,14545.183853158434,18009.81192674123,21474.440000324026,24939.068073906823,15461.71128456934,19323.88570145029,23186.06011833124,27048.23453521219,30910.408952093137
.DJI,2018-02-16,25219.37554,22.32344,16.99973,15.23233,16.77214698630137,1129.7262223026557,1503.6462273194895,11297.262223026557,14686.440889934525,18075.619556842492,21464.79822375046,24853.976890658425,28243.155557566395,15036.462273194895,19547.400955153364,24058.339637111832,28569.2783190703,33080.21700102877,37591.155682987235,12576.976806752406,16509.500390613914,20442.023974475418,24374.547558336923,28307.07114219843,15521.362692842264,19398.437410131264,23275.51212742026,27152.58684470926,31029.66156199826
.DJI,2018-02-23,25309.98795,22.11118,17.02955,15.51473,16.805439643835616,1144.669255553073,1506.059257383601,11446.692555530732,14880.70032218995,18314.70808884917,21748.715855508388,25182.723622167607,28616.731388826825,15060.592573836011,19578.770345986813,24096.948118137618,28615.125890288422,33133.303662439226,37651.48143459003,12743.334087749183,16727.873664080013,20712.413240410842,24696.952816741672,28681.4923930725,15546.271154775211,19429.56774638787,23312.864338000527,27196.160929613183,31079.457521225842
.DJI,2018-03-02,24538.0611,21.24209,16.51097,15.0272,16.262997479452054,1155.1622792295861,1508.8277011051198,11551.62279229586,15017.10962998462,18482.59646767338,21948.083305362135,25413.570143050896,28879.056980739653,15088.277011051197,19614.760114366556,24141.243217681917,28667.726320997277,33194.209424312634,37720.692527627994,12860.150456889682,16881.215752690667,20902.28104849165,24923.346344292637,28944.411640093622,15574.848368162044,19465.283249994784,23355.71813182752,27246.15301366026,31136.587895493
.DJI,2018-03-09,25335.7395,21.98778,17.04988,15.51609,16.764132821917812,1152.2645533109753,1511.3062971486047,11522.645533109753,14979.43919304268,18436.232852975605,21893.02651290853,25349.820172841457,28806.613832774383,15113.062971486048,19646.98186293186,24180.900754377675,28714.81964582349,33248.7385372693,37782.657428715116,12827.890754537717,16838.86920337566,20849.8476522136,24860.82610105154,28871.804549889483,15600.433633805647,19497.25944847882,23394.085263151992,27290.911077825163,31187.736892498335
.DJI,2018-03-16,24946.50549,21.56377,16.78518,15.26984,16.473808767123288,1156.8712470036546,1514.313164772535,11568.712470036546,15039.32621104751,18509.939952058474,21980.553693069436,25451.167434080402,28921.781175091364,15143.13164772535,19686.071142042954,24229.01063636056,28771.950130678164,33314.88962499577,37857.82911931338,12879.17599390354,16906.19012575251,20933.204257601472,24960.218389450438,28987.232521299404,15631.471973883543,19536.050842587087,23440.629711290632,27345.208579994178,31249.78744869772
.DJI,2018-03-23,23533.19977,20.31747,15.8576,14.39737,15.529548328767124,1158.2741241896751,1515.3821136192876,11582.74124189675,15057.563614465776,18532.385987034802,22007.20835960383,25482.030732172854,28956.85310474188,15153.821136192875,19699.967477050737,24246.1138179086,28792.260158766465,33338.406499624325,37884.55284048219,12894.793896261635,16926.691377288815,20958.588858315994,24990.486339343173,29022.38382037035,15642.506180234142,19549.841278742624,23457.176377251108,27364.511475759587,31271.84657426807
.DJI,2018-03-29,24103.10776,20.82837,16.24597,14.73804,15.882414273972602,1157.224869732965,1517.5972206882366,11572.24869732965,15043.923306528546,18515.59791572744,21987.27252492634,25458.947134125232,28930.621743324125,15175.972206882365,19728.763868947077,24281.555531011785,28834.347193076494,33387.1388551412,37939.93051720592,12883.112792728847,16911.35786858473,20939.602944440616,24967.8480202965,28996.093096152388,15665.371585404564,19578.4182239396,23491.464862474633,27404.511501009667,31317.558139544704
.DJI,2018-04-06,23932.76194,20.68079,16.1379,14.62576,15.74018646575342,1157.2460210659265,1520.4878285318607,11572.460210659265,15044.198273857044,18515.936337054824,21987.674400252603,25459.412463450382,28931.15052664816,15204.878285318608,19766.34177091419,24327.80525650977,28889.268742105352,33450.73222770094,38012.19571329652,12883.348265553,16911.666968199217,20939.985670845435,24968.30437349165,28996.623076137865,15695.209835870995,19615.709758552588,23536.20968123418,27456.709603915777,31377.20952659737
.DJI,2018-04-13,24360.14129,21.04887,16.39001,14.83311,15.950665616438355,1157.3134942635875,1527.2178525825939,11573.134942635876,15045.075425426638,18517.0159082174,21988.956391008163,25460.896873798923,28932.837356589687,15272.178525825939,19853.83208357372,24435.485641321502,29017.139199069283,33598.79275681706,38180.44631456485,12884.099428821859,16912.653002480045,20941.20657613823,24969.760149796417,28998.3137234546,15764.680395052459,19702.533339754635,23640.386284456814,27578.239229158993,31516.09217386117
.DJI,2018-04-20,24462.94094,21.04197,16.3305,14.87081,15.890593424657537,1162.578453443285,1539.46050259147,11625.78453443285,15113.519894762707,18601.25525509256,22088.990615422415,25576.72597575227,29064.461336082128,15394.6050259147,20012.98653368911,24631.36804146352,29249.74954923793,33868.13105701234,38486.51256478675,12942.712983313484,16989.5936310304,21036.474278747315,25083.354926464228,29130.23557418114,15891.054942241024,19860.47493240884,23829.89492257666,27799.314912744478,31768.734902912292
.DJI,2018-04-27,24311.1858,20.30484,16.04333,14.60866,15.583449479452057,1197.3098926167359,1560.0644666032456,11973.098926167359,15565.028604017567,19156.958281867774,22748.88795971798,26340.817637568187,29932.747315418397,15600.644666032456,20280.838065842192,24961.03146565193,29641.224865461667,34321.4182652714,39001.61166508114,13329.369941721765,17497.149087636466,21664.928233551163,25832.70737946586,30000.48652538056,16103.739011489906,20126.285266662486,24148.831521835065,28171.37777700765,32193.924032180228
.DJI,2018-05-04,24262.50573,20.15496,15.94324,14.5208,15.46000010958904,1203.7982576001143,1569.3729338948208,12037.982576001143,15649.377348801487,19260.77212160183,22872.166894402173,26483.561667202513,30094.956440002858,15693.729338948207,20401.848140632672,25109.966942317133,29818.085744001593,34526.20454568606,39234.32334737052,13401.603385806446,17591.968223558793,21782.333061311136,25972.69789906348,30163.062736815824,16199.825507317159,20246.373168230777,24292.920829144397,28339.468490058018,32386.016150971638
.DJI,2018-05-11,24831.17435,20.57015,16.3155,14.84508,15.787760219178082,1207.146002824481,1572.8117228330138,12071.46002824481,15692.898036718252,19314.336045191696,22935.77405366514,26557.212062138584,30178.650070612024,15728.117228330138,20446.55239682918,25164.98756532822,29883.42273382726,34601.8579023263,39320.29307082535,13438.873047438232,17640.89122808701,21842.909408735784,26044.92758938456,30246.945770033333,16235.32234783993,20290.736749751617,24346.151151663304,28401.565553574987,32456.979955486673
.DJI,2018-05-18,24715.0858,20.44967,16.22337,14.73249,15.659694821917808,1208.5811555883297,1578.261012175536,12085.811555883298,15711.555022648286,19337.298489413275,22963.041956178266,26588.785422943252,30214.528889708243,15782.61012175536,20517.393158281968,25252.176194808577,29986.959231335186,34721.742267861795,39456.5253043884,13454.85026622694,17661.86414581486,21868.878025402777,26075.891904990694,30282.905784578612,16291.572544705921,20361.037659846043,24430.502774986166,28499.967890126285,32569.433005266408
.DJI,2018-05-25,24753.09344,20.48366,16.23348,14.7319,15.636961917808218,1208.4311807557829,1582.9861049805231,12084.311807557828,15709.605349825177,19334.898892092526,22960.192434359873,26585.485976627224,30210.77951889457,15829.861049805231,20578.8193647468,25327.77767968837,30076.73599462994,34825.69430957151,39574.65262451308,13453.18063162583,17659.672455910146,21866.164280194454,26072.656104478767,30279.14792876308,16340.347235089233,20421.99575980949,24503.64428452975,28585.292809250008,32666.941333970266
.DJI,2018-06-01,24635.21468,20.38875,16.14652,14.63459,15.516894356164382,1208.274890809883,1587.6382293092813,12082.748908098829,15707.573580528478,19332.398252958126,22957.222925387774,26582.04759781742,30206.872270247073,15876.382293092813,20639.296981020656,25402.2116689485,30165.126356876346,34928.04104480419,39690.955732732036,13451.440692350361,17657.388478719968,21863.33626508957,26069.284051459173,30275.23183782878,16388.36870961358,20482.012498438526,24575.656287263468,28669.300076088413,32762.94386491336
.DJI,2018-06-08,25316.52912,20.91345,16.58565,15.04571,15.914826821917808,1210.538152241739,1590.751153203516,12105.38152241739,15736.995979142606,19368.610435867824,23000.22489259304,26631.83934931826,30263.453806043475,15907.51153203516,20679.76499164571,25452.018451256256,30224.271910866803,34996.52537047735,39768.7788300879,13476.637050524692,17690.46314296661,21904.289235408527,26118.115327850443,30331.94142029236,16420.501813743907,20522.17211725555,24623.842420767196,28725.512724278844,32827.18302779049
.DJI,2018-06-15,25090.48008,20.7296,16.41621,14.87596,15.715712739726028,1210.3697167335597,1596.5219328918201,12103.697167335597,15734.806317536277,19365.915467736955,22997.024617937634,26628.133768138312,30259.242918338994,15965.219328918201,20754.785127593663,25544.350926269122,30333.91672494458,35123.48252362004,39913.0483222955,13474.761897555783,17688.001673954754,21901.241450353722,26114.48122675269,30327.721003151662,16480.070589254574,20596.620552371027,24713.170515487483,28829.720478603936,32946.27044172039
.DJI,2018-06-22,24580.88855,20.30847,16.07658,14.55903,15.357302876712328,1210.376190328469,1600.5993205534958,12103.761903284689,15734.890474270096,19366.019045255503,22997.14761624091,26628.276187226318,30259.404758211724,16005.993205534958,20807.791167195446,25609.589128855932,30411.38709051642,35213.18505217691,40014.983013837395,13474.8339665681,17688.09627724498,21901.358587921855,26114.620898598732,30327.88320927561,16522.159354275456,20649.222652462653,24776.285950649853,28903.34924883705,33030.41254702424
.DJI,2018-06-29,24271.40986,19.96735,15.65593,14.38174,15.027562328767123,1215.5548863519696,1615.1262146846973,12155.548863519696,15802.213522575605,19448.878181631513,23095.542840687423,26742.20749974333,30388.87215879924,16151.262146846973,20996.640790901063,25842.019434955157,30687.39807900925,35532.77672306334,40378.15536711743,13532.48717359381,17763.776280359885,21995.065387125953,26226.354493892024,30457.643600658095,16672.112972695963,20836.633122723382,25001.153272750802,29165.67342277822,33330.19357280564
.DJI,2018-07-06,24456.4849,20.11961,15.7821,14.48874,15.119474465753424,1215.554620591552,1617.5486096025031,12155.546205915522,15802.210067690177,19448.873929464833,23095.53779123949,26742.201653014145,30388.865514788802,16175.486096025032,21028.13192483254,25880.77775364005,30733.423582447558,35586.06941125507,40438.71524006258,13532.484214945474,17763.772396612098,21995.060578278713,26226.348759945333,30457.636941611952,16697.118103172426,20867.884274318694,25038.650445464962,29209.41661661123,33380.1827877575
.DJI,2018-07-13,25019.40594,20.52857,16.12594,14.81625,15.429830794520548,1218.7602906583363,1621.4958072569991,12187.602906583363,15843.883778558373,19500.16465053338,23156.44552250839,26812.726394483398,30469.007266458408,16214.95807256999,21079.445494340987,25943.932916111986,30808.420337882984,35672.90775965398,40537.39518142498,13568.172187202921,17810.61915485754,22053.066122512162,26295.51309016678,30537.9600578214,16737.862984051077,20918.80680200837,25099.750619965664,29280.694437922957,33461.63825588025
.DJI,2018-07-20,25058.12287,20.16869,15.96293,14.88777,15.370855589041096,1242.4268938637065,1630.2360480092989,12424.268938637066,16151.549620228185,19878.830301819304,23606.110983410425,27333.39166500154,31060.672346592663,16302.36048009299,21193.068624120886,26083.776768148782,30974.48491217668,35865.193056204575,40755.901200232474,13831.646924473212,18156.476219294953,22481.30551411669,26806.13480893843,31130.96410376017,16828.0839710588,21031.56405175402,25235.04413244924,29438.524213144454,33642.00429383967
.DJI,2018-07-27,25451.05558,20.03631,16.27749,15.06166,15.584633452054796,1270.2466462137988,1633.0865694274216,12702.466462137989,16513.206400779385,20323.94633942078,24134.686278062178,27945.426216703574,31756.16615534497,16330.865694274216,21230.12540255648,26129.385110838746,31028.64481912101,35927.904527403276,40827.164235685545,14141.357696135705,18563.026234000718,22984.69477186573,27406.36330973074,31828.03184759575,16857.508430077512,21068.33843412604,25279.16843817457,29489.9984422231,33700.828446271626
.DJI,2018-08-03,25462.58251,19.77658,16.30612,14.99125,15.531607534246575,1287.511921171406,1639.4041926346658,12875.11921171406,16737.654975228277,20600.190738742494,24462.72650225671,28325.26226577093,32187.798029285146,16394.041926346657,21312.254504250657,26230.467082154653,31148.67966005865,36066.892237962646,40985.104815866645,14333.567948865286,18815.336092822698,23297.104236780106,27778.872380737514,32260.640524694925,16922.721988542762,21149.841660177415,25376.96133181207,29604.081003446725,33831.200675081374
.DJI,2018-08-10,25313.13925,19.65224,16.26791,14.90543,15.439223534246576,1288.0536391780277,1639.5344748945151,12880.536391780277,16744.69730931436,20608.858226848442,24473.019144382524,28337.18006191661,32201.34097945069,16395.34474894515,21313.948173628698,26232.551598312242,31151.155022995787,36069.758447679334,40988.361872362875,14339.598768253716,18823.252606988135,23306.906445722547,27790.560284456962,32274.214123191377,16924.06682496161,21151.522422724764,25378.978020487913,29606.433618251063,33833.88921601421
.DJI,2018-08-17,25669.3214,19.93488,16.48339,15.10023,15.615599205479452,1287.6586866838427,1643.825578655524,12876.586866838426,16739.562926889954,20602.538986941483,24465.515046993012,28328.491107044538,32191.467167096067,16438.25578655524,21369.732522521812,26301.209258488383,31232.685994454954,36164.16273042153,41095.6394663881,14335.201854859064,18817.480882628464,23299.759910397865,27782.038938167265,32264.31796593666,16968.361670795108,21206.881659635626,25445.401648476145,29683.921637316664,33922.44162615718
.DJI,2018-08-24,25790.35417,20.01201,16.5619,15.18256,15.670052767123288,1288.7438178373886,1645.8370978883818,12887.438178373886,16753.669631886052,20619.901085398218,24486.132538910384,28352.36399242255,32218.595445934716,16458.370978883817,21395.882272548963,26333.39356621411,31270.904859879254,36208.4161535444,41145.92744720954,14347.282365234943,18833.33868326163,23319.395001288314,27805.451319314998,32291.50763734168,16989.125543978545,21232.832132046566,25476.53872011459,29720.24530818261,33963.95189625063
.DJI,2018-08-31,25964.81765,20.14739,16.67178,15.27019,15.738666657534246,1288.743487369828,1649.7469712639477,12887.43487369828,16753.665335807764,20619.89579791725,24486.126260026733,28352.356722136217,32218.5871842457,16497.469712639475,21446.71062643132,26395.951540223163,31345.192454015007,36294.43336780685,41243.674281598695,14347.278686217176,18833.333853901902,23319.389021586627,27805.44418927135,32291.499356956076,17029.485145620634,21283.27314175978,25537.06113789892,29790.84913403806,34044.6371301772
.DJI,2018-09-07,25916.54016,20.10739,16.6672,15.24592,15.693720547945205,1288.906226019389,1651.395542619961,12889.062260193889,16755.780938252057,20622.499616310222,24489.218294368387,28355.936972426556,32222.65565048472,16513.95542619961,21468.14205405949,26422.328681919375,31376.515309779257,36330.70193763914,41284.88856549902,14349.09041739654,18835.712070628622,23322.333723860702,27808.95537709278,32295.577030324865,17046.50249549776,21304.54124836938,25562.580001241,29820.618754112624,34078.657506984244
.DJI,2018-09-14,26154.67298,20.297,16.8142,15.37185,15.798627534246574,1288.5979691580035,1655.5028544919296,12885.979691580034,16751.773599054046,20617.567506528056,24483.361414002065,28349.155321476075,32214.94922895009,16555.028544919296,21521.537108395085,26488.045671870874,31454.554235346663,36421.06279882245,41387.571362298244,14345.658666128285,18831.2072917955,23316.755917462713,27802.304543129925,32287.853168797137,17088.90015267214,21357.52939865677,25626.158644641404,29894.787890626034,34163.41713661067
.DJI,2018-09-21,26743.49571,20.75395,17.19574,15.7237,16.131031616438356,1288.5978673939178,1657.8912214608142,12885.978673939178,16751.77227612093,20617.565878302685,24483.35948048444,28349.15308266619,32214.946684847946,16578.912214608143,21552.585878990583,26526.259543373028,31499.93320775547,36473.60687213791,41447.28053652035,14345.65753321261,18831.20580464385,23316.754076075093,27802.30234750633,32287.850618937573,17113.554030222676,21388.341558004202,25663.12908578573,29937.916613567257,34212.70414134878
.DJI,2018-09-28,26458.30589,20.52183,17.01608,15.53347,15.915292849315067,1289.276145938252,1662.4454316050278,12892.76145938252,16760.58989719728,20628.418335012033,24496.246772826787,28364.075210641546,32231.9036484563,16624.45431605028,21611.790610865362,26599.126905680445,31586.463200495527,36573.79949531061,41561.13579012569,14353.208649007038,18841.117975992594,23329.02730297815,27816.936629963704,32304.845956949255,17160.564787236828,21447.095112417464,25733.625437598104,30020.15576277874,34306.68608795938
.DJI,2018-10-05,26447.05018,20.5131,17.00014,15.5299,15.880340767123286,1289.2761298877301,1665.395634000042,12892.761298877302,16760.58968854049,20628.418078203682,24496.246467866873,28364.074857530064,32231.90324719325,16653.95634000042,21650.143242000548,26646.330144000673,31642.517046000798,36638.703948000926,41634.89085000105,14353.208470320345,18841.117741434795,23329.02701254924,27816.936283663686,32304.84555477813,17191.018201449784,21485.155472272803,25779.292743095826,30073.43001391885,34367.56728474187
.DJI,2018-10-12,25339.99022,19.53141,16.30873,14.75155,15.092849726027396,1297.3968709888327,1678.9400729473614,12973.968709888326,16866.159322854826,20758.349935821323,24650.54054878782,28542.73116175432,32434.921774720817,16789.400729473615,21826.2209483157,26863.041167157782,31899.861385999866,36936.68160484195,41973.50182368403,14443.614774490248,18959.791961554656,23475.969148619064,27992.146335683472,32508.32352274788,17330.830442888495,21659.89135522268,25988.952267556862,30318.013179891044,34647.07409222523
.DJI,2018-10-19,25444.34284,19.19056,16.30332,14.76031,15.068912,1325.8780796391559,1688.5321806909485,13258.780796391558,17236.415035309026,21214.049274226494,25191.683513143962,29169.31775206143,33146.951990978894,16885.321806909484,21950.91834898233,27016.514891055176,32082.111433128022,37147.707975200865,42213.30451727371,14760.689383852929,19376.008312078295,23991.32724030366,28606.646168529027,33221.96509675439,17429.844812473584,21783.638482914354,26137.432153355123,30491.225823795892,34845.019494236665
.DJI,2018-10-26,24688.31181,18.22163,15.57079,14.35018,14.570893041095893,1354.89041375552,1694.3581797195845,13548.9041375552,17613.575378821763,21678.24662008832,25742.91786135488,29807.58910262144,33872.260343888,16943.581797195846,22026.656336354597,27109.730875513353,32192.805414672108,37275.87995383086,42358.954492989615,15083.676888336568,19799.986380366787,24516.295872397004,29232.60536442722,33948.91485645744,17489.983588688792,21858.799298972765,26227.615009256737,30596.43071954071,34965.24642982468
.DJI,2018-11-02,25270.82863,18.39861,15.83811,14.68932,14.875014821917809,1373.518359810877,1698.8775428152398,13735.18359810877,17855.7386775414,21976.29375697403,26096.84883640666,30217.40391583929,34337.958995271925,16988.7754281524,22085.408056598117,27182.040685043838,32278.67331348956,37375.30594193528,42471.938570381,15291.05743848272,20072.209930290603,24853.362422098482,29634.514913906365,34415.667405714245,17536.6346376349,21917.103293989603,26297.57195034431,30678.040606699014,35058.50926305372
.DJI,2018-11-09,25989.29543,18.94292,16.30464,15.12219,15.290648630136983,1371.9793690729832,1699.6856090706708,13719.793690729832,17835.73179794878,21951.66990516773,26067.60801238668,30183.54611960563,34299.48422682458,16996.856090706708,22095.912917918722,27194.969745130733,32294.026572342744,37393.08339955476,42492.14022676677,15273.924215907036,20049.719553695977,24825.51489148492,29601.31022927386,34377.1055670628,17544.975887858862,21927.528101630134,26310.080315401407,30692.632529172683,35075.18474294395
.DJI,2018-11-16,25413.22013,18.392,15.90985,14.78383,14.922654383561644,1381.7540305567638,1702.9959601553498,13817.540305567638,17962.80239723793,22108.06448890822,26253.326580578512,30398.588672248803,34543.850763919094,17029.9596015535,22138.947482019546,27247.935362485598,32356.92324295165,37465.911123417696,42574.899003883744,15382.74322740594,20192.563699825183,25002.384172244427,29812.204644663667,34622.02511708291,17579.146930815918,21970.234715163948,26361.322499511974,30752.410283860005,35143.498068208035
.DJI,2018-11-23,24285.95414,17.58452,15.36599,14.12378,14.25310597260274,1381.098496859738,1703.9060950421867,13810.984968597379,17954.280459176593,22097.575949755807,26240.87144033502,30384.166930914234,34527.462421493445,17039.060950421866,22150.779235548427,27262.497520674988,32374.21580580155,37485.93409092811,42597.65237605467,15375.445324656781,20182.983915260167,24990.52250586355,29798.061096466932,34605.59968707032,17588.54178275738,21981.97630325582,26375.410823754257,30768.845344252695,35162.27986475114
.DJI,2018-11-30,25538.45684,18.49292,16.24447,14.87962,14.995538767123287,1380.98563342079,1703.0703088835562,13809.8563342079,17952.81323447027,22095.77013473264,26238.72703499501,30381.68393525738,34524.64083551975,17030.703088835562,22139.914015486233,27249.1249421369,32358.335868787566,37467.54679543823,42576.75772208891,15374.188842487954,20181.3345607948,24988.48027910164,29795.625997408486,34602.77171571533,17579.914394302523,21971.19388303497,26362.47337176742,30753.752860499866,35145.032349232315
.DJI,2018-12-07,24388.95065,17.66081,15.52088,14.20576,14.292233643835615,1380.9644433069602,1706.4477993976259,13809.644433069603,17952.537762990483,22095.431092911364,26238.324422832244,30381.217752753124,34524.111082674004,17064.47799397626,22183.821392169135,27303.164790362014,32422.508188554893,37541.85158674777,42661.194984940645,15373.952937925496,20181.02489444764,24988.09685096978,29795.168807491926,34602.24076401407,17614.778482881367,22014.766657767555,26414.754832653747,30814.743007539935,35214.73118242613
.DJI,2018-12-14,24100.50617,17.45194,15.35401,14.11206,14.169904246575342,1380.9643036819975,1700.8235024470782,13809.643036819976,17952.535947865967,22095.42885891196,26238.321769957955,30381.214681003945,34524.107592049935,17008.23502447078,22110.70553181202,27213.17603915325,32315.646546494485,37418.11705383572,42520.58756117696,15373.951383513568,20181.022854007817,24988.09432450206,29795.16579499631,34602.237265490556,17556.721772948127,21942.20798645982,26327.694199971516,30713.18041348321,35098.6666269949
.DJI,2018-12-21,22445.37457,16.23663,14.29197,13.20344,13.233262739726028,1382.3912086436655,1696.1330709938502,13823.912086436656,17971.08571236765,22118.25933829865,26265.432964229647,30412.60659016064,34559.78021609164,16961.330709938502,22049.72992292005,27138.129135901603,32226.528348883156,37314.92756186471,42403.32677484625,15389.836781456937,20201.875240680765,25013.91369990459,29825.952159128417,34637.99061835225,17508.304873780795,21881.697050231054,26255.089226681313,30628.481403131573,35001.873579581836
.DJI,2018-12-28,23062.40437,16.68298,14.68507,13.5711,13.58025591780822,1382.3911777152523,1698.2304685258205,13823.911777152523,17971.08531029828,22118.258843444037,26265.432376589793,30412.60590973555,34559.77944288131,16982.304685258205,22076.996090835666,27171.687496413128,32266.37890199059,37361.07030756805,42455.76171314551,15389.836437138174,20201.874788701658,25013.91314026514,29825.951491828622,34637.989843392104,17529.955224251076,21908.755432720813,26287.555641190545,30666.35584966028,35045.156058130015
.DJI,2019-01-04,23433.1647,16.95119,13.8763,,13.8763,1382.3905401331706,1688.7185128600563,13823.905401331705,17971.077021731217,22118.24864213073,26265.420262530242,30412.59188292975,34559.76350332927,16887.185128600562,21953.34066718073,27019.4962057609,32085.65174434107,37151.80728292124,42217.96282150141,15389.829339086544,20201.865471256937,25013.901603427326,29825.937735597716,34637.97386776811,17431.76822313064,21786.0423415177,26140.316459904763,30494.590578291823,34848.86469667889
.DJI,2019-01-11,23995.95013,17.3583,14.35356,,14.35356,1382.3905641681501,1671.7769062169943,13823.905641681502,17971.077334185953,22118.249026690402,26265.42071919485,30412.592411699305,34559.76410420375,16717.769062169944,21733.099780820925,26748.43049947191,31763.761218122894,36779.091936773875,41794.42265542486,15389.829606662328,20201.865822497348,25013.902038332366,29825.938254167384,34637.9744700024,17256.88877573882,21567.479829856722,25878.07088397463,30188.661938092533,34499.25299221044
.DJI,2019-01-18,24706.34807,17.5945,14.80853,,14.80853,1404.208591889511,1668.3862658886467,14042.085918895109,18254.71169456364,22467.337470232174,26679.963245900708,30892.58902156924,35105.21479723777,16683.862658886468,21689.021456552407,26694.180254218347,31699.339051884286,36704.49784955023,41709.656647216165,15632.72458705973,20520.708326174077,25408.692065288422,30296.675804402763,35184.659543517104,17221.888948424996,21523.737410267127,25825.585872109263,30127.434333951398,34429.28279579353
.DJI,2019-01-25,24737.19956,17.74561,14.80748,,14.80748,1393.9898126917024,1670.5880784576445,13939.898126917024,18121.86756499213,22303.837003067238,26485.806441142344,30667.77587921745,34849.74531729256,16705.880784576446,21717.645019949377,26729.409255322313,31741.173490695248,36752.93772606818,41764.70196144111,15518.961317316196,20371.373969028722,25223.786620741244,30076.19927245377,34928.61192416629,17244.61712134503,21552.142844027094,25859.66856670916,30167.194289391224,34474.72001207329
.DJI,2019-02-01,25063.88633,17.75261,15.02774,13.28871,14.875277095890413,1411.8423336061571,1684.9357607546276,14118.42333606157,18353.950336880043,22589.477337698514,26825.004338516985,31060.531339335455,35296.058340153926,16849.357607546277,21904.16488981016,26958.97217207404,32013.779454337924,37068.58673660181,42123.39401886569,15717.709241415463,20632.26567464027,25546.82210786508,30461.37854108989,35375.934974314696,17392.720828644677,21737.24131463918,26081.76180063369,30426.282286628193,34770.802772622694
.DJI,2019-02-08,25106.33256,17.57437,15.06832,13.28923,14.878225452054796,1428.5765327576466,1687.4547734812436,14285.765327576466,18571.494925849405,22857.224524122346,27142.954122395287,31428.683720668225,35714.413318941166,16874.547734812437,21936.912055256165,26999.276375699897,32061.64069614363,37124.00501658736,42186.36933703109,15904.007151876353,20876.81454141351,25849.62193095067,30822.429320487827,35795.23671002498,17418.72329481479,21769.73892599534,26120.754557175893,30471.770188356444,34822.785819537
.DJI,2019-02-15,25883.24767,17.90718,15.56363,13.77368,15.338047260273973,1445.411710274873,1687.519097495444,14454.11710274873,18790.35223357335,23126.58736439797,27462.822495222586,31799.057626047208,36135.29275687182,16875.19097495444,21937.748267440773,27000.305559927103,32062.862852413433,37125.42014489976,42187.9774373861,16091.429230776272,21122.839077544217,26154.24892431216,31185.6587710801,36217.06861784805,17419.387278361002,21770.568765714794,26121.750253068585,30472.93174042238,34824.11322777617
.DJI,2019-02-22,26031.80946,17.95926,15.66247,13.96803,15.416428027397265,1449.4923209530905,1688.57594079106,14494.923209530905,18843.400172390175,23191.877135249448,27540.35409810872,31888.83106096799,36237.30802382726,16885.7594079106,21951.48723028378,27017.21505265696,32082.94287503014,37148.67069740332,42214.3985197765,16136.85771145075,21182.471971121442,26228.08623079213,31273.70049046282,36319.314750133504,17430.296525365196,21784.203028980875,26138.109532596554,30492.016036212233,34845.92253982791
.DJI,2019-03-01,26026.31722,17.94204,15.66104,14.10994,15.406064657534248,1450.5773713579952,1689.355315490772,14505.77371357995,18857.50582765394,23209.237941727923,27560.970055801907,31912.702169875894,36264.43428394988,16893.55315490772,21961.619101380034,27029.685047852352,32097.75099432467,37165.81694079698,42233.8828872693,16148.937322870965,21198.328591716738,26247.719860562505,31297.111129408277,36346.502398254044,17438.34160749161,21794.25768881822,26150.17377014483,30506.089851471443,34862.00593279805
.DJI,2019-03-08,25450.24192,17.54774,15.32604,13.7852,15.04320087671233,1450.3430025746904,1691.8102821719492,14503.430025746904,18854.459033470976,23205.488041195047,27556.51704891912,31907.54605664319,36258.57506436726,16918.10282171949,21993.53366823534,27068.964514751187,32144.395361267034,37219.826207782884,42295.25705429873,16146.328150229258,21194.903592417675,26243.47903460609,31292.054476794507,36340.62991898292,17463.68295944334,21825.92904651096,26188.175133578578,30550.4212206462,34912.66730771382
.DJI,2019-03-15,25848.87029,17.82259,15.55443,13.98032,15.235295369863012,1450.343092109508,1696.643856418546,14503.43092109508,18854.460197423603,23205.489473752128,27556.518750080653,31907.548026409175,36258.5773027377,16966.43856418546,22056.370133441098,27146.301702696735,32236.233271952373,37326.16484120801,42416.09641046365,16146.329146999362,21194.904900854246,26243.480654709132,31292.056408564014,36340.6321624189,17513.577447668773,21888.28665815275,26262.995868636724,30637.705079120697,35012.41428960467
.DJI,2019-03-22,25502.31652,17.58797,15.35691,13.7992,15.011226410958905,1449.986355446365,1698.882944126544,14499.863554463649,18849.822620802744,23199.78168714184,27549.740753480935,31899.69981982003,36249.65888615912,16988.82944126544,22085.478273645072,27182.127106024705,32278.77593840434,37375.42477078397,42472.073603163604,16142.357681479758,21189.69165187123,26237.025622262703,31284.359592654175,36331.69356304564,17536.69039257928,21917.172975938298,26297.65555929732,30678.138142656342,35058.62072601536
.DJI,2019-03-29,25928.67734,17.87415,15.6793,14.05037,15.286571671232876,1450.6243564029617,1696.173471570086,14506.243564029617,18858.1166332385,23209.989702447387,27561.862771656273,31913.735840865156,36265.60891007404,16961.73471570086,22050.25513041112,27138.775545121374,32227.29595983163,37315.816374541886,42404.33678925215,16149.460396345885,21199.01521791246,26248.57003947903,31298.124861045602,36347.67968261217,17508.72190804415,21882.21825530922,26255.71460257429,30629.21094983936,35002.70729710443
.DJI,2019-04-05,26424.98517,18.04373,15.96785,14.31291,15.537112191780825,1464.4968180082499,1700.7655504977874,14644.968180082498,19038.45863410725,23431.949088131998,27825.439542156746,32218.929996181498,36612.42045020625,17007.655504977876,22109.952156471238,27212.2488079646,32314.54545945796,37416.84211095132,42519.13876244469,16303.899254555843,21401.74345929511,26499.58766403437,31597.431868773634,36695.2760735129,17556.123564933932,21941.46035231511,26326.797139696286,30712.133927077462,35097.47071445864
.DJI,2019-04-12,26412.30253,17.98065,16.0547,14.30927,15.566936,1468.9292394880051,1696.692433886797,14689.29239488005,19096.080113344065,23502.867831808082,27909.6555502721,32316.44326873611,36723.23098720013,16966.92433886797,22057.00164052836,27147.078942188753,32237.156243849146,37327.23354550954,42417.31084716992,16353.24436228912,21466.517616703117,26579.790871117108,31693.0641255311,36806.33737994509,17514.07888776135,21888.91335275703,26263.747817752715,30638.582282748397,35013.416747744086
.DJI,2019-04-18,26559.54319,18.12831,16.2221,14.40856,15.68549090410959,1465.086551917967,1693.2554647072866,14650.86551917967,19046.12517493357,23441.38483068747,27836.64448644137,32231.90414219527,36627.16379794917,16932.554647072866,22012.321041194726,27092.087435316585,32171.853829438445,37251.620223560305,42331.38661768216,16310.464623720729,21410.361664326225,26510.25870493172,31610.155745537213,36710.05278614271,17478.60083166673,21844.573247818826,26210.545663970923,30576.518080123016,34942.49049627512
.DJI,2019-04-26,26543.33383,18.11913,16.37156,14.39493,15.743370739726029,1464.9342341492115,1686.000683641521,14649.342341492116,19044.14504393975,23438.947746387385,27833.75044883502,32228.553151282653,36623.35585373029,16860.00683641521,21918.008887339773,26976.010938264335,32034.012989188897,37092.01504011346,42150.017091038026,16308.768905760859,21408.135735412547,26507.50256506423,31606.86939471591,36706.236224367596,17403.713477092875,21750.979812161197,26098.24614722952,30445.512482297847,34792.77881736617
.DJI,2019-05-03,26504.94681,18.08022,16.39606,14.39027,15.72013624657534,1465.9637332952807,1686.0507055576031,14659.637332952807,19057.52853283865,23455.41973272449,27853.310932610333,32251.202132496175,36649.09333238202,16860.507055576032,21918.65917224884,26976.81128892165,32034.96340559446,37093.11552226727,42151.26763894008,16320.230078058243,21423.18054557861,26526.13101309897,31629.08148061933,36732.031948139695,17404.2298274737,21751.62514148842,26099.020455503138,30446.41576951786,34793.81108353258
.DJI,2019-05-10,25942.36676,17.5617,16.07956,14.08651,15.369706575342466,1477.2127276972049,1687.8895268969673,14772.127276972049,19203.765460063663,23635.403643155278,28067.041826246892,32498.680009338506,36930.318192430124,16878.895268969674,21942.563849660575,27006.232430351476,32069.901011042377,37133.56959173328,42197.23817242418,16445.462491805283,21587.57017716036,26729.677862515437,31871.78554787051,37013.893233225586,17423.21102957899,21775.347650155672,26127.484270732355,30479.620891309038,34831.75751188572
.DJI,2019-05-17,25763.996,17.37763,15.99342,13.978,15.236947287671232,1482.595497775013,1690.8896193955193,14825.95497775013,19273.74147107517,23721.527964400208,28169.314457725246,32617.100951050284,37064.88744437532,16908.896193955192,21981.565052141752,27054.23391032831,32126.902768514865,37199.57162670142,42272.24048488798,16505.387607367076,21666.23246094893,26827.07731453078,31987.92216811263,37148.76702169448,17454.179433540015,21814.05163883359,26173.923844127163,30533.796049420736,34893.668254714314
.DJI,2019-05-24,25585.69305,17.16047,15.89014,13.88626,15.099568164383562,1490.966916990036,1694.4652172471274,14909.66916990036,19382.56992087047,23855.470671840576,28328.371422810684,32801.272173780795,37274.1729247509,16944.652172471273,22028.047824212656,27111.443475954038,32194.83912769542,37278.2347794368,42361.630431178186,16598.584652127483,21788.570020325675,26978.55538852386,32168.540756722046,37358.52612492024,17491.088481752435,21860.180182814223,26229.27188387601,30598.363584937797,34967.45528599959
.DJI,2019-05-31,24815.03637,16.64359,15.41146,13.47491,14.61031191780822,1490.9665745190791,1698.4604099898404,14909.665745190792,19382.565468748027,23855.465192305266,28328.364915862505,32801.26463941974,37274.164362976975,16984.604099898403,22079.985329867926,27175.366559837446,32270.747789806966,37366.12901977649,42461.51024974601,16598.580839478724,21788.5650155517,26978.549191624672,32168.533367697644,37358.51754377062,17532.32879111563,21911.72189186309,26291.11499261055,30670.508093358007,35049.90119410546
.DJI,2019-06-07,25983.9414,17.42758,16.1466,14.11216,15.265938301369864,1490.9666976137823,1702.086100902712,14909.666976137823,19382.56706897917,23855.467161820518,28328.367254661865,32801.26734750321,37274.16744034456,17020.861009027118,22127.119311735256,27233.37761444339,32339.635917151525,37445.89421985966,42552.1525225678,16598.582209863154,21788.566814422975,26978.55141898279,32168.53602354261,37358.52062810242,17569.754924103803,21958.496683010075,26347.238441916346,30735.980200822618,35124.721959728886
.DJI,2019-06-14,26089.60743,17.48768,16.21227,14.16321,15.285982602739724,1491.8849973238302,1706.766788111085,14918.849973238302,19394.504965209795,23870.159957181284,28345.814949152773,32821.46994112426,37297.12493309576,17067.66788111085,22187.968245444103,27308.26860977736,32428.568974110614,37548.86933844387,42669.16970277712,16608.805424945636,21801.986587393134,26995.167749840624,32188.34891228812,37381.530074735616,17618.071238468794,22018.88190940065,26419.692580332507,30820.503251264363,35221.31392219622
.DJI,2019-06-21,26719.12738,17.90964,16.6052,14.53563,15.629950575342464,1491.8852294071796,1709.482525309557,14918.852294071796,19394.507982293337,23870.163670514874,28345.81935873641,32821.47504695795,37297.13073517949,17094.825253095572,22223.27282902424,27351.720404952914,32480.167980881586,37608.615556810255,42737.06313273893,16608.808008675078,21801.989978993744,26995.171949312407,32188.35391963107,37381.53588994974,17646.10438966492,22053.917449749024,26461.730509833124,30869.543569917227,35277.35663000133
.DJI,2019-06-28,26599.96486,17.83868,16.48025,14.56655,15.541750547945206,1491.1397513717382,1711.5166517401615,14911.397513717382,19384.816767832595,23858.23602194781,28331.655276063026,32805.07453017824,37278.49378429345,17115.166517401616,22249.716472622098,27384.266427842584,32518.81638306307,37653.36633828355,42787.91629350404,16600.508776722596,21791.095773234556,26981.682769746512,32172.269766258472,37362.856762770425,17667.101625263876,22080.15957607598,26493.217526888086,30906.275477700194,35319.3334285123
.DJI,2019-07-05,26922.11739,18.05472,16.70133,14.72192,15.692644356164385,1491.1401223613548,1715.5883214433807,14911.401223613548,19384.82159069761,23858.241957781676,28331.66232486574,32805.08269194981,37278.50305903387,17155.88321443381,22302.64817876395,27449.41314309409,32596.17810742423,37742.94307175437,42889.708036084514,16600.512906862903,21791.10119477218,26981.68948268146,32172.27777059074,37362.86605850002,17709.13136675552,22132.6879091756,26556.244451595685,30979.800994015768,35403.35753643585
.DJI,2019-07-12,27332.03105,18.32962,17.12887,14.96644,15.98544810958904,1491.140080918208,1709.806998379019,14911.40080918208,19384.821051936706,23858.24129469133,28331.66153744595,32805.08178020058,37278.5020229552,17098.06998379019,22227.490978927246,27356.911974064304,32486.33296920136,37615.753964338415,42745.17495947547,16600.512445486078,21791.100589133723,26981.688732781367,32172.27687642901,37362.86502007665,17649.45375742422,22058.103454684806,26466.753151945388,30875.402849205973,35284.052546466555
.DJI,2019-07-19,27154.20285,18.07658,16.85987,15.07182,15.880116575342466,1502.175901083059,1709.9498433256558,15021.75901083059,19528.286714079768,24034.814417328944,28541.34212057812,33047.8698238273,37554.39752707647,17099.49843325656,22229.347963233526,27359.197493210493,32489.04702318746,37618.89655316443,42748.74608314139,16723.37164049876,21952.374952537444,27181.378264576128,32410.38157661481,37639.3848886535,17650.92827196448,22059.946287597457,26468.96430323043,30877.982318863407,35287.000334496384
.DJI,2019-07-26,27192.45422,19.06277,17.7051,15.12575,16.242290547945206,1426.4691972887465,1674.1760738567805,14264.691972887465,18544.099564753706,22823.507156619944,27102.914748486182,31382.322340352424,35661.72993221866,16741.760738567806,21764.288960138147,26786.817181708488,31809.34540327883,36831.87362484917,41854.40184641951,15880.546680840827,20846.01853521296,25811.490389585084,30776.962243957212,35742.43409832934,17281.65414303165,21598.431327922706,25915.208512813762,30231.98569770482,34548.762882595875
.DJI,2019-08-02,26485.00727,18.5318,17.29375,14.82802,15.848089123287671,1429.1653951585922,1671.1798541744765,14291.653951585922,18579.150137061697,22866.646322537475,27154.142508013254,31441.63869348903,35729.134878964804,16711.798541744763,21725.338104268194,26738.877666791625,31752.417229315055,36765.956791838486,41779.496354361916,15910.562818738688,20885.420010461236,25860.277202183785,30835.13439390633,35809.99158562888,17250.725716150697,21559.77730218303,25868.82888821536,30177.880474247693,34486.93206028003
.DJI,2019-08-09,26287.44299,18.7265,17.5225,14.78195,15.863153287671231,1403.756334072037,1657.1385596097389,14037.56334072037,18248.83234293648,22460.10134515259,26671.370347368702,30882.639349584813,35093.90835180092,16571.38559609739,21542.801274926605,26514.216953755822,31485.63263258504,36457.048311414255,41428.46399024347,15627.689706954488,20514.099157981957,25400.508609009426,30286.918060036893,35173.32751106436,17105.784691023502,21378.631518804952,25651.478346586402,29924.325174367852,34197.1720021493
.DJI,2019-08-16,25886.00703,18.30114,17.25562,14.56941,15.577658684931508,1414.4477901376636,1661.7392609224328,14144.477901376635,18387.821271789628,22631.164642202617,26874.508012615606,31117.8513830286,35361.19475344159,16617.392609224327,21602.610391991628,26587.828174758924,31573.04595752622,36558.26374029352,41543.48152306082,15746.715177296961,20670.341081562277,25593.966985827592,30517.592890092907,35441.21879435822,17153.275352336208,21437.984852611466,25722.694352886727,30007.403853161988,34292.11335343725
.DJI,2019-08-23,25628.8954,18.10945,17.10156,14.43116,15.382261369863013,1415.2221851022534,1666.1331376290507,14152.221851022534,18397.888406329294,22643.554961636055,26889.221516942816,31134.888072249574,35380.55462755634,16661.331376290505,21659.730789177658,26658.13020206481,31656.529614951964,36654.92902783911,41653.32844072627,15755.336334632817,20681.65787116846,25607.9794077041,30534.30094423974,35460.62248077538,17198.631070158626,21494.669956283164,25790.7088424077,30086.747728532242,34382.78661465678
.DJI,2019-08-30,26403.28226,18.65663,17.63233,14.88019,15.807623479452054,1415.222484446548,1670.2879021834613,14152.22484446548,18397.892297805123,22643.559751144767,26889.22720448441,31134.894657824054,35380.5621111637,16702.87902183461,21713.742728384997,26724.60643493538,31735.470141485763,36746.33384803615,41757.19755458653,15755.33966716257,20681.662245701555,25607.984824240535,30534.30740277952,35460.629981318496,17241.51855684313,21548.27029038984,25855.022023936548,30161.773757483254,34468.52549102996
.DJI,2019-09-06,26797.46131,18.71652,17.77816,15.10127,15.952007643835618,1431.7544773280504,1679.8801698390248,14317.544773280504,18612.808205264653,22908.071637248806,27203.33506923296,31498.598501217108,35793.86193320126,16798.80169839025,21838.442207907323,26878.082717424397,31917.72322694147,36957.363736458545,41997.00424597562,15939.386462691717,20923.256127074408,25907.1257914571,30890.995455839788,35874.86512022248,17340.534577116887,21672.019481095012,26003.50438507314,30334.989289051267,34666.4741930294
.DJI,2019-09-13,27219.51504,19.0113,18.05878,15.36585,16.17004005479452,1431.754537564501,1683.3300936647488,14317.545375645012,18612.808988338515,22908.072601032018,27203.33621372552,31498.599826419024,35793.86343911253,16833.300936647487,21883.291217641734,26933.28149863598,31983.271779630228,37033.262060624475,42083.25234161872,15939.38713328998,20923.25700735291,25907.12688141584,30890.996755478765,35874.86662954169,17376.146357327445,21716.52671304034,26056.90706875324,30397.287424466136,34737.66778017903
.DJI,2019-09-20,26935.07131,18.81262,17.89148,15.21545,15.963272082191782,1431.755455114705,1687.3151802034417,14317.55455114705,18612.820916491164,22908.08728183528,27203.353647179396,31498.620012523512,35793.886377867624,16873.151802034416,21935.09734264474,26997.042883255068,32058.988423865394,37120.93396447572,42182.87950508604,15939.397348160986,20923.27041617281,25907.143484184628,30891.016552196448,35874.88962020827,17417.28234557096,21767.938042640522,26118.59373971009,30469.249436779653,34819.90513384922
.DJI,2019-09-27,26820.24936,18.93365,17.92271,15.16843,15.885297397260274,1416.5387740874053,1688.3693574805638,14165.387740874052,18415.004063136268,22664.620385398484,26914.2367076607,31163.853029922917,35413.46935218513,16883.69357480564,21948.801647247332,27013.90971968902,32079.01779213071,37144.1258645724,42209.2339370141,15769.993610708545,20700.89813127355,25631.80265183855,30562.70717240355,35493.61169296855,17428.164072644442,21781.537911783875,26134.911750923304,30488.285590062733,34841.65942920216
.DJI,2019-10-04,26573.7179,18.76014,17.82928,15.06071,15.72820084931507,1416.4989120550274,1689.558656745996,14164.989120550274,18414.485856715357,22663.98259288044,26913.47932904552,31162.9760652106,35412.47280137568,16895.58656745996,21964.26253769795,27032.938507935934,32101.61447817392,37170.290448411906,42238.9664186499,15769.549836060503,20700.315598774858,25631.08136148921,30561.847124203567,35492.612886917916,17440.440594151773,21796.880980481306,26153.32136681084,30509.761753140374,34866.202139469904
.DJI,2019-10-11,26816.587,18.93159,18.10221,15.2458,15.87968824657534,1416.499459369234,1688.7351050977556,14164.99459369234,18414.492971800042,22663.991349907745,26913.489728015447,31162.98810612315,35412.48648423085,16887.351050977555,21953.556366270823,27019.76168156409,32085.966996857358,37152.17231215062,42218.37762744389,15769.555929181073,20700.323597070314,25631.091264959552,30561.85893284879,35492.626600738025,17431.939496223033,21786.256396844452,26140.573297465868,30494.890198087287,34849.207098708706
.DJI,2019-10-18,26770.19703,19.02807,18.16382,15.29591,15.877349287671231,1406.8792594309355,1686.0621092959811,14068.792594309354,18289.43037260216,22510.068150894967,26730.705929187774,30951.34370748058,35171.98148577339,16860.621092959813,21918.807420847756,26976.9937487357,32035.18007662364,37093.36640451159,42151.55273239953,15662.45650180504,20559.736708403252,25457.01691500146,30354.297121599666,35251.577328197876,17404.3475423698,21751.77226033935,26099.196978308897,30446.62169627845,34794.046414248
.DJI,2019-10-25,26958.06283,19.38793,18.22177,15.70566,16.167521287671235,1390.4559604867563,1667.4208959017878,13904.559604867563,18075.927486327833,22247.2953677881,26418.66324924837,30590.031130708638,34761.399012168906,16674.20895901788,21676.471646723243,26678.734334428606,31680.997022133968,36683.25970983933,41685.52239754469,15479.619770362007,20319.731249574965,25159.84272878792,29999.954208000876,34840.06568721383,17211.92393309986,21511.283237917636,25810.642542735415,30110.00184755319,34409.36115237097
.DJI,2019-11-01,27347.35873,19.8561,18.63443,15.92515,16.37051109589041,1377.2774477364637,1670.5256524865113,13772.774477364637,17904.60682057403,22036.43916378342,26168.27150699281,30300.103850202202,34431.936193411595,16705.25652486511,21716.833482324648,26728.41043978418,31739.987397243713,36751.564354703245,41763.141312162785,15332.906481836146,20127.14418104149,24921.38188024683,29715.61957945217,34509.85727865751,17243.972730316204,21551.33749083178,25858.702251347353,30166.067011862928,34473.431772378506
.DJI,2019-11-08,27681.24439,20.1012,18.77677,16.15787,16.538148630136984,1377.0941232364237,1673.7813287974252,13770.941232364237,17902.223602073507,22033.50597178278,26164.78834149205,30296.070711201322,34427.353080910594,16737.81328797425,21759.157274366527,26780.501260758803,31801.84524715108,36823.18923354335,41844.53321993563,15330.865573216346,20124.465128501794,24918.06468378724,29711.66423907269,34505.263794358136,17277.57939384787,21593.33874883879,25909.098103829703,30224.857458820617,34540.61681381153
.DJI,2019-11-15,28004.88899,20.44044,19.26222,16.36683,16.731728465753427,1370.0727083174336,1673.7594712537036,13700.727083174335,17810.945208126635,21921.163333078937,26031.38145803124,30141.599582983537,34251.81770793584,16737.594712537037,21758.873126298146,26780.151540059258,31801.42995382037,36822.70836758148,41843.98678134259,15252.697809342784,20021.856151159074,24791.014492975362,29560.17283479165,34329.331176607935,17277.35376972332,21593.056766158206,25908.759762593098,30224.462759027985,34540.16575546288
.DJI,2019-11-22,27875.62105,20.33614,19.26345,16.29629,16.613329013698632,1370.7429753138993,1677.9070002776066,13707.429753138993,17819.65867908069,21931.887605022388,26044.116530964086,30156.345456905783,34268.57438284748,16779.070002776065,21812.791003608887,26846.512004441705,31880.233005274524,36913.95400610734,41947.67500694017,15260.159734455665,20031.6512440068,24803.142753557935,29574.634263109067,34346.1257726602,17320.16656776681,21646.563755179362,25972.960942591915,30299.358130004464,34625.75531741702
.DJI,2019-11-29,28051.4146,20.46439,19.39425,16.40736,16.669224328767125,1370.7427682916518,1682.8266298864257,13707.427682916517,17819.655987791473,21931.88429266643,26044.112597541385,30156.34090241634,34268.56920729129,16828.26629886426,21876.746188523535,26925.22607818281,31973.70596784209,37022.18585750137,42070.665747160645,15260.157429725588,20031.648218642065,24803.13900755854,29574.629796475016,34346.12058539149,17370.94936101004,21710.031561179072,26049.1137613481,30388.195961517133,34727.27816168616
.DJI,2019-12-06,28015.06223,20.41494,19.36737,16.3874,16.591507534246574,1372.2823691864878,1688.5181875229864,13722.823691864878,17839.67079942434,21956.517906983805,26073.36501454327,30190.212122102734,34307.0592296622,16885.181875229864,21950.736437798823,27016.291000367783,32081.84556293674,37147.4001255057,42212.954688074664,15277.297445035261,20054.147511898158,24830.99757876105,29607.84764562394,34384.697712486835,17429.7003682345,21783.457958008992,26137.21554778349,30490.973137557987,34844.730727332484
.DJI,2019-12-13,28135.37772,20.50261,19.4504,16.50094,16.646392821917807,1372.2827347347484,1690.1786483708945,13722.827347347484,17839.67555155173,21956.523755755974,26073.37195996022,30190.220164164464,34307.06836836871,16901.786483708944,21972.32242882163,27042.858373934312,32113.394319046994,37183.93026415968,42254.46620927236,15277.301514598226,20054.152853917338,24831.004193236447,29607.85553255556,34384.70687187467,17446.840447190163,21804.87945014251,26162.91845309486,30520.95745604721,34878.99645899956
.DJI,2019-12-20,28455.08868,20.7175,19.66729,16.85346,16.93826035616438,1373.4808099432846,1679.9298205169148,13734.808099432847,17855.2505292627,21975.692959092554,26096.13538892241,30216.577818752263,34337.020248582114,16799.298205169147,21839.087666719894,26878.877128270637,31918.66658982138,36958.45605137212,41998.24551292287,15290.639404622407,20071.661187115977,24852.682969609545,29633.704752103113,34414.72653459668,17341.047095397764,21672.660021103642,26004.272946809517,30335.88587251539,34667.49879822127
.DJI,2019-12-27,28645.2604,20.85596,19.80228,16.96922,17.00026723287671,1373.4807891844825,1684.9888303286853,13734.807891844826,17855.25025939827,21975.69262695172,26096.13499450517,30216.577362058615,34337.01972961206,16849.888303286854,21904.85479427291,26959.821285258964,32014.78777624502,37069.754267231074,42124.72075821713,15290.639173519536,20071.6608837527,24852.682593985857,29633.704304219016,34414.72601445218,17393.26863842329,21737.925961594054,26082.583284764816,30427.24060793558,34771.89793110634
.DJI,2020-01-03,28634.8837,20.8484,16.96512,,16.96512,1373.4811160568674,1687.8680315848046,13734.811160568675,17855.254508739275,21975.69785690988,26096.141205080483,30216.584553251083,34337.02790142169,16878.680315848047,21942.28441060246,27005.888505356874,32069.492600111287,37133.0966948657,42196.70078962012,15290.642812513057,20071.66566057354,24852.688508634023,29633.711356694505,34414.73420475499,17422.989144583564,21775.070340599726,26127.15153661589,30479.232732632052,34831.31392864822
.DJI,2020-01-10,28823.76682,21.00982,17.18444,,17.18444,1371.918789404193,1677.317783995289,13719.18789404193,17834.944262254507,21950.700630467087,26066.456998679667,30182.213366892243,34297.96973510482,16773.17783995289,21805.131191938755,26837.084543924622,31869.03789591049,36900.99124789635,41932.94459988222,15273.2497966767,20048.83425950185,24824.418722327002,29600.003185152153,34375.5876479773,17314.084392680532,21638.96231611351,25963.840239546487,30288.718162979465,34613.59608641244
.DJI,2020-01-17,29348.09549,21.27862,17.59813,,17.59813,1379.2292681574274,1667.6826168462217,13792.292681574274,17929.980486046556,22067.66829051884,26205.356094991123,30343.043899463402,34480.731703935686,16676.826168462216,21679.874019000883,26682.921869539547,31685.96972007821,36689.017570616874,41692.065421155545,15354.635640353306,20155.66753419216,24956.699428031006,29757.731321869855,34558.76321570871,17214.625543112285,21514.659681968955,25814.693820825625,30114.727959682295,34414.762098538966
.DJI,2020-01-24,28989.72623,21.07194,17.46184,,17.46184,1375.7502266046695,1660.1759167418784,13757.502266046695,17884.752945860702,22012.00362567471,26139.25430548872,30266.50498530273,34393.75566511674,16601.759167418782,21582.28691764442,26562.814667870054,31543.34241809569,36523.87016832132,41504.39791854696,15315.904287522017,20104.825802150965,24893.747316779914,29682.66883140886,34471.59034603781,17137.137758533052,21417.81625597884,25698.49475342463,29979.17325087042,34259.85174831621
.DJI,2020-01-31,28256.03232,20.25207,17.38352,14.78259,17.163222650273223,1395.2169985586659,1646.3127523169542,13952.16998558666,18137.820981262656,22323.471976938654,26509.122972614652,30694.77396829065,34880.424963966645,16463.12752316954,21402.065780120403,26341.004037071267,31279.94229402213,36218.880550972994,41157.81880792385,15532.62328946633,20389.307717179396,25245.99214489246,30102.676572605527,34959.3610003186,16994.035478754555,21238.96851738367,25483.90155601279,29728.834594641903,33973.767633271025
.DJI,2020-02-07,29102.51353,20.45041,18.29927,15.32406,17.990368415300548,1423.07726495459,1617.6719041089084,14230.7726495459,18500.00444440967,22769.23623927344,27038.468034137208,31307.69982900098,35576.93162386475,16176.719041089083,21029.73475341581,25882.750465742534,30735.766178069258,35588.781890395985,40441.79760272271,15842.785094489573,20796.449792724576,25750.114490959575,30703.779189194578,35657.44388742958,16698.390808624798,20869.474888335513,25040.55896804623,29211.643047756945,33382.72712746766
.DJI,2020-02-14,29398.08,20.54291,18.493,15.45261,18.119181557377047,1431.0572358054435,1622.4838802407642,14310.572358054435,18603.744065470764,22896.915772887096,27190.087480303428,31483.259187719756,35776.43089513609,16224.838802407641,21092.290443129936,25959.742083852227,30827.193724574518,35694.64536529681,40562.0970060191,15931.624236512122,20913.06683610941,25894.509435706696,30875.95203530398,35857.39463490126,16748.062350676933,20931.553864172307,25115.04537766768,29298.536891163054,33482.02840465843
.DJI,2020-02-21,28992.40519,20.30383,18.23666,15.36366,17.828474207650274,1427.927892914785,1626.1854409032512,14279.27892914785,18563.062607892203,22846.84628663656,27130.629965380915,31414.41364412527,35698.19732286962,16261.854409032512,21140.410731742268,26018.96705445202,30897.52337716177,35776.07969987152,40654.63602258128,15896.785996787132,20867.335501688944,25837.885006590754,30808.434511492564,35778.98401639437,16786.271647869424,20979.30744578376,25172.3432436981,29365.379041612436,33558.41483952678
.DJI,2020-02-28,25409.35693,17.88409,16.03086,13.69335,15.654048278688524,1420.7799742676311,1623.181203841845,14207.79974267631,18470.139665479204,22732.479588282098,26994.819511084992,31257.159433887886,35519.49935669078,16231.81203841845,21101.355649943984,25970.89926146952,30840.442872995056,35709.98648452059,40579.530096046125,15817.20989660724,20762.877834541294,25708.545772475347,30654.2137104094,35599.88164834345,16755.260461728594,20940.549988383176,25125.839515037762,29311.129041692348,33496.41856834693
.DJI,2020-03-06,25864.77887,18.30823,16.3587,13.95048,15.92443081967213,1412.7405472839264,1624.2199902082612,14127.405472839264,18365.627114691044,22603.848756542822,26842.0703983946,31080.29204024638,35318.51368209816,16242.199902082612,21114.859872707395,25987.51984333218,30860.179813956962,35732.839784581745,40605.49975520653,15727.70884341619,20645.391915999673,25563.07498858315,30480.75806116663,35398.44113375011,16765.98331638721,20953.951300437373,25141.919284487536,29329.887268537695,33517.85525258786
.DJI,2020-03-13,23185.62279,16.79858,14.70199,12.49813,14.262422295081969,1380.2132555251694,1625.6441094157597,13802.132555251694,17942.772321827204,22083.41208840271,26224.051854978217,30364.691621553728,34505.331388129234,16256.441094157597,21133.373422404875,26010.305750652155,30887.238078899434,35764.17040714671,40641.10273539399,15365.590140707387,20170.04724806565,24974.504355423913,29778.961462782176,34583.418570140435,16780.68376276603,20972.323765189587,25163.96376761314,29355.603770036694,33547.24377246025
.DJI,2020-03-20,19173.97602,14.09817,12.41867,10.43841,14.050314713114755,1360.0329702365625,1364.665234302741,13600.329702365625,17680.428613075313,21760.527523785,25840.626434494687,29920.725345204373,34000.82425591406,13646.65234302741,17740.648045935635,21834.643748843857,25928.63945175208,30022.635154660304,34116.630857568525,15140.92776232058,19875.138250400818,24609.34873848105,29343.559226561283,34077.769714641516,14086.733748326593,17605.453099560153,21124.172450793714,24642.891802027276,28161.611153260834
.DJI,2020-03-27,21636.78124,15.6484,14.40979,12.0052,13.83820713114754,1382.683292860612,1563.5537924056034,13826.83292860612,17974.882807187958,22122.932685769792,26270.982564351627,30419.032442933465,34567.0823215153,15635.537924056034,20326.199301272845,25016.860678489655,29707.522055706464,34398.18343292327,39088.844810140086,15393.088486471508,20206.143677049306,25019.198867627103,29832.254058204897,34645.309248782694,16139.757517936356,20171.300820820634,24202.844123704912,28234.387426589186,32265.930729473464
.DJI,2020-04-03,21052.53476,15.23048,15.05212,12.10337,14.294790765027322,1382.2633797490296,1472.7417215161847,13822.633797490296,17969.423936737385,22116.214075984473,26263.004215231562,30409.79435447865,34556.58449372574,14727.417215161848,19145.6423797104,23563.867544258956,27982.09270880751,32400.317873356064,36818.543037904616,15388.413692383381,20200.007185266753,25011.600678150124,29823.194171033494,34634.78766391687,15202.351455557244,18999.740488857995,22797.129522158742,26594.518555459494,30391.90758876024
.DJI,2020-04-09,23719.37298,17.07316,17.48173,14.36553,16.630309234972675,1389.2784335178724,1426.2737177562155,13892.784335178723,18060.619635732342,22228.454936285958,26396.290236839573,30564.125537393193,34731.96083794681,14262.737177562156,18541.5583308308,22820.37948409945,27099.200637368096,31378.021790636743,35656.84294390539,15466.51063906576,20302.523202555287,25138.53576604481,29974.548329534333,34810.56089302386,14722.686274435095,18400.25994208176,22077.83360972843,25755.407277375096,29432.98094502176
.DJI,2020-04-17,24242.49358,17.8236,19.12364,15.19604,17.96467606557377,1360.1345171570279,1349.4534213425975,13601.34517157028,17681.74872304136,21762.152274512446,25842.55582598353,29922.959377454612,34003.36292892569,13494.534213425975,17542.894477453767,21591.25474148156,25639.615005509353,29687.975269537146,33736.33553356494,15142.058260345922,19876.62222845673,24611.186196567538,29345.750164678346,34080.31413278915,13929.710066904552,17409.206538207745,20888.70300951094,24368.199480814135,27847.695952117327
.DJI,2020-04-24,23775.27219,17.76043,18.58159,15.20683,17.521214590163936,1338.6653470664844,1356.9420126471693,13386.653470664844,17402.649511864296,21418.64555306375,25434.641594263205,29450.637635462655,33466.63367666211,13569.420126471694,17640.2461644132,21711.07220235471,25781.898240296217,29852.724278237725,33923.55031617924,14903.047030051004,19562.877831806774,24222.70863356254,28882.539435318304,33542.37023707407,14007.010923705111,17505.81634380727,21004.621763909425,24503.427184011583,28002.23260411374
.DJI,2020-05-01,23723.69402,17.73547,18.93338,15.40373,17.75683,1337.6411236916754,1336.032051892145,13376.411236916754,17389.33460799178,21402.257979066806,25415.181350141833,29428.10472121686,33441.02809229188,13360.320518921451,17368.416674597887,21376.51283027432,25384.608985950756,29392.705141627193,33400.801297303624,14891.644591676466,19547.910120273955,24204.17564887144,28860.441177468932,33516.70670606642,13791.16820826107,17236.05836644199,20680.94852462291,24125.838682803827,27570.72884098475
.DJI,2020-05-08,24331.31503,18.68393,19.52207,15.86072,18.231594180327868,1302.2589481977293,1334.5687047078864,13022.589481977293,16929.36632657048,20836.14317116367,24742.920015756856,28649.696860350043,32556.473704943233,13345.687047078864,17349.393161202523,21353.09927532618,25356.80538944984,29360.5115035735,33364.217617697155,14497.74313858566,19030.844986610464,23563.94683463527,28097.04868266007,32630.150530684874,13776.062831757103,17217.179824237457,20658.29681671781,24099.41380919817,27540.530801678524
.DJI,2020-05-15,23685.42193,18.24548,19.68795,15.47218,18.121434371584694,1298.152853747887,1307.039025958117,12981.528537478871,16875.987098722533,20770.445659966193,24664.904221209854,28559.362782453514,32453.82134369718,13070.39025958117,16991.50733745552,20912.624415329872,24833.741493204223,28754.858571078574,32675.975648952925,14452.030953064515,18970.83968038203,23489.648407699537,28008.457135017044,32527.265862334556,13491.88818952471,16862.021316574104,20232.154443623498,23602.287570672892,26972.420697722286
.DJI,2020-05-22,24465.16449,18.77531,20.29628,16.01838,18.62486005464481,1303.049829270462,1313.5757486617297,13030.498292704619,16939.647780516007,20848.79726832739,24757.946756138776,28667.096243950164,32576.245731761548,13135.757486617296,17076.484732602486,21017.211978587675,24957.939224572863,28898.66647055805,32839.39371654324,14506.54783189302,19042.40269955139,23578.257567209756,28114.112434868122,32649.96730252649,13559.363398827218,16946.351130282652,20333.338861738088,23720.326593193524,27107.314324648956
.DJI,2020-05-29,25383.11185,19.45606,21.0796,16.67834,19.275804918032787,1304.6378274943643,1316.837971640486,13046.378274943643,16960.291757426734,20874.20523990983,24788.118722392923,28702.032204876014,32615.945687359108,13168.379716404861,17118.89363132632,21069.407546247778,25019.921461169237,28970.435376090696,32920.949291012155,14524.226643304935,19065.609257724725,23606.991872144514,28148.374486564302,32689.75710098409,13593.037640226717,16988.43684640493,20383.836052583138,23779.23525876135,27174.63446493956
.DJI,2020-06-05,27110.98049,20.49057,22.1776,17.90067,20.342960628415305,1323.095477090193,1332.6959131077037,13230.954770901932,17200.24120217251,21169.52763344309,25138.814064713668,29108.100495984247,33077.386927254825,13326.959131077037,17325.046870400147,21323.13460972326,25321.222349046373,29319.310088369482,33317.39782769259,14729.711322947709,19335.344143218525,23940.976963489342,28546.609783760156,33152.24260403097,13756.730972210351,17193.019067552606,20629.30716289486,24065.595258237114,27501.883353579367
.DJI,2020-06-12,25605.5427,19.37937,20.96538,16.90112,19.144236174863387,1321.2783852106647,1337.5066242454943,13212.783852106648,17176.61900773864,21140.454163370636,25104.28931900263,29068.124474634624,33031.95963026662,13375.066242454943,17387.586115191425,21400.10598792791,25412.625860664393,29425.145733400874,33437.66560613736,14709.482065652091,19308.789674974258,23908.09728429642,28507.404893618583,33106.71250294075,13806.38945638269,17255.08172378725,20703.77399119181,24152.46625859637,27601.158526000934
.DJI,2020-06-19,25871.45834,19.60534,21.22221,17.08261,19.28813459016393,1319.612837114786,1341.3146937077713,13196.12837114786,17154.96688249222,21113.805393836577,25072.643905180936,29031.482416525294,32990.32092786965,13413.146937077712,17437.091018201027,21461.03509932434,25484.979180447655,29508.92326157097,33532.867342694284,14690.939909721868,19284.44982484362,23877.959739965372,28471.46965508712,33064.979570208874,13845.698188855558,17304.209368159492,20762.720547463425,24221.231726767357,27679.742906071293
.DJI,2020-06-26,25015.54881,19.13815,20.47162,16.55793,18.56824071038251,1307.1038114969315,1347.2223459496865,13071.038114969315,16992.34954946011,20913.660983950904,24834.9724184417,28756.283852932494,32677.595287423286,13472.223459496865,17513.890497345925,21555.557535194985,25597.224573044045,29638.891610893104,33680.55864874216,14551.679864265758,19101.646452444922,23651.61304062408,28201.57962880324,32751.546216982402,13906.679828980718,17380.42358675259,20854.167344524463,24327.911102296333,27801.654860068207
.DJI,2020-07-02,25827.35626,19.72704,21.12049,17.04138,19.069789890710386,1309.2362696076048,1354.3597705070406,13092.362696076048,17020.07150489886,20947.780313721676,24875.48912254449,28803.197931367304,32730.90674019012,13543.597705070406,17606.67701659153,21669.75632811265,25732.83563963377,29795.914951154893,33858.99426267602,14575.420019774092,19132.809593846887,23690.19916791968,28247.588741992473,32804.978316065266,13980.355772985831,17472.50301410046,20964.650255215092,24456.797496329724,27948.94473744435
.DJI,2020-07-10,26075.30184,20.29367,21.42922,17.17831,19.19923442622951,1284.8982879883235,1358.1427915884283,12848.982879883235,16703.677743848206,20558.372607813177,24413.067471778148,28267.76233574312,32122.45719970809,13581.427915884284,17655.856290649568,21730.284665414852,25804.713040180137,29879.14141494542,33953.56978971071,14304.470984241427,18777.14119462066,23249.811404999895,27722.481615379125,32195.15182575836,14019.40594397157,17521.307511019477,21023.20907806739,24525.1106451153,28027.01221216321
.DJI,2020-07-17,26671.94877,20.57801,21.60179,17.6773,19.467982595628413,1296.1383909328454,1370.0417410476448,12961.383909328453,16849.79908212699,20738.214254925526,24626.629427724063,28515.044600522597,32403.459773321134,13700.417410476448,17810.54263361938,21920.667856762317,26030.793079905252,30140.918303048187,34251.04352619112,14429.604411480657,18941.400888951637,23453.197366422617,27964.993843893597,32476.790321364573,14142.232648062422,17674.81504632744,21207.397444592454,24739.97984285747,28272.562241122487
.DJI,2020-07-24,26469.88855,20.80355,21.14701,17.73748,19.22798491803279,1272.3736357496675,1376.6335194685669,12723.736357496675,16540.85726474568,20357.97817199468,24175.099079243682,27992.219986492684,31809.34089374169,13766.33519468567,17896.23575309137,22026.13631149707,26156.03686990277,30285.937428308473,34415.83798671417,14165.036971284599,18594.10945919282,23023.18194710104,27452.254435009254,31881.326922917473,14210.276169073593,17759.85513008947,21309.434091105344,24859.01305212122,28408.592013137095
.DJI,2020-07-31,26428.32423,22.1486,21.5036,17.6866,19.282231147540983,1193.2277538986664,1370.605093766358,11932.277538986664,15511.960800682664,19091.644062378662,22671.32732407466,26251.01058577066,29830.69384746666,13706.050937663582,17817.866218962656,21929.68150026173,26041.496781560803,30153.312062859877,34265.12734415895,13283.924449738353,17437.493863715805,21591.06327769325,25744.6326916707,29898.202105648146,14148.047846951815,17682.082821323467,21216.11779569512,24750.152770066772,28284.187744438426
.DJI,2020-08-07,27433.48122,22.25328,22.28758,18.35681,19.92482207650273,1232.7837163779902,1376.8494953012507,12327.837163779903,16026.188312913873,19724.539462047844,23422.890611181814,27121.241760315785,30819.592909449755,13768.494953012507,17899.04343891626,22029.59192482001,26160.140410723765,30290.688896627515,34421.23738253127,13724.291693456225,18015.5535432304,22306.815393004566,26598.077242778738,30889.339092552906,14212.505575945415,17762.64141957452,21312.777263203625,24862.913106832733,28413.048950461838
.DJI,2020-08-14,27931.01849,23.04486,22.61832,18.60818,20.13115666666667,1212.02812644555,1387.4522439263712,12120.2812644555,15756.36564379215,19392.4500231288,23028.53440246545,26664.6187818021,30300.70316113875,13874.522439263712,18036.879171042827,22199.23590282194,26361.592634601053,30523.949366380166,34686.30609815928,13493.224583534056,17712.23720575652,21931.249827978976,26150.262450201437,30369.275072423894,14321.95226889852,17899.426756339813,21476.901243781103,25054.375731222397,28631.850218663687
.DJI,2020-08-21,27930.33261,23.17264,22.68681,18.54712,20.040122950819672,1205.3150875342646,1393.7206213027555,12053.150875342646,15669.09613794544,19285.041400548234,22900.986663151027,26516.931925753823,30132.877188356615,13937.206213027555,18118.36807693582,22299.529940844088,26480.691804752354,30661.85366866062,34843.01553256889,13418.48989735675,17614.134748417626,21809.7795994785,26005.424450539376,30201.06930160025,14386.657488109498,17980.29466528648,21573.931842463462,25167.569019640443,28761.206196817424
.DJI,2020-08-28,28653.86732,23.59099,23.24633,19.04413,20.479307595628413,1214.6106339750895,1399.161919229953,12146.106339750895,15789.938241676164,19433.770143601432,23077.6020455267,26721.43394745197,30365.26584937724,13991.61919229953,18189.10494998939,22386.590707679246,26584.076465369104,30781.562223058965,34979.04798074882,13521.9750335644,17749.977242436195,21977.979451307987,26205.98166017978,30433.98386905157,14442.825193726263,18050.492478676922,21658.15976362758,25265.827048578238,28873.494333528895
.DJI,2020-09-04,28133.31319,22.92281,19.58982,16.98093,17.822047540983608,1227.306477259987,1578.5679577671751,12273.064772599872,15954.984204379833,19636.903636159794,23318.823067939757,27000.742499719716,30682.66193149968,15785.679577671752,20521.383450973277,25257.087324274802,29992.791197576327,34728.495070877856,39464.19894417938,13663.314876248465,17935.51071553198,22207.706554815486,26479.902394098997,30752.09823338251,16294.74098537251,20364.99754398604,24435.25410259957,28505.5106612131,32575.76721982663
.DJI,2020-09-11,27665.64184,22.58258,19.29741,16.69745,17.485962459016392,1225.087737539289,1582.1629438381071,12250.87737539289,15926.140588010758,19601.403800628625,23276.667013246493,26951.93022586436,30627.193438482227,15821.629438381071,20568.118269895393,25314.607101409714,30061.095932924036,34807.584764438354,39554.07359595268,13638.614167832082,17903.086679015527,22167.559190198965,26432.031701382406,30696.504212565847,16331.850168150244,20411.376214061638,24490.90225997303,28570.428305884423,32649.954351795815
.DJI,2020-09-18,27657.41746,22.5821,21.87657,18.79929,19.673708360655738,1224.7495786485756,1405.8060103864507,12247.495786485757,15921.744522431483,19595.99325837721,23270.241994322936,26944.490730268662,30618.73946621439,14058.060103864507,18275.47813502386,22492.89616618321,26710.314197342563,30927.732228501915,35145.15025966127,13634.849524291429,17898.144920359216,22161.440316427004,26424.73571249479,30688.031108562576,14511.40871206365,18136.207445472195,21761.00617888074,25385.804912289288,29010.603645697833
.DJI,2020-09-25,27173.9553,22.25378,22.00865,18.36767,19.33262918032787,1221.0939130341003,1405.6006064426642,12210.939130341003,15874.220869443303,19537.502608545605,23200.784347647907,26864.06608675021,30527.347825852507,14056.006064426641,18272.807883754635,22489.609703082628,26706.41152241062,30923.213341738614,35140.01516106661,13594.15185724712,17844.72205409422,22095.29225094132,26345.86244778842,30596.43264463552,14509.288433335765,18133.557543204668,21757.826653073567,25382.09576294247,29006.36487281137
.DJI,2020-10-02,27682.81436,22.64797,22.37767,18.7181,19.61799426229508,1222.3088585864427,1411.0929991046612,12223.088585864427,15890.015161623756,19556.941737383084,23223.86831314241,26890.79488890174,30557.72146466107,14110.929991046612,18344.208988360595,22577.48798567458,26810.766982988564,31044.045980302548,35277.32497761653,13607.677560848238,17862.476925739218,22117.276290630198,26372.075655521174,30626.875020412153,14565.983563486381,18204.41452628342,21842.845489080464,25481.276451877507,29119.707414674547
.DJI,2020-10-09,28586.90439,23.4283,22.81186,19.2941,20.09184338797814,1220.1868846651273,1422.8114283980951,12201.868846651272,15862.429500646655,19522.990154642037,23183.550808637418,26844.1114626328,30504.672116628182,14228.11428398095,18496.548569175236,22764.982854369522,27033.417139563808,31301.851424758093,35570.285709952375,13584.054123358648,17831.46699732362,22078.87987128859,26326.29274525356,30573.70561921853,14686.946851225983,18355.593183246478,22024.239515266974,25692.88584728747,29361.532179307964
.DJI,2020-10-16,28606.31393,23.41145,22.31911,19.12747,19.790214918032788,1221.8941556375194,1445.4776791703262,12218.941556375194,15884.624023287752,19550.30649020031,23215.988957112866,26881.671424025426,30547.353890937986,14454.776791703262,18791.20982921424,23127.64286672522,27464.075904236197,31800.508941747175,36136.941979258154,13603.060770277802,17856.41657380432,22109.77237733083,26363.128180857348,30616.48398438386,14920.918840601355,18648.008938321585,22375.099036041815,26102.189133762044,29829.279231482273
.DJI,2020-10-23,28335.56723,22.44696,22.32625,18.90018,19.54607844262295,1262.3342862463335,1449.6804212250752,12623.342862463334,16410.345721202335,20197.348579941336,23984.351438680336,27771.354297419337,31558.357156158338,14496.804212250752,18845.845475925977,23194.886739601203,27543.92800327643,31892.969266951655,36242.01053062688,14053.271250204889,18447.397236997094,22841.5232237893,27235.649210581505,31629.77519737371,14964.301574219826,18702.228226887426,22440.154879555026,26178.081532222626,29916.00818489023
.DJI,2020-10-30,26501.5955,21.18257,20.47531,17.89028,18.3281812568306,1251.103879274328,1445.9479164155096,12511.038792743278,16264.350430566263,20017.662068389247,23770.97370621223,27524.285344035216,31277.596981858198,14459.479164155095,18797.322913401626,23135.166662648153,27473.01041189468,31810.85416114121,36148.69791038774,13928.245765951357,18283.27923687387,22638.31270779638,26993.346178718893,31348.379649641407,14925.772856593658,18654.07543694531,22382.37801729696,26110.680597648614,29838.983178000264
.DJI,2020-11-06,28323.39514,22.87413,21.8316,19.25907,19.64565237704918,1238.2283015791202,1441.7131381744541,12382.283015791201,16096.967920528563,19811.652825265923,23526.337730003284,27241.022634740642,30955.707539478004,14417.13138174454,18742.270796267905,23067.410210791266,27392.549625314627,31717.68903983799,36042.828454361355,13784.904982273605,18095.119175797176,22405.33336932074,26715.547562844306,31025.761756367872,14882.05942998509,18599.44285172522,22316.826273465347,26034.209695205474,29751.5931169456
.DJI,2020-11-13,29479.80926,23.56709,22.06996,20.08978,20.34947573770492,1250.8888140198897,1448.6765968804673,12508.888140198897,16261.554582258566,20014.221024318234,23766.887466377902,27519.55390843757,31272.220350497242,14486.765968804673,18832.795759446075,23178.825550087477,27524.85534072888,31870.88513137028,36216.91492201168,13925.851494964625,18280.136333901395,22634.421172838167,26988.706011774935,31342.990850711703,14953.939614438676,18689.277957491708,22424.61630054474,26159.954643597775,29895.29298665081
.DJI,2020-11-20,29263.47507,23.12121,22.16764,19.89104,20.14606896174864,1265.6550011872216,1452.5650202807599,12656.550011872216,16453.51501543388,20250.480018995546,24047.44502255721,27844.410026118876,31641.37502968054,14525.6502028076,18883.345263649877,23241.040324492158,27598.73538533444,31956.430446176717,36314.125507018995,14090.239990036616,18495.92522858604,22901.610467135455,27307.295705684875,31712.980944234296,14994.07779907461,18739.44224253709,22484.806685999567,26230.171129462047,29975.535572924528
.DJI,2020-11-27,29910.37218,23.52453,22.50942,20.33203,20.53430120218579,1271.4546126957691,1456.605310572544,12714.546126957692,16528.909965044997,20343.273803132306,24157.637641219615,27972.00147930692,31786.36531739423,14566.053105725441,18935.869037443073,23305.684969160706,27675.500900878338,32045.31683259597,36415.1327643136,14154.805703384849,18580.679115479637,23006.552527574426,27432.42593966921,31858.299351764,15035.783627123636,18791.565751990278,22547.34787685692,26303.13000172356,30058.9121265902
.DJI,2020-12-04,30218.2602,23.47799,22.51633,20.57997,20.7228162295082,1287.0888947478043,1458.2120434466233,12870.888947478043,16732.155631721456,20593.422315964868,24454.68900020828,28315.955684451692,32177.222368695107,14582.120434466233,18956.756564806103,23331.392695145973,27706.028825485842,32080.664955825712,36455.30108616558,14328.858495005361,18809.154103976358,23289.449712947353,27769.745321918348,32250.040930889343,15052.36909998021,18812.294103198386,22572.21910641656,26332.144109634737,30092.069112852914
.DJI,2020-12-11,30046.37059,23.22661,22.30148,20.46205,20.56256530054645,1293.6184225765187,1461.2170296281815,12936.184225765188,16817.039493494744,20697.8947612243,24578.750028953855,28459.60529668341,32340.460564412966,14612.170296281816,18995.82138516636,23379.472474050905,27763.12356293545,32146.774651819993,36530.42574070454,14401.550195383354,18904.57478211107,23407.599368838783,27910.623955566498,32413.648542294213,15083.388018901112,18851.061224946952,22618.73443099279,26386.407637038632,30154.08084308447
.DJI,2020-12-18,30179.04634,23.44171,22.49483,20.55487,20.62377568306011,1287.4080576886242,1463.3133526945974,12874.080576886243,16736.304749952116,20598.528923017988,24460.75309608386,28322.977269149735,32185.201442215606,14633.133526945974,19023.073585029764,23413.013643113558,27802.95370119735,32192.89375928114,36582.83381736493,14332.411661095535,18813.818261178443,23295.224861261348,27776.631461344252,32258.038061427156,15105.02727821892,18878.105745829882,22651.184213440843,26424.262681051805,30197.341148662766
.DJI,2020-12-24,30199.87048,23.47542,22.51459,20.44909,20.488594098360657,1286.4464397229103,1473.9845171912682,12864.464397229103,16723.803716397833,20583.143035566565,24442.482354735297,28301.82167390403,32161.160993072757,14739.845171912682,19161.798723486485,23583.75227506029,28005.705826634097,32427.6593782079,36849.6129297817,14321.706194042563,18799.765447437236,23277.82470083191,27755.88395422658,32233.94320762125,15215.18019284637,19015.77371108718,22816.36722932799,26616.960747568795,30417.554265809606
.DJI,2020-12-31,30606.484,23.80861,22.83947,20.7412,20.7412,1285.5216663215533,1475.6370894644476,12855.216663215533,16711.781662180194,20568.346661144853,24424.911660109512,28281.47665907417,32138.041658038834,14756.370894644477,19183.28216303782,23610.193431431162,28037.104699824504,32464.01596821785,36890.92723661119,14311.410908874568,18786.251069768092,23261.091230661616,27735.93139155514,32210.771552448667,15232.23884212312,19037.09343325623,22841.948024389334,26646.80261552244,30451.657206655545
.DJI,2021-01-08,31097.97316,24.03228,20.98974,,20.98974,1294.0084403144438,1481.5797222833633,12940.084403144438,16822.109724087768,20704.1350450311,24586.160365974432,28468.185686917765,32350.211007861093,14815.797222833633,19260.536389683723,23705.275556533812,28150.0147233839,32594.75389023399,37039.49305708408,14405.892171295098,18910.27439133453,23414.656611373957,27919.038831413385,32423.421051452813,15293.5815686614,19113.75893388707,22933.93629911274,26754.113664338405,30574.291029564076
.DJI,2021-01-15,30814.26483,23.66584,20.69301,,20.69301,1302.0566702893284,1489.114673505691,13020.566702893284,16926.736713761267,20832.906724629254,24739.07673549724,28645.246746365225,32551.416757233208,14891.14673505691,19358.49075557398,23825.834776091055,28293.17879660813,32760.522817125202,37227.86683764227,14495.491226120273,19027.888954306505,23560.286682492733,28092.684410678965,32625.082138865193,15371.360974927136,19210.9668256232,23050.572676319265,26890.17852701533,30729.784377711396
.DJI,2021-01-22,30996.97773,23.156,20.44947,,20.44947,1338.61537959924,1515.7839166491844,13386.153795992399,17401.99993479012,21417.84607358784,25433.69221238556,29449.53835118328,33465.384489981,15157.839166491845,19705.1909164394,24252.54266638695,28799.894416334504,33347.24616628206,37894.59791622961,14902.490753969048,19562.147621333028,24221.804488697006,28881.461356060983,33541.11822342496,15646.653785199194,19555.024912223053,23463.396039246913,27371.767166270773,31280.138293294633
.DJI,2021-01-29,29982.61517,22.57167,19.65241,15.57919,19.32878430136986,1328.329501981909,1551.1899094385924,13283.29501981909,17268.28352576482,21253.272031710545,25238.26053765627,29223.249043601998,33208.237549547724,15511.899094385924,20165.4688227017,24819.03855101748,29472.608279333257,34126.17800764903,38779.74773596481,14787.980493273686,19411.832706808862,24035.684920344036,28659.53713387921,33283.389347414384,16012.131545592492,20011.79521004322,24011.458874493943,28011.12253894467,32010.786203395397
.DJI,2021-02-05,31148.2406,23.63319,20.34852,16.16977,19.936369315068493,1317.987144350805,1562.3828043984543,13179.871443508051,17133.832876560464,21087.79430961288,25041.755742665297,28995.71717571771,32949.678608770126,15623.828043984542,20310.976457179906,24998.124870375268,29685.27328357063,34372.421696765996,39059.57010996136,14672.841453844816,19260.692409292747,23848.543364740675,28436.394320188607,33024.24527563653,16127.670014082254,20156.193984417238,24184.717954752225,28213.241925087208,32241.76589542219
.DJI,2021-02-12,31458.39855,23.85271,20.54814,16.42216,20.062065643835616,1318.8605634328344,1568.053814023188,13188.605634328344,17145.187324626848,21101.76901492535,25058.350705223853,29014.932395522355,32971.51408582086,15680.538140231878,20384.699582301444,25088.861024371006,29793.02246644057,34497.18390851013,39201.3453505797,14682.565023432206,19273.45630942294,23864.347595413677,28455.23888140441,33046.130167395146,16186.20891480294,20229.355292748227,24272.501670693513,28315.6480486388,32358.79442658408
.DJI,2021-02-19,31494.32265,24.18201,20.52447,16.61592,19.98905219178082,1302.386470355442,1575.5785891113917,13023.86470355442,16931.024114620748,20838.183525687073,24745.342936753397,28652.502347819725,32559.66175888605,15755.785891113917,20482.52165844809,25209.257425782267,29935.993193116443,34662.728960450615,39389.46472778479,14499.162812829063,19032.70855945759,23566.25430608612,28099.800052714647,32633.345799343173,16263.88327809668,20326.431902872173,24388.980527647665,28451.529152423154,32514.077777198647
.DJI,2021-02-26,30932.36698,23.55377,20.13817,17.1379,19.669634684931506,1313.2660707818748,1572.594889304001,13132.660707818748,17072.458920164372,21012.257132509996,24952.05534485562,28891.853557201244,32831.65176954687,15725.948893040011,20443.733560952012,25161.518228864017,29879.302896776022,34597.08756468802,39314.87223260003,14620.282850169686,19191.699971663475,23763.11709315726,28334.534214651045,32905.95133614483,16233.084087412291,20287.93939518473,24342.79470295717,28397.65001072961,32452.505318502044
.DJI,2021-03-05,31496.29651,23.92407,20.38605,17.41804,19.86563180821918,1316.5107989568664,1585.4666397757742,13165.107989568663,17114.640386439263,21064.172783309863,25013.705180180463,28963.237577051063,32912.76997392166,15854.666397757741,20611.066317085064,25367.466236412387,30123.86615573971,34880.26607506703,39636.66599439435,14656.405647176121,19239.117514086516,23821.82938099691,28404.541247907306,32987.2531148177,16365.952513465081,20453.996969997814,24542.041426530548,28630.085883063282,32718.130339596017
.DJI,2021-03-12,32778.64238,24.67958,21.10424,18.11614,20.522993150684933,1328.1685660777046,1597.166755323214,13281.685660777046,17266.191359010158,21250.697057243273,25235.202755476388,29219.7084537095,33204.214151942615,15971.667553232139,20763.167819201783,25554.668085171423,30346.168351141063,35137.66861711071,39929.16888308035,14786.188831635145,19409.480834894344,24032.77283815354,28656.06484141274,33279.35684467194,16486.7267578721,20604.93936257304,24723.15196727398,28841.364571974922,32959.57717667586
.DJI,2021-03-19,32627.97168,24.65567,20.9963,18.02759,20.36189073972603,1323.345570410376,1602.4038286554037,13233.45570410376,17203.492415334887,21173.529126566016,25143.565837797145,29113.602549028274,33083.6392602594,16024.038286554038,20831.24977252025,25638.46125848646,30445.67274445267,35252.88423041888,40060.09571638509,14732.495553166826,19338.998936464657,23945.502319762487,28552.005703060317,33158.50908635815,16540.78635856876,20672.5024883941,24804.218618219442,28935.934748044787,33067.65087787013
.DJI,2021-03-26,33072.87793,25.10953,21.27919,18.23676,20.570678904109585,1317.1444439621132,1607.7679343579052,13171.444439621133,17122.877771507472,21074.31110339381,25025.74443528015,28977.17776716649,32928.61109905283,16077.679343579053,20900.98314665277,25724.286949726484,30547.5907528002,35370.894555873914,40194.19835894763,14663.459868258517,19248.377423483245,23833.294978707974,28418.2125339327,33003.13008915743,16596.157248754604,20741.70445015927,24887.251651563936,29032.7988529686,33178.346054373265
.DJI,2021-04-01,33153.21371,25.10998,21.32373,18.21125,20.54774183561644,1320.3201957946603,1613.4723696272,13203.201957946603,17164.162545330582,21125.123132714565,25086.083720098548,29047.044307482527,33008.004894866506,16134.723696271998,20975.1408051536,25815.5579140352,30655.9750229168,35496.3921317984,40336.80924068,14698.814767838112,19294.786965091535,23890.759162344955,28486.731359598372,33082.7035568518,16655.041185124664,20815.29698045067,24975.552775776672,29135.808571102676,33296.064366428676
.DJI,2021-04-09,33800.60428,25.69564,21.50022,18.46741,20.677622219178083,1315.421771164291,1634.6465721116915,13154.217711642908,17100.48302513578,21046.748338628655,24993.013652121528,28939.2789656144,32885.54427910727,16346.465721116914,21250.40543745199,26154.345153787064,31058.284870122137,35962.22458645721,40866.16430279229,14644.28175643274,19223.20276906956,23802.12378170638,28381.0447943432,32959.96580698002,16873.61153134191,21088.463922343035,25303.316313344156,29518.16870434528,33733.021095346405
.DJI,2021-04-16,34200.67119,23.32868,20.77515,18.57802,20.137079369863017,1466.0354203495442,1698.3928285640288,14660.354203495443,19058.460464544074,23456.566725592707,27854.67298664134,32252.779247689974,36650.885508738604,16983.92828564029,22079.106771332376,27174.28525702446,32269.463742716547,37364.64222840864,42459.82071410072,16321.02815320337,21424.22815997137,26527.42816673937,31630.628173507368,36733.82818027536,17531.63118299328,21910.85002849864,26290.068874004,30669.28771950936,35048.50656501472
.DJI,2021-04-23,34043.48677,22.89533,19.54403,18.4461,19.20412290410959,1486.9183702527982,1772.717605484334,14869.183702527982,19329.93881328638,23790.693924044772,28251.449034803165,32712.20414556156,37172.959256319955,17727.176054843338,23045.32887129634,28363.481687749343,33681.634504202346,38999.78732065535,44317.94013710835,16553.513131780273,21729.405700138777,26905.29826849728,32081.190836855785,37257.08340521429,18298.84743285624,22869.70890561679,27440.57037837734,32011.431851137888,36582.29332389843
.DJI,2021-04-30,33874.85401,22.4456,19.22185,18.24085,18.899329452054797,1509.1979724311225,1792.3839094892871,15091.979724311224,19619.57364160459,24147.16755889796,28674.76147619133,33202.35539348469,37729.949310778065,17923.83909489287,23300.99082336073,28678.142551828594,34055.29428029645,39432.44600876432,44809.59773723218,16801.546712243085,22054.993522749508,27308.44033325593,32561.88714376235,37815.33395426877,18501.852522579193,23123.422552083204,27744.992581587216,32366.562611091227,36988.13264059524
.DJI,2021-05-07,34777.75973,23.07826,19.6223,18.7246,19.309949589041096,1506.9489523906914,1801.0279917943074,15069.489523906914,19590.33638107899,24111.183238251062,28632.030095423135,33152.87695259521,37673.72380976728,18010.279917943073,23413.363893325997,28816.447868708918,34219.53184409184,39622.61581947476,45025.69979485768,16776.508900136032,22022.126978180582,27267.745056225125,32513.36313426967,37758.98121231422,18591.08091564488,23234.939268259775,27878.797620874673,32522.655973489567,37166.514326104465
.DJI,2021-05-14,34382.13399,22.87394,19.43701,18.48352,19.086961616438355,1503.1137613371375,1801.3413910985662,15031.137613371375,19540.47889738279,24049.8201813942,28559.16146540561,33068.50274941702,37577.84403342844,18013.413910985662,23417.43808428136,28821.46225757706,34225.486430872756,39629.510604168456,45033.534777464156,16733.8126185257,21966.08057778131,27198.348537036924,32430.616496292536,37662.88445554815,18594.315974650584,23238.98241130605,27883.648847961515,32528.31528461698,37172.981721272445
.DJI,2021-05-21,34207.84285,22.59388,19.15681,18.2876,18.82103298630137,1514.0313593769642,1817.5326973231338,15140.313593769642,19682.407671900535,24224.501750031428,28766.59582816232,33308.68990629321,37850.78398442411,18175.32697323134,23627.92506520074,29080.52315717014,34533.12124913954,39985.71934110895,45438.317433078344,16855.35567437553,22125.627276392686,27395.89887840984,32666.170480426994,37936.44208244415,18761.45045869102,23447.865348448424,28134.280238205825,32820.69512796323,37507.11001772063
.DJI,2021-05-28,34529.44915,22.71146,19.29148,18.46871,18.95786367123288,1520.3535637955465,1821.3787032552525,15203.535637955465,19764.596329342105,24325.657020728744,28886.717712115384,33447.77840350202,38008.839094888666,18213.787032552525,23677.923142318283,29142.05925208404,34606.1953618498,40070.33147161556,45534.467581381316,16925.739291901893,22218.018188684142,27510.29708546639,32802.575982248636,38094.854879030885,18801.15078973076,23497.482408630323,28193.81402752989,32890.14564642945,37586.47726532902
.DJI,2021-06-04,34756.38883,22.82125,19.3536,18.53403,19.00556342465753,1522.983571452046,1828.7481435518816,15229.835714520459,19798.786428876596,24367.737143232735,28936.687857588873,33505.63857194501,38074.58928630115,18287.481435518817,23773.72586617446,29259.970296830106,34746.21472748575,40232.4591581414,45718.70358879704,16955.018549694065,22256.452378822523,27557.886207950978,32859.32003707944,38160.753866207895,18877.221712271585,23592.555055204048,28307.88839813651,33023.22174106897,37738.55508400143
.DJI,2021-06-11,34479.60078,22.62944,19.19874,18.35627,18.824821808219177,1523.6612474723192,1831.6030362075317,15236.612474723192,19807.59621714015,24378.579959557108,28949.563701974064,33520.54744439102,38091.53118680798,18316.03036207532,23810.839470697912,29305.648579320507,34800.457687943104,40295.266796565695,45790.07590518829,16962.562957729577,22266.35574505457,27570.148532379564,32873.94131970456,38177.73410702955,18906.691293315573,23629.38583061323,28352.08036791089,33074.77490520855,37797.46944250621
.DJI,2021-06-18,33290.08372,21.86801,18.50625,17.69038,18.12849101369863,1522.3188447417026,1836.340580958705,15223.188447417026,19790.144981642134,24357.10151586724,28924.05805009235,33491.014584317454,38057.97111854256,18363.40580958705,23872.427552463167,29381.44929533928,34890.47103821539,40399.49278109151,45908.51452396763,16947.61830328589,22246.738250153634,27545.858197021378,32844.97814388912,38144.09809075687,18955.594518702317,23690.50457228504,28425.41462586777,33160.324679450496,37895.23473303322
.DJI,2021-06-25,34433.84253,22.44627,18.90602,18.39689,18.660521698630134,1534.0563278442255,1845.2775911687283,15340.563278442256,19942.732261974932,24544.901245507608,29147.070229040284,33749.23921257296,38351.408196105636,18452.775911687284,23988.608685193467,29524.441458699654,35060.27423220584,40596.10700571202,46131.939779218206,17078.288947054065,22418.266517835124,27758.24408861618,33098.22165939723,38438.19923017829,19047.846655101905,23805.800331382507,28563.75400766311,33321.707683943714,38079.661360224316
.DJI,2021-07-02,34786.34567,22.77072,18.90725,18.48511,18.6956017260274,1527.678776516509,1860.6700217394766,15276.78776516509,19859.82409471462,24442.860424264145,29025.89675381367,33608.9330833632,38191.969412912724,18606.700217394766,24188.710282613196,29770.720347831626,35352.730413050056,40934.74047826848,46516.750543486916,17007.289165382117,22325.066781423335,27642.844397464545,32960.62201350576,38278.39962954697,19206.73475874772,24004.377028208823,28802.01929766992,33599.66156713102,38397.303836592124
.DJI,2021-07-09,34870.15899,22.82756,19.06236,18.5272,18.78378356164384,1527.5464828479262,1856.3969753784995,15275.464828479262,19858.10427702304,24440.74372556682,29023.383174110597,33606.022622654375,38188.66207119815,18563.969753784993,24133.160679920493,29702.351606055992,35271.54253219149,40840.73345832699,46409.92438446249,17005.816371028406,22323.133479062082,27640.450587095755,32957.76769512943,38275.0848031631,19162.626310119955,23949.25074858401,28735.87518704807,33522.49962551212,38309.12406397618
.DJI,2021-07-16,34687.85021,21.34465,18.47805,18.30356,18.383873205479453,1625.1308974379995,1886.863003366506,16251.308974379994,21126.701666693993,26002.09435900799,30877.48705132199,35752.87974363599,40628.272435949984,18868.63003366506,24529.21904376458,30189.808053864097,35850.39706396362,41510.986074063134,47171.57508416265,18092.200748739222,23749.204591679874,29406.208434620527,35063.21227756117,40720.21612050183,19477.1113675893,24342.290897472092,29207.470427354885,34072.64995723768,38937.82948712047
.DJI,2021-07-23,35061.55358,20.64137,18.68591,18.48801,18.57530287671233,1698.6059345867063,1887.5360371085158,16986.059345867063,22081.877149627184,27177.6949533873,32273.51275714742,37369.33056090754,42465.14836466766,18875.360371085157,24537.968482410706,30200.576593736252,35863.1847050618,41525.792816387344,47188.40092771289,18910.181087560635,24822.948062053154,30735.715036545673,36648.48201103819,42561.24898553071,19484.058746982442,24350.973659867974,29217.88857275351,34084.803485639044,38951.71839852458
.DJI,2021-07-30,34935.47149,20.33589,18.32136,18.47983,18.412968684931503,1717.9219345698666,1897.3296532345655,17179.219345698664,22332.985149408265,27486.750953117866,32640.516756827466,37794.28256053707,42948.048364246664,18973.296532345656,24665.285492049352,30357.27445175305,36049.26341145675,41741.252371160444,47433.24133086414,19125.221580550406,25105.22663802273,31085.231695495055,37065.23675296737,43045.2418104397,19585.153183429684,24477.32043345627,29369.487683482854,34261.65493350944,39153.822183536024
.DJI,2021-08-06,35208.50671,20.67522,18.3346,18.59742,18.49157194520548,1702.9326270772453,1904.0299447948726,17029.326270772453,22138.124152004188,27246.922033235925,32355.719914467663,37464.5177956994,42573.31567693113,19040.299447948724,24752.389282333344,30464.47911671796,36176.56895110258,41888.6587854872,47600.74861987181,18958.34913927899,24886.17712583201,30814.005112385028,36741.83309893804,42669.66108549106,19654.316829482726,24563.760437827477,29473.20404617223,34382.647654516986,39292.09126286174
.DJI,2021-08-13,35515.38328,21.53697,18.56096,18.78821,18.70104561643836,1649.0427056359367,1899.1121677593103,16490.427056359367,21437.555173267177,26384.683290174988,31331.811407082798,36278.93952399061,41226.067640898415,18991.121677593103,24688.458180871035,30385.794684148965,36083.131187426894,41780.46769070483,47477.80419398276,18358.40529562492,24098.64501272232,29838.884729819718,35579.124446917114,41319.36416401451,19603.553159395535,24500.316531748987,29397.079904102437,34293.84327645589,39190.606648809335
.DJI,2021-08-20,35120.08464,21.39159,18.38557,18.48909,18.45136901369863,1641.7706509894776,1903.386389049301,16417.706509894775,21343.01846286321,26268.330415831642,31193.642368800076,36118.954321768506,41044.26627473694,19033.86389049301,24744.023057640912,30454.182224788816,36164.341391936716,41874.50055908462,47584.65972623252,18277.44721850821,23992.373257091494,29707.299295674784,35422.225334258066,41137.151372841356,19647.67373620813,24555.457969052855,29463.24220189758,34371.02643474231,39278.81066758703
.DJI,2021-08-27,35455.79879,21.77435,18.49193,18.63481,18.58548704109589,1628.3286890309012,1907.714267137621,16283.286890309011,21168.272957401714,26053.25902449442,30938.245091587123,35823.231158679824,40708.21722577253,19077.14267137621,24800.285472789074,30523.428274201935,36246.5710756148,41969.71387702766,47692.85667844053,18127.801011796568,23795.936216130005,29464.071420463442,35132.20662479688,40800.34182913032,19692.348184411923,24611.291629051866,29530.235073691805,34449.17851833175,39368.12196297169
.DJI,2021-09-03,35369.08855,21.73391,18.46393,18.58504,18.545554821917808,1627.3688696603601,1907.1464234760738,16273.688696603602,21155.79530558468,26037.901914565762,30920.008523546843,35802.11513252792,40684.221741509005,19071.464234760737,24792.90350518896,30514.34277561718,36235.7820460454,41957.221316473624,47678.660586901846,18117.115568081397,23781.90968655139,29446.70380502138,35111.49792349137,40776.292041961366,19686.486627841256,24603.96591670868,29521.4452055761,34438.92449444352,39356.40378331094
.DJI,2021-09-10,34607.72389,21.27944,18.06055,18.16514,18.133046630136988,1626.345612948461,1908.5443607960628,16263.45612948461,21142.492968329992,26021.529807175375,30900.566646020758,35779.603484866144,40658.64032371152,19085.443607960628,24811.07669034882,30536.709772737006,36262.34285512519,41987.97593751338,47713.609019901574,18105.72389133809,23766.956101557706,29428.188311777318,35089.42052199693,40750.65273221654,19700.916812130075,24622.00061071608,29543.084409302086,34464.16820788809,39385.2520064741
.DJI,2021-09-17,34584.87768,21.2519,18.03874,18.15752,18.123350410958903,1627.3781487772858,1908.3048606226291,16273.781487772858,21155.915934104716,26038.050380436573,30920.18482676843,35802.319273100285,40684.453719432146,19083.04860622629,24807.963188094178,30532.877769962066,36257.79235182995,41982.70693369784,47707.62151556573,18117.21887031167,23782.04528894911,29446.871707586546,35111.69812622398,40776.524544861415,19698.44457564963,24618.910835315684,29539.37709498174,34459.8433546478,39380.30961431385
.DJI,2021-09-24,34797.99921,21.33565,18.15506,18.2897,18.25355008219178,1630.979098832236,1906.3688462415341,16309.790988322362,21202.72828481907,26095.665581315778,30988.602877812486,35881.54017430919,40774.477470805905,19063.688462415343,24782.795001139944,30501.901539864546,36221.00807858915,41940.11461731375,47659.22115603835,18157.307401877373,23834.6685574589,29512.02971304042,35189.390868621944,40866.752024203466,19678.460100018616,24593.934445846913,29509.408791675207,34424.8831375035,39340.3574833318
.DJI,2021-10-01,34326.45877,21.01447,17.84674,18.03234,17.986067123287672,1633.467737706447,1908.5027613154746,16334.67737706447,21235.08059018381,26135.483803303152,31035.887016422494,35936.29022954183,40836.69344266118,19085.027613154747,24810.53589710117,30536.044181047593,36261.55246499402,41987.06074894044,47712.569032886866,18185.012834205514,23871.036824083832,29557.060813962147,35243.08480384046,40929.10879371878,19700.487402196868,24621.463938654648,29542.440475112424,34463.41701157021,39384.39354802798
.DJI,2021-10-08,34746.24959,21.28147,18.05575,18.25135,18.20633520547945,1632.699695556745,1908.470276848612,16326.996955567449,21225.096042237685,26123.19512890792,31021.294215578153,35919.39330224839,40817.492388918625,19084.70276848612,24810.113599031956,30535.524429577792,36260.93526012363,41986.34609066947,47711.7569212153,18176.46240126635,23859.812872722705,29543.163344179055,35226.5138156354,40909.864287091754,19700.15208183833,24621.044858763522,29541.93763568871,34462.830412613905,39383.723189539094
.DJI,2021-10-15,35294.75607,21.51078,18.42958,18.48888,18.476370136986304,1640.7938749780344,1910.2646141162963,16407.938749780344,21330.320374714447,26252.70199964855,31175.083624582654,36097.465249516754,41019.84687445086,19102.646141162964,24833.439983511853,30564.23382586074,36295.02766820963,42025.82151055852,47756.61535290741,18266.57300049079,23978.0989279451,29689.624855399405,35401.150782853714,41112.67671030802,19718.674097867766,24644.193481456434,29569.7128650451,34495.23224863377,39420.75163222244
.DJI,2021-10-22,35677.01854,20.88698,18.16081,18.57096,18.49230109589041,1708.0984680408558,1929.2903763030652,17080.984680408557,22205.280084531125,27329.575488653692,32453.87089277626,37578.166296898824,42702.46170102139,19292.903763030652,25080.774891939847,30868.646020849043,36656.51714975824,42444.38827866744,48232.25940757663,19015.85923394093,24961.669268727255,30907.479303513574,36853.289338299895,42799.09937308622,19915.06720553049,24889.643541619862,29864.21987770923,34838.7962137986,39813.37254988797
.DJI,2021-10-29,35819.56044,20.31179,17.81492,18.73866,18.57921994520548,1763.486154592973,1927.9367242349447,17634.86154592973,22925.32000970865,28215.778473487568,33506.23693726648,38796.69540104541,44087.15386482432,19279.367242349446,25063.17741505428,30846.987587759115,36630.797760463945,42414.60793316878,48198.418105873614,19632.477344942894,25771.089298744406,31909.701252545914,38048.313206347426,44186.92516014893,19901.094155003393,24872.180168625975,29843.266182248557,34814.35219587114,39785.438209493725
.DJI,2021-11-05,36327.95016,20.53165,17.94431,18.92007,18.770364356164382,1769.3634052791667,1935.3886515297997,17693.63405279167,23001.72426862917,28309.814484466668,33617.90470030417,38925.994916141666,44234.08513197917,19353.886515297996,25160.052469887396,30966.218424476796,36772.38437906619,42578.55033365559,48384.71628824499,19697.90739702849,25856.977782683178,32016.04816833786,38175.11855399254,44334.188939647225,19978.01654818515,24968.316974337107,29958.617400489067,34948.91782664103,39939.21825279299
.DJI,2021-11-12,36100.30524,20.37318,17.53766,18.91418,18.729386904109592,1771.952402128681,1927.4686045424633,17719.52402128681,23035.381227672853,28351.238434058894,33667.09564044494,38982.95284683098,44298.81005321702,19274.686045424634,25057.091859052023,30839.497672679412,36621.9034863068,42404.30929993419,48186.71511356158,19726.730091134614,25894.81265245475,32062.895213774886,38230.977775095016,44399.060336415154,19896.26199741296,24866.140988405212,29836.019979397464,34805.89897038972,39775.77796138197
.DJI,2021-11-19,35601.97773,20.1028,17.56337,18.62089,18.49920276712329,1770.9959672284458,1924.5141630249977,17709.959672284458,23022.947573969795,28335.935475655133,33648.92337734047,38961.91127902581,44274.899180711145,19245.14163024998,25018.68411932497,30792.226608399964,36565.76909747496,42339.31158654995,48112.85407562494,19716.082325932788,25880.83558257065,32045.588839208507,38210.34209584636,44375.09535248422,19865.76482493036,24828.025939920295,29790.287054910226,34752.54816990016,39714.80928489009
.DJI,2021-11-26,34899.3366,19.7475,17.60068,18.27318,18.20869369863013,1767.2787238891,1916.6304391525643,17672.787238891,22974.623410558303,28276.4595822256,33578.295753892904,38880.1319255602,44181.9680972275,19166.304391525642,24916.195708983338,30666.08702644103,36415.97834389872,42165.86966135642,47915.760978814105,19674.699128534117,25826.51283680146,31978.326545068798,38130.14025333613,44281.953961603474,19784.385218896037,24726.318556016045,29668.251893136057,34610.185230256066,39552.11856737608
.DJI,2021-12-03,34580.08009,19.61454,17.43023,18.10708,18.05515726027397,1762.981955732839,1915.2466850059043,17629.81955732839,22918.765424526908,28207.711291725424,33496.65715892394,38785.60302612246,44074.54889332097,19152.46685005904,24898.206905076757,30643.94696009447,36389.687015112184,42135.427070129896,47881.16712514761,19626.86421740393,25763.721078804036,31900.577940204137,38037.43480160424,44174.29166300434,19770.101440173483,24708.46683816028,29646.83223614708,34585.197634133874,39523.56303212068
.DJI,2021-12-10,35970.99449,20.40899,17.76054,18.81484,18.75418164383561,1762.5073308380277,1918.0252795420402,17625.073308380277,22912.595300894358,28200.117293408442,33487.63928592252,38775.16127843661,44062.68327095069,19180.2527954204,24934.32863404652,30688.404472672642,36442.480311298765,42196.55614992489,47950.631988551,19621.580329877816,25756.785044452005,31891.98975902619,38027.19447360037,44162.39918817455,19798.78343517213,24744.313296734148,29689.84315829617,34635.37301985819,39580.90288142021
.DJI,2021-12-17,35365.43528,20.13384,17.5179,18.50937,18.47134101369863,1756.5171512240088,1914.6111402400318,17565.17151224009,22834.722965912115,28104.27441958414,33373.825873256166,38643.377326928196,43912.92878060022,19146.11140240032,24889.94482312041,30633.77824384051,36377.6116645606,42121.4450852807,47865.278506000795,19554.8930665511,25669.246249011885,31783.599431472667,37897.95261393345,44012.305796394234,19763.54104010103,24700.2677184883,29636.994396875565,34573.72107526283,39510.4477536501
.DJI,2021-12-23,35950.56313,20.43032,17.77241,18.81708,18.79418312328767,1759.6671579299789,1912.8558498216423,17596.67157929979,22875.673053089726,28154.674526879662,33433.6760006696,38712.67747445954,43991.67894824947,19128.558498216422,24867.12604768135,30605.693597146277,36344.26114661121,42082.82869607613,47821.39624554106,19589.961351680704,25715.279558601396,31840.59776552209,37965.91597244278,44091.23417936347,19745.42208451155,24677.62283653463,29609.82358855771,34542.024340580785,39474.22509260387
.DJI,2021-12-31,36338.29765,20.67052,17.99502,18.99982,18.99982,1757.9769473627175,1912.5601005693738,17579.769473627173,22853.700315715327,28127.63115780348,33401.56199989163,38675.49284197979,43949.42368406794,19125.601005693738,24863.28130740186,30600.96160910998,36338.6419108181,42076.322212526225,47814.002514234344,19571.144634246593,25690.57929806965,31810.013961892706,37929.44862571576,44048.88328953882,19742.369217868323,24673.807395605116,29605.24557334191,34536.6837510787,39468.12192881549
.DJI,2022-01-07,36231.65912,20.19263,18.94385,,18.94385,1794.3011445264929,1912.5816093349554,17943.01144526493,23325.914878844407,28708.818312423886,34091.721746003364,39474.62517958284,44857.52861316232,19125.816093349553,24863.56092135442,30601.305749359286,36339.05057736415,42076.79540536902,47814.54023337388,19975.533393428916,26221.410870733125,32467.288348037335,38713.165825341544,44959.043302645754,19742.591241736438,24674.0848787227,29605.578515708963,34537.072152695226,39468.56578968149
.DJI,2022-01-14,35911.80945,20.00247,18.77388,,18.77388,1795.3687444600594,1912.8602851408448,17953.687444600593,23339.79367798077,28725.89991136095,34112.00614474113,39498.1123781213,44884.218611501485,19128.602851408446,24867.183706830983,30605.764562253516,36344.34541767605,42082.92627309859,47821.507128521116,19987.418732848575,26237.012475061925,32486.606217275275,38736.19995948862,44985.79370170197,19745.467868018834,24677.680056285113,29609.892244551393,34542.10443281767,39474.31662108395
.DJI,2022-01-21,34265.37121,19.04028,17.9152,,17.9152,1799.6253841855266,1912.6424047736,17996.253841855265,23395.129994411847,28794.006146968426,34192.88229952501,39591.75845208159,44990.634604638166,19126.424047736,24864.3512620568,30602.2784763776,36340.2056906984,42078.1329050192,47816.06011934,20034.806903579694,26299.21780748934,32563.628711398982,38828.039615308626,45092.45051921827,19743.21880162129,24674.869196529606,29606.51959143792,34538.169986346235,39469.82038125455
.DJI,2022-01-28,34725.4723,18.60693,18.22331,,18.22331,1866.2655419244338,1905.5524106213416,18662.655419244336,24261.45204501764,29860.24867079094,35459.04529656424,41057.841922337546,46656.638548110845,19055.524106213416,24772.18133807744,30488.838569941465,36205.49580180549,41922.153033669514,47638.81026553354,20776.696134558366,27273.0782778417,33769.46042112503,40265.84256440837,46762.2247076917,19670.03245716877,24583.40166560249,29496.77087403621,34410.14008246993,39323.50929090365
.DJI,2022-02-04,35089.74371,18.58266,18.22154,,18.22154,1888.3057490154802,1925.7287644183752,18883.057490154803,24547.974737201243,30212.891984247683,35877.80923129412,41542.72647834056,47207.643725387,19257.28764418375,25034.473937438877,30811.660230694004,36588.84652394913,42366.03281720426,48143.21911045938,21022.064585717366,27595.1676481647,34168.27071061203,40741.373773059364,47314.47683550669,19878.302527224503,24843.695429644413,29809.08833206432,34774.48123448423,39739.87413690414
.DJI,2022-02-11,34738.06066,18.27263,18.10958,,18.10958,1901.0980170889468,1918.2145947062274,19010.980170889467,24714.27422215631,30417.56827342315,36120.86232468999,41824.15637595683,47527.450427223666,19182.145947062276,24936.789731180957,30691.43351529964,36446.07729941832,42200.721083537006,47955.364867655684,21164.477902934897,27782.110245925483,34399.742588916066,41017.374931906656,47635.00727489724,19800.737637745326,24746.755638753537,29692.77363976175,34638.79164076996,39584.80964177817
.DJI,2022-02-18,34079.18219,17.79753,18.46562,,18.46562,1914.826506262386,1845.5476821249433,19148.26506262386,24892.744581411018,30637.224100198175,36381.70361898533,42126.18313777249,47870.662656559645,18455.476821249435,23992.119867624264,29528.762913999093,35065.40596037392,40602.049006748755,46138.69205312358,21317.313949861527,27982.73451479433,34648.15507972713,41313.575644659926,47978.99620959272,19050.63466441906,23809.28475638487,28567.93484835068,33326.58494031649,38085.2350322823
.DJI,2022-02-25,34058.75083,17.77067,19.24216,,19.24216,1916.5710032317295,1770.0066328312414,19165.710032317296,24915.423042012484,30665.136051707672,36414.84906140286,42164.56207109805,47914.27508079324,17700.066328312416,23010.08622680614,28320.106125299862,33630.126023793586,38940.14592228731,44250.16582078103,21336.735025065187,28008.22810149545,34679.72117792571,41351.21425435597,48022.70733078623,18270.86346359903,22834.734832343354,27398.60620108768,31962.477569832005,36526.34893857633
.DJI,2022-03-04,33614.7971,17.62508,25.04297,,25.04297,1907.2138736391553,1342.284764946011,19072.138736391553,24793.78035730902,30515.421978226484,36237.06359914395,41958.70522006141,47680.346840978884,13422.84764946011,17449.70194429814,21476.556239136175,25503.41053397421,29530.26482881224,33557.11912365027,21232.564298087003,27871.48564866581,34510.40699924461,41149.328349823416,47788.249700402215,13855.711732768379,17316.72419103236,20777.73664929634,24238.74910756032,27699.7615658243
.DJI,2022-03-11,32944.18708,17.27728,24.13372,,24.13372,1906.7924511265662,1365.0687535945558,19067.92451126566,24788.30186464536,30508.67921802506,36229.056571404755,41949.433924784455,47669.811278164154,13650.687535945559,17745.893796729226,21841.100057512893,25936.30631829656,30031.512579080227,34126.7188398639,21227.87270019183,27865.32709892265,34502.781497653465,41140.23589638428,47777.69029511509,14090.899069376199,17610.658874418514,21130.41867946083,24650.178484503143,28169.93828954546
.DJI,2022-03-18,34754.93301,18.20214,24.63224,,24.63224,1909.3871934838432,1410.9530034621293,19093.871934838433,24822.03351528996,30550.195095741492,36278.35667619302,42006.51825664455,47734.67983709608,14109.530034621293,18342.38904500768,22575.24805539407,26808.10706578046,31040.966076166846,35273.82508655323,21256.759357687002,27903.245931924237,34549.73250616147,41196.219080398696,47842.70565463592,14564.538460839445,18202.60845204867,21840.678443257893,25478.748434467117,29116.818425676345
.DJI,2022-03-25,34861.242,18.27573,,,23.985658727984344,1907.515705255002,1453.4202456289845,19075.15705255002,24797.704168315027,30520.251284080034,36242.798399845036,41965.345515610046,47687.892631375056,14534.202456289844,18894.463193176798,23254.723930063752,27614.984666950706,31975.24540383766,36335.50614072461,21235.924518605134,27875.896530772774,34515.86854294041,41155.84055510804,47795.81256727568,15002.905848234532,18750.47544641688,22498.04504459923,26245.614642781577,29993.18424096392
.DJI,2022-04-01,34818.27023,18.2488,,,23.339077455968688,1907.9758795098858,1491.844323996433,19079.758795098856,24803.686433628514,30527.614072158172,36251.54171068783,41975.469349217485,47699.396987747146,14918.44323996433,19393.97621195363,23869.50918394293,28345.042155932228,32820.575127921526,37296.10809991083,21241.047530549513,27882.621387548486,34524.19524454745,41165.76910154642,47807.34295854539,15399.53774584687,19246.181860406075,23092.825974965283,26939.47008952449,30786.114204083697
.DJI,2022-04-08,34721.1224,18.25174,,,22.692496183953033,1902.3458804475626,1530.070650603568,19023.458804475627,24730.496445818313,30437.534087161002,36144.57172850369,41851.60936984638,47558.64701118907,15300.70650603568,19890.918457846386,24481.13040965709,29071.342361467792,33661.554313278495,38251.7662650892,21178.370072745136,27800.346169107394,34422.32226546965,41044.29836183191,47666.274458194166,15794.12835426551,19739.33709242475,23684.54583058399,27629.75456874323,31574.963306902468
.DJI,2022-04-14,34451.2307,18.71886,,,22.045914911937377,1840.4555993260274,1562.7036046186233,18404.555993260274,23925.922791238358,29447.289589216438,34968.65638719452,40490.0231851726,46011.389983150686,15627.036046186233,20315.146860042103,25003.257673897973,29691.368487753844,34379.47930160971,39067.59011546558,20489.360103017792,26895.89905601077,33302.438009003745,39708.97696199672,46115.51591498969,16130.981468916989,20160.33260617483,24189.683743432674,28219.034880690513,32248.386017948356
.DJI,2022-04-22,33811.39953,18.29483,,,21.39933363992172,1848.1395853364038,1580.021139860301,18481.39585336404,24025.81460937325,29570.23336538246,35114.65212139167,40659.07087740088,46203.48963341009,15800.211398603009,20540.274818183912,25280.338237764816,30020.40165734572,34760.46507692662,39500.528496507526,20574.904115299756,27008.1906604149,33441.47720553004,39874.76375064518,46308.050295760324,16309.741432895567,20383.74494704326,24457.74846119095,28531.75197533864,32605.75548948633
.DJI,2022-04-29,32977.2068,17.72993,,,20.752752367906066,1859.9738859657089,1589.0521996975658,18599.73885965709,24179.660517554214,29759.58217545134,35339.50383334847,40919.425491245594,46499.34714914272,15890.521996975658,20657.678596068356,25424.835195161053,30191.99179425375,34959.14839334645,39726.304992439145,20706.65260586372,27181.13379212687,33655.61497839002,40130.09616465316,46604.577350916305,16402.9643949781,20500.25403396634,24597.543672954584,28694.833311942824,32792.122950931065
.DJI,2022-05-06,32899.3699,17.63765,,,20.10617109589041,1865.2921392589146,1636.2822012752317,18652.921392589145,24248.79781036589,29844.674228142634,35440.55064591938,41036.42706369612,46632.30348147287,16362.822012752316,21271.668616578012,26180.515220403708,31089.361824229403,35998.2084280551,40907.055031880795,20765.85947120916,27258.85324582124,33751.84702043331,40244.84079504539,46737.83456965746,16890.49528565662,21109.56506261037,25328.63483956412,29547.704616517876,33766.77439347163
.DJI,2022-05-13,32196.66286,17.34362,,,19.459589823874754,1856.3980795243438,1654.5396460771374,18563.98079524344,24133.175033816467,29702.3692723895,35271.56351096253,40840.757749535565,46409.951988108594,16545.396460771375,21509.015399002787,26472.634337234198,31436.25327546561,36399.872213697025,41363.491151928436,20666.84399224509,27128.87796529464,33590.91193834419,40052.94591139374,46514.97988444329,17078.95745013802,21345.103112601064,25611.248775064105,29877.394437527146,34143.54009999019
.DJI,2022-05-20,31261.8951,16.84615,,,18.8130085518591,1855.7293565592138,1661.7169451565844,18557.29356559214,24124.481635269778,29691.66970494742,35258.85777462506,40826.0458443027,46393.233913980344,16617.169451565846,21602.320287035596,26587.47112250535,31572.621957975105,36557.772793444856,41542.923628914614,20659.399256470577,27119.105436485384,33578.811616500185,40038.51779651499,46498.2239765298,17153.044998221518,21437.696958438486,25722.348918655458,30007.00087887243,34291.6528390894
.DJI,2022-05-27,33212.95835,17.88296,,,18.166427279843443,1857.2405435118123,1828.2603309045492,18572.405435118122,24144.12706565356,29715.848696188998,35287.57032672443,40859.29195725987,46431.01358779531,18282.60330904549,23767.38430175914,29252.165294472787,34736.94628718643,40221.72727990008,45706.508272613726,20676.22294603207,27141.189496403338,33606.1560467746,40071.12259714587,46536.08914751714,18872.186274488526,23586.26181751607,28300.33736054362,33014.41290357117,37728.48844659872
.DJI,2022-06-03,32899.69944,17.71342,,,17.519846007827788,1857.3318670251142,1877.8532314325457,18573.31867025114,24145.314271326486,29717.309872401827,35289.30547347717,40861.30107455251,46433.296675627855,18778.532314325457,24412.092008623094,30045.65170292073,35679.21139721837,41312.771091516006,46946.33078581364,20677.239629265612,27142.52407247032,33607.80851567503,40073.09295887974,46538.37740208444,19384.108149527772,24226.056444337424,29068.004739147076,33909.95303395673,38751.901328766384
.DJI,2022-06-10,31392.78763,16.92462,,,16.873264735812132,1854.8592305174354,1860.5046576061454,18548.592305174356,24113.16999672666,29677.747688278967,35242.32537983127,40806.90307138358,46371.480762935884,18605.046576061453,24186.56054887989,29768.074521698327,35349.58849451676,40931.1024673352,46512.61644015364,20649.71234752719,27106.389659916666,33563.06697230614,40019.744284695604,46476.42159708507,19205.027790284537,24002.24367680473,28799.459563324926,33596.67544984512,38393.89133636532
.DJI,2022-06-17,29888.77576,16.05578,,,16.226683463796476,1861.5586262392735,1841.952228049876,18615.586262392735,24200.262141110557,29784.938019828376,35369.613898546195,40954.28977726401,46538.96565598184,18419.52228049876,23945.37896464839,29471.235648798018,34997.09233294764,40522.94901709727,46048.8057012469,20724.295147279397,27204.292739532826,33684.29033178625,40164.28792403968,46644.28551629311,19013.52065067657,23762.900048619846,28512.279446563123,33261.6588445064,38011.03824244968
.DJI,2022-06-24,31500.6784,16.93133,16.20537,14.90124,15.58010219178082,1860.4963933725232,2021.8531311442857,18604.963933725234,24186.453113842803,29767.942293960372,35349.431474077945,40930.92065419551,46512.40983431308,20218.531311442857,26284.090704875714,32349.65009830857,38415.20949174143,44480.768885174286,50546.32827860714,20712.469558154575,27188.76956800478,33665.06957785498,40141.36958770518,46617.66959755538,20870.544673325818,26083.789327824947,31297.033982324072,36510.2786368232,41723.52329132233
.DJI,2022-07-01,31097.25787,16.77352,15.98575,14.8514,15.420128904109587,1853.9494316040998,2016.666531348667,18539.494316040997,24101.3426108533,29663.190905665597,35225.0392004779,40786.8874952902,46348.735790102495,20166.66531348667,26216.66490753267,32266.66450157867,38316.66409562467,44366.66368967067,50416.663283716676,20639.583769818775,27093.09411519214,33546.604460565504,40000.114805938865,46453.625151312226,20817.006084854824,26016.877357656223,31216.748630457627,36416.61990325903,41616.49117606043
.DJI,2022-07-08,31338.15021,16.89837,16.24148,14.95072,15.5731138630137,1854.5072814715265,2012.323963316573,18545.072814715266,24108.594659129845,29672.116503544425,35235.63834795901,40799.16019237359,46362.68203678817,20123.23963316573,26160.21152311545,32197.18341306517,38234.155303014886,44271.12719296461,50308.09908291433,20645.794181426267,27101.246375821633,33556.698570217,40012.150764612365,46467.60295900773,20772.179999955435,25960.854183694635,31149.528367433835,36338.20255117303,41526.876734912235
.DJI,2022-07-15,31288.25815,16.84768,16.25505,15.02701,15.595609342465751,1857.1256190763359,2006.2222297915778,18571.256190763357,24142.633047992367,29714.009905221374,35285.386762450384,40856.76361967939,46428.1404769084,20062.222297915778,26080.888987290513,32099.555676665244,38118.222366039976,44136.88905541471,50155.555744789446,20674.94351927275,27139.510023115978,33604.076526959194,40068.64303080242,46533.20953464564,20709.194959075598,25882.136135707424,31055.07731233925,36228.01848897108,41400.9596656029
.DJI,2022-07-22,31899.28768,17.78269,16.67179,15.39866,15.963720438356164,1793.8392717862148,1998.2364263505465,17938.39271786215,23319.91053322079,28701.428348579437,34082.94616393808,39464.46397929673,44845.98179465537,19982.364263505464,25977.073542557104,31971.782821608744,37966.49210066038,43961.20137971202,49955.91065876366,19970.39147264539,26214.66119277089,32458.930912896387,38703.20063302189,44947.47035314738,20626.7616384248,25779.11183025187,30931.46202207894,36083.812213906014,41236.162405733085
.DJI,2022-07-29,32845.12793,18.30456,17.24817,16.23668,16.66621684931507,1794.3686125205961,1970.7608647459688,17943.68612520596,23326.79196276775,28709.897800329538,34093.00363789133,39476.109475453115,44859.2153130149,19707.60864745969,25619.891241697595,31532.1738359355,37444.456430173406,43356.73902441131,49269.02161864922,19976.284498767785,26222.396828970628,32468.509159173467,38714.6214893763,44960.733819579145,20343.145619506293,25424.65148418713,30506.157348867968,35587.6632135488,40669.16907822964
.DJI,2022-08-05,32803.47431,18.10632,17.17226,16.28093,16.642346000000003,1811.7140484648453,1971.084744302275,18117.14048464845,23552.282630042988,28987.424775437525,34422.56692083206,39857.7090662266,45292.851211621135,19710.84744302275,25624.101675929578,31537.3559088364,37450.61014174323,43363.86437465005,49277.11860755688,20169.387164942236,26475.878137843207,32782.36911074418,39088.860083645144,45395.35105654611,20346.488860736106,25428.82983225018,30511.17080376425,35593.51177527832,40675.85274679239
.DJI,2022-08-12,33761.04611,18.61002,17.73343,16.73026,17.11778594520548,1814.1327150642505,1972.2787875762715,18141.327150642504,23583.72529583526,29026.12344102801,34468.52158622076,39910.91973141351,45353.31787660626,19722.787875762715,25639.62423849153,31556.460601220344,37473.29696394916,43390.13332667797,49306.96968940679,20196.313612362377,26511.223849378748,32826.13408639511,39141.04432341148,45455.954560427854,20358.814352191424,25444.234103078496,30529.653853965567,35615.07360485264,40700.49335573971
.DJI,2022-08-19,33706.73823,18.5446,17.33143,16.30588,16.682383287671232,1817.60395101539,2020.498968808028,18176.0395101539,23628.851363200072,29081.66321624624,34534.47506929241,39987.28692233858,45440.09877538475,20204.98968808028,26266.486594504364,32327.983500928447,38389.48040735253,44450.97731377662,50512.4742202007,20234.95806726337,26561.95151255934,32888.9449578553,39215.93840315127,45542.93184844723,20856.566355564522,26066.319371896625,31276.07238822873,36485.825404560834,41695.57842089294
.DJI,2022-08-26,32283.39729,17.76469,16.56309,15.62059,15.948528356164385,1817.2789556136356,2024.2242148644332,18172.789556136355,23624.626422977264,29076.46328981817,34528.300156659076,39980.137023499985,45431.97389034089,20242.24214864433,26314.914793237633,32387.58743783093,38460.26008242423,44532.93272701753,50605.60537161083,20231.339969754903,26557.202121418115,32883.06427308133,39208.92642474453,45534.788576407744,20895.020144834238,26114.378517159366,31333.73688948449,36553.09526180962,41772.45363413474
.DJI,2022-09-02,31318.44384,17.26295,16.09521,15.15451,15.463781232876713,1814.1999971036237,2025.2772183180878,18141.999971036235,23584.599962347107,29027.19995365798,34469.79994496885,39912.39993627972,45354.999927590594,20252.772183180878,26328.60383813514,32404.435493089404,38480.26714804367,44556.098802997934,50631.93045795219,20197.062647510895,26512.20709012627,32827.35153274164,39142.495975357015,45457.64041797238,20905.88975513488,26127.963242886228,31350.03673063758,36572.11021838894,41794.18370614029
.DJI,2022-09-09,32151.71387,17.2163,11.83654,11.29358,15.173076712328767,1867.5158930780713,2118.997648240674,18675.15893078071,24277.706610014928,29880.25428924914,35482.801968483356,41085.349647717565,46687.89732695178,21189.976482406742,27546.969427128763,33903.96237185079,40260.95531657281,46617.948261294834,52974.941206016854,20790.61600040652,27291.350556958416,33792.0851135103,40292.81967006219,46793.554226614084,21873.31730433358,27337.044116347297,32800.77092836101,38264.497740374725,43728.22455238844
.DJI,2022-09-16,30822.42309,16.30863,11.2125,10.69817,14.882372191780822,1889.9455742143882,2071.069228266075,18899.45574214388,24569.292464787046,30239.12918743021,35908.96591007338,41578.80263271654,47248.63935535971,20710.692282660748,26923.899967458972,33137.1076522572,39350.31533705542,45563.523021853645,51776.73070665187,21040.320374674586,27619.13159113376,34197.94280759293,40776.7540240521,47355.56524051126,21378.57700159177,26718.72283960578,32058.868677619786,37399.0145156338,42739.16035364781
.DJI,2022-09-23,29590.41197,16.35636,15.26002,14.34292,14.591667671232877,1809.1074034809703,2027.8978823192904,18091.074034809702,23518.396245252614,28945.718455695525,34373.04066613843,39800.36287658135,45227.685087024256,20278.978823192905,26362.672470150774,32446.366117108646,38530.059764066515,44613.75341102439,50697.44705798226,20140.36799829953,26437.785363213472,32735.20272812741,39032.62009304135,45330.03745795529,20932.941514863796,26161.77225040187,31390.60298593995,36619.43372147803,41848.26445701611
.DJI,2022-09-30,28725.50628,15.91582,14.84042,13.93025,14.159662712328766,1804.8398561933975,2028.6857719420682,18048.398561933976,23462.91813051417,28877.43769909436,34291.95726767455,39706.47683625475,45120.996404834936,20286.85771942068,26372.915035246886,32458.97235107309,38545.029666899296,44631.0869827255,50717.144298551706,20092.858396240263,26375.42063074976,32657.982865259255,38940.54509976875,45223.10733427825,20941.074492139214,26171.93676068086,31402.7990292225,36633.66129776415,41864.52356630579
.DJI,2022-10-07,29296.79353,16.20868,15.15528,14.21298,14.432419726027398,1807.4755951749307,2029.9294287545017,18074.755951749306,23497.1827372741,28919.60952279889,34342.03630832368,39764.46309384848,45186.889879373266,20299.294287545017,26389.082573808522,32478.870860072027,38568.65914633553,44658.44743259904,50748.23571886255,20122.20145952849,26413.93857685575,32705.67569418301,38997.41281151027,45289.14992883753,20953.91211850404,26187.981092384256,31422.050066264474,36656.11904014469,41890.188014024905
.DJI,2022-10-14,29634.8337,16.40335,15.37612,14.41725,14.622159205479452,1806.6330170361541,2026.707087753138,18066.33017036154,23486.229221470003,28906.128272578466,34326.027323686925,39745.92637479539,45165.82542590385,20267.07087753138,26347.192140790794,32427.31340405021,38507.43466730962,44587.55593056903,50667.67719382845,20112.821234921794,26401.625377572032,32690.429520222267,38979.2336628725,45268.037805522734,20920.64955814013,26146.409890931845,31372.170223723566,36597.93055651528,41823.690889307
.DJI,2022-10-21,31082.56047,18.1062,16.19274,15.27271,15.451674739726029,1716.6805000497066,2011.5981596536712,17166.805000497065,22316.846500646185,27466.888000795305,32616.929500944425,37766.971001093545,42917.012501242665,20115.981596536712,26150.776075497728,32185.57055445874,38220.36503341975,44255.159512380764,50289.95399134178,19111.400981489394,25087.084664072856,31062.768346656318,37038.45202923977,43014.13571182323,20764.687903948397,25951.490640148924,31138.293376349455,36325.09611254998,41511.898848750505
.DJI,2022-10-28,32861.80255,18.66228,16.95378,16.37902,16.47979983561644,1760.867511901011,1994.0656365848863,17608.67511901011,22891.277654713143,28173.880190416177,33456.48272611921,38739.08526182224,44021.68779752528,19940.656365848863,25922.85327560352,31905.05018535818,37887.24709511284,43869.4440048675,49851.640914622156,19603.324610632764,25732.821192992462,31862.317775352156,37991.814357711846,44121.31094007154,20583.708731768817,25725.304755987996,30866.900780207176,36008.49680442635,41150.09282864553
.DJI,2022-11-04,32403.21734,18.28401,16.56037,16.21916,16.272444849315068,1772.216124362216,1991.2937262997636,17722.161243622162,23038.809616708808,28355.457989795457,33672.10636288211,38988.75473596875,44305.403109055405,19912.937262997635,25886.81844189693,31860.69962079622,37834.58079969551,43808.4619785948,49782.34315749409,19729.66604884642,25898.666614796784,32067.66718074715,38236.66774669751,44405.668312647875,20555.095734837945,25689.544530480493,30823.99332612304,35958.44212176559,41092.890917408135
.DJI,2022-11-11,33747.86459,19.00098,17.12045,16.95431,16.977068904109586,1776.1117894971733,1987.8498921466212,17761.117894971732,23089.453263463252,28417.788631954772,33746.12400044629,39074.45936893781,44402.79473742933,19878.498921466213,25842.048597906076,31805.59827434594,37769.1479507858,43732.697627225665,49696.24730366553,19773.035574207497,25955.596766365885,32138.15795852427,38320.71915068266,44503.28034284104,20519.54681516938,25645.11586098574,30770.684906802104,35896.25395261846,41021.82299843483
.DJI,2022-11-18,33745.68964,19.12431,17.46199,16.62247,16.721372356164384,1764.5441660378856,2018.117228730903,17645.441660378856,22939.074158492513,28232.70665660617,33526.339154719826,38819.97165283348,44113.60415094714,20181.17228730903,26235.52397350174,32289.875659694448,38344.22734588716,44398.57903207986,50452.930718272575,19644.25593796946,25786.550779604306,31928.845621239147,38071.140462873984,44213.43530450883,20831.98088399184,26035.592705627743,31239.20452726365,36442.816348899556,41646.42817053546
.DJI,2022-11-25,34347.03075,19.4598,17.76194,16.9793,17.056491890410957,1765.0248589399682,2013.721870281524,17650.24858939968,22945.323166219587,28240.39774303949,33535.47231985939,38830.5468966793,44125.6214734992,20137.21870281524,26178.38431365981,32219.549924504383,38260.71553534896,44301.881146193526,50343.0467570381,19649.60737919594,25793.575490103212,31937.54360101048,38081.511711917745,44225.479822825015,20786.609870904886,25978.88848609376,31171.167101282634,36363.445716471506,41555.724331660385
.DJI,2022-12-02,34429.87663,19.51039,17.79585,17.02025,17.081873013698633,1764.6944335812866,2015.5797085243119,17646.944335812866,22941.027636556726,28235.110937300586,33529.194238044445,38823.27753878831,44117.360839532164,20155.797085243117,26202.536210816055,32249.27533638899,38296.014461961924,44342.75358753486,50389.49271310779,19645.928831251793,25788.74674710289,31931.564662953984,38074.38257880508,44217.20049465617,20805.787374673408,26002.85633053488,31199.925286396352,36396.994242257824,41594.06319811929
.DJI,2022-12-09,33476.45701,18.96341,17.28008,16.58306,16.62507216438356,1765.3184216340837,2013.612733767118,17653.184216340836,22949.139481243088,28245.09474614534,33541.05001104759,38837.00527594984,44132.960540852095,20136.12733767118,26176.965538972534,32217.80374027389,38258.64194157524,44299.48014287659,50340.31834417795,19652.87554374973,25797.865532520118,31942.8555212905,38087.845510060884,44232.835498831264,20785.483311084932,25977.48052336596,31169.47773564699,36361.47494792802,41553.47216020905
.DJI,2022-12-16,32920.46034,18.61694,16.9887,16.39812,16.422390410958904,1768.3067324705348,2004.6083131741702,17683.06732470535,22987.987522116953,28292.907719528557,33597.827916940165,38902.748114351765,44207.66831176337,20046.083131741703,26059.908071264214,32073.733010786724,38087.55795030924,44101.382889831744,50115.20782935426,19686.14370672537,25841.535864276342,31996.928021827316,38152.320179378294,44307.71233692927,20692.53533215029,25861.315107516664,31030.094882883037,36198.874658249406,41367.65443361578
.DJI,2022-12-23,33203.92901,18.76509,17.12789,16.54583,16.558587479452054,1769.452158769289,2005.2392180917332,17694.521587692892,23002.878064000757,28311.234540308626,33619.59101661649,38927.94749292436,44236.30396923223,20052.392180917333,26068.109835192532,32083.82748946773,38099.54514374293,44115.26279801813,50130.98045229333,19698.895468797342,25858.274801156254,32017.65413351516,38177.03346587407,44336.412798232974,20699.047837467217,25869.454368822102,31039.860900176987,36210.26743153187,41380.67396288675
.DJI,2022-12-30,33147.24845,18.72627,17.09686,16.52369,16.52526032876712,1770.0934809761902,2005.8533294206188,17700.9348097619,23011.215252690472,28321.495695619044,33631.77613854761,38942.05658147619,44252.337024404755,20058.533294206187,26076.093282468046,32093.6532707299,38111.21325899176,44128.773247253615,50146.33323551547,19706.03515836338,25867.646903012723,32029.25864766206,38190.8703923114,44352.48213696074,20705.386991249692,25877.37697718556,31049.36696312142,36221.356949057285,41393.346934993155
.DJI,2023-01-06,33630.61493,19.15196,16.76036,,16.76036,1755.988156303585,2006.5568358913536,17559.881563035848,22827.846031946603,28095.81050085736,33363.774969768114,38631.739438678866,43899.703907589625,20065.568358913537,26085.238866587595,32104.909374261657,38124.579881935715,44144.25038960978,50163.92089728384,19549.003890294305,25661.51566643979,31774.02744258527,37886.53921873075,43999.050994876234,20712.648924868547,25886.45286617608,31060.256807483613,36234.06074879115,41407.86469009868
.DJI,2023-01-13,34302.60902,19.4715,17.31046,,17.31046,1761.6829222196548,1981.6116394365029,17616.829222196546,22901.87798885551,28186.926755514476,33471.97552217344,38757.02428883241,44042.07305549137,19816.116394365028,25760.951312674537,31705.786230984046,37650.621149293554,43595.45606760306,49540.29098591257,19612.402382276116,25744.737369415026,31877.072356553937,38009.40734369285,44141.74233083176,20455.152557315283,25564.63658830367,30674.120619292058,35783.604650280446,40893.08868126884
.DJI,2023-01-20,33375.48654,19.53133,16.98031,,16.98031,1708.8179115298342,1965.5404724648724,17088.179115298342,22214.632849887843,27341.086584477347,32467.54031906685,37593.99405365635,42720.44778824585,19655.404724648724,25552.02614204334,31448.64755943796,37345.26897683258,43241.89039422719,49138.51181162181,19023.868629399774,24972.183012967078,30920.497396534378,36868.81178010168,42817.12616366898,20289.258208676783,25357.303559468357,30425.348910259934,35493.39426105151,40561.43961184308
.DJI,2023-01-27,33978.0799,20.1842,17.2471,,17.2471,1683.3998820859879,1970.074963327168,16833.99882085988,21884.198467117843,26934.398113375806,31984.59775963377,37034.79740589173,42084.997052149694,19700.74963327168,25610.974523253186,31521.199413234688,37431.42430321619,43341.64919319769,49251.8740831792,18740.89567499936,24600.73109944374,30460.566523888116,36320.40194833249,42180.237372776865,20336.0654137376,25415.80271677071,30495.540019803822,35575.27732283693,40655.01462587004
.DJI,2023-02-03,33926.01288,20.47218,17.69907,14.74887,17.424256849315068,1657.1763671480028,1947.056518587397,16571.76367148003,21543.292772924036,26514.821874368045,31486.350975812053,36457.880077256064,41429.40917870007,19470.56518587397,25311.734741636163,31152.904297398352,36994.073853160546,42835.24340892273,48676.412964684925,18448.95543969675,24217.508048083997,29986.060656471243,35754.61326485849,41523.165873245736,20098.45790810242,25118.843331344648,30139.228754586875,35159.614177829106,40179.99960107133
.DJI,2023-02-10,33869.26642,20.4033,17.68794,14.78398,17.36174175342466,1659.9896301088547,1950.7988830279185,16599.89630108855,21579.865191415112,26559.834081741676,31539.80297206824,36519.7718623948,41499.740752721365,19507.988830279184,25360.38547936294,31212.782128446695,37065.17877753045,42917.5754266142,48769.97207569796,18480.274835769378,24258.620279555813,30036.965723342244,35815.311167128675,41593.65661091511,20137.088401602,25167.12331971317,30197.158237824344,35227.193155935514,40257.22807404669
.DJI,2023-02-17,33826.6901,20.39159,17.68307,14.81643,17.30608720547945,1658.8549544199348,1954.6122528083529,16588.549544199348,21565.11440745915,26541.679270718956,31518.244133978762,36494.808997238564,41471.37386049837,19546.122528083528,25409.959286508587,31273.796044933646,37137.632803358705,43001.469561783764,48865.30632020882,18467.64275771276,24242.038449055974,30016.434140399186,35790.82983174239,41565.2255230856,20176.451846519198,25216.31934312841,30256.186839737617,35296.054336346824,40335.92183295604
.DJI,2023-02-24,32816.91947,19.71946,17.14634,14.40297,16.732955479452055,1664.1895604646375,1961.2147722677523,16641.895604646375,21634.464286040286,26627.0329674342,31619.601648828113,36612.17033022203,41604.73901161594,19612.147722677524,25495.79203948078,31379.436356284037,37263.080673087294,43146.72498989055,49030.36930669381,18527.031674401478,24319.996877248675,30112.96208009587,35905.92728294306,41698.89248579026,20244.60624171798,25301.497996295155,30358.38975087233,35415.28150544951,40472.173260026684
.DJI,2023-03-03,33390.97483,20.02344,17.414,15.06444,17.014896657534248,1667.5943209558397,1962.4553414618815,16675.943209558398,21678.726172425915,26681.509135293436,31684.292098160957,36687.075061028474,41689.85802389599,19624.553414618815,25511.91943900446,31399.285463390104,37286.65148777575,43174.017512161394,49061.38353654704,18564.93607361345,24369.753086806137,30174.570099998815,35979.3871131915,41784.204126384175,20257.411996195195,25317.502494845423,30377.59299349565,35437.68349214588,40497.77399079611
.DJI,2023-03-10,31909.63518,19.15062,16.69969,14.37316,16.259880219178083,1666.245540875439,1962.4766449609797,16662.45540875439,21661.192031380706,26659.928654007024,31658.665276633343,36657.40189925966,41656.13852188597,19624.766449609797,25512.196384492738,31399.626319375675,37287.05625425861,43174.48618914155,49061.916124024494,18549.920421631832,24350.04239511409,30150.164368596346,35950.2863420786,41750.40831556086,20257.631901203513,25317.77732983411,30377.9227584647,35438.0681870953,40498.21361572589
.DJI,2023-03-17,31861.98397,19.12989,16.67194,14.29087,16.176155561643835,1665.5602290447046,1969.6882765859207,16655.602290447045,21652.28297758116,26648.963664715273,31645.644351849387,36642.3250389835,41639.00572611761,19696.882765859205,25605.94759561697,31515.01242537473,37424.07725513249,43333.142084890256,49242.20691464801,18542.291005911116,24340.027441301525,30137.763876691934,35935.500312082346,41733.23674747275,20332.073846405892,25410.814097499016,30489.554348592144,35568.294599685265,40647.03485077839
.DJI,2023-03-24,32237.52559,19.38833,16.90319,14.4741,16.350821589041093,1662.7283314241092,1971.6150295228435,16627.283314241093,21615.46830851342,26603.653302785748,31591.838297058075,36580.023291330406,41568.208285602734,19716.150295228435,25630.995383796966,31545.840472365497,37460.68556093403,43375.53064950256,49290.37573807109,18510.76415454643,24298.642888167844,30086.52162178926,35874.400355410675,41662.27908903208,20351.962720936433,25435.671005708282,30519.379290480127,35603.08757525197,40686.79586002382
.DJI,2023-03-31,33274.15357,19.97278,17.50035,14.95326,16.872300410958903,1665.9750705710474,1972.117183759232,16659.750705710474,21657.675917423614,26655.601129136758,31653.5263408499,36651.45155256304,41649.37676427618,19721.17183759232,25637.523388870017,31553.87494014771,37470.226491425405,43386.5780427031,49302.9295939808,18546.909339231428,24346.08981836775,30145.27029750407,35944.45077664039,41743.63125577671,20357.14619952942,25442.14926325838,30527.152326987343,35612.1553907163,40697.15845444527
.DJI,2023-04-06,33485.28863,20.10545,17.66656,15.0642,16.982103671232874,1665.4831714783802,1971.798622730291,16654.831714783802,21651.28122921894,26647.730743654083,31644.180258089225,36640.629772524364,41637.0792869595,19717.98622730291,25633.382095493784,31548.777963684657,37464.17383187553,43379.5697000664,49294.96556825728,18541.433142116053,24338.90134376018,30136.3695454043,35933.83774704842,41731.30594869254,20353.85785870818,25438.03952915408,30522.221199599982,35606.40287004589,40690.584540491785
.DJI,2023-04-14,33886.46831,20.21985,18.05046,15.322,17.27303578082192,1675.901072955536,1961.8131253814574,16759.01072955536,21786.713948421966,26814.417167288575,31842.120386155184,36869.82360502179,41897.5268238884,19618.131253814576,25503.570629958947,31389.01000610332,37274.449382247694,43159.888758392066,49045.32813453644,18657.413193447566,24491.1456177365,30324.87804202543,36158.610466314356,41992.342890603286,20250.782731591375,25309.217308999483,30367.651886407595,35426.08646381571,40484.521041223816
.DJI,2023-04-21,33808.96095,20.50517,17.17822,15.31356,16.611159013698632,1648.801787549189,2035.3161945002726,16488.01787549189,21434.423238139458,26380.828600787023,31327.233963434588,36273.63932608216,41220.04468872972,20353.161945002725,26459.110528503545,32565.05911200436,38671.00769550518,44776.95627900599,50882.90486250682,18355.723211125565,24095.124303749875,29834.52539637418,35573.926488998484,41313.32758162279,21009.516916602417,26257.475389821928,31505.43386304144,36753.39233626095,42001.35080948046
.DJI,2023-04-28,34098.16358,20.48365,17.29234,15.45463,16.69823101369863,1664.6527147261352,2042.0225083739163,16646.527147261353,21640.485291439756,26634.443435618163,31628.40157979657,36622.35972397497,41616.31786815338,20420.225083739162,26546.292608860913,32672.36013398266,38798.42765910441,44924.49518422616,51050.562709347905,18532.187862059873,24326.76528300058,30121.34270394128,35915.92012488198,41710.49754582268,21078.74272788279,26343.99308764669,31609.24344741059,36874.49380717449,42139.74416693839
.DJI,2023-05-05,33674.37759,20.27923,16.9436,15.18649,16.341849999999997,1660.5353156899941,2060.6221198946264,16605.353156899942,21586.959103969923,26568.565051039906,31550.17099810989,36531.776945179874,41513.38289224985,20606.221198946263,26788.087558630144,32969.95391831402,39151.820277997904,45333.68663768178,51515.55299736566,18486.349825233447,24266.594774736255,30046.839724239064,35827.08467374187,41607.32962324468,21270.736902518904,26583.945407136394,31897.153911753885,37210.362416371376,42523.57092098887
.DJI,2023-05-12,33300.61548,20.00834,16.77814,14.99704,16.13401616438356,1664.3367455770942,2064.000379119016,16643.367455770942,21636.377692502225,26629.387929233508,31622.39816596479,36615.40840269607,41608.41863942736,20640.00379119016,26832.00492854721,33024.00606590426,39216.0072032613,45408.008340618355,51600.0094779754,18528.670251703767,24322.147798970793,30115.625346237815,35909.10289350484,41702.58044077186,21305.608926096993,26627.52809894838,31949.447271799767,37271.366444651154,42593.28561750254
.DJI,2023-05-19,33426.63085,20.09183,16.84798,15.08011,16.174736356164384,1663.6926974795226,2066.5950970669587,16636.926974795228,21628.005067233793,26619.083159672362,31610.16125211093,36601.239344549496,41592.317436988065,20665.950970669586,26865.736261870465,33065.52155307134,39265.306844272214,45465.09213547309,51664.87742667397,18521.500215436856,24312.73586171686,30103.971507996866,35895.20715427687,41686.44280055687,21332.392858130952,26661.00237820078,31989.611898270607,37318.221418340436,42646.83093841026
.DJI,2023-05-26,33093.33602,19.89735,16.6828,14.97515,15.99974,1663.2031913797568,2068.367112215574,16632.031913797568,21621.64148793684,26611.25106207611,31600.86063621538,36590.47021035465,41580.07978449392,20683.671122155738,26888.772458802458,33093.87379544918,39298.975132095904,45504.07646874263,51709.17780538934,18516.050658949647,24305.582357632644,30095.114056315637,35884.64575499863,41674.17745368162,21350.684454464685,26683.863024758244,32017.041595051804,37350.22016534536,42683.39873563892
.DJI,2023-06-02,33762.75971,20.25226,16.99049,15.27754,16.27245890410959,1667.1107180136933,2074.840680745136,16671.107180136933,21672.439334178012,26673.771488219092,31675.103642260172,36676.43579630125,41677.76795034233,20748.40680745136,26972.92884968677,33197.45089192218,39421.97293415759,45646.49497639299,51871.0170186284,18559.552235594136,24362.68584980247,30165.8194640108,35968.953078219136,41772.08669242747,21417.507755876097,26767.378090775317,32117.248425674534,37467.11876057375,42816.98909547297
.DJI,2023-06-09,33876.77989,20.30678,17.0477,15.36399,16.309635342465754,1668.2497121650995,2077.1022269145583,16682.497121650995,21687.246258146293,26691.99539464159,31696.74453113689,36701.49366763219,41706.24280412748,20771.022269145582,27002.32894988926,33233.63563063293,39464.94231137661,45696.24899212028,51927.55567286396,18572.232390079764,24379.330789095126,30186.429188110484,35993.52758712584,41800.6259861412,21440.852527873954,26796.554143639736,32152.255759405518,37507.957375171296,42863.65899093708
.DJI,2023-06-16,34299.11591,20.5371,17.29005,15.51553,16.478146328767124,1670.1051224369558,2081.4911596046145,16701.051224369556,21711.366591680424,26721.681958991292,31731.99732630216,36742.31269361303,41752.6280609239,20814.911596046146,27059.385074859987,33303.85855367383,39548.33203248768,45792.80551130152,52037.27899011536,18592.88823704115,24406.445231517755,30220.002225994358,36033.55922047096,41847.116214947564,21486.157211169222,26853.175464891017,32220.193718612813,37587.211972334604,42954.2302260564
.DJI,2023-06-23,33727.43322,20.25497,17.01792,15.23827,16.169538904109586,1665.1435780946601,2085.8623996648394,16651.435780946602,21646.86651523058,26642.297249514562,31637.727983798544,36633.15871808252,41628.589452366505,20858.62399664839,27116.21119564291,33373.79839463743,39631.385593631945,45888.97279262647,52146.55999162098,18537.652528701532,24333.93862182765,30130.22471495376,35926.510808079875,41722.796901205984,21531.27926259297,26909.568534731716,32287.857806870463,37666.147079009206,43044.43635114795
.DJI,2023-06-30,34407.59985,20.69316,17.30892,15.67453,16.498441671232875,1662.7523225065675,2085.506045700911,16627.523225065674,21615.78019258538,26604.03716010508,31592.29412762478,36580.55109514448,41568.80806266419,20855.06045700911,27111.57859411184,33368.09673121457,39624.61486831731,45881.13300542004,52137.65114252277,18511.031241635043,24298.99348708057,30086.955732526094,35874.917977971614,41662.88022341714,21527.600804840957,26904.971236551115,32282.341668261277,37659.71209997144,43037.0825316816
.DJI,2023-07-07,33734.88079,20.26642,17.37498,15.37006,16.34230887671233,1664.570298552976,2064.2665026403924,16645.70298552976,21639.413881188688,26633.124776847617,31626.835672506546,36620.546568165475,41614.257463824404,20642.665026403924,26835.464534325103,33028.26404224628,39221.063550167455,45413.86305808863,51606.662566009814,18531.270342152962,24325.560876290263,30119.851410427556,35914.14194456486,41708.43247870215,21308.35598163528,26630.961340344522,31953.56669905376,37276.172057763004,42598.77741647224
.DJI,2023-07-14,34509.03168,20.53491,17.89998,15.77998,16.767377260273975,1680.5056209157965,2058.1055190879706,16805.056209157963,21846.573071905354,26888.089934652744,31929.606797400134,36971.123660147525,42012.640522894915,20581.055190879706,26755.371748143618,32929.68830540753,39104.00486267144,45278.32141993535,51452.637977199265,18708.674544878126,24558.43518298495,30408.195821091773,36257.95645919859,42107.717097305416,21244.759333351692,26551.478911795115,31858.198490238537,37164.91806868196,42471.63764712538
.DJI,2023-07-21,35227.68836,21.56362,18.37844,16.12574,17.131740273972603,1633.663010199586,2056.2819536506554,16336.630101995861,21237.61913259462,26138.608163193378,31039.597193792135,35940.58622439089,40841.57525498965,20562.819536506555,26731.66539745852,32900.511258410486,39069.35711936245,45238.20298031442,51407.04884126638,18187.186757027455,23873.890481224927,29560.594205422396,35247.29792961987,40934.00165381734,21225.935610036697,26527.953218479543,31829.970826922385,37131.98843536523,42434.006043808076
.DJI,2023-07-28,35459.28773,21.89885,18.61943,16.54049,17.429023260273972,1619.230586537649,2034.4965521287968,16192.305865376491,21049.99762498944,25907.689384602385,30765.38114421533,35623.07290382828,40480.76466344122,20344.965521287966,26448.455177674357,32551.94483406075,38655.434490447136,44758.92414683353,50862.41380321992,18026.513972703273,23662.9791122752,29299.444251847126,34935.90939141905,40572.37453099098,21001.056172116812,26246.901239497947,31492.746306879082,36738.59137426022,41984.43644164135
.DJI,2023-08-04,35065.62152,22.09622,18.18839,16.3057,17.074250164383564,1586.95114005925,2053.7137023531473,15869.5114005925,20630.36482077025,25391.218240948,30152.071661125752,34912.9250813035,39673.778501481254,20537.13702353147,26698.278130590916,32859.419237650356,39020.5603447098,45181.70145176924,51342.842558828685,17667.15447331399,23191.25638536734,28715.358297420684,34239.460209474026,39763.56212152737,21199.424879553204,26494.820383679024,31790.21588780484,37085.61139193066,42381.006896056475
.DJI,2023-08-11,35281.40307,22.30663,18.29952,16.37531,17.123906767123287,1581.6554571443558,2060.359446580137,15816.554571443558,20561.520942876625,25306.487314309692,30051.45368574276,34796.42005717583,39541.386428608894,20603.59446580137,26784.67280554178,32965.75114528219,39146.8294850226,45327.90782476302,51508.986164503425,17608.198878691437,23113.86676881598,28619.53465894052,34125.202549065056,39630.870439189595,21268.025461682722,26580.556676623954,31893.08789156518,37205.61910650641,42518.15032144764
.DJI,2023-08-18,34500.66141,21.76508,17.9075,15.98984,16.699111506849313,1585.1382770015089,2066.01778758404,15851.382770015089,20606.797601019614,25362.212432024142,30117.62726302867,34873.0420940332,39628.456925037724,20660.1778758404,26858.231238592518,33056.28460134464,39254.33796409676,45452.39132684888,51650.444689601,17646.972294498526,23164.76371593199,28682.55513736545,34200.34655879891,39718.13798023237,21326.433590779634,26653.55454794177,31980.675505103907,37307.796462266044,42634.91741942818
.DJI,2023-08-25,34346.89894,21.68424,17.82127,15.92049,16.58706490410959,1583.9567787480678,2070.7038369091,15839.567787480679,20591.43812372488,25343.308459969085,30095.178796213288,34847.04913245749,39598.91946870169,20707.038369091002,26919.149879818302,33131.2613905456,39343.3729012729,45555.4844120002,51767.5959227275,17633.818951823643,23147.49763367983,28661.17631553602,34174.854997392205,39688.533679248394,21374.805255503237,26714.00895063396,32053.21264576469,37392.41634089541,42731.62003602614
.DJI,2023-09-01,34837.71298,21.85599,18.08516,16.12907,16.77752723287671,1593.966367114919,2076.4509868732694,15939.66367114919,20721.562772493948,25503.461873838703,30285.36097518346,35067.26007652822,39849.15917787297,20764.509868732694,26993.862829352503,33223.21578997231,39452.568750592116,45681.92171121192,51911.274671831736,17745.25334915792,23293.774935020672,28842.29652088342,34390.81810674617,39939.33969260892,21434.130113587074,26788.152540290233,32142.174966993392,37496.19739369655,42850.21982039971
.DJI,2023-09-08,34576.58699,21.73647,17.99433,16.02187,16.637926,1590.7176735688915,2078.1789142468842,15907.176735688916,20679.32975639559,25451.482777102265,30223.63579780894,34995.78881851561,39767.94183922229,20781.789142468842,27016.325885209495,33250.86262795015,39485.3993706908,45719.93611343145,51954.472856172106,17709.086406606693,23246.299443783686,28783.512480960675,34320.72551813766,39857.93855531465,21451.96661461071,26810.444413469788,32168.922212328867,37527.40001118794,42885.87781004702
.DJI,2023-09-15,34618.24061,21.80058,18.02187,16.02927,16.61340205479452,1587.9504403093863,2083.7538570258944,15879.504403093862,20643.35572402202,25407.20704495018,30171.05836587834,34934.909686806495,39698.761007734654,20837.538570258945,27088.800141336626,33340.06171241431,39591.32328349199,45842.58485456968,52093.84642564736,17678.279448392754,23205.859877385374,28733.44030637799,34261.02073537061,39788.60116436323,21509.513866944864,26882.36636997712,32255.21887300938,37628.07137604164,43000.9238790739
.DJI,2023-09-22,33963.84385,21.444,17.69528,15.72067,16.26165904109589,1583.8390155754523,2088.584182226904,15838.390155754523,20589.90720248088,25341.424249207237,30092.941295933593,34844.45834265995,39595.97538938631,20885.841822269038,27151.59436894975,33417.34691563046,39683.09946231118,45948.85200899189,52214.6045556726,17632.50792207021,23145.776675888545,28659.04542970688,34172.31418352521,39685.58293734354,21559.3748169523,26944.68206590342,32329.989314854538,37715.296563805656,43100.60381275677
.DJI,2023-09-29,33507.4995,21.16505,17.47551,15.51643,16.01559284931507,1583.1523903794225,2092.1797784983646,15831.523903794225,20580.981074932493,25330.43824607076,30079.895417209027,34829.3525883473,39578.809759485564,20921.797784983646,27198.33712047874,33474.876455973834,39751.41579146893,46027.95512696402,52304.494462459115,17624.863884962,23135.74252892597,28646.621172889936,34157.4998168539,39668.378460817876,21596.490298514647,26991.068608134414,32385.646917754177,37780.22522737394,43174.803536993706
.DJI,2023-10-06,33407.58355,21.13893,17.51053,15.42774,15.918479561643837,1580.3819564187972,2098.6667363946494,15803.819564187972,20544.965433444366,25286.111302700756,30027.257171957146,34768.40304121354,39509.54891046993,20986.667363946493,27282.667573130442,33578.66778231439,39874.66799149834,46170.66820068229,52466.66840986624,17594.02129409392,23095.2561883842,28596.491082674478,34097.72597696476,39598.96087125503,21663.45181143709,27074.75640945824,32486.061007479395,37897.36560550054,43308.670203521695
.DJI,2023-10-13,33670.29132,21.25572,17.81764,15.51812,16.015824328767124,1584.0579062953407,2102.313975779721,15840.579062953406,20592.75278183943,25344.92650072545,30097.10021961147,34849.27393849749,39601.44765738352,21023.139757797213,27330.081685136374,33637.02361247554,39943.9655398147,46250.90746715387,52557.84939449303,17634.94478106569,23148.975483134192,28663.00618520269,34177.03688727119,39691.067589339684,21701.100378164276,27121.80919597519,32542.518013786106,37963.22683159702,43383.93564940794
.DJI,2023-10-20,33127.27844,21.10603,17.5881,15.25652,15.716448109589042,1569.5646429006308,2107.809487805844,15695.646429006309,20404.3403577082,25113.034286410093,29821.728215111987,34530.42214381388,39239.11607251577,21078.09487805844,27401.523341475975,33724.951804893506,40048.38026831104,46371.80873172857,52695.2371951461,17473.59468227991,22937.175019488644,28400.75535669738,33864.33569390611,39327.916031114844,21757.827707898203,27192.706421757754,32627.585135617304,38062.46384947686,43497.34256333641
.DJI,2023-10-27,32417.5852,20.23877,16.92719,14.9654,15.3147598630137,1601.756687782904,2116.754391839399,16017.56687782904,20822.836941177753,25628.107004526464,30433.377067875175,35238.64713122389,40043.9171945726,21167.54391839399,27517.807093912186,33868.07026943038,40218.33344494858,46568.59662046678,52918.85979598497,17831.981160218824,23407.62048412102,28983.259808023216,34558.89913192541,40134.538455827606,21850.16132815739,27308.104018534137,32766.046708910886,38223.98939928764,43681.932089664384
.DJI,2023-11-03,34061.32122,21.08839,17.63184,15.83846,16.123435452054792,1615.1693524256711,2112.5349694415886,16151.693524256712,20997.201581533725,25842.70963881074,30688.21769608775,35533.725753364764,40379.23381064178,21125.349694415887,27462.95460274065,33800.55951106542,40138.16441939018,46475.76932771495,52813.374236039715,17981.301206791697,23603.629382372135,29225.95755795257,34848.285733533005,40470.61390911344,21806.606411980418,27253.66953800028,32700.732664020143,38147.79579004001,43594.858916059864
.DJI,2023-11-10,34283.10036,21.23086,17.87621,15.95738,16.225490493150687,1614.7768088527737,2112.916116432475,16147.768088527737,20992.098515086058,25836.42894164438,30680.7593682027,35525.08979476102,40369.42022131934,21129.161164324752,27467.909513622177,33806.6578629196,40145.40621221703,46484.15456151445,52822.90291081188,17976.931111352194,23597.892861308763,29218.854611265328,34839.81636122189,40460.77811117846,21810.54079533293,27258.586689330452,32706.632583327973,38154.67847732549,43602.72437132301
.DJI,2023-11-17,34947.28439,21.52742,18.46024,16.27847,16.541477890410956,1623.3847061096965,2112.706290304256,16233.847061096965,21104.001179426054,25974.155297755144,30844.309416084234,35714.46353441332,40584.61765274241,21127.062903042563,27465.18177395533,33803.3006448681,40141.419515780864,46479.53838669363,52817.6572576064,18072.760810635056,23723.68624409479,29374.611677554523,35025.53711101425,40676.46254447399,21808.374868681203,27255.87973676321,32703.384604845218,38150.88947292722,43598.39434100923
.DJI,2023-11-24,35390.15064,21.76671,18.85412,16.49352,16.73281369863014,1625.8842351462395,2115.0149208257353,16258.842351462394,21136.495056901113,26014.14776233983,30891.80046777855,35769.45317321727,40647.10587865599,21150.149208257353,27495.19397073456,33840.238733211765,40185.28349568897,46530.32825816618,52875.37302064338,18100.587480583752,23760.21365648064,29419.83983237752,35079.46600827441,40739.09218417129,21832.20566810503,27285.663221641742,32739.120775178457,38192.57832871517,43646.03588225188
.DJI,2023-12-01,36245.49972,22.15632,19.27409,16.89306,17.08876109589041,1635.8989092051386,2121.0138942557105,16358.989092051386,21266.6858196668,26174.382547282217,31082.079274897635,35989.77600251305,40897.472730128466,21210.138942557103,27573.180625324236,33936.22230809137,40299.2639908585,46662.30567362563,53025.34735639276,18212.078495733633,23906.565278690727,29601.052061647817,35295.53884460491,40990.025627562005,21894.12996964593,27363.055568652693,32831.981167659455,38300.906766666216,43769.83236567298
.DJI,2023-12-08,36247.8724,22.08978,19.23121,16.90222,17.0489782739726,1640.9340609096153,2126.1023280988584,16409.34060909615,21332.142791824997,26254.944974553844,31177.74715728269,36100.54934001154,41023.351522740384,21261.023280988586,27639.33026528516,34017.637249581734,40395.94423387831,46774.25121817488,53152.55820247146,18268.133657555587,23980.147565611907,29692.161473668228,35404.17538172455,41116.189289780865,21946.655241736575,27428.701106564797,32910.74697139302,38392.79283622124,43874.83870104946
.DJI,2023-12-15,37305.16242,22.66197,19.74789,17.41293,17.515284410958902,1646.157082548428,2129.8633550397294,16461.57082548428,21400.042073129564,26338.513320774848,31276.984568420132,36215.45581606541,41153.9270637107,21298.633550397295,27688.223615516483,34077.81368063567,40467.40374575486,46856.993810874046,53246.58387599324,18326.28033125023,24056.47533076762,29786.670330285004,35516.865329802386,41247.06032931977,21985.47837857966,27477.2218585773,32968.96533857494,38460.70881857258,43952.45229857023
.DJI,2023-12-22,37385.96517,22.70417,19.82504,17.46758,17.525709150684936,1646.656326569084,2133.2069845823553,16466.563265690842,21406.53224539809,26346.501225105345,31286.4702048126,36226.43918451985,41166.408164227105,21332.069845823553,27731.69079957062,34131.311753317685,40530.93270706475,46930.55366081181,53330.174614558884,18331.838297724535,24063.771142081296,29795.703986438053,35527.63683079481,41259.569675151564,22019.99293785476,27520.357795227053,33020.72265259935,38521.08750997164,44021.45236734394
.DJI,2023-12-29,37689.53566,22.88084,20.01339,17.62338,17.636475945205483,1647.2094407373156,2137.0219184998796,16472.094407373155,21413.722729585104,26355.35105179705,31296.979374008995,36238.60769622094,41180.23601843289,21370.219184998794,27781.284940498434,34192.35069599807,40603.41645149771,47014.48220699735,53425.54796249699,18337.995987904687,24071.854196538385,29805.712405172075,35539.570613805765,41273.42882243946,22059.372528550557,27569.573997468193,33079.77546638583,38589.976935303464,44100.17840422111
.DJI,2024-01-05,37466.10883,22.84947,17.49694,,17.49694,1639.6926856509144,2141.294925284078,16396.926856509144,21316.00491346189,26235.08297041463,31154.161027367372,36073.239084320114,40992.31714127286,21412.94925284078,27836.834028693014,34260.71880454525,40684.60358039748,47108.48835624972,53532.37313210195,18254.31371823849,23962.006457692285,29669.69919714608,35377.39193659987,41085.084676053666,22103.480568647694,27624.69976651568,33145.918964383665,38667.13816225166,44188.35736011964
.DJI,2024-01-12,37592.981,22.92124,17.63817,,17.63817,1640.0936860309475,2131.3424805407817,16400.936860309477,21321.21791840232,26241.49897649516,31161.780034588002,36082.061092680844,41002.342150773686,21313.424805407816,27707.452247030164,34101.47968865251,40495.507130274855,46889.534571897195,53283.56201351954,18258.77796132643,23967.866564150027,29676.95516697362,35386.043769797216,41095.132372620814,22000.746626491265,27496.303955770498,32991.86128504973,38487.418614328955,43982.97594360819
.DJI,2024-01-19,37863.7954,22.55476,17.79591,,17.79591,1678.7496475245136,2127.6684024587676,16787.496475245138,21823.745417818678,26859.99436039222,31896.24330296576,36932.4922455393,41968.74118811284,21276.684024587674,27659.689231963977,34042.69443934028,40425.69964671658,46808.70485409289,53191.71006146919,18689.12570536334,24532.77388309036,30376.422060817375,36220.07023854439,42063.718416271404,21962.821017769842,27448.904925055045,32934.98883234025,38421.07273962546,43907.15664691066
.DJI,2024-01-26,38109.4331,23.01536,17.88098,,17.88098,1655.8260700679893,2131.2832462202855,16558.260700679893,21525.73891088386,26493.21712108783,31460.695331291798,36428.173541495766,41395.651751699734,21312.832462202856,27706.68220086371,34100.53193952457,40494.381678185426,46888.23141684628,53282.081155507134,18433.922899314588,24197.77518738746,29961.62747546033,35725.4797635332,41489.33205160607,22000.13518122204,27495.539777842336,32990.94437446263,38486.34897108294,43981.753567703236
.DJI,2024-02-02,38654.4232,23.68411,18.17196,14.95598,17.881994590163934,1632.0825735060341,2161.639352092301,16320.825735060342,21217.073455578444,26113.321176096546,31009.568896614648,35905.816617132754,40802.06433765085,21616.39352092301,28101.311577199915,34586.22963347682,41071.14768975372,47556.065746030625,54040.98380230753,18169.592126357707,23850.794425123517,29531.996723889322,35213.19902265513,40894.40132142093,22313.485569512384,27887.161829010158,33460.83808850793,39034.51434800571,44608.190607503486
.DJI,2024-02-09,38671.691,23.55721,18.1465,14.94039,17.796105464480874,1641.6074314403104,2173.0423590253813,16416.074314403104,21340.896608724033,26265.718903044966,31190.5411973659,36115.36349168683,41040.18578600776,21730.423590253813,28249.550667329957,34768.6777444061,41287.80482148225,47806.93189855839,54326.05897563453,18275.630133586426,23989.98801263356,29704.34589168069,35418.70377072782,41133.06164977495,22431.19291528403,28034.27124361826,33637.34957195248,39240.42790028671,44843.506228620936
.DJI,2024-02-16,38627.99425,23.56292,18.15571,15.03275,17.754674153005464,1639.355149955948,2175.6521081216893,16393.55149955948,21311.616949427324,26229.68239929517,31147.747849163014,36065.81329903086,40983.8787488987,21756.52108121689,28283.47740558196,34810.43372994703,41337.3900543121,47864.34637867716,54391.30270304223,18250.55601258978,23957.07380624286,29663.591599895943,35370.10939354902,41076.6271872021,22458.132006092197,28067.939438690395,33677.7468712886,39287.55430388679,44897.36173648499
.DJI,2024-02-23,39131.52846,23.97287,18.36564,15.71435,17.974466065573772,1632.3255605190368,2177.06207890915,16323.255605190368,21220.23228674748,26117.20896830459,31014.185649861698,35911.16233141881,40808.13901297592,21770.6207890915,28301.807025818947,34832.9932625464,41364.17949927385,47895.3657360013,54426.55197272875,18172.297243727335,23854.345368800743,29536.393493874144,35218.441618947545,40900.489744020946,22472.68640564501,28086.12937564081,33699.57234563661,39313.01531563241,44926.45828562821
.DJI,2024-03-01,39087.37607,24.10617,18.63969,16.25673,18.24253,1621.4677018373304,2142.651050594408,16214.677018373304,21079.080123885295,25943.483229397287,30807.88633490928,35672.28944042127,40536.69254593326,21426.51050594408,27854.463657727305,34282.41680951053,40710.36996129375,47138.32311307697,53566.2762648602,18051.419252126438,23695.67168432036,29339.924116514285,34984.17654870821,40628.42898090213,22117.479149175575,27642.195046638604,33166.91094410163,38691.62684156466,44216.34273902769
.DJI,2024-03-08,38722.69306,23.86766,18.53312,16.11566,18.08397442622951,1622.3916823014906,2141.2711690100327,16223.916823014906,21091.09186991938,25958.26691682385,30825.44196372832,35692.61701063279,40559.79205753726,21412.71169010033,27836.525197130424,34260.338704160524,40684.15221119062,47107.96571822072,53531.779225250815,18061.70570971078,23709.17447422895,29356.643238747114,35004.11200326528,40651.580767783445,22103.23534491156,27624.393288444713,33145.551231977865,38666.70917551102,44187.867119044175
.DJI,2024-03-15,38714.76659,23.88288,18.54026,16.07015,18.034089918032787,1621.0258808820377,2146.7546610870577,16210.258808820377,21073.33645146649,25936.414094112602,30799.491736758715,35662.56937940483,40525.64702205094,21467.546610870577,27907.810594131748,34348.07457739292,40788.3385606541,47228.60254391527,53668.86652717644,18046.50056315759,23689.2150374886,29331.92951181961,34974.643986150615,40617.35846048162,22159.838598924678,27695.13544568388,33230.43229244309,38765.729139202296,44301.025985961496
.DJI,2024-03-22,39475.90399,24.39142,18.97627,16.43952,18.407927103825138,1618.4340227014252,2144.5056668980924,16184.340227014252,21039.642295118527,25894.944363222803,30750.24643132708,35605.54849943135,40460.85056753563,21445.056668980924,27878.5736696752,34312.09067036948,40745.60767106376,47179.124671758036,53612.64167245231,18017.646014524107,23651.338353031355,29285.030691538595,34918.72303004584,40552.415368553084,22136.62339453232,27666.121325063126,33195.619255593934,38725.11718612475,44254.61511665556
.DJI,2024-03-28,39807.37445,24.59219,18.68318,16.61014,18.184744153005465,1618.6998575564032,2189.053313869191,16186.998575564032,21043.098148233243,25899.19772090245,30755.29729357166,35611.39686624087,40467.49643891008,21890.533138691906,28457.69308029948,35024.85302190705,41592.01296351462,48159.1729051222,54726.33284672977,18020.605491554456,23655.223188627322,29289.84088570018,34924.45858277305,40559.07627984591,22596.46572525377,28240.827479899814,33885.18923454586,39529.55098919191,45173.91274383795
.DJI,2024-04-05,38904.03839,24.03886,18.35328,16.27058,17.806998032786886,1618.381170737714,2184.761199971409,16183.81170737714,21038.955219590283,25894.098731803424,30749.242244016565,35604.385756229705,40459.52926844285,21847.611999714092,28401.89559962832,34956.179199542545,41510.46279945677,48064.746399371,54619.02999928522,18017.05762602018,23650.56598933977,29284.074352659358,34917.58271597895,40551.09107929853,22552.160452300555,28185.455211283348,33818.74997026614,39452.044729248926,45085.339488231715
.DJI,2024-04-12,37983.24364,23.49893,17.96807,15.878,17.379880901639346,1616.381836960236,2185.4720325740122,16163.818369602359,21012.96388048307,25862.109391363774,30711.25490224448,35560.400413125186,40409.5459240059,21854.720325740123,28411.136423462158,34967.552521184196,41523.968618906234,48080.38471662827,54636.8008143503,17994.79951245967,23621.34828939742,29247.897066335172,34874.445843272915,40500.994620210666,22559.498009791438,28194.625614201366,33829.753218611295,39464.88082302122,45100.00842743115
.DJI,2024-04-19,37986.39704,23.5817,17.74007,15.82476,17.16443038251366,1610.8421801651282,2213.088124304947,16108.421801651282,20940.948342146665,25773.47488264205,30606.001423137437,35438.52796363282,40271.0545041282,22130.881243049473,28770.145615964313,35409.40998887915,42048.674361793994,48687.938734708834,55327.203107623674,17933.12781390652,23540.393307369755,29147.65880083298,34754.92429429621,40362.18978775944,22844.5646485571,28550.89892984023,34257.233211123355,39963.56749240648,45669.901773689606
.DJI,2024-04-26,38239.65502,23.1799,17.84821,15.92534,17.23352204918033,1649.6902497422336,2218.9111959164943,16496.902497422336,21445.97324664904,26395.043995875738,31344.114745102437,36293.18549432914,41242.25624355584,22189.111959164944,28845.845546914425,35502.57913466391,42159.31272241339,48816.04631016288,55472.779897912354,18365.614252136213,24108.108039661765,29850.601827187318,35593.09561471287,41335.58940223842,22904.673206559033,28626.021979490466,34347.3707524219,40068.71952535333,45790.06829828476
.DJI,2024-05-03,38675.67919,23.92824,17.9945,16.13012,17.36285213114754,1616.319428006406,2227.4957419362563,16163.19428006406,21012.152564083277,25861.110848102497,30710.069132121716,35559.02741614093,40407.98570016015,22274.957419362563,28957.44464517133,35639.9318709801,42322.41909678887,49004.90632259764,55687.393548406406,17994.104728228453,23620.43626254765,29246.767796866847,34873.099331186044,40499.43086550524,22993.287037329355,28736.77062211208,34480.2542068948,40223.73779167753,45967.22137646025
.DJI,2024-05-10,39512.84298,24.54342,18.41782,16.53744,17.744787814207648,1609.9159359209107,2226.7295272115575,16099.159359209107,20928.90716697184,25758.65497473457,30588.4027824973,35418.15059026003,40247.898398022764,22267.295272115574,28947.483853750247,35627.67243538492,42307.86101701959,48988.04959865427,55668.238180288936,17922.81615419027,23526.857435217877,29130.89871624548,34734.93999727308,40338.981278300686,22985.37779882194,28726.885738214696,34468.393677607455,40209.901617000214,45951.409556392966
.DJI,2024-05-17,40003.59189,24.81765,18.62536,16.7462,17.916824262295084,1611.9008806232662,2232.738977865918,16119.008806232661,20954.711448102462,25790.41408997226,30626.116731842056,35461.819373711856,40297.52201558166,22327.38977865918,29025.606712256937,35723.82364585469,42422.04057945244,49120.257513050194,55818.47444664795,17944.914077555568,23555.864857274602,29166.815636993637,34777.766416712664,40388.7171964317,23047.410251333957,28804.413251182756,34561.41625103156,40318.41925088035,46075.422250729156
.DJI,2024-05-24,39069.59225,24.27777,18.19889,16.32881,17.45801131147541,1609.2743382114586,2237.9176844913018,16092.743382114586,20920.56639674896,25748.389411383338,30576.212426017715,35404.03544065209,40231.85845528646,22379.176844913018,29092.929898386923,35806.68295186083,42520.43600533473,49234.18905880864,55947.942112282544,17915.673397519015,23517.48130724483,29119.28921697064,34721.097126696455,40322.905036422264,23100.867362688998,28871.223392100692,34641.57942151239,40411.93545092408,46182.29148033578
.DJI,2024-05-31,38686.32194,23.87442,17.99277,16.1773,17.23880431693989,1620.4088702469003,2244.1418342445295,16204.088702469002,21065.315313209703,25926.541923950404,30787.768534691106,35648.99514543181,40510.221756172505,22441.418342445293,29173.843845178882,35906.26934791247,42638.69485064606,49371.12035337965,56103.54585611324,18039.631528612368,23680.19821808518,29320.76490755799,34961.331597030796,40601.89828650361,23165.116043009653,28951.520723497924,34737.9254039862,40524.330084474466,46310.73476496274
.DJI,2024-06-07,38798.99053,23.89059,18.01187,16.20234,17.225762704918033,1624.028143716836,2252.3815748908883,16240.28143716836,21112.36586831887,25984.450299469376,30856.534730619882,35728.61916177039,40600.7035929209,22523.815748908884,29280.96047358155,36038.10519825421,42795.24992292688,49552.39464759954,56309.53937227221,18079.924050455313,23733.089259813725,29386.254469172138,35039.41967853055,40692.58488788896,23250.1706261579,29057.82105551754,34865.471484877184,40673.12191423683,46480.77234359647
.DJI,2024-06-14,38589.15759,23.80957,17.96491,16.07386,17.107220655737706,1620.7414745415394,2255.7233794174113,16207.414745415394,21069.639169040012,25931.86359266463,30794.08801628925,35656.31243991387,40518.53686353849,22557.233794174113,29324.403932426347,36091.57407067858,42858.74420893082,49625.91434718305,56393.08448543528,18043.33433413898,23685.05880344105,29326.783272743112,34968.50774204518,40610.23221134724,23284.666346735212,29100.933447759042,34917.20054878287,40733.4676498067,46549.73475083053
.DJI,2024-06-21,39150.3326,24.16971,18.22755,16.308,17.320221721311476,1619.8097784375568,2260.382876728876,16198.097784375568,21057.52711968824,25916.95645500091,30776.38579031358,35635.81512562625,40495.24446093892,22603.82876728876,29384.977397475388,36166.126027662016,42947.27465784864,49728.42328803527,56509.5719182219,18032.961980147902,23671.443259348176,29309.92453854845,34948.405817748724,40586.887096949,23332.763928748565,29161.045304735035,34989.326680721504,40817.60805670798,46645.88943269445
.DJI,2024-06-28,39118.86422,24.09353,18.20226,16.35185,17.292222295081967,1623.6252728429583,2262.223070722708,16236.252728429583,21107.128546958458,25978.004365487333,30848.88018401621,35719.75600254508,40590.631821073956,22622.23070722708,29408.899919395204,36195.56913156333,42982.23834373146,49768.90755589958,56555.5767680677,18075.438983598542,23727.201818486486,29378.96465337443,35030.727488262375,40682.49032315032,23351.759300056332,29184.785521923946,35017.811743791564,40850.83796565918,46683.86418752679
.DJI,2024-07-05,39375.86687,24.25146,18.31674,16.42188,17.348601147540982,1623.6493336896003,2269.6854077817793,16236.493336896003,21107.441337964803,25978.389339033605,30849.337340102407,35720.285341171206,40591.23334224001,22696.854077817792,29505.91030116313,36314.96652450847,43124.02274785381,49933.078971199146,56742.135194544484,18075.706847355435,23727.553436913317,29379.400026471198,35031.24661602908,40683.093205586956,23428.789147852753,29281.056623293152,35133.32409873355,40985.591574173945,46837.859049614344
.DJI,2024-07-12,40000.89836,24.47706,18.62464,16.73068,17.62073770491803,1634.2198924217205,2270.1035013327255,16342.198924217206,21244.858601482367,26147.518278747528,31050.17795601269,35952.83763327785,40855.49731054301,22701.035013327255,29511.345517325433,36321.65602132361,43131.96652532178,49942.27702931996,56752.58753331814,18193.38639606708,23882.028600959027,29570.670805850976,35259.31301074292,40947.955215634865,23433.104911445193,29286.45041967441,35139.79592790363,40993.14143613284,46846.48694436206
.DJI,2024-07-19,40287.52989,23.88332,18.7705,16.89209,17.738914180327868,1686.8479713038219,2271.138440631171,16868.479713038218,21929.023626949685,26989.56754086115,32050.111454772614,37110.65536868408,42171.199282595546,22711.384406311707,29524.79972820522,36338.21505009873,43151.63037199224,49965.04569388576,56778.46101577927,18779.28244275263,24651.120502791986,30522.95856283134,36394.796622870694,42266.63468291005,23443.788054809895,29299.802100967136,35155.81614712437,41011.83019328162,46867.844239438855
.DJI,2024-07-26,40589.33719,23.90111,18.89556,17.05222,17.847978797814207,1698.21975590255,2274.169957831352,16982.197559025502,22076.85682673315,27171.5160944408,32266.175362148453,37360.8346298561,42455.493897563756,22741.69957831352,29564.209451807576,36386.71932530163,43209.229198795685,50031.73907228974,56854.248945783795,18905.8818509332,24817.304555678726,30728.72726042425,36640.149965169774,42551.572669915295,23475.080839720795,29338.911497577188,35202.74215543358,41066.57281328997,46930.40347114636
.DJI,2024-08-02,39737.26042,23.36094,18.26651,16.38721,17.162549617486338,1701.012905302612,2315.347154452684,17010.129053026118,22113.167768933956,27216.20648484179,32319.245200749625,37422.28391665746,42525.322632565294,23153.47154452684,30099.513007884896,37045.55447124295,43991.595934601,50937.63739795905,57883.67886131711,18936.977327455617,24858.122853245877,30779.268379036133,36700.41390482639,42621.559430616646,23900.13175384009,29870.135702360738,35840.139650881385,41810.143599402036,47780.14754792269
.DJI,2024-08-09,39497.54,23.28894,18.10126,16.20482,16.950960327868852,1695.978434398474,2330.1063323865264,16959.784343984742,22047.71964718016,27135.654950375585,32223.59025357101,37311.52555676643,42399.46085996185,23301.063323865266,30291.382321024845,37281.70131818442,44272.020315344,51262.33931250358,58252.65830966316,18880.929744824003,24784.550515348838,30688.17128587367,36591.7920563985,42495.41282692333,24052.483117875858,30060.542850114514,36068.602582353175,42076.66231459183,48084.72204683049
.DJI,2024-08-16,40659.76,24.02704,18.61163,16.67651,17.400858196721313,1692.2500649268493,2336.652568530278,16922.50064926849,21999.250844049042,27076.00103882959,32152.751233610135,37229.501428390686,42306.25162317123,23366.525685302782,30376.483390893616,37386.44109648445,44396.39880207529,51406.35650766612,58416.314213256956,18839.422682806755,24730.065175420477,30620.707668034196,36511.35016064792,42401.99265326164,24120.056529502937,30144.995396065355,36169.93426262777,42194.87312919019,48219.81199575261
.DJI,2024-08-23,41175.08,24.36539,18.88509,16.91629,17.61559054644809,1689.900305310114,2337.422630903641,16899.00305310114,21968.70396903148,27038.404884961823,32108.105800892165,37177.80671682251,42247.50763275285,23374.226309036414,30386.494201747337,37398.76209445826,44411.02998716918,51423.297879880105,58435.56577259103,18813.263360647365,24695.726451095506,30578.189541543645,36460.65263199178,42343.11572243992,24128.00548529847,30154.929918215694,36181.85435113292,42208.77878405015,48235.70321696738
.DJI,2024-08-30,41563.08,24.58841,19.07902,17.08581,17.75565926229508,1690.3524872084045,2340.8356392747987,16903.524872084046,21974.58233370926,27045.63979533447,32116.697256959684,37187.754718584896,42258.81218021011,23408.356392747988,30430.863310572382,37453.37022839678,44475.87714622117,51498.384064045575,58520.89098186997,18818.29739556216,24702.33450982609,30586.371624090014,36470.40873835394,42354.445852617864,24163.236206355028,30198.96090639978,36234.68560644454,42270.41030648929,48306.135006534045
.DJI,2024-09-06,40345.41,23.91212,18.61173,16.57862,17.222993661202185,1687.2368489284931,2342.5317801100464,16872.36848928493,21934.079036070412,26995.78958285589,32057.50012964137,37119.21067642685,42180.92122321233,23425.317801100464,30452.913141430603,37480.50848176074,44508.10382209088,51535.69916242102,58563.29450275116,18783.611726051186,24656.803450721905,30529.995175392625,36403.186900063345,42276.37862473406,24180.744591375187,30220.842703616123,36260.94081585706,42301.038928097994,48341.13704033893
.DJI,2024-09-13,41393.78,24.55324,19.09822,16.9845,17.613995846994534,1685.8785235675618,2350.050514350666,16858.78523567562,21916.420806378304,26974.05637708099,32031.691947783675,37089.32751848636,42146.96308918905,23500.505143506663,30550.65668655866,37600.80822961066,44650.95977266266,51701.111315714654,58751.262858766655,18768.489808702365,24636.95326699229,30505.416725282208,36373.88018357213,42242.34364186205,24258.35659812214,30317.84138117745,36377.32616423276,42436.810947288075,48496.29573034339
.DJI,2024-09-20,42063.36,24.97445,19.4213,17.25366,17.857756393442624,1684.2557093349403,2355.4672307796563,16842.557093349402,21895.324221354225,26948.091349359045,32000.858477363865,37053.62560536869,42106.392733373505,23554.672307796565,30621.074000135533,37687.4756924745,44753.87738481347,51820.27907715244,58886.68076949141,18750.423398839142,24613.237917486855,30476.052436134567,36338.86695478228,42201.681473429984,24314.27056164035,30387.722070336305,36461.173579032264,42534.62508772822,48608.07659642418
.DJI,2024-09-27,42313.0,25.1142,19.54308,17.39134,17.94985174863388,1684.8237252231804,2357.289664145574,16848.237252231804,21902.708427901347,26957.179603570887,32011.650779240426,37066.12195490997,42120.59313057951,23572.89664145574,30644.765633892464,37716.634626329185,44788.503618765906,51860.37261120263,58932.241603639355,18756.746986369668,24621.538741477347,30486.33049658502,36351.122251692694,42215.91400680036,24333.082599167534,30411.233158876003,36489.38371858447,42567.53427829294,48645.684838001405
.DJI,2024-10-04,42352.75,25.16779,19.61585,17.48514,17.997441857923498,1682.8156147202435,2353.2649992339834,16828.156147202433,21876.602991363165,26925.049835523896,31973.496679684627,37021.94352384536,42070.39036800609,23532.649992339833,30592.444990041786,37652.239987743735,44712.03498544569,51771.82998314763,58831.624980849585,18734.39116358514,24592.192780944482,30449.994398303825,36307.79601566316,42165.5976330225,24291.53806384069,30359.311231386837,36427.08439893298,42494.85756647913,48562.630734025275
.DJI,2024-10-11,42863.86,25.49114,19.88043,17.71726,18.195994344262296,1681.5199320234403,2355.675605797062,16815.199320234402,21859.759116304725,26904.318912375045,31948.878708445365,36993.43850451569,42037.998300586005,23556.75605797062,30623.782875361805,37690.80969275299,44757.836510144174,51824.863327535364,58891.89014492655,18719.96663230942,24573.25803944102,30426.54944657262,36279.84085370421,42133.13226083581,24316.421509225303,30390.41030222193,36464.399095218556,42538.387888215184,48612.376681211805
.DJI,2024-10-18,43275.91,25.07447,20.07545,17.90343,18.34258158469945,1725.8953030712114,2359.3140256821216,17258.953030712113,22436.63893992575,27614.324849139382,32792.01075835302,37969.69666756665,43147.382576780285,23593.140256821214,30671.08233386758,37749.024410913946,44826.96648796031,51904.90856500668,58982.85064205304,19213.987220165913,25221.74719653394,31229.507172901962,37237.26714926998,43245.02712563801,24353.979036813114,30437.349308970828,36520.71958112854,42604.089853286256,48687.46012544397
.DJI,2024-10-25,42114.4,24.08995,19.54461,17.48014,17.858062103825137,1748.2145043887595,2358.285000642888,17482.145043887595,22726.78855705387,27971.43207022015,33216.07558338643,38460.71909655271,43705.362609718984,23582.850006428882,30657.705008357545,37732.56001028621,44807.41501221487,51882.270014143534,58957.1250160722,19462.461648549,25547.913709796947,31633.365771044893,37718.817832292836,43804.26989354078,24343.356943288873,30424.073927132766,36504.790910976655,42585.50789482055,48666.224878664434
.DJI,2024-11-01,42052.19,23.8338,19.49333,,19.49333,1764.393004892212,2157.260457807876,17643.93004892212,22937.109063598757,28230.288078275393,33523.46709295203,38816.646107628665,44109.8251223053,21572.604578078757,28044.385951502387,34516.16732492601,40987.94869834964,47459.730071773265,53931.5114451969,19642.573096422824,25784.341753254135,31926.110410085446,38067.87906691676,44209.647723748065,22268.284507489076,27830.670012545168,33393.055517601264,38955.44102265735,44517.82652771345
.DJI,2024-11-08,43988.99,25.05348,20.43628,,20.43628,1755.8035849710297,2152.4949746235616,17558.035849710297,22825.446604623387,28092.857359536476,33360.268114449565,38627.67886936265,43895.089624275744,21524.949746235616,27982.4346701063,34439.919593976985,40897.404517847666,47354.889441718355,53812.37436558904,19546.949100980833,25658.81839304137,31770.6876851019,37882.556977162436,43994.42626922297,22219.092888099825,27769.19083905318,33319.288790006525,38869.38674095988,44419.48469191323
.DJI,2024-11-15,43444.99,25.62695,21.01193,,21.01193,1695.285236830758,2067.634434342776,16952.85236830758,22038.708078799857,27124.56378929213,32210.419499784402,37296.275210276675,42382.130920768956,20676.344343427758,26879.247646456086,33082.150949484414,39285.05425251274,45487.95755554107,51690.860858569395,18873.21253904481,24774.42032160008,30675.628104155345,36576.835886710614,42478.04366926588,21343.121399542524,26674.41079749958,32005.700195456633,37336.98959341369,42668.27899137074
.DJI,2024-11-22,44296.51,26.06877,21.43934,19.02464,19.281944098360658,1699.2174928084448,2297.305177010967,16992.17492808445,22089.827406509783,27187.479884935117,32285.13236336045,37382.78484178579,42480.437320211124,22973.05177010967,29864.96730114257,36756.88283217547,43648.79836320837,50540.71389424127,57432.62942527417,18916.989421667553,24831.885201424935,30746.780981182317,36661.6767609397,42576.57254069708,23713.893747531794,29637.37738208612,35560.86101664045,41484.34465119477,47407.82828574909
.DJI,2024-11-29,44910.65,26.40831,21.7324,19.38615,19.591286612021857,1700.625674266926,2292.3787951956842,17006.25674266926,22108.133765470036,27210.010788270814,32311.887811071592,37413.76483387237,42515.641856673145,22923.78795195684,29800.924337543896,36678.06072313095,43555.197108718,50432.33349430505,57309.46987989211,18932.666375245666,24852.46396810299,30772.261560960316,36692.059153817645,42611.85674667497,23663.041254751803,29573.822466331414,35484.60367791103,41395.38488949064,47306.166101070245
.DJI,2024-12-06,44642.52,26.16445,21.6636,19.55475,19.69879713114754,1706.228107221822,2266.2561425850563,17062.28107221822,22180.965393883685,27299.649715549152,32418.33403721462,37537.01835888009,42655.70268054555,22662.561425850563,29461.329853605734,36260.0982813609,43058.86670911607,49857.635136871235,56656.40356462641,18995.036946047763,24934.336343224746,30873.63574040173,36812.93513757871,42752.23453475569,23393.390615989865,29236.81590691137,35080.24119783288,40923.66648875439,46767.091779675895
.DJI,2024-12-13,43828.06,25.61797,21.22621,19.34477,19.437299836065574,1710.8326694113546,2254.8430270483245,17108.326694113544,22240.82470234761,27373.322710581673,32505.820718815736,37638.3187270498,42770.816735283865,22548.430270483244,29312.95935162822,36077.48843277319,42842.01751391817,49606.54659506314,56371.075676208115,19046.298455889468,25001.626116415766,30956.953776942064,36912.28143746836,42867.60909799466,23275.578924328376,29089.576081897103,34903.57323946583,40717.57039703456,46531.56755460329
.DJI,2024-12-20,42840.26,25.01163,20.79963,19.03623,19.08922836065573,1712.8135991136924,2244.211195476966,17128.13599113692,22266.576788478,27405.017585819078,32543.458383160156,37681.899180501234,42820.33997784231,22442.11195476966,29174.74554120056,35907.37912763146,42640.01271406236,49372.64630049326,56105.27988692415,19068.35168120217,25030.574864394606,30992.798047587035,36955.02123077947,42917.2444139719,23165.832023155723,28952.415548026238,34738.99907289675,40525.58259776727,46312.166122637784
.DJI,2024-12-27,42992.21,25.09025,20.89701,19.16385,19.182791639344263,1713.5026554139556,2241.1863094953383,17135.026554139557,22275.53452038142,27416.04248662329,32556.550452865158,37697.05841910702,42837.56638534889,22411.863094953384,29135.422023439398,35858.98095192541,42582.53988041143,49306.09880889744,56029.65773738346,19076.02278322306,25040.64453882879,31005.26629443452,36969.88805004025,42934.509805645976,23134.607688885928,28913.3917003144,34692.17571174288,40470.959723171356,46249.74373459983
.DJI,2025-01-03,42732.13,24.97429,19.11413,,19.11413,1711.0448385119255,2235.630394896341,17110.448385119256,22243.58290065503,27376.717416190808,32509.851931726585,37642.98644726236,42776.12096279814,22356.30394896341,29063.195133652433,35770.086318341455,42476.97750303048,49183.8686877195,55890.759872408526,19048.660484675125,25004.72669581244,30960.79290694975,36916.859118087064,42872.925329224374,23077.2568546174,28841.71522505944,34606.17359550148,40370.63196594352,46135.090336385554
.DJI,2025-01-10,41938.45,24.49108,18.72691,,18.72691,1712.3969216547412,2239.4751723589206,17123.96921654741,22261.159981511635,27398.35074647586,32535.541511440082,37672.732276404306,42809.92304136853,22394.75172358921,29113.17724066597,35831.60275774273,42550.028274819495,49268.45379189625,55986.87930897302,19063.71290887515,25024.48565752704,30985.258406178924,36946.03115483081,42906.803903482694,23116.944504801148,28891.316436839614,34665.68836887808,40440.06030091655,46214.43223295502
.DJI,2025-01-17,43487.83,24.60336,19.37178,,19.37178,1767.5565451222924,2244.906250225844,17675.565451222923,22978.2350865898,28280.90472195668,33583.57435732355,38886.24399269043,44188.91362805731,22449.06250225844,29183.781252935973,35918.5000036135,42653.21875429103,49387.93750496856,56122.6562556461,19677.79204709908,25830.57283794807,31983.353628797064,38136.134419646056,44288.91521049505,23173.006714018975,28961.382401929604,34749.75808984023,40538.13377775086,46326.50946566149
.DJI,2025-01-24,44424.25,24.77122,19.76744,,19.76744,1793.381593639716,2247.344623279494,17933.815936397157,23313.960717316306,28694.105498235454,34074.2502791546,39454.39506007375,44834.5398409929,22473.44623279494,29215.480102633424,35957.513972471905,42699.547842310385,49441.581712148865,56183.61558198735,19965.296249289648,26207.972813419125,32450.649377548598,38693.32594167807,44936.00250580755,23198.17677853184,28992.83968636552,34787.5025941992,40582.16550203288,46376.82840986656
.DJI,2025-01-31,44544.66,24.67114,19.43749,,19.43749,1805.537157991078,2291.687867106298,18055.37157991078,23471.983053884014,28888.594527857247,34305.206001830484,39721.81747580371,45138.42894977695,22916.878671062983,29791.942272381875,36667.00587370077,43542.06947501966,50417.13307633856,57292.196677657455,20100.621293448097,26385.610802557683,32670.600311667265,38955.58982077685,45240.57932988643,23655.909161261203,29564.908850180662,35473.90853910012,41382.90822801957,47291.90791693903
.DJI,2025-02-07,44303.4,24.26532,19.49677,,19.49677,1825.7908818016824,2272.345624429072,18257.908818016826,23735.28146342187,29212.65410882692,34690.02675423196,40167.39939963701,45644.77204504206,22723.45624429072,29540.493117577935,36357.52999086515,43174.566864152366,49991.60373743958,56808.6406107268,20326.10124565912,26681.59301007077,33037.08477448242,39392.57653889406,45748.068303305714,23456.24918910047,29315.37589679799,35174.50260449551,41033.62931219303,46892.75601989055
.DJI,2025-02-14,44546.08,24.39028,19.74836,,19.74836,1826.3865769478662,2255.6850290353223,18263.86576947866,23743.02550032226,29222.18523116586,34701.344962009454,40180.50469285306,45659.66442369665,22556.85029035322,29323.90537745919,36090.960464565156,42858.015551671124,49625.07063877709,56392.12572588306,20332.732979870067,26690.298330930334,33047.863681990595,39405.42903305086,45762.99438411112,23284.270475566183,29100.43869209571,34916.60690862524,40732.77512515477,46548.9433416843
.DJI,2025-02-21,43428.02,23.75197,19.26063,,19.26063,1828.396549844076,2254.7559451585953,18283.96549844076,23769.155147972986,29254.344797505215,34739.53444703744,40224.72409656967,45709.9137461019,22547.559451585952,29311.82728706174,36076.095122537525,42840.36295801331,49604.630793489094,56368.89862896488,20355.109536241667,26719.671507953226,33084.23347966478,39448.79545137633,45813.35742308789,23274.680022997793,29088.45264437784,34902.225265757894,40715.99788713794,46529.77050851799
.DJI,2025-02-28,43840.91,23.92033,19.48487,17.51945,19.16717197260274,1832.7886780826186,2287.2915244181836,18327.886780826186,23826.252815074044,29324.618849321898,34822.984883569756,40321.35091781761,45819.716952065464,22872.915244181837,29734.789817436387,36596.66439069094,43458.53896394549,50320.41353720004,57182.28811045459,20404.00606878018,26783.85683129825,33163.70759381631,39543.558356334375,45923.40911885244,23610.527988386584,29508.191933049886,35405.85587771319,41303.51982237649,47201.183767039794
.DJI,2025-03-07,42801.72,23.40897,19.09668,17.08233,18.73244136986301,1828.4324342335437,2284.898116316005,18284.324342335436,23769.62164503607,29254.9189477367,34740.216250437334,40225.513553137964,45710.810855838594,22848.981163160053,29703.675512108068,36558.36986105608,43413.0642100041,50267.75855895211,57122.45290790013,20355.509028725024,26720.195912300263,33084.8827958755,39449.56967945073,45814.25656302596,23585.822073823074,29477.314738385703,35368.80740294833,41260.30006751096,47151.79273207358
.DJI,2025-03-14,41488.19,22.64808,18.46551,16.57193,18.086794,1831.8634515596907,2293.838808580448,18318.634515596907,23814.22487027598,29309.81522495505,34805.40557963412,40300.99593431319,45796.586288992265,22938.38808580448,29819.904511545825,36701.42093728717,43582.93736302851,50464.45378876986,57345.9702145112,20393.705739116118,26770.335831838263,33146.965924560405,39523.59601728255,45900.226110004696,23678.112218166996,29592.65799941607,35507.20378066515,41421.74956191422,47336.2953431633
.DJI,2025-03-21,41985.35,22.88802,18.69299,16.80547,18.27928698630137,1834.3810430085257,2296.8811656310295,18343.810430085257,23846.953559110832,29350.09668813641,34853.239817161986,40356.382946187565,45859.52607521314,22968.811656310296,29859.455153203384,36750.09865009647,43640.74214698956,50531.38564388265,57422.02914077574,20421.733493660344,26807.12720322312,33192.52091278589,39577.91462234867,45963.30833191144,23709.51689724991,29631.90724019672,35554.29758314353,41476.687926090344,47399.07826903715
.DJI,2025-03-28,41583.9,22.67983,18.54315,16.65956,18.094184712328765,1833.5190343137494,2298.1914168073095,18335.190343137496,23835.74744607874,29336.30454901999,34836.86165196124,40337.41875490249,45837.97585784374,22981.914168073094,29876.488418495024,36771.06266891695,43665.63691933888,50560.211169760805,57454.785420182736,20412.136953235422,26794.530051274116,33176.9231493128,39559.3162473515,45941.70934539018,23723.04194280668,29648.810701245486,35574.57945968429,41500.348218123094,47426.1169765619
.DJI,2025-04-04,38314.86,20.97663,17.20507,15.34695,16.726540465753423,1826.54983188434,2290.662559807113,18265.498318843398,23745.14781449642,29224.79731014944,34704.44680580246,40184.09630145548,45663.745797108495,22906.625598071132,29778.61327749247,36650.60095691381,43522.58863633515,50394.576315756494,57266.56399517783,20334.550458750422,26692.684092528387,33050.81772630635,39408.95136008431,45767.08499386227,23645.325444045593,29551.681430653363,35458.037417261134,41364.39340386891,47270.74939047668
.DJI,2025-04-11,40212.71,21.92221,18.04345,16.13433,17.51517295890411,1834.3365016574514,2295.878555944105,18343.365016574513,23846.37452154687,29349.384026519223,34852.39353149158,40355.40303646393,45858.412541436286,22958.78555944105,29846.421227273364,36734.05689510568,43621.69256293799,50509.328230770305,57396.96389860262,20421.23762525582,26806.47628848073,33191.71495170564,39576.95361493055,45962.19227815546,23699.167475752103,29618.972641016917,35538.77780628173,41458.582971546544,47378.38813681136
.DJI,2025-04-17,39142.23,20.50918,17.59992,15.77288,17.06432197260274,1908.5224275178239,2293.8051721506413,19085.22427517824,24810.79155773171,30536.358840285182,36261.92612283865,41987.493405392124,47713.060687945595,22938.051721506414,29819.467237958335,36700.88275441026,43582.298270862186,50463.71378731411,57345.12930376603,21247.13212120866,27890.60848599093,34534.0848507732,41177.56121555547,47821.03758033774,23677.765006690493,29592.22405812958,35506.68310956867,41421.14216100776,47335.60121244685
.DJI,2025-04-25,40113.5,20.98279,18.15019,16.33445,17.578107534246577,1911.7333776871426,2282.014711870934,19117.333776871426,24852.533909932852,30587.73404299428,36322.93417605571,42058.13430911714,47793.334442178566,22820.14711870934,29666.191254322144,36512.23538993495,43358.27952554775,50204.32366116055,57050.36779677335,21282.87887560801,27937.532406165643,34592.185936723276,41246.83946728091,47901.49299783853,23556.0581803161,29440.11613432608,35324.17408833606,41208.23204234604,47092.28999635602
.DJI,2025-05-02,41317.43,21.69456,18.60925,16.76382,17.992421342465754,1904.5064753560341,2296.379637491176,19045.064753560342,24758.584179628444,30472.103605696546,36185.62303176465,41899.14245783275,47612.66188390085,22963.79637491176,29852.935287385284,36742.07419985881,43631.21311233234,50520.35202480587,57409.49093727939,21202.42346861767,27831.92049373683,34461.41751885598,41090.91454397514,47720.411569094285,23704.33988152779,29625.437059875305,35546.53423822282,41467.63141657034,47388.72859491785
.DJI,2025-05-09,41249.38,21.25822,18.53608,16.70431,17.88868731506849,1940.396703016527,2305.8919457580146,19403.96703016527,25225.15713921485,31046.347248264432,36867.53735731401,42688.72746636359,48509.91757541317,23058.919457580145,29976.59529485419,36894.27113212823,43811.94696940228,50729.62280667632,57647.298643950366,21601.980947203094,28356.41015847384,35110.83936974458,41865.26858101532,48619.69779228607,23802.530522366844,29748.154699960825,35693.77887755481,41639.40305514879,47585.027232742774
.DJI,2025-05-16,42654.74,21.96234,19.13929,17.21874,18.423687808219174,1942.176471177479,2315.211831855448,19421.76471177479,25248.294125307228,31074.823538839664,36901.3529523721,42727.88236590454,48554.411779436974,23152.11831855448,30097.753814120824,37043.38930968717,43989.02480525351,50934.66030081986,57880.2957963862,21621.7946883023,28382.419188421423,35143.04368854054,41903.668188659656,48664.292688778776,23898.734888624007,29868.389914764582,35838.04494090516,41807.69996704574,47777.354993186316
.DJI,2025-05-23,41603.07,21.42784,18.63371,16.77735,17.906423753424654,1941.542871330008,2323.3600730599987,19415.42871330008,25240.057327290102,31064.685941280128,36889.31455527015,42713.94316926018,48538.5717832502,23233.60073059999,30203.680949779984,37173.76116895998,44143.841388139976,51113.92160731997,58084.00182649997,21614.74096995082,28373.15993894769,35131.57890794456,41889.99787694142,48648.41684593829,23982.844970335216,29973.509818726903,35964.17466711859,41954.83951551028,47945.504363901964
.DJI,2025-05-30,42270.07,21.75177,18.91931,17.04605,18.14947712328767,1943.293350380222,2328.996571794517,19432.93350380222,25262.813554942884,31092.69360608355,36922.57365722422,42752.45370836488,48582.33375950555,23289.965717945168,30276.95543332872,37263.94514871227,44250.93486409582,51237.924579479375,58224.91429486292,21634.228642256392,28398.740946091497,35163.253249926594,41927.765553761696,48692.2778575968,24041.027632976657,30046.22590441732,36051.42417585798,42056.62244729865,48061.82071873931
.DJI,2025-06-06,42762.87,22.0019,19.11467,17.23152,18.304657534246576,1943.5989619078355,2336.174272585763,19435.989619078355,25266.78650480186,31097.583390525368,36928.38027624888,42759.17716197238,48589.97404769588,23361.742725857628,30370.265543614918,37378.78836137221,44387.311179129494,51395.83399688679,58404.356814644074,21637.63094364481,28403.207066762952,35168.78318988109,41934.35931299923,48699.93543611737,24115.119327723387,30138.82493271126,36162.53053769914,42186.23614268701,48209.941747674886
.DJI,2025-06-13,42197.79,21.73625,18.85343,16.99909,18.02024709589041,1941.355569612974,2341.6876458715915,19413.55569612974,25237.62240496866,31061.689113807584,36885.755822646504,42709.82253148543,48533.88924032435,23416.876458715917,30441.93939633069,37467.002333945464,44492.06527156024,51517.12820917501,58542.19114678979,21612.655783907958,28370.42276448056,35128.18974505316,41885.95672562576,48643.723706198354,24172.031030007856,30209.952585386913,36247.87414076597,42285.795696145025,48323.71725152408
.DJI,2025-06-20,42206.82,21.74616,18.8485,16.99786,17.98148783561644,1940.8861150658324,2347.2373579899077,19408.861150658326,25231.51949585582,31054.17784105332,36876.83618625082,42699.49453144831,48522.152876645814,23472.373579899075,30514.0856538688,37555.79772783852,44597.50980180824,51639.22187577797,58680.93394974769,21607.429456648606,28363.562288131157,35119.6951196137,41875.827951096246,48631.96078257879,24229.31783927469,30281.549042861698,36333.7802464487,42386.011450035716,48438.24265362272
.DJI,2025-06-27,43819.27,22.61258,19.49912,17.6939,18.618766136986302,1937.8270856310953,2353.5002092836176,19378.27085631095,25191.75211320424,31005.233370097525,36818.71462699081,42632.195883884095,48445.677140777385,23535.002092836177,30595.50272068703,37656.00334853788,44716.50397638873,51777.004604239584,58837.505232090436,21573.37400012088,28318.858494724685,35064.342989328485,41809.827483932284,48555.31197853608,24293.966015590937,30362.345660192736,36430.725304794534,42499.10494939634,48567.48459399814
.DJI,2025-07-03,44828.53,23.14508,19.98537,18.127,19.04854786301369,1936.8492137421863,2353.3830674328174,19368.49213742186,25179.03977864842,30989.58741987498,36800.13506110154,42610.6827023281,48421.23034355466,23533.830674328172,30593.979876626625,37654.12907892508,44714.27828122353,51774.427483521984,58834.57668582044,21562.487581956913,28304.568150734078,35046.648719511235,41788.7292882884,48530.80985706556,24292.75682082175,30360.834421166182,36428.912021510616,42496.98962185505,48565.06722219948
.DJI,2025-07-11,44371.51,22.8662,19.71939,17.92706,18.77657531506849,1940.4846454592368,2363.131149075475,19404.846454592367,25226.30039097008,31047.75432734779,36869.2082637255,42690.66220010321,48512.11613648092,23631.31149075475,30720.704937981176,37810.0983852076,44899.491832434025,51988.885279660455,59078.27872688688,21602.959989771512,28357.69532452877,35112.43065928603,41867.16599404329,48621.901328800544,24393.381228336046,30486.59375749029,36579.80628664453,42673.01881579878,48766.23134495303
.DJI,2025-07-18,44342.19,22.46192,19.71323,17.89695,18.722984191780824,1974.1050631468727,2368.3291907849666,19741.050631468726,25663.365820909345,31585.681010349963,37507.99619979058,43430.311389231196,49352.626578671814,23683.291907849667,30788.279480204565,37893.267052559466,44998.25462491436,52103.24219726927,59208.229769624166,21977.24820681304,28849.014626487868,35720.78104616269,42592.54746583751,49464.31388551233,24447.037925769037,30553.653339009394,36660.26875224975,42766.884165490104,48873.499578730465
.DJI,2025-07-25,44901.92,22.70803,19.96385,18.12241,18.92457153424657,1977.3586700387482,2372.678288580743,19773.58670038748,25705.662710503726,31637.73872061997,37569.814730736216,43501.89074085246,49433.966750968706,23726.782885807428,30844.817751549657,37962.85261729189,45080.887483034116,52198.922348776345,59316.957214518574,22013.469848490087,28896.561919975342,35779.6539914606,42662.74606294585,49545.838134431106,24491.93141404335,30609.760753006834,36727.59009197032,42845.419430933805,48963.24876989729
.DJI,2025-08-01,43588.58,22.09851,19.9505,18.09238,18.86617243835617,1972.4669219779976,2310.4092863787014,19724.669219779975,25642.06998571397,31559.47075164796,37476.87151758195,43394.272283515944,49311.67304944994,23104.092863787013,30035.32072292312,36966.54858205922,43897.776441195325,50829.00430033143,57760.23215946754,21959.011165766817,28825.075293458754,35691.139421150685,42557.20354884262,49423.26767653455,23849.160694349375,29806.432603166057,35763.704511982745,41720.97642079943,47678.248329616115
.DJI,2025-08-08,44175.61,22.20791,20.19811,18.36178,19.091280958904107,1989.183583687074,2313.9154515138307,19891.835836870738,25859.38658793196,31826.937338993182,37794.4880900544,43762.038841115624,49729.589592176846,23139.154515138307,30080.900869679797,37022.64722422129,43964.393578762785,50906.13993330428,57847.886287845766,22145.113835998593,29069.367872994735,35993.62190999088,42917.87594698702,49842.12998398316,23885.353024522912,29851.665400407626,35817.97777629234,41784.290152177055,47750.60252806177
.DJI,2025-08-15,44946.12,22.57608,20.59881,18.7002,19.418030630136982,1990.873526316349,2314.6590329424635,19908.73526316349,25881.355842112534,31853.976421061583,37826.59700001063,43799.21757895968,49771.83815790872,23146.590329424635,30090.567428252027,37034.544527079415,43978.521625906804,50922.49872473419,57866.47582356159,22163.927570542004,29094.06421795632,36024.20086537063,42954.33751278494,49884.47416019925,23893.028631215348,29861.25829369635,35829.487956177356,41797.71761865835,47765.94728113936
.DJI,2025-08-22,45631.74,22.92635,20.95875,19.02206,19.717146,1990.362181507305,2314.317700949214,19903.62181507305,25874.708359594966,31845.79490411688,37816.88144863879,43787.96799316071,49759.05453768263,23143.17700949214,30086.130112339786,37029.08321518743,43972.03631803507,50914.98942088271,57857.94252373036,22158.23488883148,29086.591569133983,36014.948249436486,42943.30492973898,49871.66161004148,23889.50523750103,29856.854792934788,35824.20434836855,41791.5539038023,47758.903459236055
.DJI,2025-08-29,45544.88,22.86678,20.66607,18.46954,19.215758410958905,1991.7487289421597,2370.1838369296615,19917.487289421595,25892.733476248075,31867.979663074555,37843.225849901035,43818.472036727515,49793.718223553995,23701.838369296616,30812.3898800856,37922.941390874585,45033.49290166357,52144.04441245255,59254.59592324154,22173.670995903587,29106.854182292314,36040.037368681034,42973.220555069754,49906.403741458475,24466.182479159103,30577.580002410756,36688.97752566241,42800.375048914066,48911.77257216572
.DJI,2025-09-05,45400.86,22.76068,20.66184,18.44408,19.154978410958904,1994.7057820768096,2370.185913340699,19947.057820768096,25931.175166998524,31915.292513228953,37899.40985945938,43883.52720568981,49867.64455192024,23701.859133406986,30812.416873429083,37922.97461345118,45033.532353473274,52144.090093495375,59254.64783351747,22206.59117422345,29150.067722810178,36093.5442713969,43037.02081998363,49980.497368570344,24466.203912876837,30577.60679004791,36689.00966721898,42800.412544390056,48911.81542156113
.DJI,2025-09-12,45834.22,23.02838,20.89556,18.60633,19.29623493150685,1990.3362720260827,2375.29342706965,19903.362720260826,25874.371536339077,31845.380352417324,37816.389168495574,43787.39798457382,49758.40680065207,23752.9342706965,30878.814551905452,38004.6948331144,45130.57511432335,52256.4553955323,59382.335676741255,22157.94644465981,29086.21293528278,36014.479425905745,42942.74591652871,49871.01240715167,24518.92613676526,30643.498476265268,36768.07081576527,42892.64315526527,49017.21549476528
.DJI,2025-09-19,46315.27,23.2782,21.33916,19.28325,19.86341090410959,1989.6413812064507,2331.6876554377536,19896.413812064508,25865.33795568386,31834.26209930321,37803.186242922566,43772.11038654191,49741.03453016127,23316.876554377537,30311.939520690798,37307.00248700406,44302.06545331732,51297.12841963058,58292.19138594384,22150.21038830456,29076.057996828073,36001.90560535158,42927.75321387509,49853.6008223986,24068.80629826677,30080.943390931294,36093.08048359582,42105.217576260344,48117.35466892487
.DJI,2025-09-26,46247.29,23.22518,21.29305,19.26129,19.795670712328768,1991.2564725009665,2336.232536500879,19912.564725009666,25886.334142512565,31860.103560015465,37833.87297751837,43807.64239502126,49781.411812524166,23362.325365008794,30371.02297451143,37379.72058401407,44388.41819351671,51397.11580301934,58405.81341252198,22168.19082051097,29099.66048549417,36031.130150477366,42962.599815460555,49894.06948044375,24115.72075599953,30139.576591505807,36163.432427012085,42187.28826251836,48211.14409802464
.DJI,2025-10-03,46758.28,23.52094,21.55617,19.46512,19.974992465753424,1987.9426587542844,2340.8409329898764,19879.426587542843,25843.254563805698,31807.08254006855,37770.9105163314,43734.73849259425,49698.56646885711,23408.409329898765,30430.932128868393,37453.45492783802,44475.97772680765,51498.50052577728,58521.02332474691,22131.29891005414,29051.233346010973,35971.1677819678,42891.102217924636,49811.03665388146,24163.290850639183,30199.029200256897,36234.76754987462,42270.50589949233,48306.244249110045
.DJI,2025-10-10,45479.6,22.87663,20.91731,18.83248,19.30085276712329,1988.0375737160587,2356.3518435552805,19880.375737160586,25844.488458308762,31808.60117945694,37772.713900605115,43736.82662175329,49700.93934290147,23563.518435552804,30632.573966218646,37701.62949688449,44770.68502755033,51839.740558216174,58908.796088882016,22132.35557604036,29052.62040649302,35972.88523694567,42893.15006739833,49813.414897850984,24323.40196202145,30399.134399412367,36474.86683680329,42550.5992741942,48626.331711585124
.DJI,2025-10-17,46190.61,22.58845,21.08917,19.0873,19.49864315068493,2044.877359889678,2368.9140645859484,20448.77359889678,26583.405678565814,32718.03775823485,38852.66983790388,44987.30191757291,51121.93399724195,23689.140645859483,30795.88283961733,37902.625033375174,45009.36722713302,52116.10942089086,59222.85161464871,22765.139571218675,29883.26101083617,37001.38245045366,44119.50389007115,51237.62532968864,24453.075275665335,30561.198756019745,36669.32223637416,42777.445716728565,48885.56919708298
.DJI,2025-10-24,47207.12,22.94674,21.40658,19.46875,19.829770383561645,2057.247347553509,2380.6185894685627,20572.473475535087,26744.215518195615,32915.95756085614,39087.69960351667,45259.4416461772,51431.18368883772,23806.185894685626,30948.041663091317,38089.897431497004,45231.75319990269,52373.60896830838,59515.46473671407,22902.851739774622,30064.03252178831,37225.213303802,44386.394085815686,51547.57486782937,24573.89503535995,30712.198033127283,36850.501030894615,42988.80402866195,49127.10702642928
.DJI,2025-10-31,47562.87,23.28016,21.33578,19.67432,19.951988657534248,2043.0645665665531,2383.8661306595804,20430.645665665532,26559.83936536519,32689.03306506485,38818.22676476451,44947.42046446417,51076.61416416383,23838.661306595804,30990.259698574548,38141.85809055329,45293.45648253203,52445.054874510766,59596.65326648951,22744.958168742323,29856.76936048284,36968.58055222335,44080.39174396386,51192.202935704365,24607.417724254392,30754.094340507432,36900.770956760476,43047.44757301352,49194.12418926656
.DJI,2025-11-07,46987.1,22.95904,21.31651,19.53108,19.79522580821918,2046.5620513749702,2373.6581969421372,20465.6205137497,26605.306667874615,32744.992821999524,38884.678976124436,45024.365130249345,51164.051284374254,23736.58196942137,30857.556560247784,37978.531151074196,45099.505741900604,52220.48033272702,59341.45492355343,22783.894846008938,29907.880617060593,37031.86638811224,44155.85215916389,51279.83793021554,24502.046501493183,30622.4024839345,36742.75846637582,42863.114448817134,48983.47043125844
.DJI,2025-11-14,47147.48,22.99052,21.29898,19.55075,19.775864547945208,2050.7356945384445,2384.091976646291,20507.356945384447,26659.56402899978,32811.77111261511,38963.97819623045,45116.18527984578,51268.39236346111,23840.91976646291,30993.195696401785,38145.47162634066,45297.74755627953,52450.02348621841,59602.29941615728,22830.359035500518,29968.873061138962,37107.3870867774,44245.901112415835,51384.415138054275,24609.749015623842,30757.00796417631,36904.26691272878,43051.52586128125,49198.78480983371
.DJI,2025-11-21,46245.41,22.53832,20.98146,19.25338,19.442758630136986,2051.8570150747705,2378.541588656968,20518.570150747706,26674.141195972017,32829.71224119633,38985.28328642064,45140.85433164495,51296.425376869265,23785.41588656968,30921.040652540585,38056.66541851149,45192.290184482394,52327.9149504533,59463.5397164242,22842.842433778696,29985.259723205407,37127.67701263211,44270.094302058824,51412.51159148553,24552.455229689996,30685.402787335766,36818.35034498154,42951.29790262731,49084.24546027308
.DJI,2025-11-28,47716.42,23.24422,21.8115,19.49908,19.70814810958904,2052.8294776077664,2421.1518877709,20528.294776077666,26686.783208900964,32845.27164172426,39003.760074547565,45162.24850737086,51320.73694019416,24211.518877709,31474.9745410217,38738.4302043344,46001.8858676471,53265.3415309598,60528.7971942725,22853.66863085324,29999.471016394327,37145.27340193541,44291.0757874765,51436.87817301758,24992.29931999629,31235.115349619842,37477.9313792434,43720.74740886695,49963.5634384905
.DJI,2025-12-05,47954.99,23.28015,21.89774,19.62553,19.787386054794524,2059.908978249711,2423.513134438513,20599.089782497107,26778.81671724624,32958.54365199537,39138.270586744504,45317.997521493635,51497.72445624277,24235.131344385132,31505.67074770067,38776.21015101621,46046.74955433175,53317.28895764729,60587.82836096283,22932.48304944365,30102.928842110105,37273.374634776555,44443.82042744301,51614.266220109464,25016.673248696676,31265.577631810535,37514.48201492439,43763.38639803825,50012.29078115211
.DJI,2025-12-12,48458.05,23.52322,21.93055,20.2338,20.32212397260274,2060.0092164253024,2384.4973126494406,20600.092164253023,26780.11981352893,32960.14746280484,39140.175112080746,45320.20276135665,51500.23041063256,23844.973126494406,30998.465064442727,38151.95700239105,45305.44894033937,52458.94087828769,59612.43281623602,22933.598977519563,30104.393694537546,37275.18841155552,44445.9831285735,51616.77784559148,24613.933089645405,30762.237176303675,36910.541262961946,43058.84534962022,49207.14943627849
.DJI,2025-12-19,48134.89,23.35001,21.74294,20.07199,20.126925342465757,2061.4505090147713,2391.5669771199628,20614.505090147715,26798.85661719203,32983.20814423634,39167.55967128066,45351.91119832497,51536.262725369284,23915.669771199628,31090.370702559514,38265.071633919404,45439.772565279294,52614.473496639184,59789.17442799907,22949.644549545457,30125.45633794537,37301.268126345276,44477.07991474518,51652.89170314509,24686.909581302814,30853.442435393463,37019.97528948411,43186.508143574756,49353.040997665405
.DJI,2025-12-26,48710.97,23.63009,22.01264,20.32555,20.348660821917807,2061.3958728045473,2393.8169900366506,20613.958728045473,26798.146346459114,32982.333964872756,39166.5215832864,45350.70920170004,51534.89682011368,23938.169900366505,31119.620870476458,38301.07184058641,45482.52281069636,52663.973780806315,59845.42475091627,22949.03629744399,30124.657899778467,37300.27950211294,44475.90110444741,51651.522706781885,24710.135301494825,30882.46969855108,37054.80409560733,43227.13849266358,49399.47288971984
.DJI,2026-01-02,48382.39,23.43142,20.20124,,20.20124,2064.8509565361383,2395.0208007033234,20648.509565361383,26843.062434969797,33037.61530457821,39232.16817418663,45426.72104379504,51621.27391340346,23950.208007033234,31135.270409143202,38320.332811253174,45505.39521336315,52690.45761547312,59875.52001758308,22987.50093347681,30175.149518978065,37362.79810447931,44550.446689980556,51738.095275481806,24722.561616695475,30897.999977846048,37073.43833899662,43248.87670014719,49424.31506129776
.DJI,2026-01-09,49504.07,23.9701,20.69744,,20.69744,2065.24253132027,2391.7967632712066,20652.425313202697,26848.15290716351,33043.88050112432,39239.608095085125,45435.33568904593,51631.06328300675,23917.967632712065,31093.357922525687,38268.748212339306,45444.13850215293,52619.52879196654,59794.919081780165,22991.860243618426,30180.871882435644,37369.88352125286,44558.89516007007,51747.906798887285,24689.281544953872,30856.40689085621,37023.532236758554,43190.65758266089,49357.78292856323
.DJI,2026-01-16,49359.33,23.71993,20.68251,,20.68251,2080.9222455546874,2386.525136455875,20809.222455546875,27051.989192210935,33294.755928875,39537.52266553906,45780.289402203125,52023.056138867185,23865.25136455875,31024.826773926372,38184.402183294,45343.97759266162,52503.55300202925,59663.12841139687,23166.418821059277,30410.010804032245,37653.602787005206,44897.194769978174,52140.786752951135,24634.865266513203,30788.39799290614,36941.930719299075,43095.46344569201,49248.996172084946
.DJI,2026-01-23,49098.71,23.40442,20.55033,,20.55033,2097.8392115677298,2389.1932635631642,20978.3921156773,27271.909750380488,33565.427385083676,39858.945019786865,46152.46265449005,52445.98028919324,23891.93263563164,31059.512426321136,38227.09221701063,45394.67200770012,52562.25179838961,59729.831589079105,23354.751432081604,30657.2305741736,37959.70971626559,45262.18885835758,52564.66800044957,24662.406963350142,30822.819318715796,36983.23167408145,43143.6440294471,49304.05638481276
.DJI,2026-01-30,48892.47,24.04355,20.54599,,20.54599,2033.496301502898,2379.659972578591,20334.96301502898,26435.451919537674,32535.940824046367,38636.429728555064,44736.91863306375,50837.40753757245,23796.59972578591,30935.579643521683,38074.559561257454,45213.539478993225,52352.519396728996,59491.499314464774,22638.436920132932,29716.94143342637,36795.44594671981,43873.95046001324,50952.45497330668,24563.999728762956,30699.83098202008,36835.6622352772,42971.493488534325,49107.324741791446
.DJI,2026-02-06,50115.67,24.54406,20.60803,,20.60803,2041.8655267302963,2431.8515646570777,20418.655267302962,26544.25184749385,32669.84842768474,38795.44500787563,44921.04158806652,51046.63816825741,24318.515646570777,31614.07034054201,38909.62503451324,46205.17972848448,53500.73442245571,60796.28911642694,22731.609539744197,29839.246930486748,36946.8843212293,44054.52171197185,51162.159102714395,25102.746553281104,31373.151151269245,37643.555749257386,43913.96034724553,50184.36494523367
.DJI,2026-02-13,49500.93,24.21102,21.11628,,21.11628,2044.5619391500234,2344.206934175906,20445.619391500233,26579.305208950303,32712.991026400374,38846.676843850444,44980.36266130051,51114.048478750585,23442.06934175906,30474.69014428678,37507.3109468145,44539.93174934221,51572.552551869936,58605.17335439765,22761.628066175515,29878.651541106483,36995.67501603745,44112.69849096841,51229.72196589938,24198.036340824092,30242.453751952162,36286.871163080235,42331.28857420831,48375.70598533638
.DJI,2026-02-20,49625.97,24.36467,20.46829,,20.46829,2036.8004163405456,2424.5293573620465,20368.004163405454,26478.40541242709,32588.80666144873,38699.207910470366,44809.609159492,50920.01040851364,24245.293573620467,31518.881645706606,38792.469717792745,46066.05778987888,53339.64586196502,60613.23393405116,22675.22085491249,29765.226835788362,36855.23281666423,43945.2387975401,51035.24477841596,25027.163192598615,31278.687854427222,37530.21251625583,43781.73717808444,50033.26183991305
.DJI,2026-02-27,48977.92,23.9922,,,20.097242520547944,2041.4101249572777,2437.046771462488,20414.101249572777,26538.33162444461,32662.561999316444,38786.79237418828,44911.02274906011,51035.25312393194,24370.46771462488,31681.608029012343,38992.748343399806,46303.88865778727,53615.02897217473,60926.169286562195,22726.539658719983,29832.591817415007,36938.64397611003,44044.696134805046,51150.748293500066,25156.37398746477,31440.174159884173,37723.97433230357,44007.77450472298,50291.57467714238
.DJI,2026-03-06,47501.55,23.26899,,,19.726195041095888,2041.4100483089298,2408.0442224686153,20414.1004830893,26538.330628016087,32662.560772942878,38786.790917869665,44911.021062796455,51035.251207723246,24080.442224686154,31304.574892091998,38528.707559497845,45752.84022690369,52976.97289430954,60201.10556171538,22726.53880541192,29832.59069729767,36938.642589183415,44044.69448106916,51150.7463729549,24856.995667104595,31066.014253670834,37275.03284023707,43484.051426803315,49693.07001336955
.DJI,2026-03-13,46558.47,22.80702,,,19.355147561643836,2041.4096186174256,2405.4825648689493,20414.096186174254,26538.325042026532,32662.55389787881,38786.78275373109,44911.011609583365,51035.24046543564,24054.825648689493,31271.273343296343,38487.72103790319,45704.168732510036,52920.61642711688,60137.064121723735,22726.534021757285,29832.584417907212,36938.63481405714,44044.68521020707,51150.735606357,24830.552999955307,31032.9664837164,37235.37996747749,43437.793451238584,49640.206934999675
.DJI,2026-03-20,45577.47,22.32647,,,18.98410008219178,2041.4095913953258,2400.8233101738856,20414.095913953257,26538.324688139237,32662.553462325213,38786.78223651119,44911.01101069717,51035.239784883146,24008.233101738857,31210.703032260513,38413.17296278217,45615.642893303826,52818.11282382548,60020.58275434714,22726.533718700037,29832.584020091126,36938.63432148221,44044.68462287329,51150.734924264376,24782.457922345642,30972.857756718044,37163.25759109045,43353.65742546285,49544.05725983525
.DJI,2026-03-27,45166.64,22.12522,19.1723,16.79875,18.613052602739725,2041.4097577334826,2426.611097276529,20414.097577334825,26538.326850535275,32662.55612373572,38786.78539693617,44911.01467013662,51035.24394333707,24266.11097276529,31545.94426459488,38825.777556424466,46105.61084825405,53385.44414008364,60665.27743191323,22726.535570503685,29832.586450910036,36938.63733131638,44044.68821172273,51150.73909212907,25048.651917577794,31305.544239061826,37562.43656054586,43819.32888202989,50076.221203513924
.DJI,2026-04-02,46504.67,22.78066,19.22469,17.30931,18.74190928767123,2041.41012595772,2481.3197677032626,20414.1012595772,26538.331637450363,32662.56201532352,38786.79239319668,44911.02277106984,51035.253148943004,24813.197677032626,32257.156980142416,39701.1162832522,47145.07558636199,54589.034889471775,62032.994192581566,22726.539669857673,29832.59183203519,36938.6439942127,44044.696156390215,51150.74831856773,25613.38124067813,32011.33706438376,38409.292888089396,44807.24871179503,51205.204535500656
.DJI,2026-04-10,47916.57,23.47229,19.68502,17.80414,19.169710410958903,2041.410105277329,2499.598010234268,20414.10105277329,26538.331368605275,32662.561684437263,38786.79200026925,44911.02231610124,51035.252631933225,24995.980102342677,32494.77413304548,39993.568163748285,47492.36219445109,54991.15622515389,62489.9502558567,22726.539439627733,29832.591529817786,36938.64362000783,44044.695710197884,51150.74780038793,25802.05808936561,32247.143424458885,38692.228759552156,45137.31409464543,51582.3994297387
.DJI,2026-04-17,49447.43,24.23575,20.11438,18.22706,19.56111084931507,2040.2681988384927,2527.843657801847,20402.681988384928,26523.486584900405,32644.291181415883,38765.09577793136,44885.90037444684,51006.70497096232,25278.436578018467,32861.96755142401,40445.49852482955,48029.02949823509,55612.56047164063,63196.09144504617,22713.826863329865,29815.904031177994,36917.98119902612,44020.05836687425,51122.13553472237,26093.62330758329,32611.53859700228,39129.453886421266,45647.369175840264,52165.284465259254
.DJI,2026-04-24,49230.71,23.62163,19.92127,18.15678,19.37016901369863,2084.1368694709045,2541.5735900489008,20841.368694709046,27093.77930312176,33346.18991153447,39598.600519947184,45851.011128359896,52103.42173677261,25415.73590048901,33040.45667063571,40665.17744078241,48289.89821092912,55914.618981075815,63539.33975122252,23202.20647442036,30456.988411308004,37711.77034819565,44966.552285083286,52221.33422197093,26235.35030046417,32788.66751635894,39341.9847322537,45895.30194814847,52448.619164043244
.DJI,2026-05-01,49499.27,23.81003,19.89933,18.21812,19.34199736986301,2078.9251420514797,2559.1602073695544,20789.251420514796,27026.026846669236,33262.802272823676,39499.577698978115,45736.353125132555,51973.128551286994,25591.602073695543,33269.08269580421,40946.56331791287,48624.04394002153,56301.524562130195,63979.005184238864,23144.185536618617,30380.82569668907,37617.46585675952,44854.10601682997,52090.746176900415,26416.887859641705,33015.551266773284,39614.21467390487,46212.87808103645,52811.54148816803
.DJI,2026-05-08,49609.16,23.79841,19.83019,18.09338,19.22111690410959,2084.557749866483,2580.9717638933494,20845.57749866483,27099.25074826428,33352.92399786373,39606.59724746318,45860.27049706262,52113.94374666207,25809.717638933493,33552.632930613545,41295.54822229359,49038.463513973635,56781.37880565369,64524.29409733373,23206.892037054124,30463.139038706067,37719.386040358004,44975.63304200994,52231.880043661884,26642.03728212572,33296.94066965074,39951.844057175775,46606.7474447008,53261.65083222582
.DJI,2026-05-15,49526.17,23.74284,19.78876,17.99552,19.12550684931507,2085.9412774545926,2589.5350324675787,20859.412774545926,27117.236606909704,33375.06043927348,39632.88427163726,45890.70810400104,52148.531936364816,25895.350324675786,33663.95542207852,41432.56051948126,49201.165616884,56969.77071428673,64738.37581168947,23222.29452488139,30483.357520675767,37744.42051647014,45005.48351226451,52266.546508058884,26730.431476825208,33407.414813398944,40084.39814997268,46761.38148654642,53438.36482312016
.DJI,2026-05-22,50579.7,24.13495,20.16435,18.35688,19.46116989041096,2095.703533672123,2599.006138111048,20957.03533672123,27244.145937737598,33531.256538753965,39818.36713977034,46105.4777407867,52392.58834180307,25990.06138111048,33787.07979544363,41584.09820977677,49381.11662410991,57178.135038443055,64975.153452776205,23330.975431463514,30626.020379742702,37921.06532802189,45216.11027630107,52511.15522458026,26828.19680428297,33529.600901250946,40231.004998218916,46932.40909518689,53633.81319215486
.DJI,2026-05-29,51032.46,24.29173,20.26584,18.46316,19.5299514520548,2100.816203703894,2613.0356813882777,21008.162037038943,27310.610648150625,33613.05925926231,39915.50787037399,46217.95648148567,52520.40509259736,26130.356813882776,33969.46385804761,41808.57090221244,49647.67794637728,57486.78499054211,65325.89203470694,23387.893586624243,30700.735497636106,38013.577408647965,45326.41931965982,52639.26123067168,26973.016526944062,33710.59508207047,40448.17363719688,47185.75219232329,53923.3307474497
.DJI,2026-06-05,50866.78,24.21287,20.23901,18.43517,19.4680537260274,2100.8158058090594,2612.833348204435,21008.158058090594,27310.605475517772,33613.05289294495,39915.500310372125,46217.94772779931,52520.39514522649,26128.33348204435,33966.833526657654,41805.33357127096,49643.833615884265,57482.33366049757,65320.833705110876,23387.88915695446,30700.72968291321,38013.570208871955,45326.41073483069,52639.25126078944,26970.92794608364,33707.984795467506,40445.04164485138,47182.098494235244,53919.15534361911
.DJI,2026-06-12,51202.26,24.37256,20.36285,18.60164,19.57633704109589,2100.8158355133805,2615.5179026859296,21008.158355133804,27310.605861673946,33613.05336821409,39915.50087475423,46217.94838129437,52520.395887834515,26155.179026859296,34001.73273491708,41848.28644297487,49694.840151032666,57541.39385909045,65387.947567148236,23387.889487645694,30700.73011700378,38013.57074636186,45326.411375719945,52639.25200507803,26998.63921421235,33742.61804971123,40486.5968852101,47230.57572070897,53974.55455620785
.DJI,2026-06-18,51564.7,24.54508,20.49697,18.74379,19.685223643835617,2100.8161309720726,2619.4622389340934,21008.161309720726,27310.609702636946,33613.05809555316,39915.50648846938,46217.954881385594,52520.40327430182,26194.622389340933,34053.00910614322,41911.395822945495,49769.78253974777,57628.169256550056,65486.55597335233,23387.89277691795,30700.734434753776,38013.5760925896,45326.417750425426,52639.25940826125,27039.354558272644,33793.503662593,40547.65276691335,47301.80187123371,54055.95097555406
.DJI,2026-06-26,51876.11,24.27103,20.59577,18.88588,19.766590465753424,2137.367470601783,2624.433894650566,21373.67470601783,27785.77711782318,34197.87952962853,40609.98194143388,47022.08435323923,53434.18676504458,26244.33894650566,34117.640630457354,41990.942314409054,49864.243998360755,57737.54568231245,65610.84736626415,23794.81025984723,31234.88540335235,38674.96054685747,46115.03569036258,53555.1108338677,27090.674390130218,33857.642653858675,40624.61091758713,47391.57918131559,54158.547445044045
.DJI,2026-07-02,52900.07,24.94786,20.72867,19.01765,19.8708161369863,2120.425158711008,2662.1991585708,21204.25158711008,27565.527063243102,33926.80253937613,40288.07801550915,46649.35349164218,53010.6289677752,26621.991585708,34608.5890614204,42595.1865371328,50581.7840128452,58568.3814885576,66554.97896427,23606.195479118556,30987.295235702222,38368.39499228589,45749.49474886955,53130.59450545321,27480.50568677891,34344.8497476042,41209.193808429496,48073.53786925479,54937.88193008008
