Instrument,Date,Price,PE,Y1_PE,Y2_PE,Forward_PE,EPS,Forward_EPS,Band_15x,Band_20x,Band_25x,Band_30x,Band_35x,Band_40x,Band_fwd_15x,Band_fwd_20x,Band_fwd_25x,Band_fwd_30x,Band_fwd_35x,Band_fwd_40x,SD_minus_2,SD_minus_1,SD_mean,SD_plus_1,SD_plus_2,SD_fwd_minus_2,SD_fwd_minus_1,SD_fwd_mean,SD_fwd_plus_1,SD_fwd_plus_2
.IXIC,2006-06-02,2219.41,22.01871,20.70687,18.18358,19.649162136986305,100.79654984329237,112.95188998528984,1511.9482476493856,2015.9309968658474,2519.913746082309,3023.8964952987712,3527.879244515233,4031.861993731695,1694.2783497793475,2259.0377997057967,2823.797249632246,3388.556699558695,3953.3161494851443,4518.075599411593,1245.2026352137154,1791.3129861408086,2337.423337067902,2883.533687994996,3429.6440389220893,1329.3994823102732,1789.163690382847,2248.9278984554207,2708.6921065279944,3168.456314600568
.IXIC,2006-06-09,2135.06,21.06742,19.83566,17.40539,18.77033616438356,101.34416079425009,113.74649773461411,1520.1624119137514,2026.8832158850018,2533.6040198562523,3040.3248238275028,3547.0456277987532,4053.7664317700037,1706.1974660192116,2274.929954692282,2843.662443365353,3412.394932038423,3981.127420711494,4549.859909384564,1251.967614771692,1801.0448927321409,2350.12217069259,2899.1994486530393,3448.2767266134883,1338.7517041343526,1801.750317604162,2264.7489310739716,2727.747544543781,3190.7461580135905
.IXIC,2006-06-16,2129.95,21.08645,20.81427,17.4424,19.271524,101.01036447576524,110.52317398457951,1515.1554671364786,2020.2072895153049,2525.259111894131,3030.310934272957,3535.3627566517835,4040.4145790306097,1657.8476097686928,2210.4634796915902,2763.079349614488,3315.6952195373856,3868.311089460283,4420.9269593831805,1247.84402069979,1795.1128079439463,2342.381595188103,2889.6503824322594,3436.9191696764155,1300.8144467305813,1750.6927052290027,2200.570963727424,2650.4492222258455,3100.327480724267
.IXIC,2006-06-23,2121.47,20.9874,20.14245,16.87238,18.583567315068493,101.08303077084345,114.1583832658332,1516.2454615626518,2021.660615416869,2527.0757692710863,3032.4909231253037,3537.9060769795205,4043.321230833738,1712.375748987498,2283.1676653166637,2853.95958164583,3424.751497974996,3995.5434143041616,4566.335330633327,1248.7417127563463,1796.404202125897,2344.0666914954477,2891.729180864999,3439.3916702345496,1343.5994354299073,1808.274605397374,2272.9497753648407,2737.624945332307,3202.300115299774
.IXIC,2006-06-30,2172.09,21.50358,19.87261,17.35982,18.626541534246577,101.01062241729052,116.61263020869531,1515.1593362593578,2020.2124483458103,2525.265560432263,3030.3186725187156,3535.371784605168,4040.4248966916207,1749.1894531304297,2332.252604173906,2915.3157552173825,3498.3789062608594,4081.442057304336,4664.505208347812,1247.8472072122997,1795.1173919699334,2342.387576727567,2889.6577614852013,3436.927946242835,1372.4849601938345,1847.1500019752784,2321.815043756723,2796.480085538167,3271.1451273196108
.IXIC,2006-07-07,2130.06,21.29579,19.52324,16.98878,18.21781950684932,100.02258662392894,116.92178634216708,1500.3387993589342,2000.4517324785788,2500.5646655982237,3000.6775987178685,3500.790531837513,4000.9034649571577,1753.8267951325063,2338.4357268433414,2923.044658554177,3507.6535902650126,4092.262521975848,4676.871453686683,1235.6413849347311,1777.5584442661464,2319.475503597562,2861.3925629289774,3403.3096222603926,1376.1236067347993,1852.0470508758226,2327.970495016846,2803.8939391578697,3279.817383298893
.IXIC,2006-07-14,2037.35,20.41199,18.74301,16.28302,17.428768767123287,99.81143435794354,116.89580757093695,1497.171515369153,1996.2286871588708,2495.2858589485886,2994.343030738306,3493.400202528024,3992.4573743177416,1753.4371135640542,2337.916151418739,2922.395189273424,3506.8742271281085,4091.3532649827935,4675.832302837478,1233.0328893220824,1773.805936896591,2314.5789844711,2855.352032045609,3396.125079620118,1375.8178467778043,1851.635545816352,2327.4532448549,2803.2709438934476,3279.0886429319953
.IXIC,2006-07-21,2020.39,20.52735,18.65125,16.10755,17.243503698630136,98.42429733989046,117.1681831784862,1476.3644600983569,1968.4859467978092,2460.6074334972614,2952.7289201967137,3444.850406896166,3936.9718935956184,1757.522747677293,2343.363663569724,2929.204579462155,3515.045495354586,4100.886411247017,4686.727327139448,1215.8967207432215,1749.1543336635616,2282.4119465839017,2815.669559504242,3348.927172424582,1379.023600941963,1855.949989312929,2332.876377683895,2809.802766054861,3286.729154425827
.IXIC,2006-07-28,2094.14,20.6719,19.79347,17.10785,18.255676630136985,101.30370212704202,114.71171638431274,1519.5555319056302,2026.0740425408403,2532.5925531760504,3039.1110638112605,3545.6295744464705,4052.1480850816806,1720.675745764691,2294.234327686255,2867.7929096078183,3441.351491529382,4014.9100734509457,4588.46865537251,1251.4678036263397,1800.3258786777467,2349.183953729154,2898.0420287805614,3446.900103831968,1350.1119493980013,1817.039430177188,2283.9669109563747,2750.8943917355614,3217.821872514748
.IXIC,2006-08-04,2085.05,20.67775,20.36111,17.48688,18.66019580821918,100.83543905889181,111.7378414154479,1512.5315858833771,2016.708781177836,2520.885976472295,3025.0631717667543,3529.2403670612134,4033.417562355672,1676.0676212317185,2234.756828308958,2793.4460353861978,3352.135242463437,3910.8244495406766,4469.513656617916,1245.683057944663,1792.00410857538,2338.325159206098,2884.646209836815,3430.9672604675325,1315.1106063963105,1769.9330992010148,2224.755592005719,2679.578084810423,3134.4005776151275
.IXIC,2006-08-11,2057.71,20.57976,20.10599,17.05422,18.24148394520548,99.98707467919937,112.8038709011303,1499.8061201879905,1999.7414935839874,2499.676866979984,2999.612240375981,3499.547613771978,3999.482987167975,1692.0580635169545,2256.077418022606,2820.0967725282576,3384.116127033909,3948.1354815395603,4512.154836045212,1235.2026837368471,1776.9273412387502,2318.651998740653,2860.3766562425567,3402.1013137444597,1327.6573556944252,1786.819060550655,2245.980765406885,2705.1424702631152,3164.304175119345
.IXIC,2006-08-18,2163.95,21.44281,21.0345,17.9209,19.07250547945205,100.91727716656537,113.45913636419465,1513.7591574984806,2018.3455433313075,2522.931929164134,3027.518314996961,3532.104700829788,4036.691086662615,1701.8870454629198,2269.1827272838927,2836.4784091048664,3403.7740909258396,3971.0697727468128,4538.3654545677855,1246.6940551215948,1793.4585002709764,2340.2229454203584,2886.9873905697405,3433.7518357191225,1335.3695734137302,1797.1984988604463,2259.0274243071626,2720.8563497538785,3182.685275200595
.IXIC,2006-08-25,2140.29,21.14715,20.71978,17.82618,18.84092191780822,101.20938282463594,113.59794437537703,1518.140742369539,2024.1876564927188,2530.2345706158985,3036.281484739078,3542.328398862258,4048.3753129854376,1703.9691656306554,2271.9588875075406,2839.9486093844257,3407.938331261311,3975.928053138196,4543.917775015081,1250.3026184678183,1798.6496765507252,2346.9967346336325,2895.3437927165396,3443.6908507994467,1337.0032893102098,1799.3972248275293,2261.7911603448492,2724.185095862169,3186.5790313794882
.IXIC,2006-09-01,2193.16,22.163,21.24394,18.19286,19.204313917808214,98.9559175201913,114.20142418971169,1484.3387628028695,1979.118350403826,2473.8979380047826,2968.677525605739,3463.457113206696,3958.236700807652,1713.0213628456754,2284.0284837942336,2855.035604742792,3426.042725691351,3997.049846639909,4568.056967588467,1222.4641563397035,1758.6020591476972,2294.7399619556913,2830.877864763685,3367.0157675716787,1344.1060102373733,1808.9563758238269,2273.80674141028,2738.6571069967335,3203.5074725831873
.IXIC,2006-09-08,2165.79,21.95443,21.01438,17.96,18.913970739726025,98.64933865283682,114.5074204567249,1479.7400797925523,1972.9867730567364,2466.2334663209203,2959.4801595851045,3452.7268528492887,3945.973546113473,1717.6113068508735,2290.1484091344983,2862.6855114181226,3435.222613701747,4007.7597159853717,4580.2968182689965,1218.6767964139506,1753.1536712095958,2287.6305460052413,2822.1074208008868,3356.584295596532,1347.707466388388,1813.8033722787247,2279.8992781690617,2745.995184059399,3212.0910899497358
.IXIC,2006-09-15,2235.59,22.70746,21.70597,18.57287,19.491340410958905,98.4517863292504,114.69657565177258,1476.776794938756,1969.035726585008,2461.2946582312597,2953.553589877512,3445.8125215237637,3938.071453170016,1720.4486347765887,2293.9315130354516,2867.4143912943146,3440.8972695531775,4014.3801478120404,4587.863026070903,1216.236309370447,1749.64285617443,2283.0494029784136,2816.455949782397,3349.86249658638,1349.9337489092507,1816.7996002025839,2283.6654514959173,2750.5313027892503,3217.3971540825837
.IXIC,2006-09-22,2218.93,22.53681,21.63394,18.4433,19.31744794520548,98.45803376786688,114.86662245934666,1476.8705065180031,1969.1606753573376,2461.450844196672,2953.7410130360063,3446.0311818753407,3938.321350714675,1722.9993368901999,2297.332449186933,2871.6655614836664,3445.9986737803997,4020.331786077133,4594.664898373866,1216.3134878754722,1749.753882969903,2283.1942780643344,2816.6346731587655,3350.0750682531966,1351.935133197614,1819.4931502956076,2287.051167393601,2754.6091844915945,3222.167201589588
.IXIC,2006-09-29,2258.43,22.98044,22.0402,18.80142,19.626643397260278,98.27618618268404,115.06959974191301,1474.1427927402606,1965.523723653681,2456.9046545671013,2948.285585480521,3439.6665163939415,3931.047447307362,1726.0439961286952,2301.39199483826,2876.739993547825,3452.0879922573904,4027.435990966955,4602.78398967652,1214.0670112586736,1746.522165799595,2278.977320340517,2811.432474881439,3343.8876294223605,1354.3240962720663,1822.7083207897674,2291.0925453074683,2759.4767698251694,3227.8609943428705
.IXIC,2006-10-06,2299.99,23.27735,22.42283,19.18631,19.948887315068493,98.80806878789896,115.2941496773452,1482.1210318184844,1976.1613757579792,2470.201719697474,2964.242063636969,3458.282407576464,3952.3227515159583,1729.4122451601781,2305.882993546904,2882.35374193363,3458.8244903203563,4035.2952387070823,4611.765987093808,1220.6376887537629,1755.9745549865777,2291.311421219393,2826.6482874522085,3361.9851536850233,1356.9669610170054,1826.2652032040892,2295.563445391173,2764.861687578257,3234.1599297653406
.IXIC,2006-10-13,2357.29,23.72912,22.97049,19.6343,20.356379479452052,99.34165278779827,115.80104420727045,1490.124791816974,1986.8330557559652,2483.5413196949567,2980.249583633948,3476.9578475729395,3973.6661115119305,1737.0156631090567,2316.020884145409,2895.026105181761,3474.0313262181135,4053.036547254466,4632.041768290818,1227.2293846383486,1765.4571806290485,2303.684976619749,2841.912772610449,3380.1405686011485,1362.932910995853,1834.2944383759313,2305.6559657560097,2777.017493136088,3248.3790205161667
.IXIC,2006-10-20,2342.3,23.67068,22.59515,19.4823,20.09634164383561,98.95364222743073,116.5535519604625,1484.304633411461,1979.0728445486147,2473.8410556857684,2968.609266822922,3463.377477960076,3958.1456890972295,1748.3032794069375,2331.07103920925,2913.8387990115625,3496.606558813875,4079.3743186161873,4662.1420784185,1222.4360482293987,1758.56162362212,2294.6871990148416,2830.812774407563,3366.9383498002844,1371.7896323633154,1846.214199514219,2320.6387666651226,2795.063333816026,3269.48790096693
.IXIC,2006-10-27,2350.62,23.28801,22.62587,19.57182,20.11569191780822,100.93691989998287,116.85504081115,1514.053798499743,2018.7383979996573,2523.422997499572,3028.107596999486,3532.7921964994002,4037.4767959993146,1752.82561216725,2337.100816223,2921.3760202787503,3505.6512243345,4089.9264283902503,4674.201632446,1246.9367140563727,1793.8075824916355,2340.6784509268987,2887.549319362162,3434.4201877974247,1375.338037990512,1850.9897982649402,2326.6415585393684,2802.2933188137963,3277.9450790882247
.IXIC,2006-11-03,2330.79,23.02412,22.36456,19.34269,19.82287756164384,101.23253353439785,117.58080998845236,1518.4880030159677,2024.6506706879568,2530.813338359946,3036.9760060319354,3543.1386737039247,4049.3013413759136,1763.7121498267854,2351.616199769047,2939.520249711309,3527.424299653571,4115.328349595832,4703.232399538094,1250.5886136218928,1799.061101020108,2347.5335884183237,2896.006075816539,3444.478563214754,1383.8800567978835,1862.48601899925,2341.091981200617,2819.6979434019836,3298.3039056033504
.IXIC,2006-11-10,2389.72,23.59569,22.92717,19.88412,20.309313287671237,101.27781811000229,117.66621382765702,1519.1672716500343,2025.5563622000457,2531.945452750057,3038.3345433000686,3544.72363385008,4051.1127244000913,1764.9932074148553,2353.3242765531404,2941.6553456914253,3529.9864148297106,4118.317483967996,4706.648553106281,1251.148042223019,1799.8658790455288,2348.583715868039,2897.3015526905488,3446.0193895130587,1384.885226517848,1863.838820162154,2342.7924138064595,2821.746007450766,3300.6996010950716
.IXIC,2006-11-17,2445.86,24.24103,23.45154,20.36434,20.736495616438354,100.89752786907158,117.94953425308294,1513.4629180360737,2017.9505573814317,2522.4381967267896,3026.9258360721474,3531.413475417505,4035.9011147628635,1769.2430137962442,2358.990685061659,2948.7383563270737,3538.4860275924884,4128.233698857903,4717.981370123318,1246.4500797343308,1793.1075242393288,2339.7649687443272,2886.4224132493255,3433.0798577543233,1388.2197968994344,1868.326630131353,2348.433463363272,2828.5402965951907,3308.6471298271094
.IXIC,2006-11-24,2460.26,23.72427,23.58488,20.44408,20.762462465753423,103.70224247152811,118.49557845357063,1555.5336370729217,2074.044849430562,2592.556061788203,3111.0672741458434,3629.578486503484,4148.089698861124,1777.4336768035594,2369.9115690714125,2962.389461339266,3554.8673536071187,4147.345245874972,4739.823138142825,1281.0984681903933,1842.9517073746651,2404.8049465589374,2966.6581857432097,3528.5114249274816,1394.646523159096,1876.9759980789274,2359.305472998759,2841.6349479185906,3323.9644228384223
.IXIC,2006-12-01,2413.21,23.37392,23.14793,20.07736,20.32973561643836,103.24370067151767,118.70346203856728,1548.655510072765,2064.8740134303534,2581.092516787942,3097.31102014553,3613.5295235031185,4129.748026860707,1780.5519305785092,2374.0692407713454,2967.586550964182,3561.1038611570184,4154.621171349855,4748.138481542691,1275.4338153960632,1834.8026994738582,2394.1715835516534,2953.540467629449,3512.909351707244,1397.0932314905044,1880.2688846534777,2363.4445378164505,2846.620190979424,3329.795844142397
.IXIC,2006-12-08,2437.36,23.68865,23.37217,20.28034,20.47516764383561,102.89146912128805,119.03980677461304,1543.3720368193208,2057.829382425761,2572.286728032201,3086.7440736386416,3601.201419245082,4115.658764851522,1785.5971016191957,2380.796135492261,2975.995169365326,3571.1942032383913,4166.393237111456,4761.592270984522,1271.0824794105238,1828.5429916660437,2386.003503921564,2943.464016177084,3500.924528432604,1401.051877229281,1885.5966024035997,2370.1413275779187,2854.6860527522376,3339.230777926556
.IXIC,2006-12-15,2457.2,24.07948,23.53297,20.43625,20.571996630136987,102.04539300682572,119.44392390188904,1530.6808951023859,2040.9078601365145,2551.134825170643,3061.3617902047718,3571.5887552389004,4081.815720273029,1791.6588585283355,2388.878478037781,2986.0980975472257,3583.317717056671,4180.537336566116,4777.756956075562,1260.6303735700183,1813.506890396147,2366.3834072222758,2919.259924048405,3472.1364408745335,1405.8081774546547,1891.9978382826823,2378.18749911071,2864.377159938738,3350.566820766766
.IXIC,2006-12-22,2401.18,23.51131,23.07276,19.98415,20.060307506849316,102.12872017765066,119.69806540503679,1531.93080266476,2042.5744035530133,2553.2180044412667,3063.86160532952,3574.5052062177733,4085.1488071060267,1795.470981075552,2393.9613081007356,2992.4516351259194,3590.941962151104,4189.432289176288,4787.922616201471,1261.6597660726134,1814.987745082435,2368.315724092257,2921.6437031020787,3474.9716821119005,1408.7993233554641,1896.0234526368158,2383.2475819181673,2870.471711199519,3357.6958404808706
.IXIC,2006-12-29,2415.29,23.61129,23.31405,20.07312,20.090878520547943,102.29386026769397,120.218237222915,1534.4079040154095,2045.8772053538794,2557.3465066923495,3068.815808030819,3580.285109369289,4091.754410707759,1803.273558343725,2404.3647444583,3005.455930572875,3606.54711668745,4207.638302802025,4808.7294889166,1263.6998445834458,1817.9225438259132,2372.1452430683808,2926.367942310849,3480.590641553316,1414.921541810505,1904.2630007260893,2393.6044596416737,2882.945918557258,3372.2873774728423
.IXIC,2007-01-05,2434.25,23.8751,20.28135,,20.28135,101.95768813533765,120.02406151464277,1529.3653220300648,2039.153762706753,2548.942203383441,3058.7306440601296,3568.5190847368176,4078.307525413506,1800.3609227196416,2400.4812302928553,3000.601537866069,3600.7218454392832,4200.842153012497,4800.962460585711,1259.5469006012727,1811.9482370941375,2364.349573587003,2916.750910079868,3469.152246572733,1412.6361698163935,1901.1872476170417,2389.7383254176902,2878.2894032183385,3366.840481018987
.IXIC,2007-01-12,2502.82,23.78687,20.82311,,20.82311,105.21855124276544,120.1943417673921,1578.2782686414816,2104.371024855309,2630.463781069136,3156.5565372829633,3682.6492934967905,4208.742049710618,1802.9151265108815,2403.886835347842,3004.8585441848027,3605.830253021763,4206.801961858723,4807.773670695684,1299.8303759856287,1869.898895518897,2439.967415052166,3010.035934585435,3580.1044541187034,1414.6403016629886,1903.8844954935316,2393.1286893240745,2882.3728831546173,3371.61707698516
.IXIC,2007-01-19,2451.31,23.23138,20.39246,,20.39246,105.51719269367553,120.20668423525166,1582.757890405133,2110.3438538735104,2637.9298173418883,3165.515780810266,3693.1017442786433,4220.687707747021,1803.1002635287748,2404.1336847050334,3005.1671058812913,3606.2005270575496,4207.233948233808,4808.267369410067,1303.5196800564072,1875.2062231015066,2446.8927661466064,3018.5793091917058,3590.265852236805,1414.7855676730135,1904.08000081307,2393.3744339531263,2882.6688670931826,3371.9633002332394
.IXIC,2007-01-26,2435.49,23.15996,20.28193,,20.28193,105.15950804750956,120.08176736632066,1577.3926207126435,2103.190160950191,2628.987701187739,3154.785241425287,3680.582781662835,4206.380321900382,1801.2265104948099,2401.6353473264135,3002.0441841580164,3602.4530209896197,4202.861857821224,4803.270694652827,1299.100978576309,1868.8496052151165,2438.5982318539245,3008.3468584927323,3578.0954851315396,1413.3153450772666,1902.1013112467708,2390.887277416275,2879.6732435857793,3368.4592097552836
.IXIC,2007-02-02,2475.88,23.22603,20.624,,20.624,106.59936287002127,120.04848719937938,1598.990443050319,2131.9872574004253,2664.9840717505317,3197.980886100638,3730.977700450744,4263.974514800851,1800.7273079906906,2400.9697439875877,3001.2121799844845,3601.4546159813813,4201.697051978278,4801.939487975175,1316.8884030675656,1894.4380866237818,2471.9877701799983,3049.5374537362145,3627.0871372924307,1412.9236505539727,1901.5741517073513,2390.2246528607297,2878.8751540141084,3367.525655167487
.IXIC,2007-02-09,2459.82,22.98553,20.48257,,20.48257,107.016022689057,120.09332813216312,1605.2403403358549,2140.32045378114,2675.4005672264248,3210.4806806717097,3745.5607941169947,4280.64090756228,1801.3999219824468,2401.8665626432626,3002.333203304078,3602.7998439648936,4203.266484625709,4803.733125286525,1322.0356616340302,1901.8427859493256,2481.6499102646217,3061.4570345799175,3641.264158895213,1413.4514107608784,1902.2844343665438,2391.117457972209,2879.9504815778746,3368.78350518354
.IXIC,2007-02-16,2496.31,23.82456,20.97405,,20.97405,104.77885006060971,119.01897821355438,1571.6827509091456,2095.5770012121943,2619.471251515243,3143.3655018182912,3667.25975212134,4191.154002424389,1785.2846732033156,2380.3795642710875,2975.4744553388596,3570.569346406631,4165.664237474403,4760.759128542175,1294.398473092344,1862.0847149855201,2429.770956878697,2997.457198771873,3565.143440665049,1400.8067332277749,1885.2666769355626,2369.72662064335,2854.186564351138,3338.6465080589255
.IXIC,2007-02-23,2515.1,24.29897,21.17813,18.42285,20.77049953424657,103.50644492338563,121.09001017780444,1552.5966738507846,2070.1288984677126,2587.6611230846406,3105.193347701569,3622.725572318497,4140.257796935425,1816.3501526670666,2421.800203556089,3027.2502544451113,3632.700305334133,4238.1503562231555,4843.600407112178,1278.6796589821968,1839.4720774549166,2400.2644959276367,2961.056914400357,3521.849332873077,1425.1819678651116,1918.0719287338375,2410.9618896025636,2903.8518504712897,3396.7418113400154
.IXIC,2007-03-02,2368.0,20.90664,20.06254,17.54829,19.6423502739726,113.26545059368698,120.55583812379902,1698.9817589053046,2265.3090118737396,2831.6362648421746,3397.963517810609,3964.290770779044,4530.618023747479,1808.3375718569853,2411.1167624759805,3013.8959530949755,3616.6751437139706,4219.454334332966,4822.233524951961,1399.2387415759697,2012.9049341966488,2626.571126817328,3240.237319438008,3853.903512058687,1418.8949721171705,1909.6106161912303,2400.32626026529,2891.04190433935,3381.7575484134095
.IXIC,2007-03-09,2387.55,23.37896,20.26569,17.67581,19.783191808219176,102.1238754846238,120.68578332279337,1531.858132269357,2042.477509692476,2553.0968871155947,3063.716264538714,3574.335641961833,4084.955019384952,1810.2867498419005,2413.7156664558674,3017.1445830698344,3620.573499683801,4224.002416297768,4827.431332911735,1261.599916558585,1814.901647279024,2368.2033779994636,2921.505108719903,3474.806839440342,1420.4243761872954,1911.6689547618423,2402.9135333363897,2894.158111910937,3385.4026904854836
.IXIC,2007-03-16,2372.66,23.26664,20.18474,17.56804,19.647061917808223,101.97690770992287,120.76411271699641,1529.653615648843,2039.5381541984575,2549.4226927480718,3059.307231297686,3569.1917698473003,4079.076308396915,1811.4616907549462,2415.282254339928,3019.10281792491,3622.9233815098924,4226.743945094874,4830.564508679856,1259.784331991121,1812.2897991177995,2364.795266244478,2917.300733371157,3469.8062004978356,1421.3462824618762,1912.9096963555953,2404.4731102493147,2896.036524143034,3387.5999380367534
.IXIC,2007-03-23,2448.93,23.64451,20.84625,18.12854,20.23569597260274,103.57288013158234,121.02030013277647,1553.5932019737352,2071.4576026316468,2589.3220032895583,3107.1864039474704,3625.050804605382,4142.9152052632935,1815.3045019916472,2420.4060026555294,3025.5075033194116,3630.6090039832943,4235.710504647176,4840.812005311059,1279.500374536907,1840.6527354374045,2401.8050963379023,2962.9574572384004,3524.1098181388984,1424.3615079526294,1916.9677180700296,2409.57392818743,2902.18013830483,3394.7863484222303
.IXIC,2007-03-30,2421.64,23.4219,20.4323,17.9323,19.82271095890411,103.39212446471036,122.16492512151724,1550.8818669706554,2067.842489294207,2584.803111617759,3101.763733941311,3618.7243562648628,4135.684978588414,1832.4738768227587,2443.298502430345,3054.123128037931,3664.9477536455174,4275.772379253103,4886.59700486069,1277.267387067904,1837.4404233702783,2397.613459672653,2957.7864959750273,3517.9595322774016,1437.8332955222713,1935.0986361912455,2432.3639768602197,2929.629317529194,3426.894658198168
.IXIC,2007-04-05,2471.34,23.6501,21.0097,18.16467,20.26921273972603,104.49596407626184,121.92580105276473,1567.4394611439277,2089.919281525237,2612.399101906546,3134.8789222878554,3657.3587426691643,4179.838563050474,1828.887015791471,2438.5160210552945,3048.145026319118,3657.774031582942,4267.403036846766,4877.032042110589,1290.903806124847,1857.057386786813,2423.2109674487792,2989.3645481107455,3555.5181287727114,1435.0188989393641,1931.3108987628207,2427.602898586277,2923.8948984097337,3420.1868982331903
.IXIC,2007-04-13,2491.94,24.03514,21.08922,18.46269,20.348034821917807,103.67902995364288,122.4658804552377,1555.1854493046433,2073.5805990728577,2591.975748841072,3110.3708986092865,3628.7660483775007,4147.161198145715,1836.9882068285654,2449.317609104754,3061.6470113809423,3673.9764136571307,4286.3058159333195,4898.635218209508,1280.811709482029,1842.5391844778649,2404.266659473701,2965.994134469537,3527.721609465373,1441.3754218638367,1939.8657840060348,2438.3561461482327,2936.846508290431,3435.336870432629
.IXIC,2007-04-20,2526.39,24.25727,21.58256,18.79802,20.743383561643835,104.14980745978423,121.79257026667027,1562.2471118967635,2082.9961491956847,2603.7451864946056,3124.494223793527,3645.243261092448,4165.992298391369,1826.888554000054,2435.851405333405,3044.8142566667566,3653.777108000108,4262.739959333459,4871.70281066681,1286.6275175841708,1850.9056400921202,2415.18376260007,2979.46188510802,3543.7400076159693,1433.4508247966044,1929.2005163251968,2424.9502078537894,2920.699899382382,3416.449590910974
.IXIC,2007-04-27,2557.21,24.01161,21.87141,19.04102,20.964134301369864,106.4988978248439,121.98023363325352,1597.4834673726584,2129.977956496878,2662.4724456210974,3194.966934745317,3727.4614238695362,4259.955912993756,1829.7035044988029,2439.60467266507,3049.505840831338,3659.4070089976058,4269.308177163874,4879.20934533014,1315.6472957162107,1892.652664996164,2469.658034276118,3046.663403556072,3623.6687728360253,1435.6595490810487,1932.1731136101957,2428.686678139343,2925.20024266849,3421.713807197637
.IXIC,2007-05-04,2572.15,22.40496,22.07702,19.15832,21.085461643835615,114.80270440116833,121.98689520995023,1722.040566017525,2296.0540880233666,2870.067610029208,3444.08113203505,4018.0946540408913,4592.108176046733,1829.8034281492535,2439.737904199005,3049.672380248756,3659.606856298507,4269.541332348258,4879.47580839801,1418.2293964648927,2040.2243485279616,2662.2193005910312,3284.2142526541006,3906.20920471717,1435.7379532282757,1932.278633324368,2428.8193134204603,2925.3599935165525,3421.9006736126444
.IXIC,2007-05-11,2562.22,22.1603,21.99445,19.08713,20.95100090410959,115.62208092850727,122.29582785695999,1734.331213927609,2312.4416185701457,2890.552023212682,3468.662427855218,4046.7728324977547,4624.883237140291,1834.4374178543999,2445.9165571391995,3057.3956964239997,3668.8748357087998,4280.3539749936,4891.833114278399,1428.3516656562583,2054.785956204446,2681.220246752634,3307.654537300822,3934.0888278490097,1439.373969421161,1937.1721421879708,2434.9703149547804,2932.7684877215906,3430.5666604884004
.IXIC,2007-05-18,2558.45,22.09773,21.97226,19.07325,20.87619594520548,115.77886054359429,122.55345785770825,1736.6829081539145,2315.5772108718857,2894.4715135898573,3473.365816307829,4052.2601190258,4631.154421743771,1838.3018678656238,2451.069157154165,3063.8364464427063,3676.6037357312475,4289.371025019789,4902.13831430833,1430.288462006507,2057.572176178286,2684.8558903500652,3312.1396045218444,3939.4233186936235,1442.4061735716798,1941.253014521777,2440.0998554718744,2938.946696421972,3437.793537372069
.IXIC,2007-05-25,2557.19,22.07665,21.90529,19.0634,20.77632,115.83233869269114,123.08195099035827,1737.485080390367,2316.6467738538227,2895.8084673172784,3474.970160780734,4054.13185424419,4633.293547707645,1846.229264855374,2461.6390198071654,3077.048774758957,3692.458529710748,4307.86828466254,4923.278039614331,1430.949110930357,2058.5225668722223,2686.096022814088,3313.669478755954,3941.2429346978192,1448.6263306406847,1949.6243726608682,2450.622414681052,2951.6204567012355,3452.618498721419
.IXIC,2007-06-01,2613.92,20.45194,22.0616,17.46032,20.145450520547943,127.80792433382848,129.75237249392143,1917.1188650074273,2556.1584866765697,3195.198108345712,3834.2377300148546,4473.277351683997,5112.3169733531395,1946.2855874088214,2595.047449878429,3243.8093123480357,3892.5711748176427,4541.33303728725,5190.094899756858,1578.8909881251157,2271.3475307123736,2963.8040732996324,3656.2606158868907,4348.717158474149,1527.1345777783204,2055.2841890240866,2583.433800269853,3111.583411515619,3639.733022761385
.IXIC,2007-06-08,2573.54,20.15168,21.75628,17.22346,19.781709095890413,127.70845904659066,130.09694903129704,1915.62688569886,2554.169180931813,3192.7114761647667,3831.25377139772,4469.7960666306735,5108.338361863626,1951.4542354694556,2601.938980625941,3252.423725782426,3902.9084709389113,4553.393216095396,5203.877961251882,1577.6622314070198,2269.5798763534067,2961.497521299794,3653.4151662461813,4345.3328111925675,1531.1901085929271,2060.742298926547,2590.2944892601663,3119.846679593786,3649.3988699274055
.IXIC,2007-06-15,2626.71,20.52523,22.08371,18.36702,20.393379753424657,127.9746926100219,128.80209321649576,1919.6203891503285,2559.493852200438,3199.3673152505476,3839.240778300657,4479.114241350767,5118.987704400876,1932.0313982474365,2576.0418643299154,3220.052330412394,3864.062796494873,4508.073262577352,5152.083728659831,1580.9511806347696,2274.311264880716,2967.6713491266632,3661.03143337261,4354.3915176185565,1515.950163071985,2040.2317168687764,2564.5132706655677,3088.794824462359,3613.0763782591503
.IXIC,2007-06-22,2588.96,20.14949,21.68686,17.9544,19.917776219178084,128.48761928961974,129.9823821450101,1927.3142893442962,2569.7523857923948,3212.1904822404936,3854.6285786885924,4497.066675136691,5139.5047715847895,1949.7357321751515,2599.647642900202,3249.559553625252,3899.471464350303,4549.383375075353,5199.295285800404,1587.287683760121,2283.4267775002468,2979.5658712403733,3675.7049649805,4371.844058720626,1529.84170123702,2058.9275536124883,2588.013405987957,3117.099258363425,3646.185110738894
.IXIC,2007-06-29,2603.23,20.21962,21.89773,18.78009,20.36026369863013,128.74772127270444,127.8583636505233,1931.2158190905666,2574.954425454089,3218.693031817611,3862.431638181133,4506.170244544655,5149.908850908178,1917.8754547578496,2557.167273010466,3196.4590912630824,3835.7509095156993,4475.042727768316,5114.334546020932,1590.5008857523012,2288.0491982154895,2985.5975106786777,3683.1458231418665,4380.694135605055,1504.8428359027976,2025.2829924764833,2545.7231490501695,3066.163305623855,3586.603462197541
.IXIC,2007-07-06,2666.51,20.69373,22.4393,19.24047,20.80044736986301,128.85593848958115,128.19483891790745,1932.8390773437172,2577.118769791623,3221.3984622395287,3865.6781546874345,4509.95784713534,5154.237539583246,1922.9225837686117,2563.896778358149,3204.8709729476864,3845.8451675372235,4486.819362126761,5127.793556716298,1591.8377605147793,2289.9723881085624,2988.107015702346,3686.2416432961295,4384.376270889912,1508.803017944275,2030.6127778496539,2552.422537755033,3074.232297660412,3596.042057565791
.IXIC,2007-07-13,2707.0,20.98584,22.90358,19.43487,21.059936876712328,128.9917391917598,128.5378971383978,1934.876087876397,2579.8347838351956,3224.7934797939947,3869.752175752794,4514.7108717115925,5159.669567670391,1928.068457075967,2570.7579427679557,3213.447428459945,3856.136914151934,4498.826399843922,5141.515885535911,1593.5153912717806,2292.3857798537942,2991.2561684358084,3690.126557017822,4388.996945599835,1512.8406787641297,2036.0468375353187,2559.252996306507,3082.459155077696,3605.665313848885
.IXIC,2007-07-20,2687.6,20.70439,22.77767,19.2359,20.827270630136987,129.8082194162687,129.04235258320656,1947.1232912440307,2596.164388325374,3245.205485406718,3894.2465824880614,4543.287679569405,5192.328776650748,1935.6352887480984,2580.8470516641314,3226.058814580164,3871.270577496197,4516.48234041223,5161.694103328263,1603.6018806282023,2306.895915680505,3010.189950732808,3713.483985785111,4416.778020837413,1518.7779216669685,2044.037437474685,2569.2969532824013,3094.556469090118,3619.8159848978344
.IXIC,2007-07-27,2561.56,19.60325,21.65066,18.42955,19.8150685479452,130.67016948720237,129.27333528026736,1960.0525423080355,2613.4033897440477,3266.754237180059,3920.105084616071,4573.455932052083,5226.806779488095,1939.1000292040103,2585.466705605347,3231.833382006684,3878.2000584080206,4524.5667348093575,5170.933411210694,1614.2500873517251,2322.214122086071,3030.178156820417,3738.142191554763,4446.106226289109,1521.4964974954494,2047.696215160846,2573.895932826242,3100.0956504916385,3626.295368157035
.IXIC,2007-08-03,2511.25,20.31078,21.21767,18.08637,19.373205616438355,123.64123879043542,129.62490822216742,1854.6185818565314,2472.8247758087086,3091.0309697608855,3709.2371637130627,4327.44335766524,4945.649551617417,1944.3736233325112,2592.4981644433483,3240.6227055541854,3888.7472466650224,4536.87178777586,5184.996328886697,1527.4173233339473,2197.298985056306,2867.1806467786646,3537.062308501024,4206.943970223382,1525.6343732496055,2053.2651484673233,2580.895923685041,3108.526698902759,3636.1574741204768
.IXIC,2007-08-10,2544.89,20.56587,21.47794,18.18728,19.476497479452057,123.7433670445257,130.66466404880498,1856.1505056678855,2474.867340890514,3093.5841761131423,3712.301011335771,4331.0178465583995,4949.734681781028,1959.9699607320747,2613.2932809760996,3266.6166012201247,3919.9399214641494,4573.263241708174,5226.586561952199,1528.678977342152,2199.113964518284,2869.548951694416,3539.9839388705477,4210.418926046679,1537.871891876705,2069.7349337194887,2601.5979755622725,3133.4610174050563,3665.32405924784
.IXIC,2007-08-17,2505.03,20.06718,21.25228,18.06181,19.2505878630137,124.83218867822983,130.12745469518535,1872.4828301734474,2496.6437735645964,3120.804716955746,3744.9656603468948,4369.126603738044,4993.287547129193,1951.9118204277802,2602.549093903707,3253.186367379634,3903.8236408555604,4554.460914331487,5205.098187807414,1542.1298699537933,2218.4640348835646,2894.7981998133364,3571.132364743108,4247.466529672879,1531.549148302541,2061.2255101962924,2590.9018720900444,3120.578233983796,3650.2545958775477
.IXIC,2007-08-24,2576.69,20.59214,21.80812,18.48536,19.659705315068493,125.12978252867356,131.06452811503004,1876.9467379301034,2502.595650573471,3128.244563216839,3753.8934758602068,4379.542388503574,5005.191301146942,1965.9679217254507,2621.290562300601,3276.613202875751,3931.9358434509013,4587.2584840260515,5242.581124601202,1545.8062323627453,2223.7527449606882,2901.6992575586314,3579.6457701565746,4257.592282754517,1542.5781352401698,2076.068800894902,2609.559466549634,3143.0501322043665,3676.540797859099
.IXIC,2007-08-31,2596.36,23.69915,21.66952,18.675,19.67590805479452,109.55498403951198,131.95629867600104,1643.3247605926797,2191.0996807902397,2738.8746009877996,3286.6495211853594,3834.424441382919,4382.1993615804795,1979.3444801400155,2639.125973520021,3298.907466900026,3958.688960280031,4618.470453660037,5278.251947040042,1353.4010344489482,1946.964116445761,2540.5271984425744,3134.0902804393877,3727.6533624362005,1553.0739252818307,2090.1944920015267,2627.3150587212226,3164.4356254409186,3701.5561921606145
.IXIC,2007-09-07,2565.7,23.38846,21.38969,18.4349,19.36586123287671,109.69939876332174,132.48571644437405,1645.490981449826,2193.9879752664347,2742.4849690830433,3290.981962899652,3839.4789567162607,4387.975950532869,1987.2857466656108,2649.714328887481,3312.142911109351,3974.5714933312215,4637.000075553092,5299.428657774962,1355.1850795867147,1949.5305928832238,2543.8761061797336,3138.221619476243,3732.5671327727523,1559.3049649509553,2098.580496417565,2637.856027884174,3177.131559350784,3716.4070908173935
.IXIC,2007-09-14,2602.18,23.78555,21.51891,18.70573,19.53812298630137,109.40171658843288,133.18474869998764,1641.025748826493,2188.0343317686575,2735.042914710822,3282.051497652986,3829.060080595151,4376.068663537315,1997.7712304998145,2663.6949739997526,3329.618717499691,3995.542460999629,4661.4662044995675,5327.389947999505,1351.5076260508145,1944.2403131420017,2536.9730002331894,3129.7056873243773,3722.4383744155643,1567.5323006675326,2109.6532029505242,2651.7741052335164,3193.895007516508,3736.0159097995
.IXIC,2007-09-21,2671.22,24.41661,22.05468,19.19669,19.98753106849315,109.40175560817,133.64432009367636,1641.02633412255,2188.0351121634003,2735.04389020425,3282.0526682451,3829.0614462859503,4376.070224326801,2004.6648014051452,2672.886401873527,3341.108002341909,4009.3296028102905,4677.551203278673,5345.772803747054,1351.5081080859593,1944.2410065840088,2536.973905082059,3129.706803580109,3722.4397020781585,1572.9412758775443,2116.932837234055,2660.924398590566,3204.9159599470768,3748.9075213035876
.IXIC,2007-09-28,2701.5,24.69926,22.38858,19.5205,20.259128821917805,109.37574647985406,133.34729364459739,1640.6361971978108,2187.5149295970814,2734.3936619963515,3281.2723943956216,3828.151126794892,4375.029859194163,2000.2094046689608,2666.9458728919476,3333.682341114935,4000.4188093379216,4667.155277560909,5333.891745783895,1351.186801105026,1943.778783527932,2536.3707659508386,3128.962748373745,3721.5547307966513,1569.4453909685847,2112.227923152098,2655.010455335612,3197.7929875191253,3740.5755197026388
.IXIC,2007-10-05,2780.32,25.39474,23.06563,20.11321,20.816937506849317,109.48409001234116,133.56047204759116,1642.2613501851174,2189.681800246823,2737.1022503085287,3284.522700370235,3831.9431504319405,4379.363600493646,2003.4070807138673,2671.209440951823,3339.011801189779,4006.8141614277347,4674.616521665691,5342.418881903646,1352.5252363230077,1945.7042182477735,2538.88320017254,3132.0621820973065,3725.241164022072,1571.9544172329222,2115.6046799134056,2659.2549425938887,3202.905205274372,3746.5554679548554
.IXIC,2007-10-12,2805.68,25.65018,23.30195,20.30922,20.96516082191781,109.38246827117783,133.82582770683214,1640.7370240676673,2187.6493654235564,2734.5617067794456,3281.4740481353347,3828.386389491224,4375.298730847113,2007.3874156024822,2676.5165541366428,3345.645692670804,4014.7748312049644,4683.903969739125,5353.0331082732855,1351.2698395848424,1943.8982403159582,2536.5266410470745,3129.155041778191,3721.783442509307,1575.0775493564217,2119.8079270712296,2664.5383047860378,3209.268682500846,3753.999060215654
.IXIC,2007-10-19,2725.16,25.04613,22.61812,19.67461,20.263312,108.80563184811385,134.48739278159465,1632.0844777217078,2176.112636962277,2720.140796202846,3264.1689554434156,3808.1971146839846,4352.225273924554,2017.3108917239197,2689.747855631893,3362.184819539866,4034.6217834478393,4707.058747355813,5379.495711263786,1344.143819545434,1933.646951188305,2523.150082831176,3112.653214474047,3702.156346116918,1582.8639110367653,2130.28715155118,2677.710392065595,3225.1336325800094,3772.556873094424
.IXIC,2007-10-26,2804.19,25.73083,22.81889,20.29409,20.750629178082196,108.98171570835453,135.13758912726942,1634.7257356253178,2179.6343141670905,2724.5428927088633,3269.4514712506357,3814.3600497924085,4359.268628334181,2027.0638369090414,2702.7517825453883,3378.4397281817355,4054.1276738180827,4729.81561945443,5405.503565090777,1346.319093273862,1936.7762379147782,2527.233382555695,3117.6905271966116,3708.147671837528,1590.5164672308463,2140.5862947833334,2690.6561223358203,3240.7259498883072,3790.7957774407946
.IXIC,2007-11-02,2810.38,25.71456,22.92061,20.31601,20.73702753424657,109.29138978073124,135.52472722326007,1639.3708467109686,2185.827795614625,2732.284744518281,3278.7416934219373,3825.1986423255935,4371.65559122925,2032.8709083489011,2710.494544465201,3388.1181805815017,4065.7418166978023,4743.365452814102,5420.989088930402,1350.1446901973711,1942.2796325069735,2534.414574816576,3126.5495171261787,3718.684459435781,1595.0729309116184,2146.7185819420574,2698.3642329724967,3250.0098840029355,3801.6555350333747
.IXIC,2007-11-09,2627.94,23.82786,21.43071,19.02575,19.368374438356163,110.28854458604339,135.6820113305822,1654.3281687906508,2205.770891720868,2757.2136146510848,3308.6563375813016,3860.0990605115185,4411.541783441736,2035.2301699587333,2713.6402266116443,3392.050283264555,4070.4603399174666,4748.870396570377,5427.2804532232885,1362.4631653160247,1960.0006393740277,2557.538113432031,3155.0755874900346,3752.613061548038,1596.9241032193763,2149.2099702130436,2701.495837206711,3253.7817042003776,3806.067571194045
.IXIC,2007-11-16,2637.24,24.01685,21.83307,19.24529,19.564331369863016,109.8079056995401,134.79837108373744,1647.1185854931016,2196.158113990802,2745.1976424885024,3294.237170986203,3843.2766994839035,4392.316227981604,2021.9755662560615,2695.967421674749,3369.959277093436,4043.951132512123,4717.94298793081,5391.934843349498,1356.5255334328842,1951.4589315439864,2546.392329655089,3141.3257277661914,3736.2591258772936,1586.524003788929,2135.213063696282,2683.9021236036356,3232.5911835109887,3781.280243418342
.IXIC,2007-11-23,2596.6,23.75992,21.55131,18.9853,19.252446246575342,109.28487974706985,134.8711725639482,1639.2731962060477,2185.6975949413973,2732.121993676746,3278.5463924120954,3824.9707911474447,4371.3951898827945,2023.0675884592229,2697.423451278964,3371.7793140987046,4046.1351769184457,4720.491039738186,5394.846902557928,1350.0642676920068,1942.1639389851616,2534.2636102783167,3126.363281571472,3718.462952864627,1587.380848682062,2136.3662428508424,2685.351637019623,3234.337031188403,3783.322425357184
.IXIC,2007-11-30,2660.96,24.32519,22.04167,19.51098,19.72591531506849,109.39112911348278,134.89665536419042,1640.8669367022417,2187.8225822696554,2734.7782278370696,3281.7338734044833,3828.689518971897,4375.645164539311,2023.4498304628564,2697.9331072838086,3372.4163841047607,4046.899660925713,4721.3829377466645,5395.866214567617,1351.376832370588,1944.0521570850926,2536.7274817995976,3129.4028065141024,3722.078131228607,1587.6807712548868,2136.769891704603,2685.8590121543193,3234.948132604036,3784.037253053752
.IXIC,2007-12-07,2706.16,24.66315,22.44476,19.85384,20.0242018630137,109.72483239164501,135.14446261144087,1645.872485874675,2194.4966478329,2743.1208097911253,3291.74497174935,3840.369133707575,4388.9932956658,2027.1669391716132,2702.8892522288174,3378.6115652860217,4054.3338783432264,4730.05619140043,5405.778504457635,1355.4992770573665,1949.9825884006398,2544.4658997439133,3138.949211087187,3733.4325224304607,1590.5973654460101,2140.6951711226984,2690.792976799387,3240.8907824760754,3790.988588152764
.IXIC,2007-12-14,2635.74,23.96797,21.89933,19.26609,19.38873405479452,109.96926314577328,135.94183057806316,1649.5389471865992,2199.385262915466,2749.231578644332,3299.0778943731984,3848.924210102065,4398.770525830932,2039.1274586709474,2718.8366115612635,3398.545764451579,4078.2549173418947,4757.96407023221,5437.673223122527,1358.5188825859386,1954.3265067665252,2550.134130947112,3145.9417551276993,3741.749379308286,1599.9820739460317,2153.3255203266012,2706.6689667071705,3260.01241308774,3813.355859468309
.IXIC,2007-12-21,2691.99,24.43938,22.24401,19.57121,19.64443739726028,110.14968464830122,137.03573920500463,1652.2452697245183,2202.9936929660244,2753.7421162075307,3304.4905394490365,3855.2389626905424,4405.987385932049,2055.5360880750695,2740.7147841000924,3425.8934801251157,4111.072176150139,4796.250872175162,5481.429568200185,1360.7477419144204,1957.5328802084712,2554.3180185025226,3151.103156796574,3747.888295090625,1612.856949811678,2170.6530886937626,2728.4492275758475,3286.2453664579325,3844.0415053400175
.IXIC,2007-12-28,2674.46,24.337,22.1781,19.4667,19.48898547945205,109.89275588609935,137.22930846347958,1648.3913382914902,2197.855117721987,2747.3188971524837,3296.7826765829805,3846.246456013477,4395.710235443974,2058.439626952194,2744.5861692695917,3430.7327115869894,4116.879253904388,4803.025796221786,5489.172338539183,1357.5737406985716,1952.9668526116852,2548.359964524799,3143.7530764379135,3739.146188351027,1615.1351841293267,2173.7192356071328,2732.303287084939,3290.887338562745,3849.4713900405513
.IXIC,2008-01-04,2504.65,22.74064,18.19992,,18.19992,110.13982016337272,137.6187367856562,1652.0973024505909,2202.7964032674545,2753.495504084318,3304.1946049011817,3854.893705718045,4405.592806534909,2064.281051784843,2752.374735713124,3440.4684196414055,4128.562103569686,4816.655787497967,5504.749471426248,1360.625879780775,1957.357572819662,2554.0892658585494,3150.820958897437,3747.552651936324,1619.71860287483,2179.8878000652917,2740.0569972557537,3300.2261944462157,3860.3953916366777
.IXIC,2008-01-11,2439.94,22.11932,17.76536,,17.76536,110.30809265384289,137.34255877730595,1654.6213898076435,2206.161853076858,2757.702316346072,3309.242779615287,3860.7832428845013,4412.323706153716,2060.1383816595894,2746.851175546119,3433.5639694326487,4120.276763319179,4806.9895572057085,5493.702351092238,1362.7046547873917,1960.348039237988,2557.9914236885843,3155.634808139181,3753.278192589777,1616.4680959433024,2175.513126346358,2734.558156749414,3293.60318715247,3852.6482175555257
.IXIC,2008-01-18,2340.02,21.14392,17.15633,,17.15633,110.67105815761694,136.39397237054777,1660.0658723642541,2213.421163152339,2766.7764539404234,3320.1317447285082,3873.487035516593,4426.842326304678,2045.9095855582166,2727.8794474109554,3409.8493092636945,4091.819171116433,4773.789032969172,5455.758894821911,1367.1885939945748,1966.7985062573694,2566.408418520164,3166.0183307829593,3765.6282430457536,1605.3036056613325,2160.4874693486445,2715.671333035956,3270.855196723268,3826.0390604105796
.IXIC,2008-01-25,2326.2,20.7539,17.10154,,17.10154,112.08495752605532,136.02283770935247,1681.2743628908297,2241.6991505211063,2802.123938151383,3362.5487257816594,3922.973513411936,4483.398301042213,2040.3425656402871,2720.4567541870492,3400.570942733812,4080.6851312805743,4760.799319827336,5440.9135083740985,1384.6553745762876,1991.9257184855417,2599.196062394796,3206.4664063040505,3813.7367502133043,1600.9354961367846,2154.608677412187,2708.2818586875887,3261.955039962991,3815.628221238393
.IXIC,2008-02-01,2413.36,21.53014,17.8489,,17.8489,112.09216475136716,135.2105732005894,1681.3824712705075,2241.843295027343,2802.304118784179,3362.764942541015,3923.225766297851,4483.686590054686,2028.1585980088412,2704.211464011788,3380.264330014735,4056.3171960176824,4732.370062020629,5408.422928023576,1384.7444099248669,1992.0538021978832,2599.3631944709,3206.6725867439163,3813.9819790169327,1591.3754611733214,2141.7423662220435,2692.109271270766,3242.4761763194883,3792.8430813682107
.IXIC,2008-02-08,2304.85,20.41029,17.15249,,17.15249,112.92588199383742,134.37407630029224,1693.8882299075613,2258.5176398767485,2823.1470498459357,3387.7764598151225,3952.4058697843097,4517.035279753497,2015.6111445043837,2687.481526005845,3359.3519075073064,4031.2222890087673,4703.092670510228,5374.96305201169,1395.0438389128738,2006.8702669035536,2618.6966948942336,3230.523122884914,3842.3495508755936,1581.5302204575262,2128.4922127157643,2675.454204974002,3222.4161972322404,3769.3781894904787
.IXIC,2008-02-15,2321.8,20.48559,17.34018,,17.34018,113.33820505047696,133.8971106412967,1700.0730757571544,2266.764101009539,2833.455126261924,3400.1461515143087,3966.8371767666936,4533.528202019078,2008.4566596194506,2677.942212825934,3347.427766032418,4016.9133192389013,4686.398872445385,5355.884425651868,1400.1375227491276,2014.1978951506708,2628.2582675522144,3242.318639953758,3856.3790123553013,1575.9165215611993,2120.9370523838256,2665.957583206452,3210.9781140290784,3755.9986448517047
.IXIC,2008-02-22,2303.35,19.81038,17.13794,15.30767,16.872900901639344,116.26985449042371,136.51179565549455,1744.0478173563556,2325.3970898084744,2906.746362260593,3488.095634712711,4069.44490716483,4650.794179616949,2047.6769348324183,2730.235913109891,3412.794891387364,4095.3538696648366,4777.912847942309,5460.471826219782,1436.3540164070942,2066.297909692374,2696.2418029776545,3326.1856962629345,3956.1295895482144,1606.6903395533704,2162.3537961833335,2718.0172528132966,3273.6807094432597,3829.344166073223
.IXIC,2008-02-29,2271.48,19.48919,16.91844,12.86307,16.25362524590164,116.55076480859388,139.7522070082645,1748.2614721289083,2331.0152961718777,2913.769120214847,3496.5229442578166,4079.276768300786,4662.030592343755,2096.2831051239673,2795.0441401652897,3493.805175206612,4192.566210247935,4891.327245289257,5590.088280330579,1439.8242767383063,2071.2901272004287,2702.7559776625512,3334.221828124674,3965.687678586796,1644.8287113451636,2213.6820770561494,2782.535442767135,3351.3888084781206,3920.2421741891067
.IXIC,2008-03-07,2212.49,19.01932,16.66149,12.53547,15.906180327868851,116.32855433317278,139.0962477725433,1744.9283149975915,2326.5710866634554,2908.2138583293195,3489.856629995183,4071.499401661047,4653.142173326911,2086.4437165881495,2781.924955450866,3477.4061943135825,4172.887433176299,4868.368672039016,5563.849910901732,1437.0791721687883,2067.341098082892,2697.603023996997,3327.864949911101,3958.126875825205,1637.1083281935585,2203.2916493521375,2769.474970510717,3335.6582916692964,3901.8416128278755
.IXIC,2008-03-14,2212.49,19.13912,16.74491,12.56494,15.899779453551911,115.6004037803201,139.15224462473554,1734.0060567048015,2312.0080756064017,2890.010094508002,3468.012113409603,4046.0141323112034,4624.016151212803,2087.2836693710333,2783.044892494711,3478.8061156183885,4174.567338742067,4870.328561865744,5566.089784989422,1428.0838743272043,2054.4007192383933,2680.717564149583,3307.0344090607723,3933.3512539719613,1637.7673892001965,2204.178642342969,2770.589895485741,3337.001148628514,3903.412401771286
.IXIC,2008-03-20,2258.11,19.54457,17.12213,12.87156,16.193043661202186,115.53643799786846,139.4493862454241,1733.046569968027,2310.728759957369,2888.4109499467113,3466.093139936054,4043.7753299253964,4621.457519914738,2091.7407936813615,2788.987724908482,3486.2346561356026,4183.481587362723,4880.728518589844,5577.975449816964,1427.2936651286145,2053.2639468294924,2679.2342285303707,3305.204510231249,3931.174791932127,1641.2646296338683,2208.8853807490877,2776.5061318643075,3344.126882979527,3911.7476340947464
.IXIC,2008-03-28,2261.18,20.03374,17.18994,13.63611,16.335467213114754,112.86859068751015,138.4215076618461,1693.0288603126523,2257.371813750203,2821.7147671877538,3386.0577206253047,3950.400674062855,4514.743627500406,2076.3226149276916,2768.4301532369223,3460.5376915461525,4152.645229855383,4844.752768164613,5536.8603064738445,1394.336083679937,2005.8521104172792,2617.3681371546218,3228.8841638919644,3840.4001906293065,1629.1669015032069,2192.6037316319334,2756.0405617606602,3319.4773918893866,3882.9142220181134
.IXIC,2008-04-04,2370.98,21.00449,17.99912,15.92008,17.459478469945356,112.87967477429825,135.79901622384602,1693.1951216144737,2257.593495485965,2821.9918693574564,3386.3902432289474,3950.788617100439,4515.18699097193,2036.9852433576903,2715.9803244769205,3394.9754055961507,4073.9704867153805,4752.965567834611,5431.960648953841,1394.473012315877,2006.049092046451,2617.625171777026,3229.2012515076003,3840.7773312381746,1598.3012049620115,2151.063333681791,2703.825462401571,3256.58759112135,3809.3497198411296
.IXIC,2008-04-11,2290.24,20.29849,17.45712,15.39234,16.88168950819672,112.82809706534819,135.66414658248505,1692.4214559802228,2256.561941306964,2820.702426633705,3384.8429119604457,3948.9833972871866,4513.123882613928,2034.9621987372757,2713.282931649701,3391.603664562126,4069.9243974745514,4748.245130386977,5426.565863299402,1393.835840714242,2005.1324751584596,2616.4291096026777,3227.725744046895,3839.0223784911127,1596.7138421349885,2148.926991693273,2701.140141251558,3253.3532908098427,3805.5664403681276
.IXIC,2008-04-18,2402.97,21.27469,18.43865,16.18922,17.768737786885247,112.9497069052475,135.23582985019817,1694.2456035787125,2258.99413810495,2823.7426726311874,3388.491207157425,3953.2397416836625,4517.9882762099,2028.5374477529726,2704.716597003963,3380.8957462549542,4057.0748955059453,4733.254044756936,5409.433194007926,1395.3381629003286,2007.2936729950206,2619.249183089713,3231.2046931844056,3843.160203279098,1591.672722041813,2142.142432838252,2692.6121436346907,3243.0818544311296,3793.5515652275685
.IXIC,2008-04-25,2422.93,21.2652,18.61077,16.33138,17.88834038251366,113.93873558678027,135.44744499430925,1709.081033801704,2278.7747117356053,2848.468389669507,3418.162067603408,3987.8557455373093,4557.5494234712105,2031.7116749146387,2708.9488998861852,3386.186124857731,4063.4233498292774,4740.660574800824,5417.8977997723705,1407.5562509446238,2024.8702658808859,2642.184280817148,3259.4982957534107,3876.812310689673,1594.1633493617003,2145.4944274992354,2696.8255056367702,3248.156583774305,3799.48766191184
.IXIC,2008-05-02,2476.99,21.74766,19.12165,16.73883,18.320866229508194,113.89685143137238,135.2004850082076,1708.4527714705857,2277.9370286274475,2847.4212857843095,3416.9055429411715,3986.3898000980334,4555.874057254895,2028.0072751231141,2704.009700164152,3380.0121252051904,4056.0145502462283,4732.016975287266,5408.019400328304,1407.0388298546295,2024.1259186625305,2641.213007470432,3258.300096278333,3875.3871850862342,1591.2567271022797,2141.582568740891,2691.908410379502,3242.2342520181132,3792.5600936567243
.IXIC,2008-05-09,2445.52,21.36668,18.85111,16.49696,18.01493650273224,114.45484277388907,135.749576448915,1716.822641608336,2289.0968554777814,2861.3710693472267,3433.645283216672,4005.9194970861176,4578.193710955563,2036.2436467337252,2714.9915289783003,3393.7394112228753,4072.4872934674504,4751.235175712025,5429.9830579566005,1413.932044862568,2034.0423011136982,2654.1525573648287,3274.262813615959,3894.3730698670897,1597.7193181851953,2150.2802051287513,2702.841092072307,3255.401979015863,3807.9628659594196
.IXIC,2008-05-16,2528.85,22.0535,19.50835,17.07666,18.59812724043716,114.66887342145237,135.973368033617,1720.0331013217856,2293.3774684290474,2866.7218355363093,3440.066202643571,4013.410569750833,4586.754936858095,2039.600520504255,2719.46736067234,3399.3342008404247,4079.20104100851,4759.067881176595,5438.93472134468,1416.5760989177581,2037.8459618442325,2659.115824770707,3280.385687697182,3901.6555506236564,1600.3532574392173,2153.8250752288814,2707.2968930185457,3260.7687108082096,3814.240528597874
.IXIC,2008-05-23,2444.67,21.24876,18.84424,16.45702,17.905005901639345,115.0500076239743,136.53555957645182,1725.7501143596144,2301.000152479486,2876.250190599357,3451.5002287192287,4026.7502668391003,4602.000304958972,2048.0333936467773,2730.711191529036,3413.3889894112954,4096.066787293555,4778.744585175814,5461.422383058072,1421.2844873902625,2044.6193151733034,2667.954142956345,3291.2889707393865,3914.6237985224275,1606.970031590594,2162.7302179016724,2718.4904042127505,3274.2505905238286,3830.0107768349067
.IXIC,2008-05-30,2522.66,21.97317,19.44916,16.98004,18.43047934426229,114.80637522942752,136.8743564873881,1722.0956284414128,2296.1275045885504,2870.159380735688,3444.1912568828257,4018.2231330299633,4592.255009177101,2053.1153473108216,2737.487129747762,3421.8589121847026,4106.230694621643,4790.602477058584,5474.974259495524,1418.2747444954439,2040.289584910961,2662.3044253264784,3284.319265741996,3906.334106157513,1610.9575384668906,2168.0967782269577,2725.2360179870248,3282.3752577470923,3839.5144975071594
.IXIC,2008-06-06,2474.56,21.51185,19.05707,16.61718,18.003784153005466,115.0324123680669,137.44666004490554,1725.4861855210036,2300.648247361338,2875.8103092016727,3450.972371042007,4026.1344328823416,4601.296494722676,2061.699900673583,2748.933200898111,3436.1665011226387,4123.399801347166,4810.633101571694,5497.866401796222,1421.0671222219387,2044.3066198434497,2667.546117464961,3290.7856150864723,3914.025112707983,1617.6933270684544,2177.16209572736,2736.6308643862653,3296.099633045171,3855.568401704076
.IXIC,2008-06-13,2454.5,21.36882,18.92212,16.43993,17.80309991803279,114.8636190486887,137.86924812536904,1722.9542857303306,2297.272380973774,2871.5904762172177,3445.9085714606613,4020.2266667041044,4594.544761947548,2068.0387218805354,2757.384962507381,3446.7312031342262,4136.077443761071,4825.423684387916,5514.769925014762,1418.9819130910412,2041.306897477495,2663.6318818639493,3285.9568662504034,3908.2818506368576,1622.6670231745738,2183.8559124457197,2745.0448017168655,3306.2336909880114,3867.4225802591573
.IXIC,2008-06-20,2406.09,20.9217,18.64074,16.18086,17.48473081967213,115.00451684136566,137.6109260597195,1725.067752620485,2300.090336827313,2875.1129210341414,3450.13550524097,4025.158089447798,4600.180673654626,2064.1638908957925,2752.21852119439,3440.2731514929874,4128.327781791585,4816.382412090183,5504.43704238878,1420.7225113854263,2043.8108725255815,2666.899233665737,3289.9875948058925,3913.075955946048,1619.6266736913688,2179.764077768628,2739.9014818458872,3300.0388859231466,3860.176290000406
.IXIC,2008-06-27,2315.63,20.06615,17.97264,15.46787,16.747629535519124,115.39981511151865,138.26613462453943,1730.9972266727798,2307.9963022303727,2884.9953777879664,3461.9944533455596,4038.9935289031528,4615.9926044607455,2073.9920193680914,2765.3226924907885,3456.6533656134857,4147.984038736183,4839.31471185888,5530.645384981577,1425.6058774178468,2050.835943580344,2676.0660097428417,3301.2960759053394,3926.526142067836,1627.338221740634,2190.1426148073297,2752.9470078740255,3315.751400940721,3878.555794007417
.IXIC,2008-07-03,2245.38,19.48784,17.47618,15.02816,16.238792841530056,115.21954203236481,138.27259340716088,1728.2931304854721,2304.3908406472965,2880.48855080912,3456.5862609709443,4032.6839711327684,4608.781681294593,2074.088901107413,2765.451868143218,3456.814835179022,4148.177802214826,4839.540769250631,5530.903736286436,1423.3788516558595,2047.6322078548465,2671.8855640538336,3296.138920252821,3920.392276451808,1627.4142390810646,2190.244922253021,2753.075605424977,3315.906288596933,3878.736971768889
.IXIC,2008-07-11,2239.08,19.43095,17.5089,15.08163,16.228946147540984,115.2326571783675,137.96829317467825,1728.4898576755127,2304.65314356735,2880.8164294591875,3456.9797153510253,4033.1430012428627,4609.3062871347,2069.5243976201737,2759.365863493565,3449.2073293669564,4139.048795240347,4828.890261113739,5518.73172698713,1423.540871232811,2047.8652845959282,2672.1896979590456,3296.5141113221634,3920.8385246852804,1623.8327445918446,2185.4247910714716,2747.016837551099,3308.608884030726,3870.2009305103534
.IXIC,2008-07-18,2282.78,19.52414,18.04589,15.14481,16.46060038251366,116.9208989486861,138.6814543183389,1753.8134842302916,2338.417978973722,2923.0224737171525,3507.626968460583,4092.2314632040134,4676.835957947444,2080.221814775083,2773.6290863667778,3467.0363579584723,4160.443629550166,4853.850901141861,5547.2581727335555,1444.3967745801663,2077.867992145132,2711.339209710098,3344.8104272750643,3978.2816448400304,1632.2263717840035,2196.721299910728,2761.2162280374528,3325.7111561641773,3890.206084290902
.IXIC,2008-07-25,2310.53,19.7787,18.34748,15.42406,16.694070327868854,116.81910337888739,138.4042330373338,1752.286550683311,2336.382067577748,2920.477584472185,3504.573101366622,4088.668618261059,4672.764135155496,2076.063495560007,2768.084660746676,3460.105825933345,4152.126991120014,4844.148156306683,5536.169321493352,1443.1392304284716,2076.0589250054777,2708.978619582484,3341.898314159491,3974.8180087364967,1628.9635859421592,2192.3301006998045,2755.6966154574498,3319.063130215095,3882.4296449727403
.IXIC,2008-08-01,2310.96,19.87026,18.12927,15.45218,16.56397693989071,116.30245401922271,139.5172191066361,1744.5368102883406,2326.049080384454,2907.561350480568,3489.073620576681,4070.585890672795,4652.098160768908,2092.7582865995414,2790.344382132722,3487.930477665903,4185.516573199083,4883.102668732264,5580.688764265444,1436.7567387148551,2066.8772545148954,2696.9977703149357,3327.1182861149764,3957.2388019150167,1642.0629958284542,2209.9598567256394,2777.8567176228244,3345.75357852001,3913.650439417195
.IXIC,2008-08-08,2414.1,20.88435,19.16373,16.14607,17.34159103825137,115.593734064024,139.2086801421552,1733.9060109603602,2311.87468128048,2889.8433516006003,3467.8120219207203,4045.7806922408404,4623.74936256096,2088.130202132328,2784.173602843104,3480.21700355388,4176.260404264656,4872.303804975432,5568.347205686208,1428.0014791626782,2054.28218790539,2680.5628966481027,3306.843605390815,3933.124314133527,1638.4316131246599,2205.072583813345,2771.71355450203,3338.3545251907153,3904.9954958794006
.IXIC,2008-08-15,2452.52,21.25501,19.45821,16.41016,17.559424754098362,115.38550205339824,139.66972348724482,1730.7825308009735,2307.710041067965,2884.6375513349562,3461.565061601947,4038.4925718689383,4615.42008213593,2095.0458523086722,2793.3944697448965,3491.7430871811207,4190.0917046173445,4888.440322053569,5586.788939489793,1425.429059285508,2050.5815780596754,2675.7340968338435,3300.8866156080117,3926.0391343821793,1643.857912625842,2212.3755338820374,2780.893155138233,3349.4107763944285,3917.9283976506235
.IXIC,2008-08-22,2414.71,20.94357,19.15615,16.14366,17.221900956284152,115.29600731871405,140.2115832700158,1729.4401097807106,2305.920146374281,2882.4001829678514,3458.880219561421,4035.3602561549915,4611.840292748562,2103.1737490502373,2804.231665400316,3505.289581750395,4206.347498100475,4907.4054144505535,5608.463330800632,1424.3234750205727,2048.9911160777897,2673.6587571350074,3298.3263981922246,3922.994039249442,1650.2353899287389,2220.958620439853,2791.6818509509667,3362.4050814620805,3933.1283119731943
.IXIC,2008-08-29,2367.52,20.57347,18.84355,15.85861,16.869901147540986,115.07635804752431,140.33988577017226,1726.1453707128646,2301.527160950486,2876.9089511881075,3452.2907414257293,4027.672531663351,4603.054321900972,2105.098286552584,2806.797715403445,3508.4971442543065,4210.196573105168,4911.896001956029,5613.59543080689,1421.610010604048,2045.087603581675,2668.5651965593024,3292.04278953693,3915.520382514557,1651.7454600772712,2222.9909385772044,2794.2364170771375,3365.4818955770706,3936.7273740770042
.IXIC,2008-09-05,2255.88,19.542,17.90457,15.06593,15.973364098360657,115.43751918943813,141.22760779186902,1731.5627878415721,2308.7503837887625,2885.9379797359534,3463.1255756831442,4040.3131716303346,4617.500767577525,2118.414116878035,2824.5521558373803,3530.6901947967253,4236.82823375607,4942.9662727154155,5649.1043116747605,1426.0716594040025,2051.5060042571495,2676.9403491102967,3302.374693963444,3927.8090388165906,1662.1936003981884,2237.0525006155194,2811.9114008328506,3386.770301050182,3961.629201267513
.IXIC,2008-09-12,2261.27,19.63922,17.99953,15.18773,16.03280650273224,115.14051983734588,141.04018529847812,1727.1077975601881,2302.8103967469174,2878.512995933647,3454.2155951203763,4029.9181943071058,4605.620793493835,2115.6027794771717,2820.8037059695625,3526.004632461953,4231.205558954343,4936.406485446734,5641.607411939125,1422.4026412039054,2046.2278593493586,2670.053077494812,3293.8782956402656,3917.7035137857188,1659.9877110968266,2234.0837187741563,2808.1797264514857,3382.275734128815,3956.371741806145
.IXIC,2008-09-19,2273.9,19.58874,17.97238,15.24756,16.01438092896175,116.08199404351683,141.99112723038132,1741.2299106527526,2321.6398808703366,2902.0498510879206,3482.459821305505,4062.869791523089,4643.279761740673,2129.86690845572,2839.8225446076267,3549.778180759533,4259.73381691144,4969.689453063346,5679.645089215253,1434.033259159901,2062.959334526362,2691.885409892823,3320.8114852592844,3949.7375606257456,1671.179924986686,2249.146687410142,2827.1134498335978,3405.0802122570535,3983.0469746805093
.IXIC,2008-09-26,2183.34,18.84497,17.32681,14.75228,15.42756655737705,115.85797164972935,141.52199518179913,1737.8695747459403,2317.159432994587,2896.449291243234,3475.7391494918807,4055.029007740527,4634.318865989174,2122.829927726987,2830.439903635983,3538.049879544978,4245.659855453974,4953.26983136297,5660.879807271966,1431.2657708329223,2058.9781047739375,2686.690438714953,3314.4027726559684,3942.115106596984,1665.6584246151424,2241.7156118661424,2817.7727991171428,3393.8299863681427,3969.8871736191427
.IXIC,2008-10-03,1947.39,16.83828,15.54332,13.28157,15.377445159620363,115.65254883515418,126.6393721314417,1734.7882325273126,2313.0509767030835,2891.3137208788544,3469.5764650546253,4047.839209230396,4626.101953406167,1899.5905819716256,2532.787442628834,3165.9843032860426,3799.1811639432512,4432.37802460046,5065.574885257668,1428.7280547063315,2055.3274187537295,2681.9267828011275,3308.526146848526,3935.125510895924,1490.4957834132929,2005.974104726934,2521.4524260405747,3036.930747354216,3552.4090686678564
.IXIC,2008-10-10,1649.51,14.31968,13.27367,11.39979,15.327323761863676,115.19181992893697,107.61891805953691,1727.8772989340546,2303.836398578739,2879.795498223424,3455.754597868109,4031.7136975127937,4607.672797157478,1614.2837708930535,2152.3783611907384,2690.472951488423,3228.567541786107,3766.6621320837917,4304.756722381477,1423.0363832251874,2047.1395425408982,2671.2427018566095,3295.3458611723213,3919.449020488032,1266.6324925928416,1704.6891434529032,2142.745794312965,2580.802445173026,3018.8590960330876
.IXIC,2008-10-17,1711.29,14.68584,13.88031,12.08658,15.277202364106989,116.52653167949535,112.01592799612244,1747.8979751924303,2330.5306335899068,2913.1632919873837,3495.7959503848606,4078.428608782337,4661.0612671798135,1680.2389199418367,2240.318559922449,2800.398199903061,3360.4778398836734,3920.5574798642856,4480.637119844898,1439.5249097831884,2070.859466439554,2702.1940230959203,3333.5285797522865,3964.8631364086523,1318.3835764761764,1774.338004802775,2230.2924331293734,2686.246861455972,3142.2012897825703
.IXIC,2008-10-24,1552.03,14.7925,12.6052,11.25614,15.227080966350302,104.92006084164272,101.9256417845132,1573.800912624641,2098.4012168328545,2623.001521041068,3147.601825249282,3672.202129457495,4196.802433665709,1528.8846267676981,2038.5128356902642,2548.1410446128302,3057.7692535353963,3567.3974624579623,4077.0256713805284,1296.1429379270655,1864.5942523282245,2433.045566729384,3001.4968811305434,3569.9481955317024,1199.6248618781049,1614.50735727901,2029.3898526799148,2444.27234808082,2859.154843481725
.IXIC,2008-10-31,1720.95,14.89916,14.05593,12.71778,15.176959568593617,115.50651177650283,113.39227677467372,1732.5976766475426,2310.130235530057,2887.6627944125707,3465.195353295085,4042.727912177599,4620.260471060114,1700.8841516201057,2267.8455354934745,2834.806919366843,3401.7683032402115,3968.72968711358,4535.691070986949,1426.9239678546066,2052.732110878344,2678.540253902082,3304.34839692582,3930.1565399495576,1334.582662245549,1796.1394395570533,2257.6962168685577,2719.2529941800617,3180.809771491566
.IXIC,2008-11-07,1647.4,14.30408,13.7133,12.48376,15.12683817083693,115.1699375283136,108.9057727328654,1727.549062924704,2303.3987505662717,2879.24843820784,3455.098125849408,4030.947813490976,4606.797501132543,1633.586590992981,2178.115454657308,2722.644318321635,3267.173181985962,3811.702045650289,4356.230909314616,1422.766056284797,2046.750657916717,2670.7352595486373,3294.7198611805575,3918.7044628124777,1281.7782678140818,1725.0729870222199,2168.3677062303577,2611.662425438496,3054.957144646634
.IXIC,2008-11-14,1516.85,14.282967692307693,12.77996,11.90467,15.076716773080243,106.19991815964985,100.60877463111622,1592.998772394748,2123.998363192997,2654.9979539912465,3185.997544789496,3716.997135587745,4247.996726385994,1509.1316194667434,2012.1754926223243,2515.2193657779053,3018.2632389334867,3521.3071120890677,4024.3509852446487,1311.9538134734778,1887.339326814582,2462.7248401556863,3038.110353496791,3613.495866837895,1184.1258515275447,1593.6481144967727,2003.170377466001,2412.692640435229,2822.2149034044573
.IXIC,2008-11-21,1384.35,14.261855384615385,11.78315,11.03071,15.026595375323556,97.06661319068853,92.12665713175176,1455.999197860328,1941.3322638137706,2426.6653297672133,2911.998395720656,3397.3314616740986,3882.6645276275412,1381.8998569762764,1842.5331426350351,2303.166428293794,2763.799713952553,3224.4329996113115,3685.0662852700702,1199.124401819583,1725.0261541641241,2250.9279065086653,2776.829658853207,3302.731411197748,1084.294652474403,1459.2909412843521,1834.2872300943015,2209.2835189042507,2584.2798077142
.IXIC,2008-11-28,1535.57,14.240743076923078,12.99046,12.23799,14.976473977566869,107.82934511952324,102.53214490273993,1617.4401767928487,2156.5869023904647,2695.733627988081,3234.8803535856973,3774.027079183313,4313.1738047809295,1537.982173541099,2050.6428980547985,2563.303622568498,3075.964347082198,3588.6250715958977,4101.285796109597,1332.0831407914964,1916.2968028167566,2500.510464842017,3084.7241268672774,3668.9377888925374,1206.7631659073263,1624.1143975629445,2041.4656292185628,2458.8168608741807,2876.168092529799
.IXIC,2008-12-05,1509.31,14.21963076923077,12.85619,12.21226,14.926352579810182,106.14269979962694,101.11713440573128,1592.1404969944042,2122.853995992539,2653.5674949906734,3184.2809939888084,3714.994492986943,4245.707991985078,1516.757016085969,2022.3426881146256,2527.928360143282,3033.514032171938,3539.0997042005947,4044.6853762292512,1311.246959391727,1886.3224666986944,2461.397974005662,3036.4734813126297,3611.548988619597,1190.109046862201,1601.7005592191313,2013.2920715760615,2424.8835839329918,2836.4750962899216
.IXIC,2008-12-12,1540.72,14.198518461538463,12.85841,12.63273,14.876231182053495,108.51272998472105,103.56924285088456,1627.6909497708157,2170.254599694421,2712.818249618026,3255.3818995416314,3797.9455494652366,4340.509199388842,1553.5386427632684,2071.3848570176915,2589.231071272114,3107.077285526537,3624.92349978096,4142.769714035383,1340.5254201783648,1928.4416250895833,2516.357830000802,3104.2740349120213,3692.1902398232396,1218.9694023461152,1640.5420818844073,2062.1147614226993,2483.6874409609914,2905.2601204992834
.IXIC,2008-12-19,1564.32,14.177406153846155,13.11537,12.94666,14.826109784296808,110.33894233012569,105.51115719221653,1655.0841349518853,2206.778846602514,2758.473558253142,3310.1682699037706,3861.862981554399,4413.557693205028,1582.6673578832479,2110.2231438443305,2637.778929805413,3165.3347157664957,3692.8905017275783,4220.446287688661,1363.085760075842,1960.8962864332493,2558.706812790657,3156.517339148065,3754.327865505472,1241.8249731594397,1671.302103959269,2100.7792347590985,2530.256365558928,2959.7334963587573
.IXIC,2008-12-26,1530.24,14.156293846153845,12.85085,12.72334,14.77598838654012,108.09608903503754,103.5626152355358,1621.441335525563,2161.921780700751,2702.4022258759383,3242.882671051126,3783.3631162263137,4323.843561401502,1553.439228533037,2071.252304710716,2589.065380888395,3106.878457066074,3624.691533243753,4142.504609421432,1335.378394716775,1921.0372611020616,2506.696127487349,3092.354993872636,3678.0138602579227,1218.891397910645,1640.4371001197164,2061.982802328788,2483.528504537859,2905.0742067469305
.IXIC,2009-01-02,1632.21,14.135181538461538,13.51566,,14.725866988783434,115.47145649023257,110.83965387187324,1732.0718473534885,2309.4291298046514,2886.7864122558144,3464.143694706977,4041.50097715814,4618.858259609303,1662.5948080780986,2216.793077437465,2770.991346796831,3325.189616156197,3879.3878855155635,4433.58615487493,1426.490908043435,2052.109123388927,2677.727338734419,3303.3455540799114,3928.9637694254034,1304.5392909840477,1755.7057627631098,2206.8722345421716,2658.038706321234,3109.2051781002956
.IXIC,2009-01-09,1571.59,14.11406923076923,13.16377,,14.675745591026748,111.34917749828458,107.08757454619025,1670.2376624742687,2226.9835499656915,2783.7294374571143,3340.4753249485375,3897.2212124399603,4453.967099931383,1606.3136181928537,2141.7514909238052,2677.1893636547566,3212.6272363857074,3748.0651091166587,4283.5029818476105,1375.5658250734311,1978.849751890079,2582.133678706727,3185.417605523375,3788.7015323400233,1260.378787660025,1696.2726351383978,2132.1664826167703,2568.0603300951434,3003.954177573516
.IXIC,2009-01-16,1529.33,14.092956923076922,13.0759,,14.625624193270061,108.5173259485207,104.56510982305403,1627.7598892278106,2170.3465189704143,2712.9331487130175,3255.5197784556212,3798.106408198225,4340.693037940829,1568.4766473458105,2091.3021964610807,2614.1277455763507,3136.953294691621,3659.778843806891,4182.604392922161,1340.5821969851463,1928.5233025840112,2516.4644081828765,3104.405513781742,3692.3466193806066,1230.6903663549901,1656.3166654463926,2081.9429645377945,2507.569263629197,2933.1955627205994
.IXIC,2009-01-23,1477.29,14.071844615384615,12.96344,,14.575502795513374,104.98197218471933,101.35430802803857,1574.7295827707899,2099.6394436943865,2624.549304617983,3149.4591655415798,3674.3690264651764,4199.278887388773,1520.3146204205786,2027.0861605607715,2533.8577007009644,3040.6292408411573,3547.40078098135,4054.172321121543,1296.9077673549423,1865.6945141230474,2434.481260891153,3003.2680076592583,3572.054754427363,1192.9004874547759,1605.4574014765212,2018.0143154982663,2430.571229520012,2843.1281435417573
.IXIC,2009-01-30,1476.42,14.050732307692307,13.2154,,14.525381397756687,105.07779720432859,101.64414686061322,1576.1669580649288,2101.555944086572,2626.944930108215,3152.3339161298577,3677.7229021515004,4203.111888173144,1524.6622029091982,2032.8829372122643,2541.1036715153305,3049.3244058183964,3557.5451401214627,4065.7658744245286,1298.091553577014,1867.3974752094155,2436.703396841817,3006.0093184742186,3575.31524010662,1196.3117769341136,1610.0484633469603,2023.785149759807,2437.521836172654,2851.2585225855005
.IXIC,2009-02-06,1591.71,14.02962,14.47526,,14.47526,113.45353616135006,109.96071918570028,1701.803042420251,2269.070723227001,2836.3384040337514,3403.606084840502,3970.873765647252,4538.141446454002,1649.4107877855042,2199.2143837140056,2749.0179796425073,3298.8215755710085,3848.62517149951,4398.428767428011,1401.5622798802453,2016.2475101120383,2630.9327403438315,3245.6179705756244,3860.3032008074174,1294.1945741587247,1741.78339256706,2189.3722109753953,2636.9610293837304,3084.5498477920655
.IXIC,2009-02-13,1534.36,14.00788,14.0895,,14.0895,109.53549002418637,108.9009546115902,1643.0323503627956,2190.7098004837276,2738.387250604659,3286.064700725591,3833.742150846523,4381.419600967455,1633.514319173853,2178.019092231804,2722.5238652897547,3267.028638347706,3811.533411405657,4356.038184463608,1353.1602127214974,1946.6176771791484,2540.0751416368,3133.5326060944517,3726.9900705521027,1281.7215604147652,1724.9966677358175,2168.27177505687,2611.5468823779224,3054.821989698975
.IXIC,2009-02-20,1441.23,14.020118,13.32724,12.4971,14.133349506849314,102.79728030819712,101.97370406084914,1541.9592046229568,2055.945606163942,2569.932007704928,3083.9184092459136,3597.904810786899,4111.891212327884,1529.6055609127372,2039.474081216983,2549.3426015212285,3059.2111218254745,3569.07964212972,4078.948162433966,1269.9189062678834,1826.8691085390785,2383.819310810274,2940.76951308147,3497.719715352665,1200.1905360362616,1615.268666184143,2030.3467963320243,2445.4249264799055,2860.503056627787
.IXIC,2009-02-27,1377.84,14.032356,12.85771,11.77546,14.17719901369863,98.19021125176698,97.1870394616504,1472.8531687765048,1963.8042250353396,2454.7552812941744,2945.7063375530097,3436.6573938118445,3927.6084500706793,1457.805591924756,1943.740789233008,2429.67598654126,2915.611183849512,3401.546381157764,3887.481578466016,1213.004909324563,1744.994256258309,2276.9836031920554,2808.9729501258016,3340.962297059548,1143.853369469182,1539.4476551320686,1935.0419407949548,2330.6362264578415,2726.230512120728
.IXIC,2009-03-06,1293.85,14.044594,12.20999,11.06297,14.221048520547946,92.12441456121836,90.98133644157956,1381.8662184182754,1842.4882912243672,2303.110364030459,2763.7324368365507,3224.3545096426424,3684.9765824487345,1364.7200466236934,1819.6267288315912,2274.533411039489,2729.440093247387,3184.3467754552844,3639.2534576631824,1138.0703402794459,1637.1955230679114,2136.320705856377,2635.4458886448433,3134.5710714333086,1070.8146767715398,1441.1490032170282,1811.4833296625166,2181.817656108005,2552.1519825534933
.IXIC,2009-03-13,1431.5,14.056832,13.57537,12.31798,14.26489802739726,101.83660158988882,100.35122559240531,1527.5490238483321,2036.7320317977762,2545.9150397472204,3055.0980476966643,3564.2810556461086,4073.4640635955525,1505.2683838860796,2007.0245118481062,2508.780639810133,3010.5367677721592,3512.292895734186,4014.0490236962123,1258.0510429978506,1809.7963390217667,2361.541635045683,2913.2869310695996,3465.0322270935158,1181.0946002684786,1589.568524605762,1998.0424489430452,2406.5163732803285,2814.9902976176118
.IXIC,2009-03-20,1457.27,14.06907,13.84801,12.44138,14.308747534246574,103.57969645470524,101.8446930111925,1553.6954468205786,2071.593929094105,2589.492411367631,3107.390893641157,3625.2893759146837,4143.18785818821,1527.6703951678876,2036.89386022385,2546.1173252798126,3055.340790335775,3564.564255391738,4073.7877204477,1279.5845808269864,1840.7738722039583,2401.9631635809305,2963.152454957903,3524.341746334875,1198.6721265377737,1613.2251245866194,2027.7781226354653,2442.331120684311,2856.884118733157
.IXIC,2009-03-27,1545.2,15.12885,14.7108,13.19052,14.35259704109589,102.13598522029103,107.6599583737785,1532.0397783043654,2042.7197044058207,2553.399630507276,3064.079556608731,3574.759482710186,4085.4394088116414,1614.8993756066775,2153.19916747557,2691.4989593444625,3229.798751213355,3768.0985430822475,4306.39833495114,1261.7495156747057,1815.1168562995033,2368.484196924301,2921.851537549099,3475.2188781738964,1267.1155210088666,1705.3392241208096,2143.562927232753,2581.786630344696,3020.0103334566393
.IXIC,2009-04-03,1621.87,15.87443,15.47385,13.83803,15.057052027397262,102.168707789823,107.7149761486448,1532.530616847345,2043.37415579646,2554.217694745575,3065.06123369469,3575.9047726438052,4086.74831159292,1615.7246422296719,2154.299522972896,2692.87440371612,3231.4492844593437,3770.024165202568,4308.599045945792,1262.1537579813673,1815.6983877490782,2369.243017516789,2922.7876472845005,3476.3322770522113,1267.7630586590524,1706.2107084769304,2144.6583582948083,2583.106008112686,3021.5536579305644
.IXIC,2009-04-09,1652.54,16.18741,15.8323,14.2123,15.392902739726027,102.08798072081944,107.35726899222992,1531.3197108122918,2041.759614416389,2552.1995180204863,3062.6394216245835,3573.079325228681,4083.519228832778,1610.3590348834489,2147.145379844598,2683.9317248057478,3220.7180697668978,3757.5044147280473,4294.290759689196,1261.1564861579507,1814.2637409554727,2367.370995752995,2920.4782505505177,3473.5855053480395,1263.552985603891,1700.5446089001023,2137.5362321963134,2574.5278554925244,3011.519478788736
.IXIC,2009-04-17,1673.07,16.39773,15.90765,14.33477,15.44655915068493,102.03058594085888,108.31344273367269,1530.4587891128833,2040.6117188171777,2550.7646485214723,3060.9175782257666,3571.070507930061,4081.2234376343554,1624.7016410050903,2166.268854673454,2707.8360683418173,3249.4032820101806,3790.970495678544,4332.537709346908,1260.4474526506976,1813.2437455802353,2366.0400385097732,2918.8363314393114,3471.632624368849,1274.8067758418254,1715.690449665668,2156.574123489511,2597.4577973133532,3038.341471137196
.IXIC,2009-04-24,1694.29,16.88483,16.21637,14.54694,15.69495898630137,100.34391817980992,107.95122188460536,1505.1587726971488,2006.8783635961984,2508.597954495248,3010.3175453942977,3512.037136293347,4013.7567271923967,1619.2683282690805,2159.0244376921073,2698.780547115134,3238.536656538161,3778.292765961188,4318.048875384215,1239.6109940213753,1783.2690106476475,2326.9270272739204,2870.585043900193,3414.2430605264653,1270.54357839294,1709.9528529673278,2149.3621275417154,2588.771402116103,3028.180676690491
.IXIC,2009-05-01,1719.2,17.29335,16.45713,14.37731,15.767655424657534,99.41393657099405,109.0333314432726,1491.2090485649107,1988.278731419881,2485.348414274851,2982.4180971298215,3479.487779984792,3976.557462839762,1635.499971649089,2180.666628865452,2725.833286081815,3270.999943298178,3816.166600514541,4361.333257730904,1228.1223512870936,1766.7417769741348,2305.3612026611763,2843.9806283482176,3382.600054035259,1283.2795838487368,1727.0935234920598,2170.907463135383,2614.721402778706,3058.5353424220284
.IXIC,2009-05-08,1739.0,17.63328,16.6087,15.021,16.051917534246574,98.62033609175379,108.33596648436951,1479.3050413763067,1972.4067218350756,2465.5084022938445,2958.6100827526134,3451.7117632113823,3944.813443670151,1625.0394972655426,2166.71932968739,2708.3991621092377,3250.0789945310853,3791.758826952933,4333.43865937478,1218.3185096913924,1752.6382501522266,2286.9579906130616,2821.277731073896,3355.5974715347306,1275.071871561073,1716.0472270239154,2157.0225824867575,2597.9979379496,3038.9732934124418
.IXIC,2009-05-15,1680.14,16.12189,16.1051,14.44225,15.490073287671231,104.21482841031666,108.46559398380944,1563.2224261547499,2084.296568206333,2605.3707102579165,3126.4448523094998,3647.518994361083,4168.593136412666,1626.9839097571416,2169.3118796761887,2711.6398495952362,3253.9678195142833,3796.2957894333304,4338.623759352377,1287.4307619320473,1852.0611644949001,2416.6915670577537,2981.321969620607,3545.95237218346,1276.5975364319404,1718.100533217404,2159.6035300028675,2601.1065267883314,3042.609523573795
.IXIC,2009-05-22,1692.01,16.20904,16.16722,14.48528,15.512876219178082,104.3868113102318,109.07132733439987,1565.802169653477,2087.7362262046363,2609.670282755795,3131.604339306954,3653.5383958581133,4175.472452409273,1636.069910015998,2181.4265466879974,2726.7831833599967,3272.139820031996,3817.4964567039956,4362.853093375995,1289.5553739402856,1855.117570716057,2420.6797674918284,2986.2419642676005,3551.8041610433716,1283.726780597734,1727.695380342773,2171.663980087812,2615.6325798328508,3059.6011795778895
.IXIC,2009-05-29,1774.33,16.93898,16.91781,15.16899,16.2039081369863,104.74833785741525,109.50012706811114,1571.2250678612288,2094.966757148305,2618.708446435381,3142.4501357224576,3666.1918250095337,4189.93351429661,1642.501906021667,2190.002541362223,2737.5031767027785,3285.003812043334,3832.50444738389,4380.005082724446,1294.0215368193963,1861.5424652170211,2429.0633936146464,2996.584322012272,3564.105250409897,1288.7735854283994,1734.4875899649576,2180.201594501516,2625.915599038074,3071.6296035746327
.IXIC,2009-06-05,1849.42,17.66212,17.6552,15.78533,16.856022684931506,104.71109923384056,109.71864683436235,1570.6664885076084,2094.221984676811,2617.777480846014,3141.332977015217,3664.8884731844196,4188.443969353622,1645.7797025154352,2194.3729366872467,2742.966170859059,3291.5594050308705,3840.152639202682,4388.745873374493,1293.5615048810112,1860.8806763948933,2428.1998479087756,2995.5190194226584,3562.8381909365403,1291.3454774451397,1737.948954192316,2184.5524309394923,2631.155907686669,3077.759384433845
.IXIC,2009-06-12,1858.8,17.72184,17.70582,15.814,16.860979835616437,104.88752860876748,110.24270345626935,1573.3129291315122,2097.7505721753496,2622.188215219187,3146.6258582630244,3671.063501306862,4195.501144350699,1653.6405518440404,2204.854069125387,2756.067586406734,3307.2811036880807,3858.494620969427,4409.708138250774,1295.7410469678152,1864.016103459953,2432.291159952091,3000.566216444229,3568.8412729363667,1297.5134185212492,1746.2500377752717,2194.9866570292943,2643.7232762833173,3092.45989553734
.IXIC,2009-06-19,1827.47,17.46002,17.45691,15.50633,16.548420684931507,104.66597403668496,110.43168618888443,1569.9896105502744,2093.319480733699,2616.649350917124,3139.979221100549,3663.3090912839734,4186.638961467398,1656.4752928332664,2208.6337237776884,2760.792154722111,3312.950585666533,3865.1090166109548,4417.267447555377,1293.004045181249,1860.0787307748035,2427.153416368358,2994.228101961913,3561.3027875554676,1299.7376712268638,1749.2435338854143,2198.7493965439653,2648.255259202516,3097.7611218610664
.IXIC,2009-06-26,1838.22,17.58018,17.54276,15.48626,16.545498356164384,104.56206933034817,111.100914607092,1568.4310399552226,2091.2413866069633,2614.051733258704,3136.862079910445,3659.6724265621856,4182.4827732139265,1666.51371910638,2222.01829214184,2777.5228651773,3333.02743821276,3888.53201124822,4444.03658428368,1291.720445550678,1858.2321809665848,2424.7439163824915,2991.255651798399,3557.7673872143055,1307.6142274564968,1759.8441461158538,2212.0740647752114,2664.303983434568,3116.5339020939255
.IXIC,2009-07-02,1796.52,17.18428,17.1864,15.12384,16.152294575342463,104.5443859154995,111.2238259165051,1568.1657887324925,2090.8877183099903,2613.6096478874874,3136.331577464985,3659.0535070424826,4181.775436619981,1668.3573887475766,2224.476518330102,2780.5956479126276,3336.714777495153,3892.8339070776788,4448.953036660204,1291.5019912999783,1857.9179189138956,2424.3338465278134,2990.749774141731,3557.1657017556486,1309.060845402643,1761.79106751724,2214.5212896318367,2667.2515117464336,3119.98173386103
.IXIC,2009-07-10,1756.03,16.82575,16.80411,14.80761,15.759366164383565,104.36563006106712,111.427704749234,1565.4844509160068,2087.3126012213424,2609.1407515266783,3130.9689018320137,3652.797052137349,4174.625202442685,1671.41557123851,2228.55409498468,2785.69261873085,3342.83114247702,3899.96966622319,4457.10818996936,1289.2937087610906,1854.741146654416,2420.1885845477423,2985.6360224410682,3551.0834603343937,1311.460419369215,1765.0205186118933,2218.5806178545713,2672.1407170972498,3125.7008163399278
.IXIC,2009-07-17,1886.61,18.45184,17.85635,15.72229,16.698695534246575,102.24508775276611,112.97948370463067,1533.6763162914917,2044.9017550553222,2556.1271938191526,3067.3526325829835,3578.578071346814,4089.8035101106443,1694.69225556946,2259.589674092613,2824.487092615767,3389.38451113892,3954.2819296620733,4519.179348185226,1263.0973272928381,1817.0557796410988,2371.01423198936,2924.9726843376206,3478.931136685881,1329.7242495736764,1789.6007763026457,2249.477303031615,2709.3538297605846,3169.230356489554
.IXIC,2009-07-24,1965.96,19.34407,18.78314,16.05423,17.250464520547943,101.63114587571282,113.96562670287753,1524.4671881356924,2032.6229175142564,2540.7786468928202,3048.9343762713847,3557.090105649949,4065.245835028513,1709.484400543163,2279.3125340575507,2849.140667571938,3418.968801086326,3988.7969346007135,4558.625068115101,1255.5129204419752,1806.145068323985,2356.777216205995,2907.4093640880055,3458.041511970015,1341.3307662200468,1805.2213316224227,2269.1118970247985,2733.002462427174,3196.8930278295497
.IXIC,2009-07-31,1978.5,19.40833,18.63241,16.14277,17.186372520547945,101.94076460983506,115.12027902540311,1529.111469147526,2038.8152921967012,2548.5191152458765,3058.222938295052,3567.926761344227,4077.6305843934024,1726.8041853810466,2302.405580508062,2878.0069756350777,3453.6083707620933,4029.209765889109,4604.811161016124,1259.337833737519,1811.6474794684925,2363.9571251994666,2916.2667709304405,3468.5764166614144,1354.9205715788926,1823.5110832215153,2292.1015948641375,2760.6921065067604,3229.282618149383
.IXIC,2009-08-07,2000.25,20.4082,18.78935,16.16418,17.214248,98.01207357826756,116.19735000913197,1470.1811036740135,1960.2414715653513,2450.301839456689,2940.362207348027,3430.4225752393645,3920.4829431307026,1742.9602501369795,2323.9470001826394,2904.9337502282992,3485.920500273959,4066.907250319619,4647.894000365279,1210.8042635602271,1741.8284700448273,2272.8526765294278,2803.8768830140284,3334.9010894986286,1367.5972749821472,1840.5719424625918,2313.5466099430364,2786.521277423481,3259.4959449039256
.IXIC,2009-09-25,2090.92,21.16153,19.53705,16.68408,17.442266547945206,98.80760039562358,119.87662235595877,1482.1140059343538,1976.1520079124716,2470.1900098905894,2964.2280118687077,3458.2660138468254,3952.3040158249432,1798.1493353393817,2397.5324471191752,2996.9155588989693,3596.2986706787633,4195.681782458557,4795.0648942383505,1220.6319024119036,1755.96623092026,2291.300559428617,2826.6348879369734,3361.96921644533,1410.9008686961351,1898.85180383392,2386.802738971705,2874.7536741094896,3362.7046092472747
.IXIC,2009-10-02,2048.11,20.77408,19.11909,16.30606,16.999683835616437,98.58968483802893,120.47929948608554,1478.845272570434,1971.7936967605785,2464.7421209507233,2957.690545140868,3450.6389693310125,3943.587393521157,1807.1894922912832,2409.5859897217106,3011.982487152138,3614.3789845825663,4216.775482012994,4819.171979443421,1217.939855640533,1752.0935292374315,2286.2472028343304,2820.4008764312293,3354.554550028128,1417.9941423447224,1908.398240271481,2398.80233819824,2889.2064361249986,3379.610534051757
.IXIC,2009-10-09,2139.28,21.65305,19.91527,17.01572,17.6750697260274,98.79809080014132,121.03375167170098,1481.9713620021198,1975.9618160028265,2469.952270003533,2963.9427240042396,3457.9331780049465,3951.923632005653,1815.5062750755148,2420.6750334340195,3025.8437917925244,3631.0125501510297,4236.181308509535,4841.350066868039,1220.5144244488906,1755.7972304742448,2291.0800364995994,2826.3628425249535,3361.6456485503077,1424.5198272944735,1917.1807911317258,2409.8417549689775,2902.50271880623,3395.163682643482
.IXIC,2009-10-16,2156.8,21.80886,19.90879,16.95454,17.569671506849318,98.89558647265379,122.75699059935177,1483.4337970898068,1977.9117294530758,2472.389661816345,2966.8675941796137,3461.3455265428825,3955.8234589061517,1841.3548589902764,2455.1398119870355,3068.9247649837944,3682.709717980553,4296.494670977312,4910.279623974071,1221.7188492880662,1757.5298816863708,2293.340914084676,2829.1519464829807,3364.962978881286,1444.8016741818008,1944.4769835160105,2444.1522928502204,2943.8276021844304,3443.5029115186403
.IXIC,2009-10-23,2154.47,21.92447,19.4049,16.85556,17.337490027397262,98.26782585850421,124.2665458838296,1474.0173878775631,1965.3565171700843,2456.695646462605,2948.0347757551262,3439.3739050476474,3930.7130343401686,1863.9981882574439,2485.330917676592,3106.6636470957396,3727.9963765148877,4349.329105934035,4970.661835353184,1213.9637309607253,1746.3735897094912,2278.783448458257,2811.1933072070237,3343.6031659557893,1462.5685483258715,1968.3884161088165,2474.2082838917613,2980.0281516747064,3485.8480194576514
.IXIC,2009-10-30,2045.11,20.86239,18.60987,15.82558,16.29852789041096,98.02855761013,125.4782035378309,1470.4283641519498,1960.5711522026,2450.71394025325,2940.8567283038997,3430.99951635455,3921.1423044052,1882.1730530674633,2509.564070756618,3136.955088445772,3764.3461061349267,4391.737123824081,5019.128141513236,1211.0079010849831,1742.121417178286,2273.2349332715894,2804.3484493648925,3335.4619654581957,1476.8292840973259,1987.5811350619558,2498.332986026586,3009.084836991216,3519.8366879558457
.IXIC,2009-12-04,2194.35,22.18187,20.01805,16.79084,17.02956512328767,98.92538365791522,128.85531627576677,1483.8807548687282,1978.5076731583044,2473.1345914478807,2967.7615097374564,3462.3884280270327,3957.015346316609,1932.8297441365016,2577.1063255153354,3221.382906894169,3865.6594882730033,4509.936069651837,5154.212651030671,1222.0869524986142,1758.0594244633035,2294.031896427993,2830.004368392683,3365.9768403573717,1516.576577622915,2041.0747728384567,2565.5729680539985,3090.0711632695397,3614.5693584850815
.IXIC,2009-12-11,2190.31,22.09935,19.93254,16.72845,16.904016575342464,99.11196483154481,129.57334667992217,1486.6794724731722,1982.2392966308962,2477.7991207886203,2973.3589449463443,3468.9187691040684,3964.4785932617924,1943.6002001988325,2591.4669335984436,3239.333666998054,3887.200400397665,4535.067133797276,5182.933867196887,1224.39190608528,1761.37526493415,2298.35862378302,2835.3419826318905,3372.32534148076,1525.0275141029647,2052.4484110119574,2579.8693079209506,3107.2902048299434,3634.711101738936
.IXIC,2009-12-18,2211.69,22.27172,20.00476,16.80917,16.92298553424658,99.30485835849231,130.69147849380738,1489.5728753773847,1986.0971671698462,2482.6214589623078,2979.1457507547693,3475.670042547231,3972.1943343396924,1960.3721774071107,2613.8295698761476,3267.2869623451843,3920.7443548142214,4574.201747283259,5227.659139752295,1226.7748401087572,1764.8032858366585,2302.8317315645604,2840.8601772924617,3378.8886230203634,1538.1874873865213,2070.1596758940755,2602.13186440163,3134.1040529091842,3666.076241416739
.IXIC,2009-12-24,2285.69,22.97564,20.61492,17.33767,17.40052136986301,99.48319176310214,131.35755828320876,1492.247876446532,1989.6638352620428,2487.0797940775537,2984.495752893064,3481.911711708575,3979.3276705240855,1970.3633742481313,2627.151165664175,3283.938957080219,3940.7267484962626,4597.514539912307,5254.30233132835,1228.9779038615548,1767.9725504993573,2306.9671971371604,2845.961843774963,3384.9564904127656,1546.0269854889686,2080.710413683855,2615.3938418787416,3150.077270073628,3684.7606982685143
.IXIC,2009-12-31,2269.15,22.898,20.52885,17.22442,17.22442,99.09817451305791,131.74028501395114,1486.4726176958686,1981.9634902611583,2477.454362826448,2972.9452353917372,3468.436107957027,3963.9269805223166,1976.1042752092671,2634.805700279023,3293.5071253487786,3952.2085504185343,4610.90997548829,5269.611400558046,1224.2215456816054,1761.1301893177026,2298.0388329538005,2834.947476589898,3371.8561202259957,1550.5315291294646,2086.7728245923613,2623.0141200552575,3159.255415518154,3695.496710981051
.IXIC,2010-01-08,2317.17,23.2693,17.48766,,17.48766,99.58056323138211,132.5031479340289,1493.7084484707318,1991.6112646276424,2489.514080784553,2987.4168969414636,3485.319713098374,3983.222529255285,1987.5472190104335,2650.062958680578,3312.5786983507223,3975.094438020867,4637.610177691012,5300.125917361156,1230.1807943283945,1769.702994407216,2309.2251944860377,2848.74739456486,3388.269594643681,1559.5101267532596,2098.8566121015415,2638.2030974498234,3177.5495827981053,3716.8960681463873
.IXIC,2010-01-15,2287.99,22.65911,17.1855,,17.1855,100.97439837663526,133.13491024410112,1514.615975649529,2019.4879675327052,2524.359959415882,3029.231951299058,3534.103943182234,4038.9759350654103,1997.0236536615168,2662.6982048820223,3328.372756102528,3994.0473073230337,4659.721858543539,5325.396409764045,1247.399709049395,1794.4736338796304,2341.547558709866,2888.621483540102,3435.695408370337,1566.9457215721027,2108.8637592708437,2650.7817969695843,3192.6998346683254,3734.6178723670664
.IXIC,2010-01-22,2205.29,21.50272,16.46853,,16.46853,102.5586530448241,133.90934102800918,1538.3797956723615,2051.1730608964817,2563.9663261206024,3076.759591344723,3589.5528565688433,4102.3461217929635,2008.6401154201376,2678.1868205601836,3347.7335257002296,4017.280230840275,4686.826935980322,5356.373641120367,1266.970994879568,1822.6283273179763,2378.285659756385,2933.9429921947935,3489.6003246332016,1576.0604684200446,2121.1307823322854,2666.2010962445265,3211.2714101567676,3756.3417240690087
.IXIC,2010-01-29,2147.35,19.82295,15.54182,,15.54182,108.32645998703524,138.1659290868122,1624.8968998055286,2166.529199740705,2708.161499675881,3249.7937996110572,3791.426099546233,4333.05839948141,2072.488936302183,2763.318581736244,3454.1482271703053,4144.977872604366,4835.807518038428,5526.637163472488,1338.2243107421766,1925.1313147039425,2512.038318665709,3098.9453226274754,3685.8523265892413,1626.1588418294475,2188.555353985929,2750.95186614241,3313.3483782988915,3875.7448904553726
.IXIC,2010-02-05,2141.12,20.268945,15.38699,,15.38699,105.63549311520654,139.1513219934503,1584.532396728098,2112.709862304131,2640.8873278801634,3169.064793456196,3697.242259032229,4225.419724608262,2087.2698299017543,2783.026439869006,3478.7830498362573,4174.539659803509,4870.296269770761,5566.052879738012,1304.9811189336936,1877.3086073764039,2449.6360958191144,3021.9635842618254,3594.2910727045355,1637.7565301915236,2204.1640278164177,2770.571525441312,3336.9790230662065,3903.386520691101
.IXIC,2010-02-12,2183.53,20.71494,15.65191,,15.65191,105.40846364990679,139.50565777595196,1581.126954748602,2108.169272998136,2635.2115912476697,3162.253909497204,3689.2962277467377,4216.338545996272,2092.5848666392794,2790.113155519039,3487.641444398799,4185.169733278559,4882.698022158319,5580.226311038078,1302.1764823771653,1873.2739372407661,2444.3713921043673,3015.4688469679686,3586.5663018315695,1641.9269234968774,2209.7767246587455,2777.6265258206136,3345.4763269824816,3913.3261281443497
.IXIC,2010-02-19,2243.87,21.08904,16.06843,14.3625,15.83474095890411,106.39981715621005,141.7055072655444,1595.9972573431507,2127.996343124201,2659.995428905251,3191.9945146863015,3723.993600467352,4255.992686248402,2125.582608983166,2834.110145310888,3542.6376816386105,4251.165217966332,4959.692754294055,5668.220290621776,1314.4232904315713,1890.891845913812,2467.360401396053,3043.8289568782943,3620.297512360535,1667.8182899273602,2244.622452619549,2821.4266153117383,3398.2307780039278,3975.034940696117
.IXIC,2010-02-26,2238.26,20.99449,16.03555,12.52699,15.48763789041096,106.61178242481719,144.51913299095145,1599.176736372258,2132.235648496344,2665.29456062043,3198.353472744516,3731.4123848686017,4264.471296992688,2167.786994864272,2890.382659819029,3612.978324773786,4335.573989728544,5058.169654683301,5780.765319638058,1317.041829572581,1894.6588016167316,2472.2757736608824,3049.8927457050336,3627.509717749184,1700.933562130934,2289.1904274173235,2877.447292703713,3465.704157990103,4053.9610232764926
.IXIC,2010-03-05,2326.35,21.60157,16.59227,13.12345,15.984038547945207,107.69356116245254,145.54206641969458,1615.403417436788,2153.8712232490507,2692.3390290613133,3230.806834873576,3769.2746406858387,4307.742446498101,2183.1309962954188,2910.8413283938917,3638.5516604923646,4366.2619925908375,5093.97232468931,5821.682656787783,1330.4057168972556,1913.88370865839,2497.3617004195253,3080.83969218066,3664.3176839417947,1712.9730877270624,2305.3937450300205,2897.8144023329783,3490.235059635936,4082.6557169388943
.IXIC,2010-03-12,2367.66,21.99265,16.87481,13.34115,16.187440520547945,107.65687627457353,146.2652478626593,1614.853144118603,2153.1375254914706,2691.4219068643383,3229.706288237206,3767.990669610074,4306.275050982941,2193.9787179398895,2925.304957253186,3656.6311965664822,4387.957435879779,5119.283675193075,5850.609914506372,1329.9525256012193,1913.231760589186,2496.5109955771527,3079.79023056512,3663.0694655530865,1721.4846499153437,2316.8489759206204,2912.213301925897,3507.577627931174,4102.941953936451
.IXIC,2010-03-19,2374.41,22.11608,16.94892,13.40188,16.190922410958905,107.36125027581741,146.65069350174076,1610.4187541372612,2147.225005516348,2684.0312568954355,3220.8375082745224,3757.6437596536093,4294.450011032696,2199.7604025261116,2933.013870034815,3666.267337543519,4399.520805052223,5132.774272560927,5866.02774006963,1326.300473291283,1907.9780223269538,2489.6555713626253,3071.333120398296,3653.010669433967,1726.0211940415231,2322.9544544757005,2919.887714909878,3516.8209753440556,4113.754235778233
.IXIC,2010-03-26,2395.13,22.29116,17.05908,13.46422,16.221920821917806,107.44752628396189,147.64774321693676,1611.7128942594284,2148.9505256792377,2686.188157099047,3223.4257885188567,3760.6634199386663,4297.901051358475,2214.7161482540514,2952.954864338735,3691.193580423419,4429.432296508103,5167.671012592787,5905.90972867747,1327.3662946201307,1909.5112824833964,2491.6562703466625,3073.801258209929,3655.9462460731947,1737.7560784723353,2338.747772747467,2939.739467022599,3540.731161297731,4141.7228555728625
.IXIC,2010-04-01,2402.58,22.29727,17.08828,13.46231,16.18427104109589,107.75220464209295,148.45154248215763,1616.2830696313943,2155.044092841859,2693.8051160523237,3232.5661392627885,3771.3271624732533,4310.088185683718,2226.7731372323647,2969.0308496431526,3711.288562053941,4453.546274464729,5195.803986875517,5938.061699286305,1331.1301763703216,1914.9258953879526,2498.7216144055838,3082.5173334232154,3666.313052440846,1747.2164808366088,2351.4799940487387,2955.7435072608687,3560.0070204729986,4164.270533685129
.IXIC,2010-04-09,2454.05,22.43616,17.35912,13.54826,16.325489479452056,109.37923423616162,150.32014832319547,1640.6885135424243,2187.5846847232324,2734.4808559040407,3281.3770270848486,3828.273198265657,4375.169369446465,2254.802224847932,3006.4029664639093,3758.0037080798866,4509.604449695864,5261.205191311841,6012.8059329278185,1351.2298875335985,1943.8407664348465,2536.451645336095,3129.0625242373435,3721.6734031385918,1769.2092393291066,2381.0788057450955,2992.9483721610845,3604.8179385770736,4216.687504993062
.IXIC,2010-04-16,2481.26,22.35297,17.39544,13.61914,16.298761095890413,111.00359370589234,152.23611079406692,1665.053905588385,2220.071874117847,2775.0898426473086,3330.10781117677,3885.125779706232,4440.143748235694,2283.5416619110038,3044.7222158813383,3805.902769851673,4567.0833238220075,5328.263877792342,6089.444431762677,1371.2966129858848,1972.7081851789721,2574.1197573720597,3175.531329565147,3776.9429017582347,1791.7593667969527,2411.4277488700477,3031.0961309431423,3650.7645130162373,4270.432895089332
.IXIC,2010-04-23,2530.15,21.82335,17.48764,13.7269,16.323356109589042,115.9377455798491,155.00182578959243,1739.0661836977365,2318.7549115969823,2898.4436394962277,3478.132367395473,4057.821095294719,4637.509823193965,2325.0273868438862,3100.0365157918486,3875.045644739811,4650.0547736877725,5425.063902635735,6200.073031583697,1432.251267937346,2060.3958127927253,2688.5403576481053,3316.6849025034853,3944.829447358865,1824.310748484751,2455.2368152662457,3086.16288204774,3717.0889488292346,4348.015015610729
.IXIC,2010-04-30,2461.19,21.10412,16.95021,13.53038,15.825882328767122,116.62130427613185,155.51676354412356,1749.3195641419777,2332.426085522637,2915.5326069032963,3498.6391282839554,4081.745649664615,4664.852171045274,2332.7514531618535,3110.3352708824714,3887.919088603089,4665.502906323707,5443.086724044325,6220.670541764943,1440.6956947680048,2072.543724316924,2704.3917538658434,3336.2397834147628,3968.0878129636817,1830.371364065286,2463.393455525513,3096.41554698574,3729.4376384459674,4362.459729906195
.IXIC,2010-05-07,2265.64,19.33475,15.52059,12.50996,14.473055726027397,117.17968941930978,156.5419247246883,1757.6953412896466,2343.5937883861957,2929.4922354827445,3515.3906825792933,4101.289129675843,4687.187576772391,2348.1288708703246,3130.838494493766,3913.5481181172077,4696.257741740649,5478.96736536409,6261.676988987532,1447.593774641079,2082.4671052242843,2717.3404358074895,3352.213766390695,3987.0870969739003,1842.4371094273583,2479.632060840531,3116.8270122537033,3754.0219636668758,4391.216915080048
.IXIC,2010-05-14,2346.85,20.04343,15.96831,12.96243,14.864781452054793,117.0882428805848,157.87988592833227,1756.323643208772,2341.7648576116962,2927.20607201462,3512.647286417544,4098.088500820468,4683.5297152233925,2368.198288924984,3157.597718566645,3946.997148208307,4736.396577849968,5525.796007491629,6315.19543713329,1446.4640785237164,2080.841956619393,2715.2198347150697,3349.5977128107465,3983.975590906423,1858.1843884831333,2500.8254344530706,3143.466480423008,3786.1075263929456,4428.748572362882
.IXIC,2010-05-21,2229.04,18.16565,15.18854,12.30661,14.075246493150685,122.70631659202947,158.36596546175574,1840.594748880442,2454.1263318405895,3067.6579148007368,3681.189497760884,4294.721080721031,4908.252663681179,2375.489481926336,3167.319309235115,3959.1491365438933,4750.978963852672,5542.808791161451,6334.63861847023,1515.8676464155924,2180.6839493468533,2845.500252278115,3510.3165552093765,4175.132858140638,1863.9053541099936,2508.5249590201474,3153.144563930301,3797.7641688404547,4442.383773750608
.IXIC,2010-05-28,2257.04,19.16061,15.35265,12.47325,14.185112465753429,117.79583217862063,159.11329610174644,1766.9374826793094,2355.916643572413,2944.8958044655155,3533.8749653586187,4122.854126251722,4711.833287144826,2386.6994415261966,3182.2659220349287,3977.832402543661,4773.398883052393,5568.965363561126,6364.5318440698575,1455.205370362902,2093.416929675479,2731.6284889880562,3369.8400483006335,4008.0516076132103,1872.701142883848,2520.362714421638,3168.024285959428,3815.685857497218,4463.347429035008
.IXIC,2011-01-14,2755.3,18.22309,14.84981,,14.84981,151.19828744740877,185.54446151162878,2267.9743117111316,3023.9657489481756,3779.957186185219,4535.948623422263,5291.940060659307,6047.931497896351,2783.1669226744316,3710.8892302325758,4638.61153779072,5566.333845348863,6494.056152907007,7421.7784604651515,1867.846729496397,2687.0310165166607,3506.215303536925,4325.399590557189,5144.583877577453,2183.785602093259,2939.0337207414373,3694.2818393896155,4449.529958037793,5204.778076685971
.IXIC,2011-01-21,2689.54,17.58489,14.35315,,14.35315,152.94608041335485,187.383257333756,2294.1912062003225,3058.921608267097,3823.652010333871,4588.382412400645,5353.112814467419,6117.843216534194,2810.7488600063402,3747.66514667512,4684.5814333439,5621.4977200126805,6558.41400668146,7495.33029335024,1889.4383058984429,2718.0920423340353,3546.745778769628,4375.399515205221,5204.053251640813,2205.427508344926,2968.160340219926,3730.8931720949267,4493.626003969927,5256.358835844928
.IXIC,2011-01-28,2686.89,17.45588,14.26656,,14.26656,153.92463742876325,188.33481932575197,2308.869561431449,3078.492748575265,3848.1159357190813,4617.739122862898,5387.362310006713,6156.98549715053,2825.0222898862794,3766.696386515039,4708.370483143799,5650.044579772559,6591.718676401319,7533.392773030078,1901.5270309211523,2735.482537267696,3569.43804361424,4403.393549960784,5237.349056307327,2216.6270200990925,2983.233130639363,3749.839241179634,4516.4453517199045,5283.051462260175
.IXIC,2011-02-04,2769.3,18.06022,14.64369,,14.64369,153.33700253928248,189.11217049800973,2300.0550380892373,3066.7400507856496,3833.425063482062,4600.110076178475,5366.7950888748865,6133.480101571299,2836.682557470146,3782.2434099601946,4727.804262450243,5673.365114940292,6618.92596743034,7564.486819920389,1894.267610692359,2725.0393424334197,3555.8110741744813,4386.582805915543,5217.3545376566035,2225.7761387734886,2995.54641280101,3765.3166868285307,4535.086960856052,5304.857234883573
.IXIC,2011-02-11,2809.44,18.28262,14.86079,,14.86079,153.66725338053297,189.05051481112378,2305.0088007079944,3073.3450676106595,3841.681334513324,4610.017601415989,5378.353868318654,6146.690135221319,2835.7577221668566,3781.0102962224755,4726.262870278095,5671.515444333713,6616.768018389332,7562.020592444951,1898.3474052730862,2730.908418523183,3563.469431773281,4396.030445023379,5228.591458273476,2225.050475500051,2994.5697835804067,3764.0890916607623,4533.608399741118,5303.127707821473
.IXIC,2011-02-18,2833.95,18.41804,14.90118,11.03822,14.382590849315068,153.86816403917027,197.04029890657418,2308.022460587554,3077.3632807834056,3846.7041009792565,4616.044921175108,5385.385741370959,6154.726561566811,2955.6044835986127,3940.8059781314837,4926.007472664354,5911.208967197225,6896.410461730096,7881.611956262967,1900.8293799236733,2734.478916446283,3568.1284529688937,4401.777989491504,5235.427526014114,2319.087103321382,3121.128370598649,3923.1696378759157,4725.2109051531825,5527.25217243045
.IXIC,2011-02-25,2781.05,17.99429,14.67018,11.25094,14.145584273972602,154.55180504482257,196.60198872923462,2318.2770756723385,3091.0361008964514,3863.7951261205644,4636.554151344677,5409.31317656879,6182.072201792903,2949.0298309385194,3932.039774584692,4915.049718230865,5898.059661877039,6881.069605523212,7864.079549169384,1909.2748235733009,2746.628290737241,3583.9817579011815,4421.335225065122,5258.688692229062,2313.9283642960995,3114.1855150649935,3914.4426658338875,4714.6998166027815,5514.956967371675
.IXIC,2011-03-04,2784.67,18.93964,14.66664,11.37149,14.09788808219178,147.0286658035739,197.52391165011088,2205.4299870536083,2940.5733160714776,3675.7166450893474,4410.859974107217,5146.003303125086,5881.146632142955,2962.8586747516633,3950.4782330022176,4938.0977912527715,5925.717349503327,6913.336907753881,7900.956466004435,1816.336793225569,2612.9302917447576,3409.523790263947,4206.117288783136,5002.710787302325,2324.7790357979443,3128.7888210882775,3932.798606378611,4736.808391668944,5540.8181769592775
.IXIC,2011-03-11,2715.61,18.4345,14.28969,10.96789,14.111937606454608,147.31129132875859,192.43353221445062,2209.6693699313787,2946.2258265751716,3682.7822832189645,4419.338739862757,5155.895196506551,5892.451653150343,2886.5029832167593,3848.6706442890127,4810.838305361265,5773.005966433519,6735.173627505772,7697.341288578025,1819.828242578605,2617.9529911750983,3416.0777397715924,4214.202488368086,5012.327236964579,2264.867264623412,3048.1569515574447,3831.4466384914776,4614.736325425511,5398.0260123595435
.IXIC,2011-03-18,2643.67,17.9433,13.91696,10.75771,14.125987130717435,147.33465973371676,187.14939887289367,2210.0198960057514,2946.6931946743352,3683.366493342919,4420.039792011503,5156.713090680087,5893.3863893486705,2807.2409830934052,3742.9879774578735,4678.734971822341,5614.4819661868105,6550.228960551279,7485.975954915747,1820.11692705719,2618.368284429997,3416.619641802805,4214.870999175612,5013.12235654842,2202.6750859034355,2964.4560102886767,3726.2369346739183,4488.0178590591595,5249.798783444401
.IXIC,2011-03-25,2743.06,18.56969,14.43583,11.14299,14.140036654980264,147.71705935855687,193.99242497959625,2215.755890378353,2954.3411871711373,3692.926483963922,4431.511780756706,5170.097077549491,5908.682374342275,2909.8863746939437,3879.8484995919252,4849.810624489906,5819.772749387887,6789.7348742858685,7759.6969991838505,1824.8409480806865,2625.1641263009383,3425.4873045211903,4225.810482741443,5026.133660961695,2283.214821580907,3072.849892356951,3862.4849631329944,4652.120033909038,5441.755104685082
.IXIC,2011-04-01,2789.6,18.83624,14.69448,11.3366,14.154086179243091,148.0974971650393,197.0879620678682,2221.4624574755894,2961.949943300786,3702.4374291259824,4442.924914951179,5183.412400776376,5923.899886601572,2956.319431018023,3941.759241357364,4927.199051696705,5912.638862036046,6898.078672375387,7883.518482714728,1829.5407335386546,2631.925103578736,3434.309473618818,4236.6938436589,5039.078213698981,2319.648080051898,3121.88335750119,3924.1186349504815,4726.353912399773,5528.589189849065
.IXIC,2011-04-08,2780.41,18.53991,14.61276,11.24453,14.16813570350592,149.96890491917168,196.24388544725645,2249.5335737875753,2999.3780983834336,3749.222622979292,4499.067147575151,5248.911672171009,5998.756196766867,2943.6582817088465,3924.8777089451287,4906.097136181411,5887.316563417693,6868.535990653975,7849.755417890257,1852.6594005032273,2665.182958312392,3477.7065161215573,4290.230073930723,5102.753631739887,2309.713628998289,3108.5131408390666,3907.312652679844,4706.112164520622,5504.911676361399
.IXIC,2011-04-15,2764.65,18.3837,14.53677,11.20134,14.182185227768748,150.38593971833743,194.93822394780247,2255.7890957750615,3007.7187943667486,3759.648492958436,4511.578191550123,5263.50789014181,6015.437588733497,2924.0733592170373,3898.7644789560495,4873.455598695062,5848.1467184340745,6822.837838173086,7797.528957912099,1857.811291433069,2672.594321623732,3487.3773518143953,4302.160382005059,5116.943412195722,2294.3465048034427,3087.831396186028,3881.3162875686135,4674.801178951198,5468.286070333784
.IXIC,2011-04-21,2820.16,18.45004,14.73382,11.391,14.196234752031575,152.85386915150318,198.6554920554844,2292.8080372725476,3057.0773830300636,3821.346728787579,4585.616074545095,5349.885420302611,6114.154766060127,2979.8323808322657,3973.1098411096877,4966.38730138711,5959.664761664531,6952.942221941954,7946.2196822193755,1888.2991626794278,2716.453303398227,3544.6074441170267,4372.761584835826,5200.915725554625,2338.097293733176,3146.713112344552,3955.3289309559277,4763.944749567304,5572.56056817868
.IXIC,2011-04-29,2873.54,18.58388,14.70706,11.31966,14.210284276294404,154.62540653512613,202.21551829147003,2319.381098026892,3092.5081307025225,3865.6351633781533,4638.762196053784,5411.889228729415,6185.016261405045,3033.2327743720507,4044.310365829401,5055.387957286751,6066.465548744101,7077.543140201451,8088.620731658802,1910.1840686796477,2747.9363048070186,3585.6885409343904,4423.440777061762,5261.193013189133,2379.9974074519164,3203.1041092465543,4026.2108110411928,4849.317512835832,5672.42421463047
.IXIC,2011-05-06,2827.56,18.17432,14.45418,11.17718,14.22433380055723,155.57996117598896,198.78329907367836,2333.6994176398343,3111.599223519779,3889.499029399724,4667.398835279669,5445.298641159614,6223.198447039558,2981.7494861051755,3975.665981473567,4969.582476841959,5963.498972210351,6957.415467578743,7951.331962947134,1921.9762774021267,2764.900239850598,3607.8242022990703,4450.748164747542,5293.672127196014,2339.6015322531757,3148.7375820223815,3957.873631791587,4767.009681560792,5576.145731329998
.IXIC,2011-05-13,2828.47,18.19081,14.45333,11.20553,14.23838332482006,155.48895293832436,198.65106420259585,2332.3342940748653,3109.779058766487,3887.223823458109,4664.668588149731,5442.113352841353,6219.558117532974,2979.7659630389376,3973.021284051917,4966.276605064896,5959.531926077875,6952.787247090855,7946.042568103834,1920.85199589108,2763.2828805438776,3605.713765196676,4448.144649849474,5290.575534502272,2338.0451796398343,3146.642974929272,3955.2407702187097,4763.838565508147,5572.436360797585
.IXIC,2011-05-20,2803.32,17.95637,14.28755,11.1004,14.252432849082888,156.11841368829002,196.69063027231786,2341.7762053243505,3122.3682737658005,3902.9603422072505,4683.552410648701,5464.1444790901505,6244.736547531601,2950.359454084768,3933.8126054463573,4917.265756807947,5900.718908169536,6884.172059531125,7867.625210892715,1928.6281170563323,2774.4693866041785,3620.3106561520253,4466.151925699873,5311.993195247718,2314.9716405219456,3115.589601622241,3916.2075627225363,4716.825523822831,5517.443484923127
.IXIC,2011-05-27,2796.86,17.88503,14.32015,11.04066,14.266482373345715,156.3799445681668,196.04412123519782,2345.699168522502,3127.598891363336,3909.49861420417,4691.398337045004,5473.298059885838,6255.197782726672,2940.661818527967,3920.8824247039565,4901.103030879945,5881.323637055934,6861.544243231924,7841.764849407913,1931.8589711016207,2779.11720105942,3626.3754310172194,4473.633660975019,5320.891890932819,2307.3624825045968,3105.3488655454016,3903.3352485862065,4701.321631627012,5499.308014667817
.IXIC,2011-06-03,2732.78,17.45902,14.03861,10.80269,14.280531897608544,156.52539489616257,191.3640205836898,2347.8809234424384,3130.507897923251,3913.134872404064,4695.761846884877,5478.38882136569,6261.015795846502,2870.460308755347,3827.280411673796,4784.100514592245,5740.920617510694,6697.740720429143,7654.560823347592,1933.6558097036823,2781.7020818096275,3629.7483539155733,4477.794626021519,5325.840898127464,2252.2795318422836,3031.215832852405,3810.152133862526,4589.088434872648,5368.024735882769
.IXIC,2011-06-10,2643.73,16.8969,13.57635,10.50753,14.29458142187137,156.46242801934085,184.94630391589996,2346.936420290113,3129.248560386817,3911.560700483521,4693.872840580226,5476.18498067693,6258.497120773634,2774.1945587384994,3698.9260783179993,4623.657597897499,5548.389117476999,6473.120637056499,7397.852156635999,1932.8779406092392,2780.5830615224963,3628.288182435754,4475.9933033490115,5323.698424262268,2176.7455215934515,2929.558873958935,3682.3722263244176,4435.185578689901,5187.998931055384
.IXIC,2011-06-17,2616.48,16.75775,13.43119,10.40448,14.3086309461342,156.1355193865525,182.86026174341308,2342.0327907982874,3122.7103877310497,3903.3879846638124,4684.065581596575,5464.7431785293375,6245.420775462099,2742.903926151196,3657.2052348682614,4571.506543585327,5485.807852302392,6400.109161019458,7314.410469736523,1928.8394344137887,2774.773381725859,3620.70732903793,4466.64127635,5312.575223662071,2152.193622687266,2896.5158596976685,3640.8380967080716,4385.160333718474,5129.482570728877
.IXIC,2011-06-24,2652.89,16.98031,13.66784,10.64743,14.322680470397026,156.2333078724711,185.2230108381704,2343.4996180870667,3124.666157449422,3905.8326968117776,4686.999236174133,5468.165775536489,6249.332314898844,2778.345162572556,3704.4602167634084,4630.57527095426,5556.690325145112,6482.805379335964,7408.920433526817,1930.0474765595636,2776.51123669206,3622.974996824556,4469.438756957053,5315.902517089548,2180.0022536345527,2933.9419257013037,3687.8815977680547,4441.821269834805,5195.760941901556
.IXIC,2011-07-01,2816.03,17.47406,14.14183,10.95581,14.336729994659855,161.15487757281363,196.42066224647567,2417.3231635922043,3223.0975514562724,4028.871939320341,4834.646327184409,5640.420715048477,6446.195102912545,2946.309933697135,3928.4132449295134,4910.5165561618915,5892.61986739427,6874.723178626648,7856.826489859027,1990.8466960743408,2863.975259321078,3737.1038225678158,4610.232385814554,5483.360949061291,2311.7942226510127,3111.3132943425303,3910.832366034048,4710.351437725566,5509.870509417084
.IXIC,2011-07-08,2859.81,18.28023,14.81443,11.49517,14.350779518922684,156.44277998690387,199.2790702574104,2346.641699803558,3128.855599738077,3911.069499672597,4693.283399607116,5475.497299541636,6257.711199476154,2989.1860538611563,3985.5814051482084,4981.9767564352605,5978.372107722313,6974.767459009365,7971.162810296417,1932.6352162123692,2780.233885129939,3627.83255404751,4475.43122296508,5323.029891882651,2345.4365648062703,3156.590622823974,3967.744680841678,4778.898738859381,5590.052796877085
.IXIC,2011-07-15,2789.8,17.77572,14.41385,11.15988,14.36482904318551,156.9444163161886,194.21045608081533,2354.166244742829,3138.888326323772,3923.6104079047154,4708.332489485658,5493.054571066601,6277.776652647544,2913.15684121223,3884.2091216163067,4855.261402020384,5826.31368242446,6797.365962828537,7768.418243232613,1938.832242599834,2789.1487504935335,3639.4652583872335,4489.781766280933,5340.098274174633,2285.7809622017144,3076.3035161053112,3866.8260700089077,4657.348623912505,5447.871177816101
.IXIC,2011-07-22,2858.83,17.69543,14.70431,11.16688,14.37887856744834,161.55753208596795,198.8214857361665,2423.362981289519,3231.150641719359,4038.9383021491985,4846.725962579038,5654.513623008878,6462.301283438718,2982.3222860424976,3976.42971472333,4970.537143404163,5964.644572084995,6958.752000765828,7952.85942944666,1995.8209383637836,2871.131062366548,3746.4411863693135,4621.7513103720785,5497.061434374843,2340.050974306332,3149.342460701167,3958.6339470960024,4767.925433490837,5577.216919885673
.IXIC,2011-07-29,2756.38,16.15808,13.02792,10.54846,14.392928091711166,170.5883372281855,191.5093289174,2558.8250584227826,3411.7667445637103,4264.708430704638,5117.650116845565,5970.591802986492,6823.533489127421,2872.639933761,3830.1865783480002,4787.733222935,5745.279867522,6702.826512109001,7660.3731566960005,2107.384105740779,3031.6226521254416,3955.8611985101047,4880.099744894767,5804.33829127943,2253.9897539876138,3033.517524259412,3813.0452945312104,4592.5730648030085,5372.100835074807
.IXIC,2011-08-05,2532.41,14.84229,12.51071,9.76731,14.406977615973995,170.62124510436058,175.7766318170818,2559.3186765654086,3412.4249020872116,4265.531127609014,5118.637353130817,5971.74357865262,6824.849804174423,2636.6494772562273,3515.532636341636,4394.415795427045,5273.298954512455,6152.1821135978635,7031.065272683272,2107.790637255957,3032.2074767650784,3956.6243162742003,4881.041155783322,5805.457995292443,2068.822074338949,2784.3108008717227,3499.7995274044965,4215.28825393727,4930.776980470044
.IXIC,2011-08-12,2507.98,14.73756,12.52081,9.72189,14.421027140236824,170.1760671373009,173.91132931179087,2552.6410070595134,3403.5213427460176,4254.401678432522,5105.282014119027,5956.162349805531,6807.042685492035,2608.669939676863,3478.226586235817,4347.783232794772,5217.339879353726,6086.89652591268,6956.453172471634,2102.291076223524,3024.295965162969,3946.300854102414,4868.305743041859,5790.310631981304,2046.8681948137034,2754.7643141818467,3462.6604335499896,4170.556552918133,4878.452672286276
.IXIC,2011-08-19,2341.84,14.61584,11.65641,9.09292,14.43507666449965,160.22616558473547,162.2325987197085,2403.392483771032,3204.5233116947093,4005.6541396183866,4806.784967542064,5607.915795465741,6409.0466233894185,2433.4889807956274,3244.65197439417,4055.814967992713,4866.977961591255,5678.140955189798,6489.30394878834,1979.3737377567456,2847.4705888019434,3715.567439847142,4583.66429089234,5451.761141937538,1909.4141123262177,2569.7726267666258,3230.131141207034,3890.4896556474423,4550.84817008785
.IXIC,2011-08-26,2479.85,14.49412,12.40117,9.67346,14.44912618876248,171.0935193030001,171.62629543152954,2566.4027895450017,3421.870386060002,4277.337982575003,5132.805579090003,5988.273175605003,6843.740772120004,2574.3944314729433,3432.525908630591,4290.657385788239,5148.788862945887,6006.920340103534,6865.051817261182,2113.6249349338404,3040.6005309554994,3967.5761269771588,4894.551722998818,5821.527319020477,2019.9742414865264,2718.5692611341233,3417.16428078172,4115.759300429317,4814.354320076914
.IXIC,2011-09-02,2480.33,14.49844,12.44172,9.78203,14.463175713025306,171.07564675923754,171.49276543506653,2566.1347013885634,3421.512935184751,4276.891168980938,5132.269402777127,5987.647636573314,6843.025870369502,2572.3914815259977,3429.8553087013306,4287.3191358766635,5144.7829630519955,6002.246790227328,6859.710617402661,2113.4041442557295,3040.2829077849938,3967.161671314258,4894.040434843523,5820.919198372787,2018.4026457549812,2716.4541391890216,3414.505632623062,4112.557126057102,4810.608619491143
.IXIC,2011-09-09,2467.99,14.39204,12.40497,9.77632,14.477225237288135,171.48298642860914,170.473965801357,2572.244796429137,3429.6597285721828,4287.074660715229,5144.489592858274,6001.90452500132,6859.3194571443655,2557.109487020355,3409.47931602714,4261.849145033925,5114.21897404071,5966.588803047495,6818.95863205428,2118.4362652015075,3047.5219734142247,3976.607681626942,4905.693389839659,5834.779098052377,2006.4117733064747,2700.3163011002052,3394.220828893935,4088.1253566876653,4782.029884481396
.IXIC,2011-09-16,2622.31,15.34266,13.12773,10.33326,14.491274761550963,170.91625572097666,180.95785520247364,2563.74383581465,3418.3251144195333,4272.9063930244165,5127.4876716293,5982.068950234183,6836.650228839067,2714.3678280371046,3619.1571040494728,4523.946380061841,5428.735656074209,6333.524932086577,7238.3142080989455,2111.4350873665753,3037.450278720258,3963.465470073941,4889.480661427624,5815.495852781307,2129.803043202514,2866.3816431932883,3602.9602431840626,4339.538843174837,5076.117443165611
.IXIC,2011-09-23,2483.23,14.51034,12.45891,9.81537,14.50532428581379,171.13520427502044,171.1943801510594,2567.0280641253066,3422.704085500409,4278.380106875511,5134.056128250613,5989.7321496257155,6845.408171000818,2567.915702265891,3423.8876030211877,4279.859503776484,5135.831404531782,5991.803305287079,6847.775206042375,2114.139895387241,3041.3413383722514,3968.5427813572624,4895.744224342273,5822.945667327283,2014.8907678914081,2711.7277010925927,3408.564634293777,4105.4015674949615,4802.238500696146
.IXIC,2011-09-30,2415.4,14.14334,12.12311,9.539,14.519373810076619,170.78002791419848,166.35703657713418,2561.7004187129774,3415.60055828397,4269.500697854962,5123.400837425955,5977.300976996947,6831.20111656794,2495.3555486570126,3327.1407315426836,4158.925914428354,4990.711097314025,5822.496280199696,6654.281463085367,2109.752180320121,3035.029296655548,3960.3064129909762,4885.583529326404,5810.860645661831,1957.9571296515292,2635.103932499602,3312.250735347675,3989.3975381957475,4666.54434104382
.IXIC,2011-10-07,2479.35,14.51975,12.48551,9.90492,14.533423334339446,170.7570722636409,170.5964206066862,2561.3560839546135,3415.141445272818,4268.926806591023,5122.712167909227,5976.497529227432,6830.282890545636,2558.946309100293,3411.928412133724,4264.910515167155,5117.892618200586,5970.874721234017,6823.856824267448,2109.468594854033,3034.621338694556,3959.7740825350797,4884.926826375603,5810.079570216126,2007.853018378445,2702.2559914536505,3396.658964528856,4091.0619376040613,4785.464910679267
.IXIC,2011-10-14,2667.85,15.59933,13.36535,10.57176,14.547472858602275,171.023370875544,183.38924058706425,2565.35056313316,3420.4674175108803,4275.5842718886,5130.70112626632,5985.81798064404,6840.934835021761,2750.8386088059638,3667.784811741285,4584.731014676607,5501.6772176119275,6418.623420547248,7335.56962348257,2112.758347666119,3039.3538832353656,3965.949418804613,4892.5449543738605,5819.140489943107,2158.419496384417,2904.894911523757,3651.370326663097,4397.845741802437,5144.321156941777
.IXIC,2011-10-21,2637.46,15.18646,13.14233,10.44136,14.561522382865103,173.67181028363424,181.1252924421943,2605.0771542545135,3473.436205672685,4341.7952570908565,5210.154308509027,6078.5133599271985,6946.87241134537,2716.8793866329147,3622.5058488438863,4528.132311054857,5433.758773265829,6339.3852354768005,7245.0116976877725,2145.476171195644,3086.4208107452346,4027.365450294825,4968.310089844416,5909.254729394007,2131.7737138998623,2869.0338575985998,3606.2940012973377,4343.554144996075,5080.814288694813
.IXIC,2011-10-28,2737.15,15.81943,13.64064,10.87635,14.57557190712793,173.024565360446,187.79022994366653,2595.3684804066897,3460.49130720892,4325.61413401115,5190.7369608133795,6055.85978761561,6920.98261441784,2816.853449154998,3755.8045988733306,4694.755748591663,5633.706898309996,6572.658048028328,7511.609197746661,2137.4803510486677,3074.9182519977044,4012.3561529467415,4949.794053895779,5887.231954844815,2210.217416481921,2974.6068070893793,3738.9961976968375,4503.385588304296,5267.774978911754
.IXIC,2011-11-04,2686.15,15.60502,13.73642,10.81152,14.589621431390759,172.1337108186981,184.11375597591103,2582.0056622804714,3442.674216373962,4303.342770467452,5164.011324560943,6024.679878654433,6885.348432747924,2761.7063396386657,3682.275119518221,4602.843899397776,5523.412679277331,6443.981459156887,7364.550239036442,2126.4750693728442,3059.086367752891,3991.6976661329386,4924.308964512986,5856.920262893033,2166.946758592993,2916.371272185071,3665.79578577715,4415.220299369229,5164.644812961307
.IXIC,2011-11-11,2678.75,15.59339,13.71102,10.84362,14.603670955653586,171.78753305086323,183.42990664021798,2576.8129957629485,3435.7506610172645,4294.688326271581,5153.625991525897,6012.563656780213,6871.501322034529,2751.4485996032695,3668.5981328043595,4585.74766600545,5502.897199206539,6420.046732407629,7337.196265608719,2122.198519536262,3052.934245165363,3983.6699707944645,4914.405696423566,5845.141422052667,2158.898119894101,2905.5390638769695,3652.1800078598385,4398.8209518427075,5145.461895825576
.IXIC,2011-11-18,2572.5,14.93827,13.16292,10.48877,14.617720479916414,172.20869618771118,175.985031560455,2583.1304428156677,3444.173923754224,4305.217404692779,5166.260885631335,6027.3043665698915,6888.347847508448,2639.7754734068253,3519.7006312091003,4399.625789011376,5279.550946813651,6159.476104615926,7039.4012624182005,2127.401410395853,3060.4189755206426,3993.4365406454326,4926.454105770223,5859.471670895013,2071.274857652181,2787.611863421247,3503.948869190313,4220.28587495938,4936.622880728445
.IXIC,2011-11-25,2441.51,14.22139,12.62096,9.98913,14.631770004179241,171.6787177624691,166.86361248862147,2575.1807664370363,3433.574355249382,4291.967944061727,5150.3615328740725,6008.7551216864185,6867.148710498764,2502.954187329322,3337.2722497724294,4171.590312215537,5005.908374658644,5840.226437101752,6674.544499544859,2120.854256423382,3051.000426602187,3981.1465967809922,4911.2927669597975,5841.438937138602,1963.91932961622,2643.1281207391585,3322.336911862097,4001.545702985036,4680.754494107974
.IXIC,2011-12-02,2626.93,16.01979,13.59311,10.70902,14.64581952844207,163.98030186413177,179.3638106012792,2459.7045279619765,3279.6060372826355,4099.507546603294,4919.409055923953,5739.310565244612,6559.212074565271,2690.457159019188,3587.276212025584,4484.09526503198,5380.914318038376,6277.733371044772,7174.552424051168,2025.7509242311176,2914.18748615091,3802.6240480707033,4691.060609990497,5579.49717191029,2111.041762909786,2841.131895520369,3571.222028130952,4301.312160741535,5031.402293352118
.IXIC,2011-12-09,2646.85,16.1266,13.57249,10.77403,14.659869052704899,164.12945072116875,180.5507259637922,2461.9417608175313,3282.589014423375,4103.236268029219,4923.883521635063,5744.530775240906,6565.17802884675,2708.260889456883,3611.0145192758437,4513.768149094804,5416.521778913766,6319.275408732727,7222.029038551687,2027.5934530687641,2916.838095570516,3806.0827380722685,4695.327380574021,5584.572023075772,2125.0112916062635,2859.9326953161262,3594.854099025989,4329.775502735852,5064.696906445714
.IXIC,2011-12-16,2555.33,15.55842,13.14151,10.44767,14.673918576967726,164.24097048414941,174.14094173937028,2463.6145572622413,3284.8194096829884,4106.024262103735,4927.229114524483,5748.433966945229,6569.638819365977,2612.1141260905542,3482.8188347874056,4353.523543484257,5224.2282521811085,6094.93296087796,6965.637669574811,2028.9711262426756,2918.819976894323,3808.668827545971,4698.517678197619,5588.366528849267,2049.5706431073604,2758.40138672963,3467.2321303518993,4176.062873974169,4884.893617596438
.IXIC,2011-12-23,2618.64,15.92652,13.62645,10.80216,14.687968101230554,164.4200993060631,178.2847009165693,2466.3014895909464,3288.401986121262,4110.502482651577,4932.602979181893,5754.703475712208,6576.803972242524,2674.2705137485395,3565.6940183313864,4457.117522914233,5348.541027497079,6239.964532079925,7131.388036662773,2031.184016281436,2922.00337737167,3812.822738461905,4703.642099552139,5594.461460642374,2098.341064794897,2824.0387431519152,3549.736421508933,4275.434099865951,5001.131778222969
.IXIC,2011-12-30,2605.15,15.83563,13.5935,10.77888,14.702017625493383,164.51192658580683,177.19676757036768,2467.6788987871023,3290.2385317161365,4112.798164645171,4935.357797574205,5757.917430503239,6580.477063432273,2657.9515135555152,3543.9353514073537,4429.919189259192,5315.9030271110305,6201.886864962869,7087.870702814707,2032.318415930027,2923.6352923423974,3814.9521687547685,4706.26904516714,5597.585921579511,2085.5365156420066,2806.8058235360136,3528.0751314300205,4249.344439324027,4970.613747218034
.IXIC,2012-01-06,2674.22,16.23802,11.12495,,14.71606714975621,164.68879826481307,181.72110610709612,2470.331973972196,3293.7759652962613,4117.219956620327,4940.663947944392,5764.107939268458,6587.551930592523,2725.8165916064418,3634.4221221419225,4543.027652677403,5451.6331832128835,6360.238713748364,7268.844244283845,2034.5034220749362,2926.778579845561,3819.053737616186,4711.328895386811,5603.604053157436,2138.7862072523594,2878.4715763974186,3618.1569455424774,4357.842314687536,5097.527683832594
.IXIC,2012-01-13,2710.67,16.43043,11.26554,,14.730116674019039,164.9786402425256,184.0223034201132,2474.6796036378837,3299.5728048505116,4124.4660060631395,4949.359207275767,5774.252408488395,6599.145609701023,2760.334551301698,3680.446068402264,4600.55758550283,5520.669102603396,6440.780619703962,7360.892136804528,2038.0840207661045,2931.9295269703616,3825.7750331746197,4719.620539378878,5613.466045583135,2165.870397849056,2914.9226590432504,3663.9749202374446,4413.027181431638,5162.079442625833
.IXIC,2012-01-20,2786.7,16.73267,11.55165,,14.744166198281865,166.542458555628,189.00356673439651,2498.13687833442,3330.84917111256,4163.5614638907,4996.27375666884,5828.98604944698,6661.69834222512,2835.053501015948,3780.07133468793,4725.089168359913,5670.107002031896,6615.124835703878,7560.14266937586,2057.4028435581345,2959.721034284653,3862.0392250111718,4764.357415737691,5666.6756064642095,2224.4979150346635,2993.826123653825,3763.1543322729867,4532.482540892148,5301.81074951131
.IXIC,2012-01-27,2816.55,16.0588,11.47331,,14.758215722544694,175.3898174209779,190.8462413716741,2630.8472613146682,3507.796348419558,4384.745435524447,5261.6945226293365,6138.643609734227,7015.592696839116,2862.6936205751113,3816.924827433482,4771.156034291853,5725.3872411502225,6679.618448008593,7633.849654866964,2166.699784683032,3116.9524956113414,4067.205206539652,5017.457917467962,5967.710628396272,2246.1854734206463,3023.0141837618567,3799.8428941030675,4576.671604444277,5353.500314785489
.IXIC,2012-02-03,2905.66,16.82717,11.85383,,14.772265246807521,172.67668895007301,196.69698258552125,2590.150334251095,3453.53377900146,4316.917223751825,5180.30066850219,6043.684113252555,6907.06755800292,2950.454738782819,3933.939651710425,4917.424564638031,5900.909477565638,6884.394390493244,7867.87930342085,2133.182816821568,3068.7359418646492,4004.2890669077315,4939.842191950814,5875.395316993895,2315.0464047590485,3115.690222586927,3916.334040414806,4716.977858242684,5517.621676070564
.IXIC,2012-02-10,2903.88,16.77167,11.91536,,14.78631477107035,173.1419709545919,196.38970527541355,2597.1295643188787,3462.839419091838,4328.549273864797,5194.259128637757,6059.968983410717,6925.678838183676,2945.845579131203,3927.794105508271,4909.742631885339,5891.691158262406,6873.639684639475,7855.588211016542,2138.930735565267,3077.004733784691,4015.078732004116,4953.152730223541,5891.226728442965,2311.429871232818,3110.8229343441644,3910.215997455511,4709.609060566858,5509.002123678204
.IXIC,2012-02-17,2951.78,16.99204,12.07301,9.67441,14.800364295333178,173.7154573553264,199.4396854765764,2605.7318603298963,3474.309147106528,4342.88643388316,5211.463720659793,6080.0410074364245,6948.618294213056,2991.5952821486458,3988.793709531528,4985.9921369144095,5983.1905642972915,6980.388991680174,7977.587419063056,2146.0153706898227,3087.1964877545242,4028.3776048192267,4969.558721883929,5910.739838948632,2347.326942995057,3159.134776076231,3970.9426091574055,4782.750442238579,5594.558275319754
.IXIC,2012-02-24,2963.75,17.07495,12.10356,9.93416,14.814413819596005,173.57298264416585,200.058540019967,2603.594739662488,3471.459652883317,4339.3245661041465,5207.189479324976,6075.054392545805,6942.919305766634,3000.878100299505,4001.1708003993404,5001.463500499175,6001.75620059901,7002.0489006988455,8002.341600798681,2144.25529173807,3084.6644883885206,4025.073685038972,4965.482881689423,5905.8920783398735,2354.6106184582654,3168.937463563861,3983.264308669457,4797.591153775053,5611.917998880649
.IXIC,2012-03-02,2976.19,17.24106,12.22696,10.10634,14.828463343858834,172.62221696345816,200.70791767055084,2589.3332544518726,3452.4443392691633,4315.555424086454,5178.666508903745,6041.777593721035,6904.8886785383265,3010.6187650582624,4014.158353411017,5017.697941763771,6021.237530116525,7024.777118469279,8028.316706822034,2132.509890403118,3067.767889117251,4003.0258878313844,4938.283886545518,5873.54188525965,2362.2535389319505,3179.223638624075,3996.1937383162,4813.163838008324,5630.133937700449
.IXIC,2012-03-09,2988.34,17.31668,12.27983,10.18911,14.842512868121661,172.57003074492337,201.33652748371702,2588.5504611738506,3451.400614898467,4314.250768623085,5177.100922347701,6039.951076072318,6902.801229796934,3020.0479122557554,4026.73054967434,5033.413187092926,6040.095824511511,7046.778461930096,8053.46109934868,2131.865201503127,3066.840458058308,4001.81571461349,4936.790971168672,5871.766227723852,2369.6520300975885,3189.1808500818183,4008.709670066048,4828.2384900502775,5647.767310034507
.IXIC,2012-03-16,3055.26,17.74999,12.70384,10.67844,14.85656239238449,172.12742091685686,205.65053471361142,2581.911313752853,3442.5484183371373,4303.185522921422,5163.822627505706,6024.45973208999,6885.0968366742745,3084.7580207041715,4113.010694272229,5141.263367840285,6169.516041408343,7197.7687149764,8226.021388544457,2126.397366293125,3058.9745863192284,3991.551806345333,4924.129026371437,5856.706246397541,2420.4262046497033,3257.5149443300984,4094.603684010493,4931.692423690888,5768.781163371283
.IXIC,2012-03-23,3067.92,17.77907,12.71032,10.75335,14.870611916647318,172.5579571934865,206.30758284839186,2588.3693579022975,3451.1591438697296,4313.948929837162,5176.738715804595,6039.528501772027,6902.318287739459,3094.6137427258777,4126.151656967837,5157.689571209797,6189.2274854517555,7220.765399693715,8252.303313935674,2131.7160493933675,3066.6258920884275,4001.5357347834884,4936.445577478549,5871.355420173609,2428.1594037165255,3267.9226202506698,4107.685836784814,4947.449053318958,5787.212269853102
.IXIC,2012-03-30,3091.57,17.91331,12.82413,10.81011,14.884661440910145,172.585077799692,207.70173458583963,2588.7761669953798,3451.70155599384,4314.626944992299,5177.5523339907595,6040.47772298922,6903.40311198768,3115.5260187875947,4154.034691716793,5192.543364645991,6231.052037575189,7269.560710504387,8308.069383433585,2132.051087153769,3067.1078678521167,4002.164648550465,4937.2214292488125,5872.278209947161,2444.568023335608,3290.0060547806324,4135.444086225657,4980.882117670682,5826.320149115707
.IXIC,2012-04-05,3080.5,17.85452,12.82775,10.81791,14.898710965172974,172.53334169722848,206.76285399461304,2588.000125458427,3450.6668339445696,4313.3335424307115,5176.000250916854,6038.666959402997,6901.333667889139,3101.4428099191955,4135.257079892261,5169.071349865326,6202.885619838391,7236.699889811456,8270.514159784521,2131.411958818291,3066.1884360626427,4000.964913306995,4935.741390551347,5870.517867795699,2433.5177666989957,3275.1341383952886,4116.750510091581,4958.366881787874,5799.983253484166
.IXIC,2012-04-13,3011.33,17.40246,12.51547,10.57468,14.9127604894358,173.04047818526803,201.9297501715545,2595.6071727790204,3460.8095637053607,4326.011954631701,5191.214345558041,6056.416736484381,6921.619127410721,3028.9462525733175,4038.59500343109,5048.243754288863,6057.892505146635,7067.541256004408,8077.19000686218,2137.6769320966587,3075.201047885006,4012.725163673354,4950.249279461702,5887.773395250049,2376.634028665373,3198.5775276719705,4020.5210266785684,4842.464525685166,5664.408024691764
.IXIC,2012-04-20,3000.45,17.26486,12.40982,10.48999,14.92681001369863,173.78941966514643,201.01079850593845,2606.8412949771964,3475.7883933029284,4344.73549162866,5213.682589954393,6082.629688280125,6951.576786605857,3015.1619775890767,4020.2159701187693,5025.269962648461,6030.3239551781535,7035.377947707846,8040.431940237539,2146.929073224657,3088.510914153757,4030.0927550828574,4971.674596011958,5913.2564369410575,2365.818327673586,3184.0212864833443,4002.2242452931027,4820.427204102862,5638.63016291262
.IXIC,2012-04-27,3069.2,17.17176,12.66335,10.69771,14.940859537961458,178.73531891896928,205.42325508126447,2681.029783784539,3574.7063783793856,4468.382972974232,5362.059567569078,6255.736162163925,7149.412756758771,3081.348826218967,4108.465101625289,5135.581377031612,6162.697652437934,7189.813927844257,8216.930203250578,2208.0288508850686,3176.4073111563434,4144.785771427619,5113.164231698894,6081.542691970169,2417.7512124417726,3253.914823377614,4090.0784343134555,4926.242045249297,5762.4056561851385
.IXIC,2012-05-04,2956.34,16.47075,12.25112,10.3765,14.954909062224285,179.4903085773265,197.68358254131005,2692.354628659897,3589.8061715465296,4487.257714433163,5384.709257319794,6282.160800206427,7179.612343093059,2965.2537381196507,3953.6716508262007,4942.0895635327515,5930.5074762393015,6918.925388945851,7907.343301652401,2217.355708933356,3189.8246630549934,4162.293617176631,5134.762571298269,6107.231525419907,2326.658299616618,3131.3180161374426,3935.977732658267,4740.637449179091,5545.297165699916
.IXIC,2012-05-11,2933.82,16.32254,12.17939,10.31224,14.968958586487114,179.74040804923743,195.99359454761532,2696.1061207385615,3594.8081609847486,4493.510201230936,5392.212241477123,6290.91428172331,7189.616321969497,2939.9039182142296,3919.8718909523063,4899.839863690383,5879.807836428459,6859.775809166536,7839.743781904613,2220.4453436676126,3194.2693234382855,4168.09330320896,5141.9172829796335,6115.741262750306,2306.7678031918044,3104.548520240602,3902.3292372894,4700.109954338198,5497.890671386996
.IXIC,2012-05-18,2778.79,15.56593,11.57153,9.80303,14.98300811074994,178.51744161768684,185.46275750904027,2677.7616242653025,3570.3488323537367,4462.936040442171,5355.523248530605,6248.11045661904,7140.697664707473,2781.941362635604,3709.2551501808057,4636.568937726007,5563.882725271208,6491.196512816409,7418.510300361611,2205.337276717779,3172.5352893482623,4139.733301978747,5106.93131460923,6074.129327239714,2182.8239780004,2937.7395251789785,3692.655072357557,4447.570619536135,5202.486166714713
.IXIC,2012-05-25,2837.53,15.590904901960783,11.08598,10.06964,14.99705763501277,181.99905764566233,189.20578083099326,2729.985864684935,3639.9811529132467,4549.976441141558,5459.97172936987,6369.967017598182,7279.962305826493,2838.086712464899,3784.1156166198652,4730.144520774831,5676.173424929798,6622.202329084765,7568.2312332397305,2248.347850587395,3234.409073851448,4220.470297115501,5206.531520379554,6192.592743643608,2226.8778957093255,2997.0292052433547,3767.180514777384,4537.331824311413,5307.483133845442
.IXIC,2012-06-01,2747.48,15.615879803921569,10.79653,9.8001,15.011107159275596,175.9414156934042,183.02980392104453,2639.121235401063,3518.828313868084,4398.535392335105,5278.242470802126,6157.949549269147,7037.656627736168,2745.447058815668,3660.5960784208905,4575.745098026114,5490.894117631336,6406.043137236558,7321.192156841781,2173.5140221095353,3126.755263167039,4079.9965042245435,5033.237745282048,5986.478986339552,2154.1890676789553,2899.2014164266984,3644.213765174442,4389.2261139221855,5134.238462669929
.IXIC,2012-06-08,2858.42,15.640854705882353,11.2312,10.18571,15.025156683538425,182.7534398695603,190.2422756849975,2741.3015980434047,3655.0687973912063,4568.835996739008,5482.6031960868095,6396.370395434611,7310.137594782413,2853.634135274963,3804.84551369995,4756.056892124938,5707.268270549926,6658.479648974912,7609.6910273999,2257.667204619022,3247.815630685815,4237.964056752609,5228.112482819403,6218.260908886196,2239.0770339664186,3013.447336522916,3787.8176390794138,4562.187941635912,5336.558244192409
.IXIC,2012-06-15,2872.8,15.665829607843136,11.25791,10.1984,15.039206207801254,183.3800106291036,191.02072013014882,2750.700159436554,3667.600212582072,4584.50026572759,5501.400318873108,6418.300372018626,7335.200425164144,2865.3108019522324,3820.414402602976,4775.51800325372,5730.621603904465,6685.725204555209,7640.828805205952,2265.407623930438,3258.95077707774,4252.493930225042,5246.037083372345,6239.580236519646,2248.2390200343475,3025.7779361828807,3803.3168523314134,4580.855768479947,5358.39468462848
.IXIC,2012-06-22,2892.42,15.690804509803922,11.36402,10.33209,15.05325573206408,184.33854033378336,192.1458089520808,2765.0781050067503,3686.7708066756672,4608.463508344584,5530.156210013501,6451.848911682418,7373.5416133513345,2882.1871342812124,3842.9161790416165,4803.64522380202,5764.374268562425,6725.103313322828,7685.832358083233,2277.2489390950295,3275.985355247965,4274.721771400901,5273.458187553838,6272.194603706774,2261.48087457635,3043.599400426803,3825.7179262772565,4607.83645212771,5389.954977978164
.IXIC,2012-06-29,2935.05,15.715779411764705,11.60564,10.54438,15.06730525632691,186.7581570789194,194.7959472558999,2801.372356183791,3735.1631415783877,4668.953926972985,5602.744712367582,6536.535497762179,7470.326283156775,2921.9392088384984,3895.918945117998,4869.898681397498,5843.878417676997,6817.858153956497,7791.837890235996,2307.139973579194,3318.9857446837586,4330.831515788324,5342.67728689289,6354.523057997455,2292.6719638941695,3085.5777261396656,3878.4834883851618,4671.389250630658,5464.295012876154
.IXIC,2012-07-06,2937.33,15.740754313725489,11.63201,10.56011,15.081354780589738,186.60668615091285,194.7656588372586,2799.1002922636926,3732.133723018257,4665.167153772822,5598.200584527385,6531.23401528195,7464.267446036514,2921.484882558879,3895.313176745172,4869.141470931465,5842.969765117758,6816.798059304051,7790.626353490344,2305.2687587508563,3316.293868416339,4327.318978081823,5338.344087747306,6349.369197412789,2292.3154810759806,3085.0979560456976,3877.8804310154146,4670.662905985131,5463.445380954849
.IXIC,2012-07-13,2908.47,15.765729215686275,11.53705,10.47436,15.095404304852565,184.48052482762344,192.67254730401913,2767.2078724143516,3689.6104965524687,4612.013120690586,5534.415744828703,6456.81836896682,7379.220993104937,2890.088209560287,3853.450946080383,4816.813682600478,5780.176419120574,6743.539155640669,7706.901892160766,2279.0029620865307,3278.5086426823245,4278.014323278119,5277.520003873913,6277.025684469707,2267.6803785640295,3051.9429627500444,3836.2055469360594,4620.468131122074,5404.730715308089
.IXIC,2012-07-20,2925.3,15.790704117647058,11.65525,10.52109,15.109453829115393,185.25456358407743,193.6072629152914,2778.8184537611614,3705.0912716815487,4631.364089601936,5557.636907522323,6483.90972544271,7410.1825433630975,2904.108943729371,3872.1452583058276,4840.181572882285,5808.217887458742,6776.254202035198,7744.290516611655,2288.5651455222983,3292.264526969713,4295.963908417129,5299.663289864544,6303.362671311958,2278.681615018723,3066.7489056407753,3854.816196262828,4642.883486884881,5430.950777506933
.IXIC,2012-07-27,2958.09,15.815679019607844,11.83327,10.61925,15.12350335337822,187.03528291973058,195.59555288750178,2805.529243795959,3740.7056583946114,4675.882072993264,5611.058487591918,6546.23490219057,7481.411316789223,2933.9332933125265,3911.9110577500355,4889.888822187545,5867.866586625053,6845.844351062562,7823.822115500071,2310.563481901655,3323.910706085831,4337.257930270007,5350.605154454183,6363.95237863836,2302.0830088341204,3098.243520070817,3894.4040313075134,4690.56454254421,5486.725053780907
.IXIC,2012-08-03,2967.9,15.840653921568627,11.99493,10.68893,15.137552877641049,187.35968948598193,196.0620731758924,2810.395342289729,3747.1937897196385,4683.992237149549,5620.790684579458,6557.589132009368,7494.387579439277,2940.9310976383863,3921.2414635178484,4901.55182939731,5881.862195276773,6862.172561156234,7842.482927035697,2314.571078508928,3329.675920230748,4344.780761952568,5359.885603674389,6374.990445396209,2307.5737698116877,3105.633225200356,3903.692680589024,4701.752135977692,5499.8115913663605
.IXIC,2012-08-10,3020.86,15.865628823529411,11.6332,10.91984,15.151602401903876,190.40279043462397,199.37561189042378,2856.0418565193595,3808.0558086924793,4760.069760865599,5712.083713038719,6664.097665211839,7616.111617384959,2990.6341783563566,3987.5122378084757,4984.390297260595,5981.268356712713,6978.146416164833,7975.024475616951,2352.1644021530565,3383.7566031104175,4415.3488040677785,5446.94100502514,6478.533205982501,2346.572821994761,3158.119847208093,3969.6668724214246,4781.213897634757,5592.760922848089
.IXIC,2012-08-17,3076.59,15.890603725490196,11.85903,11.06666,15.165651926166705,193.61064268847298,202.86566083530337,2904.1596403270946,3872.21285376946,4840.2660672118245,5808.319280654189,6776.372494096554,7744.42570753892,3042.9849125295505,4057.3132167060676,5071.641520882585,6085.969825059101,7100.298129235618,8114.626433412135,2391.793001406495,3440.7651754164585,4489.737349426423,5538.709523436387,6587.68169744635,2387.649330419407,3213.4024002547994,4039.1554700901916,4864.908539925584,5690.661609760976
.IXIC,2012-08-24,3069.79,15.91557862745098,11.83943,11.05605,15.179701450429533,192.87957238986377,202.22993252038796,2893.1935858479565,3857.5914477972756,4821.989309746594,5786.387171695913,6750.785033645232,7715.182895594551,3033.4489878058193,4044.598650407759,5055.748313009699,6066.897975611639,7078.0476382135785,8089.197300815518,2382.761634124877,3427.7729081045663,4472.784182084256,5517.7954560639455,6562.806730043635,2380.1670572777302,3203.332431366779,4026.497805455828,4849.663179544877,5672.828553633925
.IXIC,2012-08-31,3066.96,15.940553529411764,11.82488,11.0384,15.19375097469236,192.399843226346,201.85667154269646,2885.99764839519,3847.99686452692,4809.9960806586505,5771.99529679038,6733.9945129221105,7695.99372905384,3027.850073140447,4037.133430853929,5046.4167885674115,6055.700146280894,7064.983503994376,8074.266861707858,2376.8352406170648,3419.2473674806474,4461.6594943442315,5504.071621207815,6546.483748071398,2375.7739218412685,3197.4199584687212,4019.065995096174,4840.712031723627,5662.35806835108
.IXIC,2012-09-07,3136.42,15.96552843137255,12.07959,11.29011,15.207800498955189,196.44949514084848,206.23758183936457,2946.7424271127275,3928.98990281697,4911.237378521212,5893.484854225455,6875.732329929697,7857.97980563394,3093.5637275904683,4124.751636787291,5155.939545984114,6187.1274551809365,7218.31536437776,8249.503273574583,2426.863116010384,3491.2160417564664,4555.56896750255,5619.921893248633,6684.274818994716,2427.3355192717927,3266.8138007022926,4106.292082132793,4945.770363563293,5785.248644993794
.IXIC,2012-09-14,3183.95,15.990503333333333,12.3013,11.49436,15.221850023218016,199.11505808343327,209.1697129549624,2986.725871251499,3982.3011616686654,4977.876452085831,5973.451742502998,6969.027032920165,7964.602323337331,3137.5456943244358,4183.394259099248,5229.2428238740595,6275.0913886488715,7320.939953423684,8366.788518198497,2459.7924772394626,3538.5872813658707,4617.38208549228,5696.176889618688,6774.971693745096,2461.8455534788272,3313.2589069165633,4164.672260354299,5016.0856137920355,5867.498967229772
.IXIC,2012-09-21,3179.96,16.01547823529412,12.32986,11.55048,15.235899547480845,198.55541953109847,208.7149491954865,2978.331292966477,3971.108390621969,4963.885488277461,5956.662585932954,6949.439683588446,7942.216781243938,3130.7242379322975,4174.29898390973,5217.873729887162,6261.448475864595,7305.023221842028,8348.59796781946,2452.8789132214692,3528.641625409383,4604.404337597297,5680.167049785211,6755.929761973125,2456.493162239518,3306.055425803833,4155.617689368148,5005.179952932463,5854.7422164967775
.IXIC,2012-09-28,3116.23,16.0404531372549,12.07811,11.32878,15.249949071743673,194.2731899987521,204.34363323704474,2914.0978499812813,3885.4637999750416,4856.829749968802,5828.195699962563,6799.561649956323,7770.927599950083,3065.154498555671,4086.872664740895,5108.5908309261185,6130.308997111342,7152.027163296566,8173.74532948179,2399.977861483511,3452.5396816141483,4505.101501744787,5557.663321875426,6610.225142006063,2405.044486410154,3236.8135583764383,4068.582630342722,4900.351702309006,5732.1207742752895
.IXIC,2012-10-05,3136.19,16.065428039215686,11.14037,11.4234,15.2639985960065,195.2135973186998,205.46320024036933,2928.2039597804974,3904.2719463739963,4880.339932967495,5856.407919560995,6832.475906154494,7808.543892747993,3081.94800360554,4109.264004807386,5136.580006009233,6163.89600721108,7191.2120084129265,8218.528009614773,2411.595299528699,3469.2521965474793,4526.90909356626,5584.565990585041,6642.222887603822,2418.221351311,3254.547556732375,4090.87376215375,4927.199967575125,5763.5261729965
.IXIC,2012-10-12,3044.11,16.09040294117647,10.7816,11.14211,15.278048120269329,189.18792842719364,199.2473106536031,2837.8189264079047,3783.7585685438726,4729.698210679841,5675.637852815809,6621.577494951777,7567.517137087745,2988.7096598040466,3984.946213072062,4981.182766340078,5977.419319608093,6973.655872876108,7969.892426144124,2337.1564542081605,3362.1665973645627,4387.176740520965,5412.186883677368,6437.19702683377,2345.0627667151957,3156.087549082044,3967.1123314488927,4778.137113815741,5589.16189618259
.IXIC,2012-10-19,3005.62,16.115377843137253,10.6843,11.0587,15.292097644532156,186.50633135976676,196.5472670830538,2797.5949703965016,3730.1266271953355,4662.658283994169,5595.189940793003,6527.721597591837,7460.253254390671,2948.2090062458074,3930.9453416610763,4913.681677076345,5896.418012491615,6879.154347906883,7861.890683322153,2304.029013436302,3314.5104061760053,4324.991798915709,5335.473191655413,6345.9545843951155,2313.284311964497,3113.3187214023337,3913.3531308401707,4713.387540278008,5513.421949715845
.IXIC,2012-10-26,2987.95,16.14035274509804,10.47433,11.0864,15.306147168794984,185.12296770635731,195.21241805982413,2776.8445155953596,3702.459354127146,4628.074192658933,5553.689031190719,6479.303869722506,7404.918708254292,2928.186270897362,3904.2483611964826,4880.310451495603,5856.372541794724,6832.434632093845,7808.496722392965,2286.93945958389,3289.9258615585545,4292.91226353322,5295.898665507884,6298.885067482549,2297.5736620526186,3092.1746448860704,3886.775627719522,4681.376610552974,5475.977593386426
.IXIC,2012-11-02,2982.13,16.165327647058824,10.86194,11.13586,15.320196693057813,184.4769289623758,194.6535060709319,2767.153934435637,3689.5385792475163,4611.923224059396,5534.307868871274,6456.692513683153,7379.077158495033,2919.8025910639785,3893.0701214186383,4866.337651773298,5839.605182127957,6812.872712482617,7786.140242837277,2278.958540120807,3278.444738509766,4277.930936898726,5277.417135287686,6276.903333676644,2290.995486965977,3083.321450514769,3875.647414063561,4667.973377612353,5460.299341161145
.IXIC,2012-11-09,2904.87,16.190302549019606,10.3774,10.87633,15.33424621732064,179.4203654443692,189.43676518763823,2691.305481665538,3588.407308887384,4485.50913610923,5382.610963331076,6279.712790552921,7176.814617774768,2841.5514778145734,3788.7353037527646,4735.919129690956,5683.102955629147,6630.286781567338,7577.470607505529,2216.4916577965964,3188.5816637405073,4160.671669684419,5132.7616756283305,6104.8516815722405,2229.596491070462,3000.6880092174133,3771.779527364365,4542.871045511317,5313.962563658268
.IXIC,2012-11-16,2853.13,16.21527745098039,10.35441,10.72469,15.348295741583469,175.95320268957207,185.89230022913577,2639.298040343581,3519.0640537914414,4398.830067239302,5278.596080687162,6158.362094135023,7038.128107582883,2788.3845034370365,3717.8460045827155,4647.307505728394,5576.769006874073,6506.230508019752,7435.692009165431,2173.6596342233656,3126.96473659977,4080.269838976175,5033.57494135258,5986.880043728984,2187.879527489651,2944.543503743332,3701.207479997013,4457.871456250694,5214.5354325043745
.IXIC,2012-11-23,2966.85,16.240252352941177,10.79848,11.14141,15.362345265846296,182.68496914474923,193.12480930863646,2740.2745371712385,3653.6993828949844,4567.124228618731,5480.549074342477,6393.973920066223,7307.398765789969,2896.872139629547,3862.4961861727293,4828.120232715912,5793.744279259094,6759.368325802276,7724.9923723454585,2256.821343058261,3246.598798376423,4236.376253694586,5226.153709012749,6215.931164330911,2273.0033251290247,3059.1068159383926,3845.2103067477606,4631.313797557129,5417.417288366497
.IXIC,2012-11-30,3010.24,16.26522725490196,10.9838,11.30851,15.376394790109124,185.07211444542122,195.77020758704364,2776.0817166813185,3701.4422889084244,4626.80286113553,5552.163433362637,6477.524005589743,7402.884577816849,2936.5531138056544,3915.4041517408727,4894.2551896760915,5873.106227611309,6851.957265546527,7830.8083034817455,2286.311237540325,3289.022119249477,4291.733000958629,5294.4438826677815,6297.154764376934,2304.138626205235,3101.010059407305,3897.8814926093755,4694.7529258114455,5491.624359013516
.IXIC,2012-12-07,2978.04,16.290202156862744,10.88409,11.1765,15.390444314371951,182.8117276460814,193.4992869061641,2742.175914691221,3656.234552921628,4570.293191152035,5484.351829382442,6398.410467612849,7312.469105843256,2902.4893035924615,3869.985738123282,4837.482172654102,5804.978607184923,6772.475041715743,7739.971476246564,2258.3872698696446,3248.8514960123352,4239.315722155026,5229.779948297718,6220.244174440409,2277.410779704197,3065.0385601566213,3852.6663406090456,4640.29412106147,5427.921901513894
.IXIC,2012-12-14,2971.33,16.31517705882353,10.81562,11.13667,15.40449383863478,182.12061010965573,192.887220516642,2731.8091516448358,3642.4122021931144,4553.015252741393,5463.6183032896715,6374.22135383795,7284.824404386229,2893.30830774963,3857.74441033284,4822.18051291605,5786.61661549926,6751.05271808247,7715.48882066568,2249.849463973137,3236.569252028055,4223.289040082974,5210.008828137892,6196.7286161928105,2270.2069981519257,3055.343397372012,3840.4797965920984,4625.616195812185,5410.7525950322715
.IXIC,2012-12-21,3021.01,16.34015196078431,10.99821,11.33112,15.418543362897609,184.88261353078596,195.93355409108253,2773.2392029617895,3697.6522706157193,4622.065338269649,5546.478405923579,6470.891473577509,7395.304541231439,2939.003311366238,3918.6710818216507,4898.338852277063,5878.006622732476,6857.674393187888,7837.342163643301,2283.970214572316,3285.654390395667,4287.338566219019,5289.022742042372,6290.706917865723,2306.061150546658,3103.5974763510626,3901.1338021554666,4698.670127959871,5496.2064537642755
.IXIC,2012-12-28,2960.31,16.365126862745097,10.77627,11.10469,15.432592887160435,180.89135665297468,191.82194603623026,2713.3703497946203,3617.8271330594935,4522.283916324367,5426.740699589241,6331.197482854113,7235.654266118987,2877.329190543454,3836.438920724605,4795.548650905756,5754.658381086908,6713.768111268059,7672.87784144921,2234.663729481386,3214.723487628037,4194.783245774689,5174.843003921341,6154.902762067992,2257.6691349699804,3038.469395344314,3819.2696557186473,4600.069916092981,5380.870176467314
.IXIC,2013-01-04,3101.66,16.390101764705882,11.64169,,15.446642411423264,189.23982562933517,200.79832997922108,2838.597384440028,3784.7965125867036,4730.995640733379,5677.194768880056,6623.393897026731,7569.593025173407,3011.974949688316,4015.9665995844216,5019.958249480527,6023.949899376632,7027.941549272738,8031.933199168843,2337.79757270842,3363.088892148313,4388.380211588206,5413.6715310281,6438.962850467993,2363.31765637484,3180.6557741984116,3997.993892021983,4815.332009845554,5632.6701276691265
.IXIC,2013-01-11,3125.64,16.415076666666664,11.68789,,15.460691935686093,190.41275672791053,202.16688961930956,2856.191350918658,3808.2551345582106,4760.318918197763,5712.382701837316,6664.4464854768685,7616.510269116421,3032.5033442896433,4043.3377923861913,5054.172240482739,6065.006688579287,7075.841136675835,8086.6755847723825,2352.287521988835,3383.933719793634,4415.579917598433,5447.226115403233,6478.872313208032,2379.42506703686,3202.3338286027124,4025.242590168565,4848.151351734417,5671.06011330027
.IXIC,2013-01-18,3134.71,16.44005156862745,11.83595,,15.47474145994892,190.67519264854175,202.56945863122337,2860.1278897281263,3813.503852970835,4766.879816213544,5720.255779456253,6673.631742698962,7627.00770594167,3038.5418794683505,4051.3891726244674,5064.236465780585,6077.083758936701,7089.9310520928175,8102.778345248935,2355.529556566931,3388.5976182443983,4421.665679921866,5454.733741599334,6487.801803276801,2384.1631465510854,3208.7105422556074,4033.2579379601293,4857.805333664651,5682.352729369173
.IXIC,2013-01-25,3149.71,16.465026470588235,12.01907,,15.488790984211748,191.29698975136068,203.35415483433192,2869.45484627041,3825.9397950272137,4782.424743784017,5738.90969254082,6695.394641297624,7651.879590054427,3050.312322514979,4067.0830966866383,5083.853870858298,6100.624645029958,7117.395419201617,8134.166193373277,2363.211003920061,3399.6479292595664,4436.084854599073,5472.521779938578,6508.958705278084,2393.398713360275,3221.1401700800375,4048.8816267998,4876.623083519562,5704.364540239325
.IXIC,2013-02-01,3179.1,16.49000137254902,12.12896,,15.502840508474575,192.7895533891381,205.0656457609917,2891.843300837071,3855.7910677827617,4819.738834728452,5783.686601674142,6747.634368619833,7711.5821355655235,3075.984686414876,4101.312915219834,5126.641144024793,6151.969372829752,7177.29760163471,8202.625830439669,2381.649573274608,3426.1731290917924,4470.696684908977,5515.220240726162,6559.743796543346,2413.5422908796645,3248.25027353026,4082.9582561808556,4917.666238831452,5752.374221482047
.IXIC,2013-02-08,3193.87,16.514976274509802,12.22991,,15.516890032737404,193.3923456450621,205.8318382911524,2900.8851846759317,3867.846912901242,4834.808641126553,5801.770369351863,6768.732097577174,7735.693825802484,3087.477574367286,4116.636765823048,5145.7959572788095,6174.955148734572,7204.114340190334,8233.273531646097,2389.0962419029483,3436.8856941315735,4484.675146360199,5532.464598588825,6580.254050817449,2422.5600767093506,3260.386802232742,4098.213527756134,4936.040253279525,5773.8669788029165
.IXIC,2013-02-15,3192.03,16.539951176470588,12.22791,9.94908,15.53093955700023,192.9890823705042,205.52716648499623,2894.836235557563,3859.781647410084,4824.7270592626055,5789.672471115126,6754.617882967647,7719.563294820168,3082.9074972749436,4110.5433296999245,5138.179162124906,6165.814994549887,7193.450826974868,8221.086659399849,2384.1144792042737,3429.719072439935,4475.323665675597,5520.928258911259,6566.53285214692,2418.974208943603,3255.560785305279,4092.147361666955,4928.733938028631,5765.320514390307
.IXIC,2013-02-22,3161.82,16.564926078431373,12.2145,10.32202,15.54498908126306,190.87438030386977,203.39801999674975,2863.1157045580467,3817.4876060773954,4771.859507596744,5726.231409116093,6680.603310635442,7634.975212154791,3050.9702999512465,4067.960399934995,5084.950499918744,6101.940599902493,7118.930699886241,8135.92079986999,2357.9902458832034,3392.1374956928103,4426.284745502418,5460.431995312026,6494.579245121633,2393.914989132352,3221.8349964869344,4049.755003841517,4877.6750111961,5705.595018550683
.IXIC,2013-03-01,3169.74,16.589900980392155,12.32047,10.56144,15.559038605525888,191.06443153255475,203.72338422466842,2865.966472988321,3821.288630651095,4776.610788313868,5731.932945976642,6687.255103639416,7642.57726130219,3055.8507633700265,4074.4676844933683,5093.08460561671,6111.701526740053,7130.318447863395,8148.935368986737,2360.338067223835,3395.5150044915213,4430.691941759208,5465.868879026895,6501.045816294581,2397.744398593439,3226.98878242905,4056.23316626466,4885.4775501002705,5714.721933935881
.IXIC,2013-03-08,3244.37,16.61487588235294,12.64193,10.85461,15.573088129788715,195.26898804257235,208.33183328578627,2929.034820638585,3905.379760851447,4881.724701064309,5858.06964127717,6834.414581490032,7810.759521702894,3124.977499286794,4166.636665715725,5208.295832144657,6249.954998573588,7291.614165002519,8333.27333143145,2412.2795756814016,3470.2365766987728,4528.193577716144,5586.150578733516,6644.107579750887,2451.984038115197,3299.986850280812,4147.989662446427,4995.992474612042,5843.995286777658
.IXIC,2013-03-15,3249.07,16.639850784313726,12.64083,10.83432,15.587137654051544,195.25836151504893,208.44558328228234,2928.875422725734,3905.1672303009786,4881.459037876223,5857.750845451468,6834.042653026712,7810.334460601957,3126.683749234235,4168.911665645647,5211.139582057059,6253.36749846847,7295.595414879882,8337.823331291294,2412.1482995603847,3470.047726616306,4527.947153672228,5585.84658072815,6643.7460077840715,2453.3228309983824,3301.788656018976,4150.254481039569,4998.720306060163,5847.186131080756
.IXIC,2013-03-22,3245.0,16.664825686274508,12.62407,10.84513,15.60118717831437,194.72150870876786,207.99699169756425,2920.8226306315178,3894.430174175357,4868.037717719197,5841.6452612630355,6815.252804806875,7788.860348350714,3119.954875463464,4159.939833951285,5199.924792439107,6239.909750926928,7279.894709414749,8319.87966790257,2405.516222072193,3460.507009150951,4515.49779622971,5570.488583308468,6625.479370387226,2448.0430838372627,3294.6829424687785,4141.322801100294,4987.96265973181,5834.6025183633255
.IXIC,2013-03-28,3267.52,16.689800588235293,12.72116,10.91739,15.6152367025772,195.77945121185496,209.25203134837628,2936.6917681778245,3915.5890242370992,4894.486280296374,5873.383536355649,6852.280792414924,7831.1780484741985,3138.780470225644,4185.040626967526,5231.300783709407,6277.560940451288,7323.821097193169,8370.081253935052,2418.585645527626,3479.308308871195,4540.030972214764,5600.753635558333,6661.476298901902,2462.814408710938,3314.562834460989,4166.3112602110405,5018.059685961091,5869.808111711142
.IXIC,2013-04-05,3203.86,16.71477549019608,12.48706,10.70207,15.629286226840028,191.6783149064251,204.99080722560709,2875.1747235963767,3833.5662981285022,4791.957872660628,5750.349447192753,6708.741021724879,7667.1325962570045,3074.8621083841063,4099.816144512141,5124.770180640177,6149.7242167682125,7174.678252896248,8199.632289024283,2367.9217513483977,3406.424676115198,4444.927600881999,5483.4305256488005,6521.9334504156,2412.6614706454025,3247.064827317992,4081.468183990581,4915.87154066317,5750.274897335759
.IXIC,2013-04-12,3294.95,16.73975039215686,12.82228,11.02752,15.643335751102855,196.83387881003264,210.6296286434756,2952.5081821504896,3936.6775762006528,4920.846970250816,5905.016364300979,6889.185758351143,7873.3551524013055,3159.444429652134,4212.592572869512,5265.74071608689,6318.888859304268,7372.037002521646,8425.185145739024,2431.6116471708788,3498.047143211234,4564.48263925159,5630.918135291946,6697.353631332301,2479.028189030821,3336.3840457809797,4193.739902531139,5051.095759281297,5908.451616031456
.IXIC,2013-04-19,3206.06,16.764725294117646,12.47843,10.73819,15.657385275365684,191.23844523267746,204.76343550440745,2868.576678490162,3824.7689046535493,4780.961130816937,5737.153356980324,6693.345583143711,7649.5378093070985,3071.451532566112,4095.268710088149,5119.085887610187,6142.903065132224,7166.720242654261,8190.537420176298,2362.4877669734096,3398.607501221626,4434.727235469843,5470.846969718061,6506.966703966277,2409.985394587763,3243.463247673391,4076.941100759019,4910.418953844647,5743.896806930275
.IXIC,2013-04-26,3279.26,16.78970019607843,12.8829,11.06017,15.67143479962851,195.3137912948521,209.25078283691897,2929.7068694227814,3906.275825897042,4882.844782371303,5859.413738845563,6835.9826953198235,7812.551651794084,3138.7617425537846,4185.015656738379,5231.269570922975,6277.523485107569,7323.777399292164,8370.031313476758,2412.8330581953533,3471.032800852822,4529.232543510292,5587.432286167762,6645.632028825231,2462.7997142203435,3314.5430579759145,4166.286401731485,5018.029745487056,5869.773089242627
.IXIC,2013-05-03,3378.63,16.814675098039213,13.31739,11.4858,15.68548432389134,200.93340967343386,215.3985130605015,3014.001145101508,4018.668193468677,5023.335241835846,6028.002290203016,7032.669338570185,8037.336386937354,3230.9776959075225,4307.97026121003,5384.9628265125375,6461.955391815045,7538.9479571175525,8615.94052242006,2482.2557083236015,3570.9022447411235,4659.548781158646,5748.195317576169,6836.841853993691,2535.156089821303,3411.9234178418324,4288.690745862362,5165.458073882892,6042.225401903422
.IXIC,2013-05-10,3436.58,16.83965,13.60064,11.8087,15.699533848154168,204.0766880546805,218.89694517293245,3061.1503208202075,4081.53376109361,5101.917201367012,6122.300641640415,7142.684081913817,8163.06752218722,3283.4541775939865,4377.938903458649,5472.423629323312,6566.908355187973,7661.393081052635,8755.877806917299,2521.0865862616233,3626.763237921313,4732.439889581003,5838.116541240693,6943.793192900383,2576.3312648428896,3467.338760689535,4358.346256536181,5249.353752382825,6140.361248229471
.IXIC,2013-05-17,3498.97,16.99312,13.8845,12.07648,15.713583372416995,205.90509570932232,222.6716794682207,3088.576435639835,4118.101914186446,5147.6273927330585,6177.15287127967,7206.678349826281,8236.203828372893,3340.0751920233106,4453.433589364414,5566.791986705518,6680.150384046621,7793.508781387724,8906.867178728828,2543.6740461830645,3659.256913357736,4774.8397805324075,5890.422647707079,7006.00551488175,2620.7584082812914,3527.1307441866875,4433.503080092083,5339.87541599748,6246.247751902875
.IXIC,2013-05-24,3459.14,16.74227,13.42842,12.03736,15.727632896679824,206.61117040879162,219.94028107880368,3099.1675561318743,4132.223408175832,5165.279260219791,6198.335112263749,7231.390964307707,8264.446816351665,3299.104216182055,4398.8056215760735,5498.507026970092,6598.20843236411,7697.909837758129,8797.611243152147,2552.39662724168,3671.804969618701,4791.2133119957225,5910.621654372744,7030.029996749765,2588.6109195996323,3483.865254579107,4379.1195895585815,5274.373924538057,6169.628259517531
.IXIC,2013-05-31,3455.91,16.27596,13.39591,11.99809,15.74168242094265,212.33217579792526,219.53879563738852,3184.982636968879,4246.643515958505,5308.304394948132,6369.965273937758,7431.626152927384,8493.28703191701,3293.081934560828,4390.77591274777,5488.469890934713,6586.163869121656,7683.857847308598,8781.55182549554,2623.0717743344767,3773.4762199072206,4923.8806654799655,6074.285111052711,7224.689556625454,2583.8855932855536,3477.5057047381006,4371.125816190647,5264.745927643195,6158.366039095741
.IXIC,2013-06-07,3469.22,16.57884,16.0938,15.31282,15.75573194520548,209.25589486357308,220.18780289389824,3138.838422953596,4185.1178972714615,5231.397371589327,6277.676845907192,7323.956320225057,8370.235794542923,3302.8170434084736,4403.756057877965,5504.695072347456,6605.634086816947,7706.573101286438,8807.51211575593,2585.068557636401,3718.805876574143,4852.543195511887,5986.28051444963,7120.017833387373,2591.5241543661336,3487.786012737315,4384.047871108496,5280.309729479677,6176.571587850858
.IXIC,2013-06-21,3357.25,16.52447,15.66539,14.66455,15.193761287671231,203.16839208761309,220.9624026885426,3047.5258813141963,4063.3678417522615,5079.2098021903275,6095.051762628393,7110.893723066458,8126.735683504523,3314.436040328139,4419.248053770852,5524.060067213565,6628.872080656278,7733.6840940989905,8838.496107541703,2509.8658397826543,3610.621392157775,4711.376944532896,5812.132496908018,6912.888049283138,2600.6408904042114,3500.0557129374283,4399.470535470646,5298.885358003862,6198.3001805370795
.IXIC,2013-06-28,3403.25,16.65837,15.79499,14.85469,15.333856575342466,204.29669889671075,221.94351324979652,3064.450483450661,4085.933977934215,5107.417472417769,6128.900966901322,7150.384461384876,8171.86795586843,3329.152698746948,4438.8702649959305,5548.587831244913,6658.305397493896,7768.022963742878,8877.740529991861,2523.80451738821,3630.6731760990906,4737.541834809972,5844.4104935208525,6951.279152231733,2612.188177239252,3515.596554198918,4419.004931158584,5322.413308118251,6225.821685077917
.IXIC,2013-07-05,3479.38,17.02726,16.18096,15.2199,15.691214356164384,204.3417437685218,221.74064549905953,3065.1261565278273,4086.8348753704363,5108.543594213045,6130.252313055655,7151.961031898263,8173.669750740873,3326.109682485893,4434.81290998119,5543.516137476488,6652.219364971786,7760.922592467084,8869.62581996238,2524.3609847789016,3631.473694211661,4738.586403644422,5845.699113077182,6952.8118225099415,2609.8005033115087,3512.383118694514,4414.965734077519,5317.548349460525,6220.130964843531
.IXIC,2013-07-12,3600.08,17.76256,16.94892,16.01747,16.4563998630137,202.6779923614614,218.76473772925863,3040.169885421921,4053.559847229228,5066.949809036535,6080.339770843842,7093.729732651149,8107.119694458456,3281.4710659388793,4375.294754585173,5469.118443231466,6562.942131877759,7656.765820524052,8750.589509170346,2503.807626160645,3601.906218878321,4700.004811595998,5798.103404313674,6896.20199703135,2574.7752350394003,3465.2445880479763,4355.713941056552,5246.1832940651275,6136.6526470737035
.IXIC,2013-07-19,3587.61,17.29017,17.20637,15.86246,16.46998095890411,207.49420046188095,217.82720993738872,3112.413006928214,4149.8840092376195,5187.355011547023,6224.826013856428,7262.297016165833,8299.768018475239,3267.4081490608305,4356.544198747774,5445.680248434718,6534.816298121661,7623.952347808605,8713.088397495549,2563.3052481298873,3687.497800412123,4811.69035269436,5935.882904976596,7060.075457258832,2563.740900321091,3450.394100073345,4337.047299825598,5223.7004995778525,6110.353699330106
.IXIC,2013-07-26,3613.16,17.77123,17.44769,15.94319,16.59445301369863,203.3151335051091,217.7329977081713,3049.7270025766366,4066.3026701021818,5082.878337627727,6099.454005153273,7116.029672678818,8132.6053402043635,3265.9949656225695,4354.659954163426,5443.324942704283,6531.989931245139,7620.654919785995,8709.319908326852,2511.6786280184133,3613.2292175959865,4714.779807173561,5816.330396751134,6917.880986328707,2562.632059302448,3448.901773563998,4335.171487825549,5221.441202087099,6107.710916348649
.IXIC,2013-08-02,3689.59,17.88088,17.5305,16.26452,16.788254191780823,206.34275270568338,219.77210720375834,3095.1412905852508,4126.855054113667,5158.5688176420845,6190.2825811705015,7221.996344698919,8253.710108227335,3296.581608056375,4395.442144075167,5494.302680093959,6593.16321611275,7692.023752131542,8790.884288150333,2549.0806959745087,3667.03476549926,4784.988835024013,5902.942904548765,7020.8969740735165,2586.63157899318,3481.2013718327335,4375.771164672286,5270.340957511839,6164.910750351392
.IXIC,2013-08-09,3660.108,17.67899,17.33273,16.05502,16.559102849315067,207.03151028424136,221.03298912425035,3105.4726542636204,4140.630205684827,5175.787757106034,6210.945308527241,7246.102859948448,8281.260411369654,3315.494836863755,4420.659782485007,5525.824728106259,6630.98967372751,7736.154619348762,8841.319564970014,2557.589347839847,3679.2750693260477,4800.960790812249,5922.64651229845,7044.33223378465,2601.47166509156,3501.1738056742415,4400.875946256922,5300.578086839603,6200.280227422284
.IXIC,2013-08-16,3602.778,17.42427,17.18626,15.71355,16.266320602739725,206.76780146313158,221.48696610548708,3101.5170219469737,4135.356029262632,5169.19503657829,6203.0340438939475,7236.873051209605,8270.712058525263,3322.304491582306,4429.739322109742,5537.174152637177,6644.608983164612,7752.043813692048,8859.478644219484,2554.3315883283803,3674.588549434759,4794.8455105411385,5915.102471647518,7035.359432753897,2606.8147962593125,3508.3648241795904,4409.914852099869,5311.464880020147,6213.0149079404255
.IXIC,2013-08-23,3657.792,17.74498,17.467,15.96526,16.500126301369864,206.13108608744554,221.68266673791004,3091.966291311683,4122.621721748911,5153.277152186139,6183.932582623366,7214.588013060594,8245.243443497822,3325.2400010686506,4433.653334758201,5542.066668447751,6650.480002137301,7758.893335826851,8867.306669516402,2546.465846247744,3663.273117282417,4780.080388317091,5896.887659351765,7013.694930386438,2609.118116013101,3511.464732164855,4413.811348316609,5316.157964468363,6218.504580620117
.IXIC,2013-08-30,3589.868,17.38877,17.11751,15.70303,16.179690383561642,206.4474945611449,221.87495031717415,3096.7124184171735,4128.949891222898,5161.187364028623,6193.424836834347,7225.662309640072,8257.899782445797,3328.124254757612,4437.499006343483,5546.873757929354,6656.248509515224,7765.6232611010955,8874.998012686967,2550.374637430249,3668.896192762122,4787.417748093995,5905.939303425869,7024.460858757742,2611.3812183902614,3514.5105138540416,4417.639809317821,5320.7691047816015,6223.898400245382
.IXIC,2013-09-06,3660.01,17.70409,17.45881,16.02072,16.477756821917808,206.7324556077155,222.11821909713194,3100.9868341157326,4134.64911215431,5168.311390192887,6201.973668231465,7235.635946270043,8269.29822430862,3331.773286456979,4442.364381942639,5552.955477428299,6663.546572913958,7774.137668399618,8884.728763885278,2553.8949389353565,3673.9603980752977,4794.02585721524,5914.091316355182,7034.156775495123,2614.2443965998536,3518.363903719062,4422.48341083827,5326.602917957478,6230.722425076687
.IXIC,2013-09-13,3722.184,17.98469,17.65736,16.31857,16.71837304109589,206.964034409267,222.64032456091257,3104.460516139005,4139.280688185339,5174.100860231674,6208.92103227801,7243.741204324345,8278.561376370679,3339.6048684136886,4452.806491218252,5566.008114022814,6679.209736827377,7792.41135963194,8905.612982436503,2556.7557762794904,3678.0759170606107,4799.396057841732,5920.716198622853,7042.036339403973,2620.389373309422,3526.6340808579166,4432.878788406411,5339.1234959549065,6245.368203503402
.IXIC,2013-09-20,3774.728,18.1472,17.86832,16.56944,16.93241468493151,208.0060835831423,222.9291019761762,3120.0912537471345,4160.121671662846,5200.152089578558,6240.182507494269,7280.21292540998,8320.243343325692,3343.936529642643,4458.582039523524,5573.227549404405,6687.873059285286,7802.518569166167,8917.164079047048,2569.6288595283627,3696.5947673611636,4823.560675193965,5950.526583026766,7077.492490859568,2623.7881703229505,3531.208329824088,4438.628489325226,5346.048648826364,6253.468808327501
.IXIC,2013-09-27,3781.594,18.22322,17.89596,16.5773,16.92051287671233,207.51513728089765,223.4916889076454,3112.7270592134646,4150.302745617953,5187.878432022441,6225.454118426929,7263.029804831418,8300.605491235907,3352.375333614681,4469.833778152908,5587.292222691135,6704.750667229362,7822.209111767589,8939.667556305816,2563.5638937110416,3687.8698805661697,4812.175867421299,5936.481854276428,7060.787841131556,2630.4095980436114,3540.1197354729857,4449.82987290236,5359.540010331734,6269.250147761109
.IXIC,2013-10-04,3807.754,18.34914,18.07163,16.66952,17.007562958904106,207.5167555536663,223.88592705496913,3112.751333304994,4150.335111073326,5187.9188888416575,6225.502666609988,7263.08644437832,8300.670222146651,3358.288905824537,4477.7185410993825,5597.148176374229,6716.577811649074,7836.00744692392,8955.437082198765,2563.5838852436796,3687.8986398146767,4812.213394385674,5936.528148956672,7060.8429035276695,2635.0496265462543,3546.364487806455,4457.679349066656,5368.994210326857,6280.309071587058
.IXIC,2013-10-11,3791.873,18.32471,18.03907,16.65621,16.963091260273973,206.92676719031297,223.53667393632574,3103.9015078546945,4138.535343806259,5173.169179757824,6207.803015709389,7242.436851660954,8277.070687612519,3353.050109044886,4470.7334787265145,5588.416848408144,6706.100218089772,7823.783587771401,8941.466957453029,2556.295391084553,3677.4136200536846,4798.531849022817,5919.65007799195,7040.768306961081,2630.9390542027527,3540.8323006185196,4450.725547034287,5360.618793450054,6270.512039865821
.IXIC,2013-10-18,3914.278,19.025635,18.63789,17.18737,17.481448027397263,205.7370489868012,223.91039883340713,3086.055734802018,4114.740979736024,5143.42622467003,6172.111469604036,7200.796714538042,8229.481959472048,3358.655982501107,4478.207976668143,5597.759970835178,6717.311965002214,7836.86395916925,8956.415953336285,2541.5980602287073,3656.2704591904203,4770.942858152134,5885.615257113848,7000.287656075561,2635.3376497886356,3546.752122023342,4458.1665942580485,5369.581066492755,6280.995538727461
.IXIC,2013-10-25,3943.361,19.72656,18.7493,17.34245,17.60069369863014,199.90109780924803,224.04577157699822,2998.5164671387206,3998.021956184961,4997.5274452312005,5997.032934277441,6996.538423323681,7996.043912369922,3360.6865736549735,4480.915431539965,5601.144289424956,6721.373147309947,7841.602005194938,8961.83086307993,2469.5029161333428,3552.556441725661,4635.60996731798,5718.663492910299,6801.717018502617,2636.930933931755,3548.8964331768098,4460.861932421864,5372.8274316669185,6284.792930911974
.IXIC,2013-11-01,3922.042,19.41883,18.62346,17.13652,17.380948493150687,201.9710765272676,225.65178198103283,3029.566147909014,4039.4215305453517,5049.27691318169,6059.132295818028,7068.987678454366,8078.8430610907035,3384.7767297154924,4513.035639620656,5641.294549525821,6769.553459430985,7897.812369336149,9026.071279241312,2495.0746540402606,3589.3432143323457,4683.611774624431,5777.880334916517,6872.148895208602,2655.833047034834,3574.335719776175,4492.838392517516,5411.341065258857,6329.843738000198
.IXIC,2013-11-08,3919.233,19.45251,18.60603,17.12424,17.33940402739726,201.4769816337326,226.0304329841663,3022.154724505989,4029.5396326746522,5036.924540843315,6044.309449011978,7051.694357180641,8059.0792653493045,3390.4564947624945,4520.608659683327,5650.760824604158,6780.912989524989,7911.065154445821,9041.217319366653,2488.9707917113224,3580.5623721254337,4672.153952539546,5763.745532953657,6855.337113367768,2660.289620958542,3580.333570951766,4500.3775209449905,5420.421470938215,6340.4654209314385
.IXIC,2013-11-15,3985.968,19.275,18.84307,17.41094,17.591427616438356,206.79470817120622,226.58581707577284,3101.920622568093,4135.894163424125,5169.8677042801555,6203.841245136186,7237.814785992218,8271.78832684825,3398.7872561365925,4531.716341515456,5664.645426894321,6797.574512273185,7930.503597652049,9063.432683030913,2554.663983671788,3675.0667238927476,4795.4694641137075,5915.872204334668,7036.2749445556265,2666.826274076619,3589.1308832503746,4511.43549242413,5433.740101597885,6356.04471077164
.IXIC,2013-11-22,3991.649,19.68995,19.0494,17.4456,17.616964931506846,202.72519737226352,226.57983458099437,3040.8779605839527,4054.5039474452706,5068.129934306588,6081.755921167905,7095.381908029223,8109.007894890541,3398.6975187149155,4531.596691619888,5664.495864524859,6797.395037429831,7930.294210334803,9063.193383239775,2504.390779095319,3602.745126053142,4701.099473010966,5799.45381996879,6897.808166926614,2666.755862457456,3589.0361202283752,4511.316377999295,5433.596635770214,6355.8768935411335
.IXIC,2013-11-29,4059.886,19.97342,19.26356,17.73576,17.86970410958904,203.264438438685,227.19380103341663,3048.966576580275,4065.2887687737,5081.610960967125,6097.93315316055,7114.255345353975,8130.5775375474,3407.9070155012496,4543.876020668333,5679.845025835416,6815.814031002499,7951.783036169582,9087.752041336666,2511.0523602503026,3612.328286651823,4713.604213053344,5814.8801394548655,6916.156065856386,2673.9820070054784,3598.7613801060998,4523.540753206721,5448.320126307342,6373.099499407964
.IXIC,2013-12-06,4062.521,20.02478,19.33607,17.75868,17.8667204109589,202.87468826124433,227.37922274242192,3043.120323918665,4057.4937652248864,5071.867206531108,6086.24064783733,7100.614089143552,8114.987530449773,3410.6883411363287,4547.584454848438,5684.480568560548,6821.3766822726575,7958.272795984767,9095.168909696877,2506.237533266853,3605.4018139175323,4704.566094568212,5803.730375218892,6902.894655869572,2676.1643478586752,3601.698469420888,4527.2325909831015,5452.7667125453145,6378.300834107527
.IXIC,2013-12-13,4000.975,19.75061,19.01879,17.49313,17.568368027397263,202.5747559189311,227.73743091905962,3038.621338783966,4051.4951183786216,5064.368897973277,6077.242677567932,7090.116457162588,8102.990236757243,3416.0614637858944,4554.7486183811925,5693.435772976491,6832.122927571789,7970.810082167087,9109.497236762385,2502.5322820095935,3600.071545167415,4697.610808325237,5795.150071483059,6892.689334640881,2680.380317725523,3607.372505183565,4534.364692641607,5461.356880099648,6388.34906755769
.IXIC,2013-12-20,4104.741,20.33588,19.53946,17.97261,18.0198301369863,201.8472276586998,227.7902160450937,3027.708414880497,4036.944553173996,5046.180691467495,6055.416829760994,7064.652968054494,8073.889106347992,3416.8532406764057,4555.804320901874,5694.755401127342,6833.706481352811,7972.6575615782795,9111.608641803748,2493.5446717368127,3587.1422254400745,4680.739779143337,5774.3373328466,6867.934886549861,2681.0015779738687,3608.208624268467,4535.415670563065,5462.622716857662,6389.829763152261
.IXIC,2013-12-27,4156.594,20.59983,19.77463,18.1915,18.208849369863017,201.77807292584453,228.27329259362583,3026.6710938876677,4035.5614585168905,5044.451823146113,6053.342187775335,7062.232552404558,8071.122917033781,3424.0993889043875,4565.465851872516,5706.832314840645,6848.198777808775,7989.565240776904,9130.931703745033,2492.690360198146,3585.9132372335403,4679.136114268935,5772.35899130433,6865.581868339724,2686.6871996453474,3615.860581401913,4545.033963158478,5474.207344915044,6403.3807266716085
.IXIC,2014-01-03,4131.906,20.42151,18.06368,,18.06368,202.33107150254804,228.7410981594005,3034.9660725382205,4046.621430050961,5058.276787563701,6069.932145076441,7081.587502589182,8093.242860101922,3431.116472391008,4574.82196318801,5718.5274539850125,6862.232944782016,8005.938435579018,9149.64392637602,2499.5218964565915,3595.740890395344,4691.959884334098,5788.178878272852,6884.397872211604,2692.1930878340595,3623.270645390679,4554.348202947298,5485.425760503917,6416.503318060537
.IXIC,2014-01-10,4174.665,20.52056,18.29258,,18.29258,203.43816153165412,228.21630409707103,3051.5724229748116,4068.7632306330825,5085.954038291353,6103.144845949623,7120.3356536078945,8137.526461266165,3423.2445614560656,4564.326081941421,5705.407602426776,6846.489122912131,7987.5706433974865,9128.652163882842,2513.198469948491,3615.415618836426,4717.632767724362,5819.8499166122965,6922.067065500231,2686.016467373161,3614.957880713871,4543.899294054581,5472.840707395291,6401.782120736001
.IXIC,2014-01-17,4197.582,20.59379,18.34855,,18.34855,203.82756160959204,228.7691397957877,3057.4134241438805,4076.551232191841,5095.689040239801,6114.826848287761,7133.964656335721,8153.102464383682,3431.5370969368155,4575.382795915754,5719.228494894693,6863.074193873631,8006.91989285257,9150.765591831509,2518.0089719344674,3622.335869752741,4726.662767571015,5830.989665389289,6935.3165632075625,2692.5231269055716,3623.714826339306,4554.906525773041,5486.098225206775,6417.2899246405095
.IXIC,2014-01-24,4128.173,20.18485,18.03456,,18.03456,204.51838879159368,228.90344982078852,3067.775831873905,4090.3677758318736,5112.959719789842,6135.55166374781,7158.143607705779,8180.735551663747,3433.551747311828,4578.06899641577,5722.586245519713,6867.103494623656,8011.620743727598,9156.13799283154,2526.5431909017148,3634.6129536829203,4742.682716464126,5850.752479245332,6958.822242026538,2694.1039032673343,3625.8423039761756,4557.580704685017,5489.319105393858,6421.0575061027
.IXIC,2014-01-31,4103.877,19.8068,18.00461,,18.00461,207.1953571500697,227.93479003433012,3107.9303572510453,4143.907143001394,5179.883928751742,6215.860714502091,7251.837500252439,8287.814286002787,3419.021850514952,4558.6958006866025,5698.369750858253,6838.043701029904,7977.717651201554,9117.391601373205,2559.6134503455196,3682.1868854442882,4804.760320543058,5927.333755641827,7049.907190740597,2682.7031571725124,3610.4986836216062,4538.2942100707005,5466.089736519794,6393.885262968889
.IXIC,2014-02-07,4125.861,19.88085,18.13822,,18.13822,207.52940643885952,227.46780003771042,3112.941096582893,4150.588128777191,5188.235160971488,6225.882193165786,7263.529225360084,8301.176257554382,3412.0170005656564,4549.356000754208,5686.69500094276,6824.034001131313,7961.373001319865,9098.712001508417,2563.7401695173467,3688.1234659120787,4812.506762306811,5936.890058701543,7061.273355096275,2677.2068679131544,3603.101538289795,4528.996208666435,5454.890879043076,6380.785549419716
.IXIC,2014-02-14,4244.025,20.9832,18.66374,16.98948,18.457324383561645,202.2582351595562,229.93717354720107,3033.873527393343,4045.164703191124,5056.455878988905,6067.747054786686,7079.038230584467,8090.329406382248,3449.057603208016,4598.743470944021,5748.429338680026,6898.115206416032,8047.8010741520375,9197.486941888043,2498.6221036921193,3594.4464741949173,4690.270844697717,5786.095215200516,6881.919585703314,2706.270426438604,3642.2165404535417,4578.1626544684805,5514.108768483418,6450.054882498357
.IXIC,2014-02-21,4263.41,21.26803,18.59296,17.10069,18.38036263013699,200.46097358335493,231.95461840396914,3006.9146037503237,4009.2194716670983,5011.524339583873,6013.8292075006475,7016.1340754174225,8018.438943334197,3479.319276059537,4639.092368079383,5798.865460099229,6958.638552119074,8118.41164413892,9278.184736158766,2476.4194106998143,3562.5063134855827,4648.593216271352,5734.6801190571205,6820.767021842889,2730.0149618202277,3674.1729697399323,4618.330977659637,5562.488985579342,6506.646993499046
.IXIC,2014-02-28,4308.119,21.40404,18.79589,17.45554,18.579230684931503,201.27597406844689,231.87822321911617,3019.1396110267033,4025.5194813689377,5031.899351711172,6038.279222053407,7044.659092395641,8051.038962737875,3478.1733482867426,4637.564464382323,5796.955580477904,6956.346696573485,8115.7378126690655,9275.128928764647,2486.4876199124783,3576.9901520190047,4667.492684125532,5757.99521623206,6848.4977483385865,2729.115820431732,3672.9628661208,4616.809911809868,5560.656957498935,6504.5040031880035
.IXIC,2014-03-07,4336.223,21.57408,18.88785,17.46453,18.630482547945206,200.99225552144054,232.7488291750259,3014.883832821608,4019.8451104288106,5024.806388036013,6029.767665643216,7034.7289432504185,8039.690220857621,3491.2324376253882,4654.976583500518,5818.720729375647,6982.4648752507765,8146.2090211259065,9309.953167001036,2482.9826677792894,3571.9480278743627,4660.913387969437,5749.8787480645115,6838.844108159585,2739.362511365663,3686.75330880527,4634.144106244878,5581.534903684485,6528.925701124092
.IXIC,2014-03-14,4245.396,21.14425,18.49819,17.08009,18.21457,200.78252952930464,233.07692687776873,3011.7379429395696,4015.6505905860927,5019.563238232616,6023.475885879139,7027.388533525663,8031.301181172185,3496.153903166531,4661.538537555374,5826.923171944218,6992.307806333062,8157.692440721906,9323.077075110748,2480.391791816903,3568.2208676309974,4656.049943445092,5743.879019259188,6831.708095073282,2743.2240927542553,3691.9503931278255,4640.676693501395,5589.402993874965,6538.129294248535
.IXIC,2014-03-21,4276.788,21.37589,18.83071,17.21508,18.47659931506849,200.0753185013583,231.47051722402662,3001.129777520375,4001.506370027166,5001.882962533958,6002.25955504075,7002.6361475475405,8003.012740054332,3472.0577583603995,4629.410344480532,5786.762930600666,6944.115516720799,8101.468102840931,9258.820688961065,2471.655172984016,3555.652617028454,4639.650061072894,5723.647505117332,6807.6449491617705,2724.317280638574,3666.5047823927575,4608.692284146941,5550.879785901125,6493.067287655309
.IXIC,2014-03-28,4155.759,20.8682,18.24325,16.68695,17.87229630136986,199.14314603080282,232.52518478453564,2987.1471904620425,3982.8629206160567,4978.57865077007,5974.294380924085,6970.010111078099,7965.725841232113,3487.8777717680346,4650.503695690712,5813.129619613391,6975.755543536069,8138.3814674587475,9301.007391381425,2460.139465168481,3539.0864483012006,4618.033431433922,5696.980414566641,6775.927397699361,2736.7303045298318,3683.2107702689514,4629.6912360080705,5576.17170174719,6522.652167486309
.IXIC,2014-04-04,4127.726,20.19097,18.2551,16.62393,17.835017863013697,204.43425947341805,231.43940935209758,3066.513892101271,4088.685189468361,5110.8564868354515,6133.027784202542,7155.199081569632,8177.370378936722,3471.5911402814636,4628.7881870419515,5785.985233802439,6943.182280562927,8100.379327323415,9257.576374083903,2525.5038889726916,3633.1178435784823,4740.731798184274,5848.3457527900655,6955.959707395857,2723.95115317631,3666.0120321169743,4608.0729110576385,5550.133789998303,6492.194668938967
.IXIC,2014-04-11,3999.734,19.62435,17.7147,16.07834,17.26189901369863,203.81485246645113,231.7088054347848,3057.222786996767,4076.2970493290227,5095.371311661278,6114.445573993534,7133.51983632579,8152.594098658045,3475.6320815217723,4634.176108695696,5792.72013586962,6951.264163043545,8109.808190217468,9268.352217391392,2517.8519679640444,3622.110008320118,4726.368048676193,5830.626089032267,6934.8841293883415,2727.1218395004385,3670.2792797879792,4613.4367200755205,5556.594160363062,6499.751600650602
.IXIC,2014-04-17,4095.516,20.10993,18.13143,16.46679,17.643439643835617,203.65640258320144,232.12684616352112,3054.846038748022,4073.128051664029,5091.410064580036,6109.692077496044,7127.974090412051,8146.256103328058,3481.902692452817,4642.536923270422,5803.171154088028,6963.805384905634,8124.4396157232395,9285.073846540845,2515.8945377496316,3619.2941050579634,4722.693672366297,5826.093239674629,6929.492806982961,2732.0420150587142,3676.901066223369,4621.760117388024,5566.619168552678,6511.478219717334
.IXIC,2014-04-25,4075.561,19.89675,17.76367,16.1787,17.26429589041096,204.8355133376054,236.06876445298144,3072.532700064081,4096.710266752108,5120.887833440135,6145.065400128162,7169.2429668161885,8193.420533504215,3541.0314667947214,4721.375289059629,5901.719111324536,7082.062933589443,8262.40675585435,9442.750578119258,2530.460828172025,3640.2487548921677,4750.036681612311,5859.824608332455,6969.612535052597,2778.436848593597,3739.3412527034443,4700.245656813291,5661.150060923139,6622.054465032986
.IXIC,2014-05-02,4123.897,19.98944,18.00702,16.3751,17.461556328767124,206.30377839499258,236.17007111823511,3094.5566759248886,4126.075567899851,5157.594459874815,6189.113351849777,7220.63224382474,8252.151135799702,3542.5510667735266,4723.401422364703,5904.2517779558775,7085.102133547053,8265.95248913823,9446.802844729405,2548.5992220108333,3666.342130791278,4784.085039571723,5901.827948352168,7019.570857132613,2779.6291883442677,3740.945955440948,4702.262722537629,5663.5794896343095,6624.896256730991
.IXIC,2014-05-09,4071.869,19.69562,17.77409,16.07682,17.17423293150685,206.73982337189688,237.09175345642282,3101.097350578453,4134.796467437937,5168.495584297422,6202.194701156906,7235.8938180163905,8269.592934875875,3556.3763018463424,4741.835069128457,5927.29383641057,7112.752603692685,8298.2113709748,9483.670138256914,2553.9859575207,3674.091334815468,4794.196712110237,5914.302089405006,7034.407466699774,2790.477028282146,3755.545450622192,4720.613872962238,5685.682295302285,6650.7507176423305
.IXIC,2014-05-16,4090.588,20.3978,17.89199,16.09933,17.22403997260274,200.5406465403132,237.49294628360457,3008.109698104698,4010.812930806264,5013.516163507829,6016.219396209396,7018.922628910962,8021.625861612528,3562.3941942540687,4749.858925672092,5937.3236570901145,7124.788388508137,8312.25311992616,9499.717851344183,2477.403660419809,3563.9222270527184,4650.440793685628,5736.959360318538,6823.477926951447,2795.1989106413653,3761.9003654388375,4728.60182023631,5695.3032750337825,6662.004729831255
.IXIC,2014-05-23,4185.808,21.09856,18.34343,16.53293,17.634110821917808,198.3930656878953,237.369949767888,2975.8959853184297,3967.861313757906,4959.826642197382,5951.791970636859,6943.757299076336,7935.722627515812,3560.5492465183197,4747.39899535776,5934.2487441972,7121.098493036639,8307.94824187608,9494.79799071552,2450.8732549553088,3525.756342647901,4600.639430340494,5675.522518033086,6750.4056057256785,2793.751289850417,3759.9520943652647,4726.152898880113,5692.353703394961,6658.554507909808
.IXIC,2014-05-30,4242.618,21.41171,18.57558,16.73885,17.820759452054794,198.1447535017054,238.07167205272006,2972.171302525581,3962.895070034108,4953.6188375426345,5944.342605051162,6935.066372559689,7925.790140068216,3571.0750807908007,4761.433441054402,5951.7918013180015,7142.150161581601,8332.508521845202,9522.866882108803,2447.8056996760847,3521.343445138705,4594.881190601326,5668.4189360639475,6741.956681526567,2802.0102861567457,3771.067411098057,4740.124536039369,5709.181660980681,6678.2387859219925
.IXIC,2014-06-06,4321.399,21.4883,18.90063,17.04075,18.100626821917807,201.10474071936824,238.74305804522064,3016.5711107905236,4022.0948143873647,5027.618517984206,6033.142221581047,7038.665925177888,8044.1896287747295,3581.1458706783096,4774.861160904413,5968.576451130516,7162.291741356619,8356.007031582722,9549.722321808826,2484.37226757313,3573.947066493341,4663.521865413552,5753.096664333764,6842.671463253975,2809.912236190312,3781.7021994151905,4753.492162640069,5725.282125864948,6697.0720890898265
.IXIC,2014-06-13,4310.653,21.5365,18.78376,16.92895,17.95036591780822,200.15568917883593,240.14290403537024,3002.335337682539,4003.1137835767186,5003.892229470898,6004.670675365078,7005.4491212592575,8006.227567153437,3602.1435605305537,4802.858080707405,6003.572600884256,7204.287121061107,8405.00164123796,9605.71616141481,2472.648042080673,3557.0809301849504,4641.513818289229,5725.946706393506,6810.379594497784,2826.3878749322694,3803.8758311979777,4781.363787463686,5758.851743729394,6736.339699995102
.IXIC,2014-06-20,4368.037,21.79809,18.99642,17.1554,18.13391473972603,200.38622649966123,240.87667018919672,3005.7933974949183,4007.7245299932247,5009.655662491531,6011.586794989837,7013.517927488143,8015.449059986449,3613.1500528379506,4817.533403783935,6021.916754729918,7226.300105675901,8430.683456621886,9635.06680756787,2475.496013363947,3561.177940422171,4646.859867480396,5732.541794538621,6818.223721596844,2835.0240150195295,3815.4987244477425,4795.973433875955,5776.448143304169,6756.922852732382
.IXIC,2014-06-27,4397.93,21.8492,19.11851,17.27799,18.220941342465757,201.28563059517055,241.3667832709706,3019.2844589275583,4025.712611903411,5032.140764879264,6038.5689178551165,7044.997070830969,8051.425223806822,3620.5017490645587,4827.335665419412,6034.169581774265,7241.003498129117,8447.83741448397,9654.671330838824,2486.60691300874,3577.161763663927,4667.716614319115,5758.271464974303,6848.826315629491,2840.7924539298347,3823.262140626132,4805.731827322429,5788.201514018726,6770.671200715023
.IXIC,2014-07-03,4485.925,22.31346,19.51328,17.63715,18.567504876712327,201.04121010367734,241.60085212237223,3015.6181515551602,4020.824202073547,5026.030252591933,6031.2363031103205,7036.442353628707,8041.648404147094,3624.0127818355836,4832.0170424474445,6040.021303059306,7248.025563671167,8456.029824283029,9664.034084894889,2483.5874342608986,3572.8180276811836,4662.0486211014695,5751.279214521756,6840.509807942041,2843.5473525855264,3826.96980315424,4810.392253722954,5793.814704291667,6777.2371548603805
.IXIC,2014-07-11,4415.49,22.0487,19.22974,17.32669,18.228683561643837,200.26078635021565,242.22758517191667,3003.9117952532347,4005.215727004313,5006.519658755391,6007.823590506469,7009.127522257548,8010.431454008626,3633.41377757875,4844.551703438334,6055.689629297917,7266.8275551575,8477.965481017083,9689.103406876668,2473.94637297552,3558.9486719696824,4643.950970963846,5728.9532699580095,6813.955568952172,2850.92375497879,3836.897286580625,4822.8708181824595,5808.8443497842945,6794.81788138613
.IXIC,2014-07-18,4432.146,22.09112,19.30741,17.34143,18.23554693150685,200.63020797496912,243.0497981029714,3009.453119624537,4012.6041594993826,5015.755199374228,6018.906239249074,7022.057279123919,8025.208318998765,3645.7469715445714,4860.995962059428,6076.244952574285,7291.493943089143,8506.742933603999,9721.991924118856,2478.510068671088,3565.5138743978505,4652.517680124613,5739.521485851376,6826.525291578139,2860.6008789741063,3849.921181286574,4839.241483599042,5828.56178591151,6817.882088223979
.IXIC,2014-07-25,4449.563,21.71268,18.84966,17.17913,17.906840328767125,204.92923950428968,248.4839825623413,3073.938592564345,4098.584790085793,5123.230987607242,6147.87718512869,7172.523382650139,8197.169580171587,3727.2597384351197,4969.679651246826,6212.099564058532,7454.5194768702395,8696.939389681946,9939.359302493653,2531.618685955106,3641.914416065926,4752.210146176747,5862.505876287568,6972.801606398388,2924.5591005497317,3935.9989399041024,4947.438779258473,5958.878618612843,6970.318457967213
.IXIC,2014-08-01,4352.639,21.18283,18.416,16.64887,17.384770712328766,205.4795794518485,250.37080281497398,3082.1936917777275,4109.591589036971,5136.989486296213,6164.387383555455,7191.785280814698,8219.183178073941,3755.5620422246097,5007.416056299479,6259.270070374349,7511.1240844492195,8762.978098524089,10014.832112598959,2538.417378509851,3651.6948212125985,4764.972263915347,5878.249706618095,6991.527149320842,2946.7662355289617,3965.886268807842,4985.006302086722,6004.126335365603,7023.2463686444835
.IXIC,2014-08-08,4370.898,21.46198,18.35454,16.7295,17.37506383561644,203.657724031054,251.56155058494076,3054.86586046581,4073.1544806210795,5091.44310077635,6109.73172093162,7128.02034108689,8146.308961242159,3773.423258774111,5031.231011698816,6289.0387646235195,7546.846517548222,8804.654270472927,10062.462023397631,2515.910862418986,3619.3175892615645,4722.724316104143,5826.131042946722,6929.5377697893,2960.780870159352,3984.7477741328644,5008.714678106377,6032.681582079888,7056.648486053401
.IXIC,2014-08-15,4464.927,21.94358,18.8625,17.06761,17.74622594520548,203.4730431406361,251.5986787154761,3052.0956471095415,4069.4608628127216,5086.826078515903,6104.191294219083,7121.556509922263,8138.921725625443,3773.9801807321414,5031.973574309522,6289.966967886902,7547.960361464283,8805.953755041663,10063.947148619043,2513.6293842158184,3616.03551980768,4718.441655399542,5820.847790991404,6923.253926583265,2961.2178537062346,3985.3358856116033,5009.453917516972,6033.571949422341,7057.6899813277105
.IXIC,2014-08-22,4538.551,22.27197,19.23709,17.38978,18.052787150684928,203.77860602362523,251.4044486381598,3056.6790903543783,4075.5721204725046,5094.46515059063,6113.358180708757,7132.251210826883,8151.144240945009,3771.066729572397,5028.088972763197,6285.111215953995,7542.133459144794,8799.155702335593,10056.177945526393,2517.4041930531557,3621.4658521080614,4725.527511162968,5829.589170217874,6933.650829272779,2958.9318418097805,3982.2592712941287,5005.586700778477,6028.914130262826,7052.2415597471745
.IXIC,2014-08-29,4580.271,22.43462,19.38522,17.51465,18.15013131506849,204.16084604954307,252.35470314186628,3062.412690743146,4083.2169209908616,5104.021151238577,6124.825381486292,7145.629611734007,8166.433841981723,3785.3205471279944,5047.0940628373255,6308.867578546657,7570.641094255989,8832.414609965319,10094.188125674651,2522.1262424516426,3628.2588576555127,4734.391472859384,5840.524088063255,6946.656703267125,2970.1159649391493,3997.3113510324656,5024.506737125782,6051.702123219098,7078.8975093124145
.IXIC,2014-09-05,4582.9,22.48112,19.34734,17.53362,18.115004219178083,203.8555018611172,252.98917651634616,3057.832527916758,4077.110037222344,5096.38754652793,6115.665055833516,7134.942565139102,8154.220074444688,3794.8376477451925,5059.783530326923,6324.729412908654,7589.675295490385,8854.621178072115,10119.567060653846,2518.3541352846196,3622.832411900968,4727.310688517317,5831.788965133666,6936.267241750015,2977.583467923677,4007.3614416000682,5037.13941527646,6066.917388952851,7096.6953626292425
.IXIC,2014-09-12,4567.599,22.78204,19.25394,17.43292,17.981720547945205,200.49122027702526,254.01345704496256,3007.368304155379,4009.8244055405053,5012.280506925632,6014.736608310758,7017.192709695884,8019.6488110810105,3810.2018556744383,5080.269140899251,6350.336426124064,7620.403711348877,8890.47099657369,10160.538281798503,2476.793066968043,3563.0438447328697,4649.294622497697,5735.545400262524,6821.79617802735,2989.6388483574215,4023.58609734337,5057.533346329318,6091.480595315267,7125.427844301215
.IXIC,2014-09-19,4579.789,22.89304,19.36587,17.52939,18.04762956164384,200.05158773146772,253.76124794434537,3000.7738159720157,4001.0317546293545,5001.289693286693,6001.547631944031,7001.80557060137,8002.063509258709,3806.4187191651804,5075.224958886907,6344.031198608634,7612.837438330361,8881.643678052087,10150.449917773814,2471.3620119854563,3555.2308839796324,4639.099755973809,5722.968627967985,6806.837499962161,2986.6704460771402,4019.5910923437445,5052.511738610348,6085.432384876953,7118.353031143557
.IXIC,2014-09-26,4512.194,22.56248,19.13739,17.21464,17.720349589041096,199.9866149465839,254.63346404805154,2999.7992241987586,3999.732298931678,4999.665373664598,5999.598448397517,6999.531523130437,7999.464597863356,3819.5019607207732,5092.66928096103,6365.836601201288,7639.0039214415465,8912.171241681805,10185.33856192206,2470.5593626578725,3554.0762155560697,4637.593068454267,5721.109921352465,6804.6267742506625,2996.936087819661,4033.4070398513204,5069.87799188298,6106.348943914639,7142.819895946298
.IXIC,2014-10-03,4475.624,22.35222,18.97316,17.03989,17.51129008219178,200.23174431890882,255.5850527855463,3003.476164783632,4004.6348863781764,5005.793607972721,6006.952329567264,7008.111051161809,8009.269772756353,3833.7757917831946,5111.701055710926,6389.626319638658,7667.551583566389,8945.476847494121,10223.402111421852,2473.5875986526744,3558.432549464451,4643.277500276228,5728.122451088006,6812.967401899783,3008.135914357868,4048.480253920821,5088.824593483773,6129.168933046726,7169.513272609679
.IXIC,2014-10-10,4276.237,21.43389,18.11573,16.27515,16.68865016438356,199.50820872926005,256.23624186971233,2992.623130938901,3990.164174585201,4987.705218231501,5985.246261877802,6982.787305524102,7980.328349170402,3843.543628045685,5124.724837394247,6405.906046742808,7687.08725609137,8968.26846543993,10249.449674788493,2464.64931232936,3545.574185763631,4626.499059197902,5707.423932632174,6788.348806066445,3015.800154694963,4058.7951221812386,5101.790089667515,6144.78505715379,7187.780024640066
.IXIC,2014-10-17,4258.438,21.34082,18.08549,16.23969,16.61896397260274,199.5442536884712,256.2396793819558,2993.163805327068,3990.885073769424,4988.60634221178,5986.327610654136,6984.048879096492,7981.770147538848,3843.595190729337,5124.793587639116,6405.991984548895,7687.190381458674,8968.388778368453,10249.587175278231,2465.0945981875134,3546.2147612954345,4627.334924403356,5708.455087511278,6789.575250619199,3015.840612867,4058.849572550259,5101.858532233518,6144.867491916778,7187.8764516000365
.IXIC,2014-10-24,4483.715,21.1948,19.29571,16.97524,17.407546739726026,211.54787966859794,257.5730553557927,3173.218195028969,4230.957593371959,5288.696991714949,6346.436390057938,7404.175788400928,8461.915186743918,3863.5958303368902,5151.461107115854,6439.326383894817,7727.1916606737805,9015.056937452744,10302.922214231708,2613.382875175283,3759.5380459952344,4905.693216815187,6051.848387635139,7198.003558455091,3031.533925564774,4079.970315889114,5128.406706213454,6176.843096537793,7225.279486862133
.IXIC,2014-10-31,4630.741,21.12407,19.51599,17.4897,17.82834024657534,219.21632526307667,259.74044335896735,3288.24487894615,4384.326505261533,5480.408131576916,6576.4897578923,7672.571384207684,8768.653010523067,3896.1066503845104,5194.808867179347,6493.511083974184,7792.213300769021,9090.915517563857,10389.617734358693,2708.115965515015,3895.8183670802337,5083.520768645453,6271.223170210673,7458.9255717758915,3057.0432330209055,4114.301852251689,5171.560471482471,6228.819090713254,7286.0777099440365
.IXIC,2014-11-07,4632.532,20.32438,19.64187,17.48986,17.808239561643834,227.9298064688812,260.1341914771716,3418.947097033218,4558.596129377624,5698.2451617220295,6837.894194066436,7977.543226410842,9117.192258755247,3902.0128721575743,5202.683829543432,6503.354786929291,7804.025744315149,9104.696701701007,10405.367659086864,2815.759032427736,4050.6706121493166,5285.582191870897,6520.493771592478,7755.405351314058,3061.6774940728415,4120.538842498946,5179.400190925051,6238.261539351156,7297.122887777261
.IXIC,2014-11-14,4688.539,20.48389,19.57279,17.74225,17.977963369863012,228.88909284320508,260.7936674217245,3433.336392648076,4577.781856864101,5722.227321080127,6866.672785296152,8011.1182495121775,9155.563713728203,3911.9050113258672,5215.873348434489,6519.841685543112,7823.8100226517345,9127.778359760357,10431.746696868979,2827.6096952042876,4067.7186375274255,5307.827579850565,6547.936522173703,7788.045464496841,3069.4392675092913,4130.98497504997,5192.530682590647,6254.076390131326,7315.622097672003
.IXIC,2014-11-21,4712.97,21.77797,20.02496,17.83658,18.076402465753425,216.40997760580993,260.72499818085697,3246.1496640871487,4328.199552116199,5410.249440145249,6492.299328174297,7574.349216203347,8656.399104232398,3910.8749727128547,5214.49996361714,6518.124954521424,7821.7499454257095,9125.374936329994,10428.99992723428,2673.4474029145367,3845.9451619962974,5018.442921078058,6190.94068015982,7363.4384392415795,3068.6310574539148,4129.897250777075,5191.163444100235,6252.429637423395,7313.695830746556
.IXIC,2014-11-28,4791.63,22.05199,20.38272,18.12822,18.332051506849314,217.2878728858484,261.3799114741592,3259.318093287726,4345.757457716968,5432.19682214621,6518.636186575452,7605.075551004694,8691.514915433936,3920.698672112388,5227.598229483184,6534.49778685398,7841.397344224776,9148.296901595571,10455.196458966368,2684.2925907492904,3861.5467398087276,5038.800888868165,6216.055037927604,7393.30918698704,3076.3391302731256,4140.271110699897,5204.203091126668,6268.13507155344,7332.0670519802115
.IXIC,2014-12-05,4780.755,22.06073,20.38352,18.04056,18.20745578082192,216.70883057813592,262.5712816524104,3250.632458672039,4334.176611562718,5417.720764453398,6501.264917344078,7584.809070234757,8668.353223125436,3938.5692247861557,5251.425633048208,6564.28204131026,7877.138449572311,9189.994857834363,10502.851266096415,2677.139320041267,3851.25624864665,5025.373177252033,6199.490105857417,7373.6070344628,3090.361090405119,4159.142475003846,5227.923859602573,6296.7052442013,7365.486628800028
.IXIC,2014-12-12,4653.596,21.39091,19.72666,17.55846,17.67132520547945,217.55016499999294,263.3416535482597,3263.2524749998943,4351.003299999858,5438.754124999824,6526.504949999789,7614.255774999753,8702.006599999717,3950.124803223896,5266.833070965195,6583.541338706493,7900.249606447792,9216.957874189091,10533.66614193039,2687.532848796181,3866.2080825923836,5044.8833163885865,6223.55855018479,7402.233783980992,3099.4280657311792,4171.345205071705,5243.262344412232,6315.179483752758,7387.096623093284
.IXIC,2014-12-19,4765.38,21.92219,20.2467,18.01142,18.08490865753425,217.37700476092945,263.5003632166382,3260.6550714139416,4347.540095218589,5434.425119023236,6521.310142827883,7608.195166632531,8695.080190437178,3952.5054482495734,5270.007264332764,6587.509080415955,7905.010896499147,9222.512712582338,10540.014528665528,2685.393692383275,3863.1307532056144,5040.867814027955,6218.604874850295,7396.341935672635,3101.296016333931,4173.859174302433,5246.422332270934,6318.985490239435,7391.548648207937
.IXIC,2014-12-26,4806.859,22.09351,20.44651,18.19573,18.22656260273973,217.5688245100032,263.7282248314587,3263.532367650048,4351.376490200064,5439.220612750079,6527.064735300096,7614.908857850112,8702.752980400128,3955.9233724718806,5274.564496629174,6593.205620786468,7911.846744943761,9230.487869101054,10549.128993258348,2687.7633613590883,3866.5396913889977,5045.316021418907,6224.092351448818,7402.868681478727,3103.9778582475124,4177.46851388694,5250.959169526367,6324.449825165795,7397.940480805222
.IXIC,2015-01-02,4726.812,21.7707,17.88898,,17.88898,217.11805316319638,264.23038093843246,3256.770797447946,4342.3610632639275,5427.95132907991,6513.541594895892,7599.131860711873,8684.722126527855,3963.455714076487,5284.607618768649,6605.759523460812,7926.911428152974,9248.063332845137,10569.215237537299,2682.194701818704,3858.5287766446872,5034.862851470672,6211.196926296656,7387.531001122639,3109.8880388450816,4185.422692197887,5260.957345550692,6336.491998903497,7412.0266522563015
.IXIC,2015-01-09,4704.066,21.67144,17.79682,,17.79682,217.06291783102552,264.3205921057807,3255.9437674653827,4341.25835662051,5426.572945775638,6511.8875349307655,7597.202124085893,8682.51671324102,3964.8088815867104,5286.411842115614,6608.014802644518,7929.617763173421,9251.220723702325,10572.823684231227,2681.51358067895,3857.5489352050113,5033.584289731073,6209.619644257135,7385.654998783197,3110.949788933433,4186.851641683438,5262.753494433442,6338.655347183447,7414.557199933452
.IXIC,2015-01-16,4634.384,21.3505,17.52133,,17.52133,217.06208285520245,264.49955568441436,3255.931242828037,4341.2416571040485,5426.5520713800615,6511.862485656074,7597.172899932086,8682.483314208097,3967.4933352662156,5289.991113688287,6612.488892110359,7934.986670532431,9257.484448954503,10579.982227376575,2681.5032657019306,3857.5340963733515,5033.564927044773,6209.595757716195,7385.626588387616,3113.0561201229243,4189.686433884206,5266.316747645488,6342.9470614067695,7419.577375168052
.IXIC,2015-01-23,4757.879,22.15766,18.05065,,18.05065,214.72840543631412,263.5849124546761,3220.926081544712,4294.568108726282,5368.210135907853,6441.852163089424,7515.494190270994,8589.136217452564,3953.7736868201414,5271.6982490935225,6589.622811366902,7907.547373640283,9225.471935913663,10543.396498187045,2652.6738933051943,3816.060983727955,4979.448074150716,6142.835164573477,7306.222254996238,3102.291127733058,4175.198438539327,5248.1057493455955,6321.013060151864,7393.9203709581325
.IXIC,2015-01-30,4635.24,20.52321,17.57069,,17.57069,225.8535579960445,263.80523474035454,3387.8033699406674,4517.07115992089,5646.338949901112,6775.606739881335,7904.874529861557,9034.14231984178,3957.078521105318,5276.104694807091,6595.130868508863,7914.157042210636,9233.18321591241,10552.209389614181,2790.1098403298506,4013.772416153227,5237.434991976604,6461.09756779998,7684.760143623357,3104.8842346970982,4178.688354766221,5252.492474835343,6326.2965949044665,7400.100714973589
.IXIC,2015-02-06,4744.398,20.51467,18.05668,,18.05668,231.2685507492931,262.750295181617,3469.0282612393967,4625.371014985862,5781.7137687323275,6938.056522478793,8094.399276225258,9250.742029971723,3941.254427724255,5255.00590363234,6568.757379540425,7882.50885544851,9196.260331356594,10510.01180726468,2857.0046225073283,4110.005341326093,5363.006060144858,6616.006778963623,7869.007497782387,3092.468009493279,4161.9780584242335,5231.488107355188,6300.998156286142,7370.508205217097
.IXIC,2015-02-13,4893.836,21.1716,18.6768,17.00196,18.474901479452058,231.15097583555328,264.8910472103446,3467.2646375332993,4623.019516711066,5778.774395888832,6934.5292750665985,8090.284154244365,9246.039033422132,3973.365708155169,5297.820944206892,6622.276180258615,7946.731416310338,9271.186652362061,10595.641888413784,2855.552146280201,4107.915850464015,5360.27955464783,6612.643258831645,7865.0069630154585,3117.663821968093,4195.887679594908,5274.111537221723,6352.335394848538,7430.559252475353
.IXIC,2015-02-20,4955.966,21.20123,18.90294,17.196,18.664436054794525,233.75841873325277,265.52990861606617,3506.3762809987916,4675.168374665055,5843.960468331319,7012.752561997583,8181.544655663847,9350.33674933011,3982.9486292409924,5310.598172321324,6638.247715401654,7965.897258481985,9293.546801562316,10621.196344642647,2887.7635143521484,4154.254205601481,5420.744896850813,6687.235588100146,7953.726279349477,3125.1829703607837,4206.007276800876,5286.831583240969,6367.655889681061,7448.480196121154
.IXIC,2015-02-27,4963.527,21.07193,18.96019,17.38312,18.709587095890413,235.5516082295262,265.29324108335055,3533.274123442893,4711.032164590524,5888.790205738155,7066.548246885786,8244.306288033418,9422.064329181048,3979.3986162502583,5305.864821667011,6632.331027083764,7958.797232500517,9285.263437917269,10611.729643334022,2909.915902401826,4186.121999055521,5462.3280957092165,6738.534192362912,8014.740289016607,3122.39748624438,4202.258451028395,5282.119415812411,6361.980380596426,7441.841345380441
.IXIC,2015-03-06,4927.37,20.67883,18.79578,17.24803,18.52015328767123,238.28088919924383,266.0544933653505,3574.2133379886573,4765.617783984877,5957.022229981096,7148.4266759773145,8339.831121973533,9531.235567969754,3990.817400480257,5321.08986730701,6651.3623341337625,7981.634800960514,9311.907267787266,10642.17973461402,2943.632412153545,4234.625608072724,5525.618803991905,6816.611999911085,8107.605195830264,3131.357127289165,4214.316725948388,5297.276324607611,6380.235923266833,7463.195521926056
.IXIC,2015-03-13,4871.758,20.4448,18.63616,17.05805,18.3248615890411,238.28836672405694,265.85510489822633,3574.325500860854,4765.767334481139,5957.2091681014235,7148.651001721708,8340.092835341993,9531.534668962278,3987.826573473395,5317.102097964526,6646.377622455659,7975.65314694679,9304.928671437921,10634.204195929053,2943.7247866804178,4234.758495431694,5525.792204182972,6816.825912934249,8107.859621685525,3129.0104031661067,4211.158402473623,5293.306401781138,6375.454401088655,7457.60240039617
.IXIC,2015-03-20,5026.418,21.15571,19.29555,17.63566,18.9362861369863,237.59155329695858,265.43842671358954,3563.873299454379,4751.831065939172,5939.788832423965,7127.746598908758,8315.70436539355,9503.662131878344,3981.576400703843,5308.7685342717905,6635.960667839739,7963.152801407686,9290.344934975634,10617.537068543581,2935.1166158945707,4222.375026525078,5509.633437155586,6796.891847786094,8084.150258416601,3124.106264217938,4204.558198806169,5285.010133394399,6365.462067982629,7445.91400257086
.IXIC,2015-03-27,4891.219,20.6538,18.82121,17.2173,18.443302438356167,236.81932622568243,265.2029925957203,3552.2898933852366,4736.3865245136485,5920.48315564206,7104.579786770473,8288.676417898885,9472.773049027297,3978.044888935804,5304.059851914406,6630.074814893007,7956.089777871608,9282.104740850209,10608.119703828812,2925.576813335541,4208.651338728451,5491.725864121363,6774.800389514275,8057.8749149071855,3121.3352969109337,4200.828910387676,5280.322523864418,6359.81613734116,7439.309750817902
.IXIC,2015-04-02,4886.937,20.63063,18.79433,17.18872,18.38962830136986,236.87773955521473,265.74419666959596,3553.166093328221,4737.554791104295,5921.943488880368,7106.332186656442,8290.720884432516,9475.10958220859,3986.1629500439394,5314.8839333919195,6643.604916739899,7972.325900087879,9301.046883435858,10629.767866783839,2926.2984296208037,4209.689435329155,5493.080441037507,6776.471446745858,8059.862452454209,3127.705056777088,4209.401610483193,5291.098164189297,6372.794717895401,7454.491271601506
.IXIC,2015-04-10,4995.978,21.03703,19.22385,17.59418,18.77736506849315,237.48494915869776,266.0638477111378,3562.2742373804663,4749.698983173956,5937.123728967444,7124.548474760933,8311.973220554422,9499.397966347911,3990.9577156670666,5321.276954222756,6651.596192778445,7981.915431334133,9312.234669889822,10642.553908445512,2933.799668498123,4220.48050357226,5507.161338646399,6793.842173720537,8080.523008794674,3131.467224273364,4214.464899262107,5297.462574250849,6380.460249239592,7463.4579242283335
.IXIC,2015-04-17,4931.814,20.65071,18.99029,17.40249,18.524825342465757,238.8205538695764,266.22728737390344,3582.308308043646,4776.411077391528,5970.51384673941,7164.616616087292,8358.719385435174,9552.822154783056,3993.4093106085516,5324.545747478069,6655.682184347586,7986.818621217103,9317.95505808662,10649.091494956137,2950.299226351795,4244.216296778152,5538.13336720451,6832.050437630868,8125.967508057225,3133.390845056495,4217.053791844841,5300.716738633187,6384.3796854215325,7468.042632209877
.IXIC,2015-04-24,5092.085,21.11156,19.6417,18.02805,19.137710684931506,241.19889766554437,266.07597344489926,3617.9834649831655,4823.977953310888,6029.972441638609,7235.966929966331,8441.961418294053,9647.955906621775,3991.139601673489,5321.5194688979855,6651.899336122481,7982.279203346978,9312.659070571473,10643.038937795971,2979.680390357783,4286.483201090337,5593.286011822893,6900.088822555448,8206.891633288002,3131.609939407987,4214.6569715024925,5297.704003596998,6380.751035691504,7463.798067786009
.IXIC,2015-05-01,5005.391,20.50008,19.27881,17.69424,18.75351419178082,244.16446179722223,266.90416253790625,3662.4669269583333,4883.289235944445,6104.111544930556,7324.9338539166665,8545.756162902779,9766.57847188889,4003.5624380685936,5338.083250758125,6672.604063447656,8007.124876137187,9341.645688826718,10676.16650151625,3016.3158533513238,4339.185932965256,5662.05601257919,6984.926092193123,8307.796171807056,3141.3574004875836,4227.775528918151,5314.193657348719,6400.611785779286,7487.029914209854
.IXIC,2015-05-08,5003.548,19.94353,19.24855,17.68748,18.70110627397261,250.88577598850355,267.55358355263303,3763.2866398275532,5017.715519770071,6272.144399712589,7526.5732796551065,8781.002159597625,10035.431039540143,4013.3037532894955,5351.07167105266,6688.839588815826,8026.607506578991,9364.375424342155,10702.14334210532,3099.348438852461,4458.634241597776,5817.920044343092,7177.205847088407,8536.491649833722,3149.000831340238,4238.062390868598,5327.123950396958,6416.185509925318,7505.247069453679
.IXIC,2015-05-15,5048.292,19.90211,19.41476,17.80455,18.81920287671233,253.65611987874655,268.2521695032561,3804.841798181198,5073.122397574931,6341.4029969686635,7609.683596362396,8877.964195756129,10146.244795149862,4023.7825425488413,5365.0433900651215,6706.304237581402,8047.565085097683,9388.825932613963,10730.086780130243,3133.5722244675635,4507.867603199769,5882.162981931975,7256.458360664182,8630.753739396387,3157.2229142219717,4249.1280279077755,5341.03314159358,6432.938255279384,7524.843368965188
.IXIC,2015-05-22,5089.362,19.88524,19.58028,17.97062,18.95405610958904,255.9366645813679,268.51044286110573,3839.0499687205183,5118.733291627358,6398.416614534197,7678.099937441037,8957.783260347876,10237.466583254716,4027.656642916586,5370.208857222115,6712.761071527643,8055.313285833172,9397.865500138701,10740.41771444423,3161.7452152876035,4548.3964640351,5935.047712782596,7321.698961530094,8708.35021027759,3160.2626904334593,4253.219091050836,5346.175491668213,6439.13189228559,7532.088292902968
.IXIC,2015-05-29,5070.025,19.57271,19.46224,17.86726,18.81113857534247,259.0354120609767,269.52249486087777,3885.53118091465,5180.708241219534,6475.885301524417,7771.0623618293,9066.239422134184,10361.416482439068,4042.8374229131664,5390.449897217555,6738.062371521944,8085.674845826333,9433.287320130721,10780.89979443511,3200.025975228986,4603.466073159858,6006.90617109073,7410.346269021602,8813.786366952474,3172.1741458747383,4269.250046274404,5366.325946674069,6463.401847073735,7560.477747473399
.IXIC,2015-06-05,5068.458,19.53343,19.45041,17.86676,18.773562328767124,259.47608791697104,269.97848949708896,3892.1413187545654,5189.521758339421,6486.902197924276,7784.282637509131,9081.663077093986,10379.043516678841,4049.6773424563344,5399.569789941779,6749.462237427224,8099.354684912669,9449.247132398114,10799.139579883558,3205.4699188759896,4611.297575178019,6017.125231480049,7422.9528877820785,8828.780544084108,3177.541024050875,4276.473024537314,5375.405025023753,6474.337025510193,7573.269025996632
.IXIC,2015-06-12,5051.102,19.8165,19.40708,17.81499,18.6960918630137,254.89375015769684,270.1688693556618,3823.4062523654525,5097.875003153937,6372.343753942421,7646.812504730905,8921.281255519389,10195.750006307873,4052.533040334927,5403.377387113236,6754.221733891545,8105.066080669854,9455.910427448163,10806.754774226472,3148.8614430684493,4529.862236886849,5910.86303070525,7291.863824523651,8672.86461834205,3179.781720381516,4279.488651193788,5379.19558200606,6478.902512818332,7578.609443630604
.IXIC,2015-06-19,5117.001,20.09425,19.5653,18.07343,18.870456438356165,254.65001181930157,271.16466507928044,3819.7501772895234,5093.000236386031,6366.2502954825395,7639.500354579047,8912.750413675554,10186.000472772062,4067.4699761892066,5423.293301585609,6779.116626982011,8134.939952378413,9490.763277774815,10846.586603171218,3145.8503913832055,4525.53062383594,5905.210856288675,7284.89108874141,8664.571321194144,3191.5018458228683,4295.262106175099,5399.02236652733,6502.782626879561,7606.542887231792
.IXIC,2015-06-26,5080.505,19.98211,19.47168,17.99089,18.753598273972603,254.25267902138464,270.908277215847,3813.7901853207695,5085.053580427692,6356.316975534616,7627.580370641539,8898.843765748463,10170.107160855385,4063.624158237705,5418.16554431694,6772.706930396175,8127.24831647541,9481.789702554646,10836.33108863388,3140.94189156062,4518.469396027698,5895.996900494777,7273.524404961856,8651.051909428934,3188.484261141785,4291.200909359626,5393.917557577468,6496.634205795309,7599.350854013151
.IXIC,2015-07-02,5009.214,19.69901,19.20557,17.7768,18.48922778082192,254.28760125508845,270.92607973578225,3814.314018826327,5085.752025101769,6357.190031377211,7628.628037652654,8900.066043928096,10171.504050203537,4063.8911960367336,5418.521594715645,6773.1519933945565,8127.782392073467,9482.412790752378,10837.04318943129,3141.3733076904696,4519.090018964058,5896.806730237648,7274.523441511237,8652.240152784825,3188.6937898250926,4291.4829021821415,5394.272014539191,6497.061126896241,7599.85023925329
.IXIC,2015-07-10,4997.696,19.6449,19.14524,17.71617,18.397425287671236,254.40170222296882,271.6519253022396,3816.0255333445325,5088.034044459377,6360.04255557422,7632.051066689065,8904.05957780391,10176.068088918753,4074.7788795335937,5433.038506044792,6791.2981325559895,8149.557759067187,9507.817385578386,10866.077012089583,3142.782868098102,4521.117772352573,5899.452676607045,7277.787580861516,8656.122485115988,3197.2367077028835,4302.980332924558,5408.723958146232,6514.467583367907,7620.2112085895815
.IXIC,2015-07-17,5210.143,20.3936,19.87621,18.39156,19.07083821917808,255.4793170406402,273.1994755616226,3832.1897556096033,5109.586340812804,6386.982926016005,7664.3795112192065,8941.776096422407,10219.172681625609,4097.992133424339,5463.989511232452,6829.986889040565,8195.984266848678,9561.981644656791,10927.979022464904,3156.095315922913,4540.268679997265,5924.4420440716185,7308.615408145972,8692.788772220325,3215.450767812376,4327.493607855072,5439.536447897768,6551.579287940464,7663.62212798316
.IXIC,2015-07-24,5088.629,20.28282,19.62876,18.05282,18.74364301369863,250.88370354812594,271.4855909430744,3763.255553221889,5017.674070962519,6272.092588703148,7526.511106443778,8780.929624184408,10035.348141925038,4072.283864146116,5429.711818861488,6787.13977357686,8144.567728292232,9501.995683007604,10859.423637722975,3099.3228367041384,4458.597411077612,5817.871985451087,7177.146559824562,8536.421134198035,3195.2790174774836,4300.345588203418,5405.412158929353,6510.478729655288,7615.545300381222
.IXIC,2015-07-31,5128.281,19.80672,19.75633,18.18767,18.84521789041096,258.916216314463,272.12638398887555,3883.743244716945,5178.324326289259,6472.9054078615745,7767.48648943389,9062.067571006204,10356.648652578519,4081.895759833133,5442.527679777511,6803.159599721888,8163.791519666266,9524.423439610644,10885.055359555023,3198.55347584388,4601.3477775539595,6004.14207926404,7406.936380974121,8809.730682684201,3202.820900516953,4310.495782686632,5418.170664856311,6525.84554702599,7633.520429195669
.IXIC,2015-08-07,5043.544,19.55303,19.60439,17.96408,18.620204,257.94181259886574,270.86405712848256,3869.127188982986,5158.8362519773145,6448.545314971643,7738.254377965972,9027.9634409603,10317.672503954629,4062.960856927238,5417.281142569651,6771.601428212064,8125.921713854476,9480.24199949689,10834.562285139302,3186.516059123664,4584.031093280471,5981.54612743728,7379.061161594089,8776.576195750897,3187.9638080421714,4290.500460923497,5393.037113804822,6495.573766686148,7598.1104195674725
.IXIC,2015-08-14,5048.235,19.60161,19.59266,17.93477,18.56613084931507,257.54185498027965,271.9056027867129,3863.1278247041946,5150.837099605593,6438.546374506991,7726.255649408389,9013.964924309788,10301.674199211186,4078.5840418006937,5438.112055734258,6797.640069667823,8157.1680836013875,9516.696097534952,10876.224111468517,3181.575133254559,4576.923218286803,5972.271303319048,7367.6193883512915,8762.967473383535,3200.222392285731,4306.998597199254,5413.774802112777,6520.5510070263,7627.3272119398225
.IXIC,2015-08-21,4706.039,18.24086,18.25066,16.76192,17.300313643835615,257.9943599150478,272.0204440730957,3869.9153987257173,5159.887198300957,6449.858997876196,7739.830797451435,9029.802597026674,10319.774396601913,4080.306661096435,5440.408881461914,6800.511101827392,8160.61332219287,9520.71554255835,10880.817762923827,3187.165208888066,4584.964941611691,5982.764674335316,7380.5644070589415,8778.364139782567,3201.5740292232363,4308.817689024806,5416.061348826377,6523.305008627947,7630.548668429517
.IXIC,2015-08-28,4828.325,18.65097,18.71455,17.18414,17.70825301369863,258.87795648161995,272.65958964246425,3883.169347224299,5177.559129632399,6471.948912040499,7766.338694448598,9060.728476856699,10355.118259264798,4089.893844636964,5453.191792849285,6816.489741061607,8179.787689273928,9543.085637486249,10906.38358569857,3198.0808282705943,4600.66784023938,6003.254852208167,7405.841864176954,8808.428876145741,3209.096522110696,4318.941787397416,5428.787052684137,6538.632317970858,7648.477583257579
.IXIC,2015-09-04,4683.918,18.10147,18.1805,16.66828,17.15716208219178,258.7589847675354,273.00074322091166,3881.3847715130314,5175.179695350708,6468.974619188386,7762.769543026063,9056.56446686374,10350.359390701416,4095.0111483136748,5460.014864418234,6825.018580522791,8190.0222966273495,9555.026012731909,10920.029728836467,3196.611096497788,4598.553526041579,6000.495955585371,7402.438385129163,8804.380814672955,3213.1117660400832,4324.345677456111,5435.579588872139,6546.813500288167,7658.047411704195
.IXIC,2015-09-11,4822.341,18.60274,18.65672,17.14046,17.601569205479453,259.22745789061184,273.97222052785963,3888.411868359178,5184.549157812236,6480.686447265296,7776.823736718356,9072.961026171415,10369.098315624473,4109.583307917895,5479.444410557193,6849.305513196491,8219.16661583579,9589.027718475087,10958.888821114386,3202.398437118955,4606.879029149864,6011.359621180774,7415.840213211684,8820.320805242594,3224.545673246957,4339.733927478741,5454.922181710525,6570.110435942309,7685.298690174093
.IXIC,2015-09-18,4827.228,18.58295,18.68497,17.15774,17.592895945205477,259.7665063943023,274.38507082829335,3896.497595914535,5195.330127886046,6494.1626598575585,7792.99519182907,9091.827723800581,10390.660255772093,4115.7760624244,5487.7014165658675,6859.626770707334,8231.5521248488,9603.477478990268,10975.402833131735,3209.057639426444,4616.458767606406,6023.859895786369,7431.261023966332,8838.662152146295,3229.4047594981007,4346.273497265452,5463.142235032802,6580.0109728001535,7696.879710567504
.IXIC,2015-09-25,4686.496,18.18444,18.2858,16.73971,17.150588712328766,257.7201167591634,273.2556927699569,3865.8017513874506,5154.4023351832675,6443.002918979084,7731.603502774901,9020.204086570719,10308.804670366535,4098.8353915493535,5465.113855399139,6831.392319248923,8197.670783098707,9563.949246948492,10930.227710798277,3183.7773121700975,4580.0912100478645,5976.405107925632,7372.719005803399,8769.032903681167,3216.1124223244547,4328.384091298417,5440.65576027238,6552.927429246342,7665.199098220305
.IXIC,2015-10-02,4707.775,18.27281,18.41875,16.84316,17.23166164383562,257.6382614387168,273.2049350379474,3864.5739215807525,5152.765228774337,6440.956535967921,7729.147843161505,9017.339150355088,10305.530457548673,4098.074025569211,5464.098700758948,6830.123375948685,8196.148051138422,9562.17272632816,10928.197401517897,3182.7661023530477,4578.63651245426,5974.506922555474,7370.377332656688,8766.2477427579,3215.5150237092967,4327.580086238127,5439.645148766956,6551.7102112957855,7663.775273824615
.IXIC,2015-10-09,4830.47,18.79717,18.94282,17.35665,17.717340712328767,256.9785770943179,272.6408030658165,3854.6786564147687,5139.571541886358,6424.464427357948,7709.3573128295375,8994.250198301128,10279.143083772717,4089.6120459872473,5452.81606131633,6816.020076645413,8179.2240919744945,9542.428107303578,10905.63212263266,3174.6166102788466,4566.912885656392,5959.209161033938,7351.505436411484,8743.801711789029,3208.875411465507,4318.644207066453,5428.413002667399,6538.181798268345,7647.950593869291
.IXIC,2015-10-16,4886.688,18.99023,19.19913,17.58485,17.92097405479452,257.3264252197051,272.67982114469004,3859.896378295576,5146.528504394101,6433.160630492627,7719.792756591152,9006.424882689678,10293.057008788202,4090.1973171703507,5453.596422893801,6816.995528617251,8180.3946343407015,9543.793740064151,10907.192845787602,3178.913795083878,4573.094693120828,5967.27559115778,7361.45648919473,8755.63738723168,3209.33463896371,4319.262255423131,5429.189871882551,6539.117488341972,7649.045104801393
.IXIC,2015-10-23,5031.864,20.76405,19.8569,18.12749,18.45441956164384,242.33538254820226,272.66444133839684,3635.030738223034,4846.707650964046,6058.384563705056,7270.061476446068,8481.73838918708,9693.415301928091,4089.9666200759525,5453.288826767937,6816.611033459921,8179.933240151905,9543.25544684389,10906.577653535875,2993.7200968057346,4306.680322242032,5619.64054767833,6932.600773114628,8245.560998550925,3209.1536246705728,4319.0186385081015,5428.88365234563,6538.74866618316,7648.613680020689
.IXIC,2015-10-30,5053.748,20.18744,19.69312,18.01335,18.298680794520543,250.34120225248967,276.18100215799825,3755.1180337873448,5006.824045049793,6258.530056312242,7510.2360675746895,8761.942078837139,10013.648090099587,4142.715032369973,5523.620043159965,6904.525053949957,8285.430064739947,9666.335075529938,11047.24008631993,3092.620979904641,4448.956311085774,5805.291642266909,7161.626973448043,8517.962304629176,3250.5421674714016,4374.721141000739,5498.900114530078,6623.079088059416,7747.258061588754
.IXIC,2015-11-06,5147.12,20.4167,20.19034,18.34005,18.61886082191781,252.1034251372651,276.44655863912453,3781.5513770589764,5042.068502745302,6302.585628431628,7563.102754117953,8823.619879804279,10084.137005490604,4146.698379586868,5528.931172782491,6911.163965978113,8293.396759173736,9675.629552369359,11057.862345564981,3114.390818092236,4480.273779222139,5846.156740352042,7212.039701481946,8577.922662611849,3253.667663189795,4378.927569187456,5504.187475185117,6629.447381182778,7754.707287180439
.IXIC,2015-11-13,4927.883,19.29421,19.43034,17.57638,17.820188438356166,255.4073475928789,276.5337200022659,3831.1102138931833,5108.146951857578,6385.183689821973,7662.220427786367,8939.257165750761,10216.293903715155,4148.005800033989,5530.674400045318,6913.343000056648,8296.011600067977,9678.680200079307,11061.348800090636,3155.206232455804,4538.989669886496,5922.773107317189,7306.556544747882,8690.339982178573,3254.693518277768,4380.308209619034,5505.9229009603,6631.537592301565,7757.152283642831
.IXIC,2015-11-20,5104.919,19.98025,20.03892,18.24034,18.442372273972605,255.49825452634474,276.8038148326765,3832.473817895171,5109.9650905268945,6387.456363158619,7664.947635790342,8942.438908422066,10219.930181053789,4152.057222490147,5536.076296653529,6920.095370816913,8304.114444980294,9688.133519143677,11072.152593307059,3156.329262492912,4540.605228858512,5924.881195224113,7309.157161589715,8693.433127955315,3257.8724285887797,4384.586525489566,5511.300622390353,6638.01471929114,7764.728816191926
.IXIC,2015-11-27,5127.525,20.03432,20.15519,18.27929,18.454031369863014,255.93706200160523,277.85392238867,3839.0559300240784,5118.7412400321045,6398.426550040131,7678.111860048157,8957.797170056183,10237.482480064209,4167.80883583005,5557.0784477734005,6946.34805971675,8335.6176716601,9724.88728360345,11114.156895546801,3161.7501248676194,4548.403526816844,5935.056928766068,7321.710330715293,8708.363732664517,3270.2317830138336,4401.220282661979,5532.208782310123,6663.197281958267,7794.185781606411
.IXIC,2015-12-04,5142.271,20.14139,20.30361,18.35202,18.496384191780823,255.30864553042264,278.0149323609451,3829.6296829563394,5106.172910608453,6382.716138260566,7659.259365912679,8935.802593564793,10212.345821216906,4170.223985414177,5560.298647218902,6950.373309023628,8340.447970828354,9730.52263263308,11120.597294437805,3153.986904329369,4537.2355792305,5920.484254131632,7303.732929032763,8686.981603933895,3272.1268072920216,4403.77068882359,5535.4145703551585,6667.058451886727,7798.702333418295
.IXIC,2015-12-11,4933.465,19.39648,19.42892,17.61486,17.71426054794521,254.3484694130069,278.5024521146193,3815.2270411951035,5086.969388260139,6358.711735325172,7630.454082390207,8902.196429455242,10173.938776520277,4177.536781719289,5570.049042292386,6962.5613028654825,8355.073563438578,9747.585824011676,11140.098084584772,3142.1252500015753,4520.171741720356,5898.218233439137,7276.264725157919,8654.3112168767,3277.8647237468494,4411.493026552794,5545.121329358737,6678.749632164681,7812.377934970626
.IXIC,2015-12-18,4923.082,19.35875,19.42057,17.61242,17.6768198630137,254.30784528959774,278.50495949788274,3814.617679343966,5086.156905791955,6357.696132239944,7629.235358687932,8900.774585135921,10172.31381158391,4177.574392468241,5570.099189957655,6962.623987447068,8355.148784936482,9747.673582425896,11140.19837991531,3141.6233948725953,4519.4497872494285,5897.276179626262,7275.102572003097,8652.92896437993,3277.894234665284,4411.5327436313955,5545.171252597507,6678.809761563619,7812.448270529731
.IXIC,2015-12-24,5048.492,19.78169,19.93397,18.08388,18.11936117808219,255.21034855970345,278.62417170130874,3828.1552283955516,5104.206971194069,6380.258713992586,7656.310456791103,8932.362199589621,10208.413942388139,4179.362575519631,5572.483434026175,6965.604292532718,8358.725151039262,9751.846009545807,11144.96686805235,3152.77258055377,4535.488687690846,5918.204794827922,7300.920901964999,8683.637009102074,3279.297315583542,4413.421071005538,5547.544826427534,6681.668581849529,7815.792337271525
.IXIC,2015-12-31,5007.411,19.5879,19.73238,17.91701,17.91701,255.63797037967316,279.4780490718038,3834.5695556950973,5112.759407593463,6390.949259491829,7669.139111390195,8947.32896328856,10225.518815186926,4192.170736077057,5589.560981436076,6986.951226795095,8384.341472154114,9781.731717513134,11179.121962872152,3158.0552595534878,4543.088198988205,5928.121138422923,7313.15407785764,8698.187017292357,3289.3471176226267,4426.946532044997,5564.545946467369,6702.145360889739,7839.74477531211
.IXIC,2016-01-08,4643.631,18.24301,16.70785,,16.70785,254.54302771308025,277.93109227099836,3818.1454156962036,5090.860554261605,6363.575692827007,7636.290831392407,8909.005969957809,10181.72110852321,4168.9663840649755,5558.621845419967,6948.2773067749595,8337.932768129951,9727.588229484943,11117.243690839934,3144.5287500056,4523.629348255745,5902.729946505891,7281.830544756038,8660.931143006183,3271.140042288031,4402.442657528578,5533.745272769125,6665.0478880096725,7796.35050325022
.IXIC,2016-01-15,4488.417,17.66608,16.23096,,16.23096,254.06977665673426,276.53429002351066,3811.046649851014,5081.395533134685,6351.744416418356,7622.093299702028,8892.442182985698,10162.79106626937,4148.01435035266,5530.6858004702135,6913.357250587766,8296.02870070532,9678.700150822873,11061.371600940427,3138.682384595317,4515.218933769779,5891.755482944242,7268.292032118706,8644.828581293168,3254.700227204443,4380.317238784583,5505.934250364725,6631.5512619448655,7757.168273525007
.IXIC,2016-01-22,4591.18,18.03044,16.67031,,16.67031,254.63493957995482,275.4105952438797,3819.5240936993223,5092.698791599097,6365.87348949887,7639.048187398645,8912.222885298419,10185.397583198193,4131.158928658196,5508.211904877594,6885.264881096992,8262.317857316391,9639.37083353579,11016.423809755188,3145.664194611765,4525.262766472627,5904.86133833349,7284.459910194352,8664.058482055214,3241.4747799940355,4362.517856241712,5483.560932489389,6604.604008737067,7725.647084984743
.IXIC,2016-01-29,4613.953,18.18675,16.92668,,16.92668,253.69859925495211,272.5846415245045,3805.4789888242817,5073.971985099042,6342.464981373803,7610.957977648563,8879.450973923324,10147.943970198085,4088.7696228675673,5451.69283049009,6814.616038112612,8177.5392457351345,9540.462453357657,10903.38566098018,3134.096998691241,4508.622528426461,5883.148058161682,7257.673587896901,8632.19911763212,3208.214412132467,4317.754605391577,5427.294798650686,6536.834991909796,7646.375185168906
.IXIC,2016-02-05,4363.144,17.03718,16.03184,,16.03184,256.09543363396995,272.15491172566595,3841.431504509549,5121.908672679399,6402.385840849249,7682.863009019098,8963.340177188948,10243.817345358799,4082.3236758849894,5443.098234513319,6803.872793141649,8164.647351769979,9525.421910398309,10886.196469026638,3163.7065884000544,4551.218039437884,5938.729490475714,7326.2409415135435,8713.752392551372,3203.156660799721,4310.947663490405,5418.738666181088,6526.529668871772,7634.320671562456
.IXIC,2016-02-12,4337.512,17.30054,15.97464,14.33002,15.78141961748634,250.71541119525745,274.8492914537227,3760.731167928862,5014.308223905149,6267.885279881436,7521.462335857724,8775.03939183401,10028.616447810298,4122.73937180584,5496.985829074454,6871.232286343067,8245.47874361168,9619.725200880293,10993.971658148908,3097.2438163249294,4455.606591673276,5813.969367021623,7172.33214236997,8530.694917718316,3234.8684543437903,4353.626775616554,5472.385096889318,6591.1434181620825,7709.9017394348475
.IXIC,2016-02-19,4504.429,17.93288,16.59442,14.88753,16.36123830601093,251.18268788950797,275.31100737925965,3767.7403183426195,5023.65375779016,6279.5671972376995,7535.480636685239,8791.39407613278,10047.30751558032,4129.665110688895,5506.2201475851925,6882.775184481491,8259.33022137779,9635.885258274087,11012.440295170385,3103.0163767147374,4463.910832362399,5824.805288010061,7185.699743657724,8546.594199305386,3240.3026698532713,4360.940379393789,5481.578088934308,6602.2157984748255,7722.853508015344
.IXIC,2016-02-26,4590.473,18.2148,16.92579,15.37812,16.684759426229505,252.01885280101894,275.1297086599573,3780.282792015284,5040.377056020378,6300.471320025474,7560.565584030568,8820.659848035662,10080.754112040757,4126.94562989936,5502.594173199146,6878.242716498933,8253.89125979872,9629.539803098505,11005.188346398292,3113.3460432847287,4478.770795990852,5844.195548696976,7209.620301403101,8575.045054109223,3238.168854973189,4358.068598445893,5477.968341918598,6597.868085391301,7717.767828864005
.IXIC,2016-03-04,4717.021,18.49731,17.34065,15.79503,17.070377650273226,255.01118811329863,276.3278643647641,3825.1678216994796,5100.223762265972,6375.279702832466,7650.335643398959,8925.391583965453,10200.447524531945,4144.917965471461,5526.557287295282,6908.1966091191025,8289.835930942922,9671.475252766742,11053.114574590563,3150.312227366293,4531.9492937877285,5913.586360209166,7295.223426630602,8676.860493052038,3252.2706780936755,4377.047445836091,5501.8242135785085,6626.600981320925,7751.377749063341
.IXIC,2016-03-11,4748.466,18.60404,17.49535,15.8826,17.18249412568306,255.23843208249392,276.35487405186194,3828.5764812374086,5104.768641649878,6380.960802062348,7657.152962474817,8933.345122887287,10209.537283299756,4145.323110777929,5527.097481037239,6908.871851296549,8290.646221555859,9672.420591815167,11054.194962074478,3153.1195138232038,4535.987775994457,5918.856038165711,7301.724300336965,8684.592562508218,3252.5885715264453,4377.475280655415,5502.3619897843855,6627.248698913355,7752.135408042325
.IXIC,2016-03-18,4795.647,20.40231,17.7081,16.08152,17.36145180327869,235.05411887183362,276.22384661946,3525.8117830775045,4701.082377436673,5876.352971795841,7051.623566155009,8226.894160514177,9402.164754873345,4143.3576992919,5524.4769323892,6905.5961654865005,8286.7153985838,9667.8346316811,11048.9538647784,2903.770106140419,4177.28083188971,5450.7915576390005,6724.3022833882915,7997.8130091375815,3251.0464299932114,4375.399799452505,5499.753168911799,6624.106538371093,7748.459907830386
.IXIC,2016-03-24,4773.505,20.09284,17.63104,16.00653,17.25820163934426,237.57243873937185,276.5934191612199,3563.5865810905775,4751.448774787437,5939.310968484297,7127.173162181155,8315.035355878015,9502.897549574875,4148.901287418299,5531.868383224399,6914.8354790304975,8297.802574836598,9680.769670642698,11063.736766448797,2934.8804818451918,4222.035330818403,5509.190179791614,6796.345028764827,8083.499877738038,3255.396153984157,4381.2538473375425,5507.111540690927,6632.969234044312,7758.826927397697
.IXIC,2016-04-01,4914.542,20.65217,18.18156,16.48223,17.75440601092896,237.96734193065427,276.80689497439613,3569.510128959814,4759.346838613085,5949.183548266356,7139.020257919628,8328.8569675729,9518.69367722617,4152.103424615942,5536.137899487922,6920.172374359903,8304.206849231883,9688.241324103865,11072.275798975845,2939.7589672219597,4229.053380701186,5518.347794180413,6807.642207659639,8096.936621138865,3257.908680649795,4384.635315091287,5511.361949532779,6638.088583974272,7764.815218415764
.IXIC,2016-04-08,4850.689,20.49611,17.90233,16.23786,17.452104508196722,236.66388402482227,277.9429264660763,3549.958260372334,4733.277680496445,5916.597100620556,7099.916520744668,8283.235940868779,9466.55536099289,4169.143896991144,5558.858529321526,6948.573161651908,8338.287793982288,9728.00242631267,11117.717058643051,2923.6565388972253,4205.8888867057585,5488.121234514292,6770.353582322826,8052.5859301313585,3271.2793261265947,4402.630111781368,5533.980897436141,6665.331683090914,7796.682468745687
.IXIC,2016-04-15,4938.216,20.96704,18.25672,16.56893,17.76790650273224,235.52280150178566,277.9289726249196,3532.842022526785,4710.456030035713,5888.070037544641,7065.68404505357,8243.298052562499,9420.912060071427,4168.934589373794,5558.579452498392,6948.22431562299,8337.869178747587,9727.514041872186,11117.158904996784,2909.5600349306656,4185.610058264193,5461.660081597722,6737.71010493125,8013.760128264777,3271.1150948843165,4402.40908222673,5533.703069569144,6664.997056911558,7796.2910442539705
.IXIC,2016-04-22,4906.228,20.86117,18.19484,16.55853,17.689640464480874,235.18469961176672,277.3503514585976,3527.770494176501,4703.693992235334,5879.6174902941675,7055.540988353002,8231.464486411835,9407.387984470668,4160.255271878964,5547.007029171951,6933.7587864649395,8320.510543757928,9707.262301050914,11094.014058343902,2905.383251448722,4179.601456708175,5453.819661967628,6728.037867227081,8002.256072486533,3264.304950502824,4393.243693481087,5522.1824364593485,6651.121179437611,7780.059922415874
.IXIC,2016-04-29,4775.358,20.3381,17.87872,16.27349,17.352415081967216,234.79862917381664,275.1984653111828,3521.9794376072496,4695.972583476333,5869.965729345416,7043.958875214499,8217.952021083582,9391.945166952666,4127.976979667742,5503.9693062236565,6879.96163277957,8255.953959335484,9631.9462858914,11007.938612447313,2900.613882581822,4172.74037872346,5444.866874865098,6716.993371006736,7989.1198671483735,3238.9780938142253,4359.15770730331,5479.337320792395,6599.51693428148,7719.696547770565
.IXIC,2016-05-06,4736.155,20.43371,17.83226,16.19266,17.26332775956284,231.78145329458036,274.3477425652453,3476.7217994187054,4635.629065891607,5794.536332364509,6953.443598837411,8112.350865310313,9271.258131783214,4115.21613847868,5486.954851304907,6858.693564131133,8230.43227695736,9602.170989783586,10973.909702609813,2863.3408274864914,4119.120425041023,5374.900022595555,6630.679620150087,7886.459217704619,3228.9654204699705,4345.682215677518,5462.399010885065,6579.115806092613,7695.83260130016
.IXIC,2016-05-13,4717.676,20.32055,17.80465,16.12147,17.188403770491803,232.1628105538482,274.4685348908938,3482.442158307723,4643.256211076964,5804.070263846205,6964.884316615446,8125.698369384687,9286.512422153928,4117.028023363408,5489.370697817876,6861.713372272345,8234.056046726815,9606.398721181284,10978.741395635752,2868.0519715180726,4125.897742438768,5383.743513359463,6641.589284280159,7899.435055200853,3230.38709880758,4347.595572268146,5464.804045728711,6582.012519189276,7699.220992649841
.IXIC,2016-05-20,4769.558,20.5064,17.88691,16.26176,17.26082762295082,232.58875277962002,276.32267143773385,3488.8312916943005,4651.7750555924,5814.7188194905,6977.662583388601,8140.606347286701,9303.5501111848,4144.840071566007,5526.453428754677,6908.066785943346,8289.680143132015,9671.293500320684,11052.906857509353,2873.3139014432977,4133.4674047095195,5393.620907975743,6653.774411241965,7913.927914508187,3252.2095593774984,4376.96518960744,5501.720819837381,6626.476450067323,7751.2320802972645
.IXIC,2016-05-27,4933.505,20.542849999999998,18.5112,16.81969,17.82720142076503,240.15679421307172,276.7402961102734,3602.3519131960757,4803.1358842614345,6003.919855326793,7204.703826392151,8405.48779745751,9606.271768522869,4151.104441654101,5534.805922205468,6918.507402756834,8302.208883308202,9685.910363859568,11069.611844410936,2966.8066365715504,4267.9633861738685,5569.1201357761865,6870.2768853785055,8171.433634980824,3257.124838117379,4383.580385691482,5510.0359332655835,6636.491480839685,7762.947028413787
.IXIC,2016-06-03,4942.517,20.5793,18.58348,16.8302,17.840970710382514,240.16934492426856,277.03184317901,3602.5401738640285,4803.386898485371,6004.233623106714,7205.080347728057,8405.9270723494,9606.773796970741,4155.47764768515,5540.636863580201,6925.796079475251,8310.9552953703,9696.11451126535,11081.273727160402,2966.961683333373,4268.186432022037,5569.4111807107,6870.635929399364,8171.860678088027,3260.5562328669316,4388.198506109733,5515.840779352533,6643.483052595334,7771.125325838135
.IXIC,2016-06-10,4894.548,20.61575,18.44191,16.67353,17.65918442622951,237.41789651116258,277.1672735197237,3561.2684476674385,4748.357930223252,5935.4474127790645,7122.536895334877,8309.62637789069,9496.715860446504,4157.509102795856,5543.345470394474,6929.181837993093,8315.018205591712,9700.85457319033,11086.690940788949,2932.97132533024,4219.288872723073,5505.606420115907,6791.923967508741,8078.241514901575,3262.1501949056133,4390.343729604556,5518.537264303498,6646.73079900244,7774.924333701382
.IXIC,2016-06-17,4800.338,20.26958,18.18536,16.49861,17.40650549180328,236.8247393384569,275.77838654981485,3552.3710900768538,4736.494786769138,5920.618483461422,7104.7421801537075,8288.865876845992,9472.989573538276,4136.675798247223,5515.5677309962975,6894.4596637453715,8273.351596494445,9652.24352924352,11031.135461992595,2925.6436848931685,4208.7475382434495,5491.851391593731,6774.9552449440125,8058.059098294294,3245.803539537343,4368.343689260561,5490.883838983779,6613.423988706998,7735.964138430216
.IXIC,2016-06-24,4707.979,19.89218,17.85584,16.18283,17.051332459016393,236.67486419286374,276.1062228606374,3550.122962892956,4733.497283857275,5916.871604821594,7100.245925785912,8283.620246750232,9466.99456771455,4141.593342909561,5522.124457212748,6902.655571515935,8283.186685819122,9663.71780012231,11044.248914425496,2923.7921837600857,4206.084021535604,5488.375859311122,6770.667697086641,8052.959534862159,3249.6620444454657,4373.536633121785,5497.411221798105,6621.285810474424,7745.160399150744
.IXIC,2016-07-01,4862.567,20.52457,18.42346,16.75564,17.58955,236.91443962041592,276.4463559329261,3553.7165943062387,4738.288792408319,5922.860990510398,7107.433188612477,8292.005386714558,9476.577584816638,4146.695338993892,5528.927118658522,6911.158898323153,8293.390677987783,9675.622457652415,11057.854237317044,2926.751808411765,4210.34165312321,5493.931497834655,6777.521342546099,8061.111187257543,3253.6652774172744,4378.924358310948,5504.183439204622,6629.442520098296,7754.70160099197
.IXIC,2016-07-08,4956.757,20.98236,18.77917,17.0679,17.89080579234973,236.23448458609994,277.05610678081104,3543.517268791499,4724.689691721998,5905.862114652498,7087.034537582998,8268.206960513498,9449.379383443997,4155.841601712165,5541.1221356162205,6926.402669520276,8311.68320342433,9696.963737328386,11082.244271232441,2918.3518998645636,4198.257784331513,5478.163668798463,6758.069553265413,8037.975437732362,3260.841805951875,4388.582842798087,5516.323879644298,6644.06491649051,7771.805953336722
.IXIC,2016-07-15,5029.588,21.31274,19.05864,17.33934,18.133224426229507,235.98974134719418,277.3686511442916,3539.846120207913,4719.794826943884,5899.743533679854,7079.692240415826,8259.640947151796,9439.589653887768,4160.529767164374,5547.373022885832,6934.21627860729,8321.059534328748,9707.902790050206,11094.746045771664,2915.328434016675,4193.908312620391,5472.488191224108,6751.068069827826,8029.647948431541,3264.520330632287,4393.533561434544,5522.546792236802,6651.560023039058,7780.573253841316
.IXIC,2016-07-22,5100.162,21.28474,19.31385,17.57562,18.34500049180328,239.61589382816047,278.01372925984936,3594.238407422407,4792.317876563209,5990.397345704012,7188.476814844814,8386.556283985616,9584.635753126418,4170.20593889774,5560.274585196987,6950.343231496234,8340.41187779548,9730.480524094728,11120.549170393973,2960.1245568205395,4258.3507368797555,5556.576916938973,6854.80309699819,8153.029277057406,3272.1126472635874,4403.751631640955,5535.390616018322,6667.02960039569,7798.668584773058
.IXIC,2016-07-29,5162.131,20.88987,19.6462,17.70086,18.524706174863383,247.11168619048374,278.6619637187347,3706.675292857256,4942.233723809675,6177.792154762094,7413.350585714512,8648.90901666693,9884.46744761935,4179.92945578102,5573.239274374693,6966.549092968367,8359.85891156204,9753.168730155714,11146.478548749386,3052.7247541198612,4391.562738886968,5730.4007236540765,7069.238708421184,8408.076693188292,3279.7421128189676,4414.019698486438,5548.297284153909,6682.574869821379,7816.85245548885
.IXIC,2016-08-05,5221.121,21.06844,19.71518,17.86174,18.61121846994536,247.81716159335957,280.53622649325274,3717.2574239003934,4956.343231867191,6195.429039833989,7434.514847800787,8673.600655767585,9912.686463734382,4208.043397398791,5610.724529865055,7013.405662331318,8416.086794797582,9818.767927263845,11221.44905973011,3061.4399316939466,4404.100144706305,5746.760357718666,7089.420570731025,8432.080783743384,3301.8014512017266,4443.708116297248,5585.614781392769,6727.52144648829,7869.428111583811
.IXIC,2016-08-12,5232.895,21.09337,19.68021,17.94758,18.615068606557376,248.08245434465903,281.1107017976099,3721.2368151698856,4961.6490868931805,6202.061358616475,7442.473630339771,8682.885902063066,9923.298173786361,4216.660526964149,5622.214035952198,7027.767544940248,8433.321053928297,9838.874562916348,11244.428071904396,3064.717258482758,4408.814813524539,5752.912368566322,7097.009923608104,8441.107478649887,3308.562800412545,4452.807834378206,5597.052868343867,6741.297902309528,7885.542936275188
.IXIC,2016-08-19,5238.378,21.61977,19.76739,17.89482,18.58040573770492,242.2957321007578,281.93022660263244,3634.4359815113667,4845.914642015156,6057.393302518944,7268.871963022733,8480.350623526523,9691.829284030311,4228.953399039487,5638.604532052649,7048.255665065811,8457.906798078973,9867.557931092135,11277.209064105298,2993.230270103114,4305.975671522101,5618.72107294109,6931.466474360078,8244.211875779065,3318.2082862178668,4465.789149030889,5613.370011843913,6760.950874656935,7908.531737469959
.IXIC,2016-08-26,5218.917,21.54739,19.73403,17.8631,18.5123024863388,242.20645748742658,281.91614759165225,3633.0968623113986,4844.129149748532,6055.161437185664,7266.193724622797,8477.22601205993,9688.258299497063,4228.742213874783,5638.3229518330445,7047.9036897913065,8457.484427749567,9867.065165707829,11276.645903666089,2992.127405134516,4304.389121442347,5616.650837750178,6928.912554058009,8241.17427036584,3318.042581775817,4465.566136779872,5613.089691783928,6760.613246787984,7908.1368017920395
.IXIC,2016-09-02,5249.899,21.55525,19.80657,17.97808,18.577584918032784,243.5554679254474,282.5931908352661,3653.332018881711,4871.109358508948,6088.886698136185,7306.664037763422,8524.44137739066,9742.218717017897,4238.897862528992,5651.863816705322,7064.829770881653,8477.795725057984,9890.761679234314,11303.727633410645,3008.792572295157,4328.363155472511,5647.933738649865,6967.504321827219,8287.074905004572,3326.0111154380616,4476.290536242783,5626.569957047504,6776.849377852226,7927.128798656948
.IXIC,2016-09-09,5125.908,20.7812,19.2419,17.555,18.07581885245901,246.66082805612768,283.5781903901232,3699.9124208419153,4933.216561122554,6166.520701403192,7399.8248416838305,8633.12898196447,9866.433122245107,4253.672855851848,5671.563807802464,7089.45475975308,8507.345711703696,9925.236663654312,11343.127615604928,3047.155022438762,4383.550281791613,5719.945541144465,7056.340800497317,8392.73605985017,3337.604174203819,4491.892979361027,5646.181784518234,6800.470589675441,7954.7593948326485
.IXIC,2016-09-16,5244.567,21.32703,19.70191,17.91671,18.43373513661202,245.91173735864768,284.50918715781825,3688.676060379715,4918.234747172954,6147.793433966192,7377.35212075943,8606.91080755267,9836.469494345907,4267.637807367274,5690.183743156365,7112.729678945456,8535.275614734548,9957.821550523639,11380.36748631273,3037.9010379326814,4370.237763691744,5702.574489450807,7034.9112152098705,8367.247940968933,3348.5616413269236,4506.640015580081,5664.718389833239,6822.796764086396,7980.875138339554
.IXIC,2016-09-23,5305.747,21.52271,19.88407,18.10941,18.58944098360656,246.5185378607062,285.4172432984386,3697.778067910593,4930.370757214124,6162.963446517655,7395.556135821186,8628.148825124717,9860.741514428248,4281.258649476579,5708.344865968773,7135.431082460966,8562.517298953158,9989.603515445351,11416.689731937546,3045.3972229249953,4381.021561560065,5716.645900195135,7052.270238830206,8387.894577465275,3359.2491062591757,4521.023671097831,5682.798235936486,6844.57280077514,8006.347365613796
.IXIC,2016-09-30,5312.002,21.57665,19.91193,18.15463,18.59635568306011,246.19215679913242,285.64747257651334,3692.882351986986,4923.843135982648,6154.803919978311,7385.764703973972,8616.725487969634,9847.686271965296,4284.7120886477005,5712.949451530267,7141.186814412833,8569.424177295401,9997.661540177967,11425.898903060533,3041.3652341457428,4375.221257532432,5709.077280919122,7042.933304305812,8376.789327692502,3361.9588146414353,4524.670514588878,5687.38221453632,6850.093914483763,8012.805614431206
.IXIC,2016-10-07,5292.405,21.52541,19.81835,18.08511,18.487638415300545,245.867790671583,286.26722792349483,3688.016860073745,4917.35581343166,6146.694766789576,7376.03372014749,8605.372673505406,9834.71162686332,4294.008418852422,5725.344558469897,7156.680698087371,8588.016837704845,10019.35297732232,11450.689116939793,3037.3581371029713,4369.456762046755,5701.55538699054,7033.6540119343235,8365.752636878107,3369.253092209907,4534.487470851268,5699.721849492629,6864.95622813399,8030.190606775351
.IXIC,2016-10-14,5214.161,22.26912,19.60038,17.84998,18.22301606557377,234.1431093819603,286.1305165532063,3512.1466407294047,4682.862187639206,5853.577734549008,7024.293281458809,8195.008828368611,9365.724375278412,4291.957748298094,5722.610331064126,7153.262913830157,8583.915496596188,10014.56807936222,11445.220662128251,2892.5158378221226,4161.090762564472,5429.665687306823,6698.240612049174,7966.815536791523,3367.644052955131,4532.321955782732,5696.999858610334,6861.677761437935,8026.355664265537
.IXIC,2016-10-21,5257.402,22.31418,19.84662,18.01108,18.367154699453557,235.6081200384688,286.2393269958364,3534.121800577032,4712.162400769376,5890.20300096172,7068.243601154064,8246.284201346409,9424.324801538753,4293.589904937546,5724.786539916728,7155.9831748959095,8587.179809875091,10018.376444854273,11449.573079833455,2910.614028017488,4187.1263026491115,5463.638577280735,6740.150851912359,8016.663126543982,3368.924709224993,4534.045518736071,5699.16632824715,6864.287137758229,8029.407947269307
.IXIC,2016-10-28,5190.104,22.47057,19.44866,17.55548,17.88652786885246,230.97340209883419,290.1683344053616,3464.6010314825126,4619.468041976684,5774.335052470855,6929.202062965025,8084.069073459196,9238.936083953367,4352.5250160804235,5803.366688107231,7254.208360134039,8705.050032160847,10155.891704187656,11606.733376214463,2853.358467178574,4104.760086292751,5356.161705406929,6607.5633245211075,7858.964943635286,3415.167586762467,4596.2811962203805,5777.394805678294,6958.508415136207,8139.62202459412
.IXIC,2016-11-04,5046.37,21.64811,18.88457,17.05591,17.34070131147541,233.1090335368769,291.01302821359974,3496.6355030531536,4662.180670737538,5827.725838421922,6993.271006106307,8158.816173790691,9324.361341475076,4365.195423203996,5820.260564271995,7275.325705339994,8730.390846407992,10185.45598747599,11640.52112854399,2879.741254075848,4142.713610838225,5405.685967600603,6668.658324362981,7931.630681125359,3425.109301872579,4609.661189165941,5794.213076459303,6978.764963752665,8163.316851046026
.IXIC,2016-11-11,5237.114,22.31985,19.48678,17.63442,17.887474644808744,234.63930089135903,292.78107189490277,3519.5895133703852,4692.78601782718,5865.982522283975,7039.1790267407705,8212.375531197566,9385.57203565436,4391.716078423541,5855.621437898055,7319.5267973725695,8783.432156847082,10247.337516321597,11711.24287579611,2898.6456009542394,4169.908864927903,5441.172128901567,6712.435392875232,7983.698656848895,3445.9184831526118,4637.667091130133,5829.415699107653,7021.164307085174,8212.912915062696
.IXIC,2016-11-18,5321.513,22.62782,19.81735,17.90216,18.127168661202184,235.17568197024724,293.5655920380828,3527.6352295537085,4703.513639404945,5879.392049256181,7055.270459107417,8231.148868958653,9407.02727880989,4403.483880571242,5871.311840761656,7339.13980095207,8806.967761142483,10274.795721332897,11742.623681523311,2905.2718508997855,4179.441199056665,5453.610547213544,6727.779895370424,8001.949243527303,3455.1519778054358,4650.093930156328,5845.035882507219,7039.977834858111,8234.919787209003
.IXIC,2016-11-25,5398.92,22.91603,20.18235,18.14457,18.345007377049185,235.59578164280637,294.2991457585569,3533.9367246420957,4711.915632856128,5889.894541070159,7067.873449284191,8245.852357498223,9423.831265712255,4414.487186378354,5885.982915171138,7357.478643963923,8828.974372756707,10300.470101549492,11771.965830342277,2910.4616041218583,4186.90702998142,5463.352455840982,6739.797881700544,8016.243307560106,3463.785617635385,4661.713458450971,5859.641299266556,7057.569140082142,8255.49698089773
.IXIC,2016-12-02,5255.652,22.3874,19.65959,17.70921,17.86374830601093,234.75937357620805,294.2076830668029,3521.390603643121,4695.187471524161,5868.984339405201,7042.781207286242,8216.578075167281,9390.374943048322,4413.115246002043,5884.153661336058,7355.192076670071,8826.230492004086,10297.2689073381,11768.307322672115,2900.128933705446,4172.042745105203,5443.956556504961,6715.8703679047185,7987.784179304475,3462.7091375952164,4660.264684755088,5857.820231914959,7055.3757790748305,8252.931326234702
.IXIC,2016-12-09,5444.498,23.17038,20.48504,18.32485,18.4546974863388,234.97663827697255,295.0196286896776,3524.649574154588,4699.532765539451,5874.415956924314,7049.299148309176,8224.18233969404,9399.065531078902,4425.294430345164,5900.3925737935515,7375.490717241939,8850.588860690328,10325.687004138716,11800.785147587103,2902.8129400365306,4175.903880040025,5448.99482004352,6722.085760047014,7995.176700050509,3472.2654193967364,4673.125944776517,5873.986470156297,7074.846995536079,8275.70752091586
.IXIC,2016-12-16,5437.162,23.09506,20.42983,18.31388,18.40059926229508,235.42532472312263,295.4883111411139,3531.3798708468394,4708.506494462453,5885.633118078065,7062.759741693679,8239.886365309292,9417.012988924906,4432.324667116709,5909.766222822278,7387.207778527848,8864.649334233418,10342.090889938987,11819.532445644556,2908.355843498994,4183.877742825443,5459.399642151893,6734.921541478343,8010.443440804793,3477.7816281860582,4680.549898678826,5883.3181691715945,7086.086439664363,8288.854710157131
.IXIC,2016-12-23,5462.689,23.30895,20.51279,18.35529,18.402448469945355,234.36014921307054,296.84577076368913,3515.402238196058,4687.202984261411,5859.003730326764,7030.804476392116,8202.605222457469,9374.405968522822,4452.686561455337,5936.915415273783,7421.144269092229,8905.373122910674,10389.60197672912,11873.830830547566,2895.197066198143,4164.947901212393,5434.698736226643,6704.449571240893,7974.200406255142,3493.758395991746,4702.052128240356,5910.3458604889665,7118.639592737577,8326.933324986187
.IXIC,2016-12-30,5383.117,22.99288,20.23265,18.10291,18.10872896174864,234.12104094832836,297.2664183870025,3511.8156142249254,4682.420818966567,5853.026023708209,7023.631228449851,8194.236433191492,9364.841637933134,4458.996275805037,5945.3283677400495,7431.660459675062,8917.992551610074,10404.324643545087,11890.656735480099,2892.2432126999706,4160.698571841574,5429.153930983179,6697.609290124783,7966.064649266387,3498.7092536776217,4708.715208018624,5918.721162359627,7128.727116700629,8338.733071041632
.IXIC,2017-01-06,5521.055,23.53704,18.53843,,18.53843,234.56879029818532,297.81675147248177,3518.5318544727797,4691.375805963707,5864.219757454633,7037.0637089455595,8209.907660436485,9382.751611927413,4467.251272087226,5956.335029449636,7445.418786812044,8934.502544174453,10423.586301536861,11912.670058899272,2897.774539627568,4168.6557809542055,5439.537022280845,6710.418263607484,7981.299504934122,3505.186458432935,4717.432512122912,5929.67856581289,7141.924619502867,8354.170673192844
.IXIC,2017-01-13,5574.116,23.73846,18.71843,,18.71843,234.81371580127777,297.78758154396496,3522.2057370191665,4696.274316025555,5870.342895031944,7044.411474038333,8218.480053044721,9392.54863205111,4466.813723159475,5955.751630879299,7444.689538599124,8933.62744631895,10422.565354038774,11911.503261758598,2900.8002570986114,4173.00849178616,5445.216726473711,6717.42496116126,7989.63319584881,3504.843139805205,4716.970458969485,5929.097778133764,7141.225097298044,8353.352416462323
.IXIC,2017-01-20,5555.334,23.65482,18.60897,,18.60897,234.84997983497652,298.529902514755,3522.7496975246477,4696.99959669953,5871.249495874413,7045.499395049295,8219.749294224179,9393.99919339906,4477.948537721325,5970.598050295101,7463.247562868875,8955.89707544265,10448.546588016425,11941.196100590201,2901.2482493205216,4173.652960615654,5446.057671910787,6718.46238320592,7990.867094501052,3513.579966735723,4728.728860955678,5943.877755175633,7159.026649395588,8374.175543615544
.IXIC,2017-01-27,5660.782,23.76224,19.21205,,19.21205,238.22594166206554,294.6474738510466,3573.389124930983,4764.518833241311,5955.648541551638,7146.778249861966,8337.907958172294,9529.037666482622,4419.712107765698,5892.949477020931,7366.186846276165,8839.424215531397,10312.66158478663,11785.898954041862,2942.95361096244,4233.649104044988,5524.344597127537,6815.0400902100855,8105.735583292633,3467.8853027835503,4667.230993177517,5866.576683571484,7065.92237396545,8265.268064359418
.IXIC,2017-02-03,5666.766,23.48124,19.23293,,19.23293,241.33163325275837,294.6387263927025,3619.9744987913755,4826.632665055167,6033.290831318959,7239.948997582751,8446.607163846544,9653.265330110335,4419.580895890537,5892.77452785405,7365.968159817562,8839.161791781074,10312.355423744588,11785.5490557081,2981.3201558382725,4288.842120929054,5596.364086019835,6903.886051110616,8211.408016201396,3467.782348626735,4667.09243299181,5866.402517356884,7065.712601721959,8265.022686087033
.IXIC,2017-02-10,5734.127,23.62941,19.39101,17.56275,19.18564380821918,242.66907214357025,298.8759229202142,3640.0360821535537,4853.381442871405,6066.726803589256,7280.072164307107,8493.41752502496,9706.76288574281,4483.138843803213,5977.518458404284,7471.8980730053545,8966.277687606425,10460.657302207495,11955.036916808567,2997.842372460423,4312.610510392838,5627.378648325252,6942.1467862576665,8256.914924190081,3517.6524913118596,4734.209841802122,5950.7671922923855,7167.324542782648,8383.88189327291
.IXIC,2017-02-17,5838.578,23.87078,19.82791,18.19579,19.61327504109589,244.5910020535567,297.68501118586113,3668.8650308033507,4891.820041071134,6114.775051338917,7337.730061606701,8560.685071874484,9783.640082142269,4465.275167787917,5953.700223717223,7442.125279646528,8930.550335575834,10418.975391505139,11907.400447434446,3021.585171121011,4346.7662231782815,5671.947275235552,6997.128327292823,8322.309379350094,3503.6359268848955,4715.34573927287,5927.055551660845,7138.765364048819,8350.475176436794
.IXIC,2017-02-24,5845.306,22.0193,19.88173,18.43653,19.663960136986304,265.4628439596172,297.2598580997658,3981.942659394258,5309.256879192344,6636.57109899043,7963.885318788516,9291.199538586603,10618.513758384688,4458.897871496487,5945.197161995316,7431.496452494144,8917.795742992974,10404.095033491802,11890.394323990631,3279.4280495091753,4717.691631926209,6155.955214343243,7594.218796760278,9032.48237917731,3498.6320416676463,4708.611292734658,5918.590543801669,7128.56979486868,8338.549045935692
.IXIC,2017-03-03,5870.753,21.98628,19.9562,18.42985,19.69692958904109,267.018931806563,298.05422075866835,4005.2839770984447,5340.37863613126,6675.473295164074,8010.567954196889,9345.662613229704,10680.75727226252,4470.813311380025,5961.084415173367,7451.355518966709,8941.62662276005,10431.897726553392,11922.168830346734,3298.6513730321867,4745.345756716626,6192.040140401065,7638.734524085506,9085.428907769945,3507.9813788735064,4721.19403771121,5934.406696548913,7147.619355386615,8360.83201422432
.IXIC,2017-03-10,5861.725,22.21672,19.86216,18.38559,19.58302758904109,263.8429525150428,299.3268008916198,3957.644287725642,5276.859050300855,6596.0738128760695,7915.288575451284,9234.503338026498,10553.71810060171,4489.902013374297,5986.536017832396,7483.170022290496,8979.804026748594,10476.438031206693,11973.072035664793,3259.4165203578286,4688.903617005898,6118.390713653968,7547.877810302039,8977.364906950108,3522.9591483483186,4741.351771833904,5959.74439531949,7178.137018805076,8396.529642290661
.IXIC,2017-03-17,5900.996,22.39606,19.99568,18.4883,19.681814575342464,263.48366632345153,299.81971313726405,3952.254994851773,5269.67332646903,6587.091658086289,7904.509989703546,9221.928321320804,10539.34665293806,4497.29569705896,5996.394262745281,7495.492828431601,8994.59139411792,10493.689959804242,11992.788525490561,3254.9780339883955,4682.518537142162,6110.059040295929,7537.599543449696,8965.140046603463,3528.7605323204607,4749.159526910571,5969.55852150068,7189.957516090791,8410.3565106809
.IXIC,2017-03-24,5828.738,22.07519,19.68418,18.19418,19.34535808219178,264.0402189063832,301.29904937586036,3960.6032835957476,5280.804378127664,6601.00547265958,7921.206567191495,9241.407661723411,10561.608756255328,4519.485740637905,6025.980987517207,7532.476234396509,9038.97148127581,10545.466728155112,12051.961975034414,3261.8534751019947,4692.409350576011,6122.965226050029,7553.521101524046,8984.076976998062,3546.1717401365395,4772.592288277457,5999.012836418374,7225.433384559291,8451.853932700207
.IXIC,2017-03-31,5911.738,22.35575,19.94651,18.44524,19.57633383561644,264.4392605929123,301.98391842115035,3966.5889088936847,5288.785211858247,6610.981514822808,7933.177817787369,9255.37412075193,10577.570423716494,4529.758776317255,6039.678368423007,7549.597960528758,9059.51755263451,10569.437144740263,12079.356736846014,3266.78308589124,4699.500948018607,6132.218810145974,7564.936672273342,8997.65453440071,3554.2323804177904,4783.440648837511,6012.648917257232,7241.857185676952,8471.065454096673
.IXIC,2017-04-07,5877.812,22.24664,19.85297,18.36757,19.458219863013696,264.21122470629274,302.07347030611885,3963.168370594391,5284.224494125855,6605.2806176573185,7926.336741188782,9247.392864720247,10568.44898825171,4531.102054591783,6041.469406122377,7551.836757652971,9062.204109183565,10572.57146071416,12082.938812244754,3263.966016384561,4695.448392195586,6126.930768006613,7558.41314381764,8989.895519628666,3555.2863710108877,4784.859155256588,6014.431939502288,7244.0047237479885,8473.577507993688
.IXIC,2017-04-13,5805.15,21.96042,19.8846,18.13419,19.390648684931502,264.3460370976511,299.37884463407295,3965.190556464767,5286.920741953022,6608.650927441277,7930.381112929534,9252.111298417789,10573.841483906044,4490.682669511094,5987.576892681459,7484.471115851824,8981.365339022188,10478.259562192554,11975.153785362918,3265.6314379217056,4697.844220105454,6130.057002289204,7562.269784472954,8994.482566656703,3523.5716828024447,4742.176147365123,5960.780611927801,7179.385076490479,8397.989541053157
.IXIC,2017-04-21,5910.522,22.3149,20.17772,18.43423,19.647507972602742,264.86885444254733,300.8280749009933,3973.03281663821,5297.377088850946,6621.721361063684,7946.06563327642,9270.409905489156,10594.754177701892,4512.421123514899,6016.561498019865,7520.701872524832,9024.842247029797,10528.982621534764,12033.12299603973,3272.090126603137,4707.135505380082,6142.180884157028,7577.226262933974,9012.271641710919,3540.6285551296205,4765.132028607264,5989.635502084907,7214.1389755625505,8438.642449040195
.IXIC,2017-04-28,6047.606,22.49098,20.53899,18.81372,19.98123147945205,268.8902840160811,302.6643280830379,4033.3542602412167,5377.805680321622,6722.257100402028,8066.708520482433,9411.159940562839,10755.611360643245,4539.964921245569,6053.286561660758,7566.608202075948,9079.929842491138,10593.251482906326,12106.573123321516,3321.7693538195026,4778.602624335257,6235.435894851012,7692.269165366767,9149.102435882522,3562.2405355039073,4794.21837253734,6026.196209570771,7258.174046604204,8490.151883637636
.IXIC,2017-05-05,6100.758,22.74929,20.77624,19.06433,20.189969452054797,268.1735561857095,302.16776773672166,4022.603342785643,5363.47112371419,6704.338904642738,8045.206685571286,9386.074466499833,10726.94224742838,4532.516516050825,6043.355354734433,7554.194193418041,9065.03303210165,10575.871870785259,12086.710709468865,3312.9151679917413,4765.865245208002,6218.815322424265,7671.765399640527,9124.715476856789,3556.3962148164483,4786.352831360218,6016.309447903988,7246.266064447758,8476.222680991528
.IXIC,2017-05-12,6121.232,22.46684,20.8612,19.01995,20.195323287671236,272.45629558941084,303.1014613040073,4086.8444338411628,5449.125911788216,6811.407389735271,8173.6888676823255,9535.97034562938,10898.251823576433,4546.521919560109,6062.029226080145,7577.536532600182,9093.043839120219,10608.551145640255,12124.05845216029,3365.822518488494,4841.976250217939,6318.129981947385,7794.28371367683,9270.437445406274,3567.3854222139303,4801.142585022145,6034.899747830359,7268.656910638573,8502.414073446787
.IXIC,2017-05-19,6083.703,22.33333,20.56524,18.90421,19.93268336986301,272.40465259770934,305.2124436591505,4086.0697889656403,5448.093051954187,6810.116314942734,8172.139577931281,9534.162840919827,10896.186103908374,4578.186654887258,6104.24887318301,7630.311091478762,9156.373309774515,10682.435528070268,12208.49774636602,3365.184540408322,4841.058473152932,6316.932405897543,7792.806338642153,9268.680271386762,3592.2308572965926,4834.580653046974,6076.930448797355,7319.280244547736,8561.630040298118
.IXIC,2017-05-26,6210.194,22.79389,21.02436,19.28983,20.330548,272.4499416290945,305.4612202287907,4086.7491244364173,5448.99883258189,6811.2485407273625,8173.498248872835,9535.747957018308,10897.99766516378,4581.91830343186,6109.224404575814,7636.5305057197675,9163.83660686372,10691.142708007674,12218.448809151629,3365.7440240544856,4841.863330364573,6317.982636674661,7794.10194298475,9270.221249294837,3595.1588600323917,4838.521286581094,6081.883713129795,7325.2461396784975,8568.6085662272
.IXIC,2017-06-02,6305.796,23.13081,21.30723,19.5225,20.559110301369863,272.6145776996136,306.71541265965396,4089.2186654942043,5452.291553992272,6815.3644424903405,8178.437330988409,9541.510219486478,10904.583107984545,4600.731189894809,6134.3082531930795,7667.885316491349,9201.462379789618,10735.03944308789,12268.616506386159,3367.777876097838,4844.789171889572,6321.800467681306,7798.811763473041,9275.823059264774,3609.9202134592733,4858.387758566165,6106.8553036730555,7355.322848779947,8603.790393886839
.IXIC,2017-06-09,6207.918,22.8215,20.97664,19.20963,20.2020602739726,272.0205946147273,307.29133146870146,4080.30891922091,5440.411892294546,6800.514865368183,8160.61783844182,9520.720811515455,10880.823784589093,4609.369972030522,6145.826629374029,7682.283286717537,9218.739944061044,10755.19660140455,12291.653258748058,3360.4400326525742,4834.233159653449,6308.0262866543235,7781.819413655198,9255.612540656071,3616.6985521546258,4867.510341834939,6118.322131515253,7369.1339211955665,8619.94571087588
.IXIC,2017-06-16,6151.758,22.6409,20.70587,18.95249,19.90363860273973,271.7099585263837,309.07705484328943,4075.649377895755,5434.199170527673,6792.748963159592,8151.29875579151,9509.848548423428,10868.398341055346,4636.155822649342,6181.541096865789,7726.926371082236,9272.311645298683,10817.69691951513,12363.082193731578,3356.602551345929,4828.712668526728,6300.822785707527,7772.932902888327,9245.043020069126,3637.7158164964244,4895.796291041251,6153.876765586076,7411.9572401309015,8670.037714675727
.IXIC,2017-06-23,6265.25,22.96645,21.0379,19.25731,20.189070794520543,272.8001062419312,310.3287944138783,4092.001593628968,5456.002124838624,6820.00265604828,8184.003187257936,9548.003718467591,10912.004249677248,4654.931916208175,6206.575888277566,7758.219860346958,9309.86383241635,10861.50780448574,12413.151776555133,3370.0698258735038,4848.086305448905,6326.102785024305,7804.119264599707,9282.135744175108,3652.4483007190865,4915.623909594642,6178.799518470199,7441.975127345754,8705.15073622131
.IXIC,2017-06-30,6140.42,22.40805,20.58259,18.85804,19.72740219178082,274.02741425514495,311.263487219738,4110.411213827174,5480.548285102899,6850.6853563786235,8220.822427654348,9590.959498930073,10961.096570205798,4668.95230829607,6225.26974439476,7781.58718049345,9337.90461659214,10894.22205269083,12450.53948878952,3385.2315270889585,4869.8974962632965,6354.563465437636,7839.229434611975,9323.895403786313,3663.449268763011,4930.429491246477,6197.409713729943,7464.389936213409,8731.370158696875
.IXIC,2017-07-07,6153.079,22.47628,20.64045,18.91064,19.749479369863018,273.7587803675697,311.5565167449109,4106.381705513546,5475.175607351394,6843.969509189244,8212.763411027092,9581.557312864941,10950.351214702789,4673.347751173663,6231.130334898217,7788.912918622772,9346.695502347326,10904.47808607188,12462.260669796435,3381.912925160257,4865.123450206372,6348.333975252488,7831.544500298603,9314.755025344719,3666.898111443883,4935.071093850184,6203.244076256487,7471.417058662788,8739.59004106909
.IXIC,2017-07-14,6312.465,23.07778,21.19759,19.41681,20.246214383561643,273.5299929195962,311.78495299966954,4102.949893793943,5470.5998583919245,6838.249822989906,8205.899787587887,9573.549752185867,10941.199716783849,4676.774294995043,6235.699059993391,7794.623824991739,9353.548589990087,10912.473354988433,12471.398119986781,3379.086571147512,4861.057537957807,6343.028504768103,7824.999471578398,9306.970438388693,3669.58671664435,4938.689535760581,6207.792354876811,7476.895173993043,8745.997993109273
.IXIC,2017-07-21,6387.754,23.15931,21.49575,19.73073,20.518944410958905,275.8179755787197,311.31006898134495,4137.269633680796,5516.359511574394,6895.449389467993,8274.539267361592,9653.62914525519,11032.719023148788,4669.651034720175,6226.201379626899,7782.751724533624,9339.30206944035,10895.852414347073,12452.402759253799,3407.3514476824053,4901.718582961081,6396.085718239758,7890.4528535184345,9384.81998879711,3663.9975178429813,4931.167348722895,6198.337179602809,7465.507010482723,8732.676841362636
.IXIC,2017-07-28,6374.677,23.74631,21.38317,19.55208,20.33468284931507,268.4491611538803,313.4878988395296,4026.737417308205,5368.983223077606,6711.229028847008,8053.47483461641,9395.72064038581,10737.966446155213,4702.318482592944,6269.757976790592,7837.19747098824,9404.636965185888,10972.076459383536,12539.515953581184,3316.3198880260857,4770.763178314808,6225.206468603532,7679.649758892256,9134.09304918098,3689.629721840697,4965.664284600666,6241.698847360634,7517.733410120603,8793.767972880572
.IXIC,2017-08-04,6351.564,23.51254,21.4149,19.42237,20.23575895890411,270.1351704239525,313.87821988288675,4052.0275563592877,5402.70340847905,6753.379260598813,8104.055112718575,9454.730964838338,10805.4068169581,4708.173298243301,6277.564397657735,7846.955497072169,9416.346596486603,10985.737695901036,12555.12879531547,3337.148211905748,4800.726210828615,6264.304209751483,7727.88220867435,9191.460207597218,3694.2236475646614,4971.846989807794,6249.470332050926,7527.0936742940585,8804.71701653719
.IXIC,2017-08-11,6256.555,23.14637,21.11196,19.07642,19.86832871232877,270.3039396674295,314.90092048445223,4054.559095011443,5406.07879334859,6757.598491685738,8109.118190022886,9460.637888360034,10812.15758669718,4723.513807266783,6298.018409689044,7872.523012111305,9447.027614533567,11021.532216955828,12596.036819378089,3339.2331236120253,4803.725505327996,6268.2178870439675,7732.710268759939,9197.202650475909,3706.2604328761477,4988.046619426138,6269.832805976128,7551.618992526118,8833.405179076108
.IXIC,2017-08-18,6216.527,22.95582,21.04555,18.85598,19.665820958904103,270.80396169685946,316.1081865329065,4062.059425452892,5416.079233937189,6770.099042421487,8124.118850905784,9478.13865939008,10832.158467874378,4741.6227979935975,6322.16373065813,7902.704663322662,9483.245595987195,11063.786528651726,12644.32746131626,3345.410207546734,4812.611682048001,6279.8131565492695,7747.014631050538,9214.216105551805,3720.4694811712657,5007.1697751237325,6293.8700690762,7580.570363028667,8867.270656981134
.IXIC,2017-08-25,6265.643,23.09334,21.0906,18.97389,19.71618830136986,271.3181809127653,317.7918015504381,4069.772713691479,5426.3636182553055,6782.954522819132,8139.545427382958,9496.136331946786,10852.727236510611,4766.877023256571,6355.836031008762,7944.795038760953,9533.754046513142,11122.713054265334,12711.672062017524,3351.7626781791014,4821.750165067582,6291.737651956064,7761.725138844546,9231.712625733026,3740.284970164038,5033.838322753552,6327.391675343067,7620.945027932581,8914.498380522096
.IXIC,2017-09-01,6435.331,23.94183,21.64358,19.45473,20.180348767123288,268.79027208864153,318.8909703326876,4031.854081329623,5375.805441772831,6719.7568022160385,8063.708162659246,9407.659523102453,10751.610883545662,4783.364554990314,6377.819406653752,7972.274258317189,9566.729109980628,11161.183961644065,12755.638813307503,3320.533844114119,4776.825255321436,6233.116666528754,7689.408077736072,9145.699488943388,3753.221755996346,5051.24921224871,6349.276668501075,7647.304124753439,8945.331581005805
.IXIC,2017-09-08,6360.192,23.65316,21.33386,19.22338,19.882543616438355,268.89396596480134,319.88824582492373,4033.40948947202,5377.879319296027,6722.349149120034,8066.81897894404,9411.288808768048,10755.758638592053,4798.323687373856,6397.764916498474,7997.206145623093,9596.647374747712,11196.088603872331,12795.529832996948,3321.8148392280436,4778.668058346312,6235.521277464582,7692.374496582853,9149.227715701121,3764.9592977344446,5067.046106840293,6369.13291594614,7671.2197250519885,8973.306534157837
.IXIC,2017-09-15,6448.467,23.9816,21.66695,19.50154,20.13633142465753,268.8922757447376,320.24040844419466,4033.3841361710643,5377.845514894752,6722.306893618441,8066.7682723421285,9411.229651065816,10755.691029789505,4803.606126662919,6404.808168883893,8006.010211104866,9607.212253325839,11208.414295546812,12809.616337767786,3321.7939588856043,4778.638020481383,6235.482082077162,7692.326143672942,9149.17020526872,3769.104113760177,5072.624380666359,6376.144647572541,7679.6649144787225,8983.185181384904
.IXIC,2017-09-22,6426.922,23.89871,,19.45965,20.14997112328767,268.9233854044841,318.95440249898394,4033.850781067262,5378.467708089683,6723.084635112103,8067.701562134524,9412.318489156944,10756.935416179365,4784.316037484759,6379.0880499796785,7973.860062474599,9568.632074969519,11163.404087464438,12758.176099959357,3322.178275911903,4779.190887991084,6236.203500070266,7693.216112149448,9150.22872422863,3753.968327736289,5052.253980993656,6350.539634251023,7648.825287508391,8947.110940765757
.IXIC,2017-09-29,6495.959,23.97348,21.94767,19.55362,20.163610821917807,270.96437396656637,322.1624865393109,4064.4656094984957,5419.287479331328,6774.1093491641595,8128.931218996991,9483.753088829822,10838.574958662655,4832.437298089664,6443.249730786219,8054.062163482773,9664.874596179328,11275.687028875882,12886.499461572437,3347.391880344763,4815.46245999932,6283.533039653878,7751.603619308437,9219.674198962994,3791.7262197288355,5103.070195590838,6414.4141714528405,7725.758147314843,9037.102123176845
.IXIC,2017-10-06,6590.18,24.31995,22.23128,19.82086,20.388794575342462,270.9783531627327,323.2255823485488,4064.67529744099,5419.5670632546535,6774.458829068317,8129.35059488198,9484.242360695644,10839.134126509307,4848.383735228233,6464.5116469709765,8080.63955871372,9696.767470456465,11312.895382199209,12929.023293941953,3347.5645740721925,4815.710892268753,6283.857210465314,7752.003528661875,9220.149846858436,3804.2384408048274,5119.909687356176,6435.580933907523,7751.252180458871,9066.923427010219
.IXIC,2017-10-13,6605.801,24.88546,22.32569,19.88174,20.410704520547945,265.4482175535434,323.6439483678666,3981.723263303151,5308.964351070867,6636.205438838584,7963.446526606302,9290.687614374017,10617.928702141735,4854.6592255179985,6472.878967357332,8091.0987091966645,9709.318451035997,11327.53819287533,12945.757934714664,3279.2473603941694,4717.4316977203125,6155.616035046456,7593.800372372601,9031.984709698743,3809.162444905774,5126.536626410943,6443.910807916112,7761.284989421281,9078.65917092645
.IXIC,2017-10-20,6629.053,24.92412,22.42791,19.95598,20.443593589041097,265.9693902934186,324.2606526649767,3989.540854401279,5319.387805868372,6649.234757335465,7979.081708802558,9308.92866026965,10638.775611736744,4863.90978997465,6485.213053299534,8106.516316624417,9727.8195799493,11349.122843274185,12970.426106599069,3285.6857322442293,4726.693755780955,6167.701779317683,7608.709802854411,9049.717826391137,3816.420812812885,5136.305253887971,6456.189694963057,7776.0741360381435,9095.95857711323
.IXIC,2017-10-27,6701.263,25.29719,22.32275,20.02381,20.433210273972605,264.90147719964153,327.95938132814734,3973.522157994623,5298.02954399283,6622.536929991038,7947.044315989246,9271.551701987453,10596.05908798566,4919.39071992221,6559.187626562947,8198.984533203684,9838.78143984442,11478.578346485157,13118.375253125894,3272.4931358645135,4707.715263005888,6142.937390147263,7578.159517288638,9013.381644430012,3859.953399745831,5194.89330430116,6529.83320885649,7864.773113411819,9199.71301796715
.IXIC,2017-11-03,6764.435,25.27415,22.46612,19.9742,20.370176328767123,267.64243307885727,332.0754268801859,4014.636496182859,5352.848661577145,6691.060826971432,8029.272992365718,9367.485157760004,10705.69732315429,4981.1314032027885,6641.508537603718,8301.885672004648,9962.262806405577,11622.639940806506,13283.017075207435,3306.353873053536,4756.426353499675,6206.498833945815,7656.571314391955,9106.643794838094,3908.3976429254553,5260.091675489356,6611.785708053258,7963.479740617158,9315.173773181059
.IXIC,2017-11-10,6750.939,25.16607,22.47711,19.95421,20.306724794520548,268.2555917550893,332.44844101209446,4023.8338763263396,5365.111835101787,6706.3897938772325,8047.667752652679,9388.945711428127,10730.223670203573,4986.7266151814165,6648.968820241889,8311.211025302362,9973.453230362833,11635.695435423306,13297.937640483779,3313.9286045362637,4767.323146108221,6220.7176876801805,7674.112229252139,9127.506770824097,3912.7878730837842,5266.0002383376395,6619.212603591495,7972.424968845351,9325.637334099207
.IXIC,2017-11-17,6782.791,25.24766,22.55923,19.99423,20.30343547945205,268.6502828380927,334.0710987982539,4029.754242571391,5373.005656761854,6716.257070952318,8059.508485142782,9402.759899333245,10746.011313523708,5011.066481973809,6681.421975965078,8351.777469956347,10022.132963947617,11692.488457938887,13362.843951930156,3318.8044696071943,4774.337426493782,6229.870383380371,7685.40334026696,9140.936297153548,3931.88591935081,5291.70322031777,6651.520521284729,8011.337822251688,9371.155123218647
.IXIC,2017-12-08,6840.081,24.96247,22.95652,20.08291,20.263986794520545,274.0145907035642,337.5486309460872,4110.218860553463,5480.291814071284,6850.364767589104,8220.437721106926,9590.510674624746,10960.583628142567,5063.229464191308,6750.972618921744,8438.71577365218,10126.458928382615,11814.202083113052,13501.945237843487,3385.0731097597345,4869.669601613025,6354.266093466318,7838.86258531961,9323.459077172902,3972.8151099792185,5346.787506661741,6720.759903344262,8094.732300026784,9468.704696709307
.IXIC,2017-12-15,6936.583,25.36122,23.24671,20.36227,20.48871120547945,273.5114083628469,338.55633623968,4102.671125442704,5470.228167256938,6837.785209071173,8205.342250885407,9572.899292699642,10940.456334513876,5078.3450435952,6771.126724793599,8463.908405991999,10156.6900871904,11849.4717683888,13542.253449587199,3378.856984528977,4860.72726119835,6342.597537867723,7824.467814537096,9306.338091206468,3984.6754063921253,5362.749609838036,6740.823813283947,8118.898016729858,9496.972220175769
.IXIC,2017-12-22,6959.96,24.99145,23.27082,20.32475,20.39739282191781,278.49364482653067,341.2181184509643,4177.40467239796,5569.872896530614,6962.341120663266,8354.80934479592,9747.277568928574,11139.745793061227,5118.271776764464,6824.362369019286,8530.452961274108,10236.543553528929,11942.634145783752,13648.724738038572,3440.4056584020614,4949.2694274857495,6458.133196569438,7966.9969656531275,9475.860734736816,4016.0035399378758,5404.9123756382105,6793.821211338546,8182.730047038881,9571.638882739217
.IXIC,2017-12-29,6903.389,24.78094,23.06802,20.13389,20.149967424657536,278.5765592427083,342.6005042346776,4178.648388640624,5571.531184854166,6964.413981067708,8357.296777281248,9750.17957349479,11143.062369708332,5139.007563520164,6852.010084693552,8565.01260586694,10278.015127040328,11991.017648213716,13704.020169387104,3441.4299518891116,4950.742946873746,6460.055941858382,7969.368936843018,9478.681931827652,4032.273678892265,5426.80943686174,6821.345194831216,8215.880952800691,9610.416710770167
.IXIC,2018-01-05,7136.558,25.23691,20.78573,,20.78573,282.7825593545327,343.33930056822635,4241.73839031799,5655.651187090653,7069.563983863317,8483.47678063598,9897.389577408643,11311.302374181307,5150.089508523395,6866.786011364527,8583.482514205658,10300.17901704679,12016.875519887923,13733.572022729055,3493.3892940600026,5025.490174152202,6557.591054244401,8089.691934336601,9621.7928144288,4040.969022223663,5438.51200841451,6836.054994605356,8233.597980796203,9631.14096698705
.IXIC,2018-01-12,7261.062,25.67009,20.9326,,20.9326,282.8607924631351,346.87817089133694,4242.911886947027,5657.215849262702,7071.519811578378,8485.823773894053,9900.127736209728,11314.431698525404,5203.172563370054,6937.563417826739,8671.954272283423,10406.345126740109,12140.735981196793,13875.126835653478,3494.355756435393,5026.880499352851,6559.405242270311,8091.92998518777,9624.45472810523,4082.6201391382992,5494.5678945790305,6906.515650019762,8318.463405460494,9730.411160901225
.IXIC,2018-01-19,7336.38,25.51366,21.06606,,21.06606,287.5471414136584,348.2559149646398,4313.207121204876,5750.942828273168,7188.67853534146,8626.414242409752,10064.149949478044,11501.885656546336,5223.838724469598,6965.118299292797,8706.397874115995,10447.677448939196,12188.957023762394,13930.236598585594,3552.2491473480277,5110.16427985636,6668.079412364692,8225.994544873025,9783.909677381356,4098.835646980119,5516.391430873242,6933.947214766364,8351.502998659485,9769.058782552607
.IXIC,2018-01-26,7505.772,25.52105,21.29989,,21.29989,294.1012223243166,352.38548180295766,4411.518334864749,5882.024446486332,7352.530558107916,8823.036669729498,10293.542781351081,11764.048892972663,5285.782227044365,7047.709636059153,8809.637045073941,10571.56445408873,12333.491863103518,14095.419272118306,3633.215795849823,5226.640590461558,6820.065385073293,8413.49017968503,10006.914974296764,4147.439030400621,5581.803979924785,7016.168929448949,8450.533878973112,9884.898828497277
.IXIC,2018-02-02,7240.946,25.4237,20.29985,,20.29985,284.81086545231415,356.69948300110593,4272.162981784712,5696.217309046283,7120.271636307853,8544.325963569425,9968.380290830995,11392.434618092566,5350.492245016589,7133.989660022118,8917.487075027648,10700.984490033177,12484.481905038707,14267.979320044236,3518.446224102788,5061.536358852702,6604.626493602616,8147.716628352531,9690.806763102446,4198.213133961448,5650.137978629899,7102.062823298351,8553.987667966801,10005.912512635254
.IXIC,2018-02-09,6874.491,24.63414,19.09682,17.49393,18.92116082191781,279.0635678777502,363.32289888032443,4185.953518166253,5581.271357555004,6976.589196943754,8371.907036332506,9767.224875721256,11162.542715110008,5449.843483204866,7266.457977606488,9083.07247200811,10899.686966409732,12716.301460811355,14532.915955212977,3447.446273248015,4959.397855138657,6471.349437029301,7983.301018919944,9495.252600810587,4276.168143320791,5755.053223509345,7233.9383036979,8712.823383886454,10191.708464075009
.IXIC,2018-02-16,7239.465,24.5214,20.08294,18.48451,19.877114767123288,295.23049254936507,364.21105803413997,4428.457388240476,5904.609850987301,7380.762313734127,8856.914776480951,10333.067239227777,11809.219701974602,5463.1658705121,7284.2211606828,9105.276450853498,10926.3317410242,12747.3870311949,14568.4423213656,3647.1663751333886,5246.70949581731,6846.252616501233,8445.795737185157,10045.338857869077,4286.621428515446,5769.121709742686,7251.6219909699275,8734.122272197168,10216.62255342441
.IXIC,2018-02-23,7337.39,22.30181,20.32832,18.83203,20.10695106849315,329.0042377726292,364.9180810658768,4935.063566589438,6580.084755452584,8225.10594431573,9870.127133178876,11515.148322042023,13160.169510905169,5473.771215988152,7298.3616213175355,9122.952026646919,10947.542431976304,12772.132837305688,14596.723242635071,4064.3945106045726,5846.921988239938,7629.449465875306,9411.976943510672,11194.504421146039,4294.942812535623,5780.320990576435,7265.699168617247,8751.07734665806,10236.455524698871
.IXIC,2018-03-02,7257.866,22.26059,20.06047,18.43326,19.78852531506849,326.0410438357654,366.7714437757172,4890.61565753648,6520.820876715307,8151.026095894134,9781.23131507296,11411.436534251789,13041.641753430615,5501.571656635759,7335.428875514344,9169.28609439293,11003.143313271517,12837.000532150103,14670.857751028689,4027.788328105582,5794.261378449125,7560.734428792669,9327.207479136214,11093.680529479756,4316.756165347301,5809.678350298242,7302.600535249181,8795.522720200122,10288.444905151062
.IXIC,2018-03-09,7560.81,23.29525,20.93216,19.16746,20.60339397260274,324.5644498341937,366.96915129875936,4868.466747512905,6491.288996683874,8114.111245854842,9736.93349502581,11359.755744196778,12982.577993367748,5504.5372694813905,7339.383025975187,9174.228782468985,11009.074538962781,12843.920295456577,14678.766051950373,4009.5470416254757,5768.019984131708,7526.492926637942,9284.965869144176,11043.438811650409,4319.083105417231,5812.810047533131,7306.536989649032,8800.263931764932,10293.990873880832
.IXIC,2018-03-16,7481.988,23.07643,20.71232,18.96315,20.35290150684932,324.2264076375766,367.6128436764705,4863.396114563649,6484.528152751532,8105.660190939415,9726.792229127297,11347.92426731518,12969.056305503063,5514.192655147058,7352.25687352941,9190.321091911763,11028.385310294116,12866.449528676467,14704.51374705882,4005.3709955733493,5762.012443421186,7518.653891269024,9275.295339116861,11031.936786964698,4326.6591124571105,5823.006167581472,7319.353222705833,8815.700277830194,10312.047332954557
.IXIC,2018-03-23,6992.666,21.47671,19.28516,17.63387,18.91418526027397,325.5929795578559,369.70484870352334,4883.894693367839,6511.859591157118,8139.824488946399,9767.789386735678,11395.754284524957,13023.719182314237,5545.57273055285,7394.096974070467,9242.621217588083,11091.1454611057,12939.669704623317,14788.193948140934,4022.2531106753686,5786.298572570424,7550.344034465479,9314.389496360536,11078.43495825559,4351.281191824854,5856.143633762771,7361.006075700687,8865.868517638602,10370.730959576518
.IXIC,2018-03-29,7063.445,21.47926,19.53961,17.82423,19.126038931506848,328.8495506828447,369.3103953879438,4932.743260242671,6576.991013656894,8221.238767071118,9865.486520485341,11509.734273899565,13153.982027313788,5539.655930819157,7386.207907758876,9232.759884698595,11079.311861638314,12925.863838578032,14772.415815517752,4062.483564524249,5844.17295572692,7625.862346929593,9407.551738132264,11189.241129334936,4346.638630876159,5849.89547315317,7353.15231543018,8856.40915770719,10359.665999984201
.IXIC,2018-04-06,6915.111,21.01481,19.13793,17.47388,18.70026205479452,329.0589351033866,369.78685003117636,4935.884026550799,6581.178702067732,8226.473377584665,9871.768053101598,11517.062728618532,13162.357404135464,5546.802750467646,7395.737000623527,9244.67125077941,11093.605500935291,12942.539751091172,14791.474001247054,4065.070220839736,5847.89404570664,7630.717870573546,9413.541695440452,11196.365520307356,4352.246315317209,5857.442538969395,7362.638762621581,8867.834986273767,10373.031209925952
.IXIC,2018-04-13,7106.65,21.59611,19.65661,17.9148,19.165085534246572,329.070837294309,370.8123288727801,4936.062559414635,6581.41674588618,8226.770932357726,9872.12511882927,11517.479305300814,13162.83349177236,5562.184933091701,7416.246577455602,9270.308221819501,11124.369866183402,12978.431510547303,14832.493154911204,4065.2172560262024,5848.105566331066,7630.993876635931,9413.882186940797,11196.77049724566,4364.315799425229,5873.68617605145,7383.056552677672,8892.426929303894,10401.797305930115
.IXIC,2018-04-20,7146.126,21.58692,19.75553,18.0507,19.24174561643836,331.03962955345185,371.38657492150884,4965.594443301778,6620.792591069037,8275.990738836295,9931.188886603555,11586.387034370815,13241.585182138075,5570.798623822632,7427.7314984301765,9284.664373037722,11141.597247645264,12998.530122252809,14855.462996860353,4089.5389745084763,5883.0940966557555,7676.649218803035,9470.204340950315,11263.759463097595,4371.074450387139,5882.782262711577,7394.490075036015,8906.197887360453,10417.90569968489
.IXIC,2018-04-27,7119.799,20.8674,19.43139,17.86824,18.93032547945205,341.19243413170784,376.1054720230878,5117.886511975617,6823.848682634157,8529.810853292696,10235.773023951235,11941.735194609775,13647.697365268314,5641.5820803463175,7522.109440461756,9402.636800577196,11283.164160692635,13163.691520808074,15044.218880923512,4214.962900578457,6063.52537843132,7912.0878562841835,9760.650334137048,11609.21281198991,4426.614020063499,5957.529833149731,7488.445646235961,9019.361459322192,10550.277272408423
.IXIC,2018-05-04,7209.617,20.91321,19.60881,18.0466,19.078086602739727,344.7398558136221,377.900423146452,5171.097837204332,6894.7971162724425,8618.496395340553,10342.195674408664,12065.894953476774,13789.594232544885,5668.50634719678,7558.0084629290395,9447.5105786613,11337.01269439356,13226.51481012582,15116.016925858079,4258.786412726457,6126.568632749149,7994.350852771845,9862.133072794539,11729.915292817233,4447.739891392286,5985.961950366656,7524.184009341026,9062.406068315395,10600.628127289765
.IXIC,2018-05-11,7402.883,21.29201,20.06688,18.47493,19.49552260273973,347.68361465169323,379.722213702528,5215.254219775398,6953.672293033865,8692.09036629233,10430.508439550797,12168.926512809263,13907.34458606773,5695.83320553792,7594.44427405056,9493.0553425632,11391.66641107584,13290.27747958848,15188.88854810112,4295.152501330666,6178.883850312665,8062.615199294666,9946.346548276666,11830.077897258665,4469.181652326438,6014.819205564759,7560.4567588030795,9106.094312041401,10651.731865279722
.IXIC,2018-05-18,7354.339,19.64091,19.9094,18.36114,19.324030465753424,374.4398299264138,380.5799733670241,5616.5974488962065,7488.796598528275,9360.995748160345,11233.194897792413,13105.394047424483,14977.59319705655,5708.699600505362,7611.599467340482,9514.499334175602,11417.399201010723,13320.299067845843,15223.198934680964,4625.688713336186,6654.383814905704,8683.078916475222,10711.774018044742,12740.46911961426,4479.277147444547,6028.4061623389325,7577.535177233318,9126.664192127702,10675.793207022089
.IXIC,2018-05-25,7433.854,19.90104,20.15164,18.56854,19.52273726027397,373.5409807728642,380.7792883186954,5603.114711592963,7470.819615457284,9338.524519321605,11206.229423185927,13073.934327050247,14941.639230914569,5711.689324780431,7615.585766373908,9519.482207967385,11423.378649560862,13327.275091154339,15231.171532747816,4614.584669235474,6638.4098538540775,8662.235038472683,10686.060223091288,12709.885407709891,4481.623006319535,6031.563321325181,7581.503636330827,9131.443951336472,10681.38426634212
.IXIC,2018-06-01,7554.332,19.37278,20.429,18.84955,19.77125643835616,389.9456866799706,382.0865924000978,5849.185300199559,7798.913733599412,9748.642166999265,11698.370600399117,13648.099033798972,15597.827467198824,5731.298886001467,7641.731848001956,9552.164810002445,11462.597772002933,13373.030734003423,15283.463696003912,4817.242230999174,6929.947240509739,9042.652250020305,11155.35725953087,13268.062269041437,4497.00946306023,6052.271084559944,7607.532706059659,9162.794327559373,10718.055949059088
.IXIC,2018-06-08,7645.511,18.52504,20.69714,19.08109,19.99316205479452,412.71225325289447,382.4062936641153,6190.683798793417,8254.24506505789,10317.806331322361,12381.367597586834,14444.928863851306,16508.49013011578,5736.09440496173,7648.125873282306,9560.157341602882,11472.18880992346,13384.220278244036,15296.251746564612,5098.491824714904,7334.544882148479,9570.597939582054,11806.650997015631,14042.704054449205,4500.772221655365,6057.335168865432,7613.898116075499,9170.461063285566,10727.024010495634
.IXIC,2018-06-15,7746.378,19.45371,20.96811,19.39198,20.251294712328768,398.1954084850653,382.512728694037,5972.93112727598,7963.908169701306,9954.885212126632,11945.86225455196,13936.839296977285,15927.816339402612,5737.690930410555,7650.254573880739,9562.818217350925,11475.38186082111,13387.945504291294,15300.509147761479,4919.156188842519,7076.557752719632,9233.959316596745,11391.36088047386,13548.762444350972,4502.024920248508,6059.021105160481,7616.017290072455,9173.013474984427,10730.0096598964
.IXIC,2018-06-22,7692.817,19.23125,20.78744,19.23083,20.04964950684932,400.01648358791033,383.6883531241778,6000.247253818655,8000.329671758207,10000.412089697758,12000.49450763731,14000.576925576861,16000.659343516414,5755.3252968626675,7673.767062483556,9592.208828104445,11510.650593725335,13429.092359346223,15347.534124967113,4941.653065179162,7108.9211171952575,9276.189169211355,11443.457221227452,13610.725273243548,4515.86155909558,6077.643056012379,7639.424552929178,9201.206049845978,10762.987546762777
.IXIC,2018-06-29,7510.304,18.80318,20.29691,18.79535,19.556414657534248,399.4166944102008,384.0327652853588,5991.250416153012,7988.333888204016,9985.41736025502,11982.500832306025,13979.58430435703,15976.667776408032,5760.491479280382,7680.655305707176,9600.81913213397,11520.982958560764,13441.146784987557,15361.310611414352,4934.243495448673,7098.261921571517,9262.280347694363,11426.298773817207,13590.317199940051,4519.91515526679,6083.098562187543,7646.281969108298,9209.465376029051,10772.648782949806
.IXIC,2018-07-06,7688.387,19.23378,20.77925,19.22889,19.98495597260274,399.7335417167088,384.70872843252516,5996.0031257506325,7994.670834334176,9993.338542917721,11992.006251501265,13990.673960084809,15989.341668668352,5770.630926487877,7694.174568650504,9617.71821081313,11541.261852975755,13464.80549513838,15388.349137301007,4938.157707806512,7103.892795799394,9269.627883792278,11435.362971785162,13601.098059778044,4527.870976617109,6093.805852867713,7659.740729118318,9225.675605368922,10791.610481619527
.IXIC,2018-07-13,7825.976,19.57481,21.20387,19.59811,20.350397561643835,399.79831221861156,384.56133234223876,5996.974683279173,7995.966244372231,9994.957805465288,11993.949366558347,13992.940927651405,15991.932488744462,5768.419985133582,7691.226646844775,9614.033308555969,11536.839970267163,13459.646631978356,15382.45329368955,4938.95785820629,7105.043869336709,9271.129880467128,11437.215891597549,13603.301902727966,4526.136182395012,6091.471091290203,7656.806000185393,9222.140909080583,10787.475817975774
.IXIC,2018-07-20,7820.198,19.39812,20.95805,19.64324,20.23400394520548,403.1420570653239,386.48791515398636,6047.130855979859,8062.841141306479,10078.551426633097,12094.261711959718,14109.971997286337,16125.682282612957,5797.318727309796,7729.758303079727,9662.19787884966,11594.637454619591,13527.077030389522,15459.516606159454,4980.26522339966,7164.467466429758,9348.669709459857,11532.871952489957,13717.074195520056,4548.811307113144,6121.988261155562,7695.165215197981,9268.342169240399,10841.519123282817
.IXIC,2018-07-27,7737.419,18.60965,20.81851,19.26313,19.932156465753422,415.77455782349483,388.18775145048164,6236.618367352423,8315.491156469896,10394.36394558737,12473.236734704846,14552.109523822319,16630.982312939792,5822.816271757225,7763.755029009633,9704.693786262042,11645.63254351445,13586.571300766858,15527.510058019267,5136.322382676133,7388.966843548577,9641.611304421023,11894.255765293468,14146.900226165913,4568.817714202634,6148.9137546703705,7729.009795138106,9309.105835605842,10889.201876073577
.IXIC,2018-08-03,7812.015,25.24395,21.13759,19.34078,20.07919506849315,309.4608807258769,389.0601676686762,4641.913210888153,6189.217614517538,7736.522018146923,9283.826421776306,10831.130825405691,12378.435229035076,5835.902515030142,7781.203353373523,9726.504191716904,11671.805030060284,13617.105868403665,15562.406706747046,3822.963234103813,5499.605841754161,7176.24844940451,8852.89105705486,10529.533664705208,4579.085711214264,6162.732872001635,7746.380032789005,9330.027193576374,10913.674354363746
.IXIC,2018-08-10,7839.11,25.26212,21.16511,19.40265,20.093148027397262,310.310852770868,390.13846856208266,4654.66279156302,6206.21705541736,7757.7713192717,9309.32558312604,10860.87984698038,12412.43411083472,5852.07702843124,7802.769371241653,9753.461714052066,11704.15405686248,13654.846399672893,15605.538742483306,3833.463468803576,5514.711179827898,7195.958890852221,8877.206601876545,10558.454312900867,4591.776890172456,6179.813213074648,7767.84953597684,9355.885858879034,10943.922181781225
.IXIC,2018-08-17,7816.33,25.03823,21.11982,19.28027,19.965691369863016,312.17582073493213,391.4880709715001,4682.637311023982,6243.516414698643,7804.395518373303,9365.274622047964,10926.153725722625,12487.032829397285,5872.321064572502,7829.761419430002,9787.201774287503,11744.642129145004,13702.082484002503,15659.522838860004,3856.502581025693,5547.854589378706,7239.206597731721,8930.558606084734,10621.910614437747,4607.661181658308,6201.190983979565,7794.7207863008225,9388.250588622079,10981.780390943337
.IXIC,2018-08-31,8109.537,25.87214,21.84347,18.76372,19.79311589041096,313.44670367429984,409.7150264213213,4701.700555114498,6268.934073485997,7836.167591857496,9403.401110228995,10970.634628600494,12537.868146971994,6145.725396319819,8194.300528426425,10242.875660533033,12291.450792639638,14340.025924746245,16388.60105685285,3872.2025904765037,5570.440175062874,7268.677759649245,8966.915344235616,10665.152928821986,4822.185304647665,6489.906886664265,8157.628468680863,9825.350050697461,11493.07163271406
.IXIC,2018-09-07,7902.541,25.12095,21.25392,18.21843,19.174817260273976,314.5797033949751,412.1312288264846,4718.695550924627,6291.594067899503,7864.492584874378,9437.391101849254,11010.28961882413,12583.188135799006,6181.968432397269,8242.624576529692,10303.280720662115,12363.936864794538,14424.59300892696,16485.249153059383,3886.199242545197,5590.575359412883,7294.951476280569,8999.327593148257,10703.703710015941,4850.623060111511,6528.1796558272845,8205.736251543058,9883.29284725883,11560.849442974604
.IXIC,2018-09-14,8010.044,25.41777,21.55056,18.47496,19.385000547945204,315.135592146754,413.2083452971096,4727.03388220131,6302.711842935079,7878.38980366885,9454.06776440262,11029.74572513639,12605.423685870159,6198.125179456644,8264.166905942191,10330.208632427739,12396.250358913288,14462.292085398836,16528.333811884382,3893.066482938612,5600.454375524637,7307.842268110662,9015.230160696688,10722.618053282713,4863.300298877709,6545.241235583113,8227.182172288518,9909.123108993923,11591.064045699326
.IXIC,2018-09-21,7986.955,25.31024,21.82735,18.37842,19.332781452054792,315.5621993311798,413.130155110252,4733.432989967697,6311.243986623595,7889.054983279495,9466.865979935394,11044.676976591292,12622.48797324719,6196.95232665378,8262.603102205041,10328.2538777563,12393.90465330756,14459.555428858821,16525.206204410082,3898.3366275127464,5608.035855154951,7317.735082797157,9027.434310439363,10737.133538081567,4862.380031019033,6544.002699040802,8225.625367062574,9907.248035084343,11588.870703106113
.IXIC,2018-09-28,8046.353,25.48764,21.99899,18.51205,19.410056465753424,315.6962747433658,414.54557405315984,4735.444121150487,6313.925494867316,7892.406868584145,9470.888242300975,11049.369616017802,12627.850989734632,6218.183610797398,8290.911481063196,10363.639351328997,12436.367221594795,14509.095091860594,16581.822962126393,3899.992944686607,5610.418585787541,7320.8442268884755,9031.26986798941,10741.695509090343,4879.038957312332,6566.423007188462,8253.807057064592,9941.191106940723,11628.575156816853
.IXIC,2018-10-05,7788.447,24.68973,21.28344,17.96733,18.75774526027397,315.4529028871519,415.212323865744,4731.793543307278,6309.058057743037,7886.322572178797,9463.587086614556,11040.851601050315,12618.116115486075,6228.18485798616,8304.24647731488,10380.3080966436,12456.36971597232,14532.43133530104,16608.49295462976,3896.9864203842817,5606.093485700534,7315.200551016788,9024.30761633304,10733.414681649294,4886.8863413250765,6576.984358179583,8267.08237503409,9957.180391888596,11647.278408743105
.IXIC,2018-10-12,7496.894,23.76816,20.53598,16.61298,17.472815616438357,315.41751654314004,429.0604424937073,4731.262748147101,6308.350330862801,7885.437913578501,9462.525496294202,11039.613079009901,12616.700661725601,6435.906637405609,8581.208849874145,10726.511062342683,12871.813274811218,15017.115487279754,17162.41769974829,3896.5492708103866,5605.464614795141,7314.379958779897,9023.295302764653,10732.210646749407,5049.873270869887,6796.339262577314,8542.805254284742,10289.271245992168,12035.737237699594
.IXIC,2018-10-19,7449.026,23.49295,20.12056,16.51199,17.233704,317.0749522729159,432.23592560252865,4756.124284093738,6341.499045458318,7926.873806822897,9512.248568187477,11097.623329552056,12682.998090916635,6483.53888403793,8644.718512050573,10805.898140063216,12967.07776807586,15128.257396088502,17289.437024101146,3917.0246079287986,5634.919850624711,7352.815093320626,9070.71033601654,10788.605578712453,5087.247462674043,6846.639076758973,8606.030690843902,10365.422304928832,12124.81391901376
.IXIC,2018-10-26,7167.212,22.05609,19.28445,15.88529,16.499932630136986,324.9538789513463,434.37825842447074,4874.308184270195,6499.077579026926,8123.8469737836585,9748.61636854039,11373.385763297121,12998.155158053853,6515.673876367061,8687.565168489415,10859.45646061177,13031.347752734122,15203.239044856477,17375.13033697883,4014.3579023509797,5774.940751120474,7535.523599889968,9296.106448659462,11056.689297428957,5112.461880465521,6880.573737774679,8648.685595083838,10416.797452392997,12184.909309702156
.IXIC,2018-11-02,7356.994,22.16047,19.72612,16.09277,16.680078630136986,331.9872728331123,441.06470737539803,4979.809092496685,6639.7454566622455,8299.681820827807,9959.61818499337,11619.55454915893,13279.490913324491,6615.97061063097,8821.29414750796,11026.61768438495,13231.94122126194,15437.264758138932,17642.58829501592,4101.245802876216,5899.935205956856,7698.624609037499,9497.31401211814,11296.003415198782,5191.158764377906,6986.487429720477,8781.816095063048,10577.14476040562,12372.47342574819
.IXIC,2018-11-09,7406.902,22.33044,19.75535,16.27717,16.772691534246576,331.69530022695477,441.6048542284669,4975.429503404322,6633.906004539095,8292.38250567387,9950.859006808643,11609.335507943417,13267.81200907819,6624.072813427003,8832.097084569337,11040.121355711672,13248.145626854006,15456.16989799634,17664.194169138675,4097.6388832032435,5894.746394218553,7691.853905233866,9488.961416249176,11286.068927264487,5197.5160811694595,6995.0433833845655,8792.57068559967,10590.097987814775,12387.625290029882
.IXIC,2018-11-16,7247.873,21.74111,19.35956,17.86116,18.045894246575344,333.371801163786,401.6355687873691,5000.577017456791,6667.436023275721,8334.29502909465,10001.154034913581,11668.01304073251,13334.872046551442,6024.533531810536,8032.711375747382,10040.889219684228,12049.067063621073,14057.244907557919,16065.422751494763,4118.349744713147,5924.540448718355,7730.731152723565,9536.921856728775,11343.112560733984,4727.093254418824,6361.927866228782,7996.7624780387405,9631.5970898487,11266.431701658657
.IXIC,2018-11-23,6938.984,20.79519,18.5413,17.10311,17.252839369863015,333.6821640004251,402.19374047618544,5005.232460006376,6673.643280008501,8342.054100010628,10010.464920012751,11678.875740014877,13347.286560017003,6032.906107142781,8043.874809523709,10054.843511904635,12065.812214285563,14076.78091666649,16087.749619047418,4122.183850371091,5930.056083733159,7737.9283170952285,9545.800550457298,11353.672783819367,4733.662716463676,6370.769334209175,8007.875951954676,9644.982569700174,11282.089187445676
.IXIC,2018-11-30,7330.536,21.95256,19.67581,18.1064,18.239692356164387,333.9262482371077,401.90019967757473,5008.893723556615,6678.524964742154,8348.156205927693,10017.78744711323,11687.418688298769,13357.049929484308,6028.502995163621,8038.003993551494,10047.504991939368,12057.005990327241,14066.506988715115,16076.007987102988,4125.199175153574,5934.393843939849,7743.5885127261245,9552.783181512401,11361.977850298674,4730.2078562947945,6366.119633008172,8002.031409721549,9637.943186434926,11273.854963148302
.IXIC,2018-12-07,6969.252,20.40973,18.79246,17.18451,17.290238219178082,341.467133568156,403.0743770938799,5122.00700352234,6829.34267136312,8536.6783392039,10244.01400704468,11951.34967488546,13658.68534272624,6046.115656408198,8061.487541877597,10076.859427346997,12092.231312816397,14107.603198285797,16122.975083755195,4218.356434014758,6068.407218817327,7918.458003619897,9768.508788422467,11618.559573225035,4744.027464356065,6384.718663087211,8025.409861818356,9666.101060549501,11306.792259280646
.IXIC,2018-12-14,6910.665,20.25537,18.41063,17.09238,17.15377794520548,341.17693233942407,402.8654808331331,5117.653985091361,6823.538646788482,8529.423308485602,10235.307970182723,11941.192631879843,13647.077293576964,6042.982212496997,8057.309616662662,10071.637020828328,12085.964424993994,14100.29182915966,16114.619233325324,4214.771397271724,6063.249887237726,7911.728377203731,9760.206867169736,11608.685357135739,4741.568837227918,6381.4097356772,8021.250634126482,9661.091532575763,11300.932431025043
.IXIC,2018-12-21,6332.995,18.79313,17.05595,15.86798,15.900527123287672,336.9845789392187,398.288368108551,5054.768684088281,6739.691578784374,8424.614473480467,10109.537368176561,11794.460262872653,13479.383157568747,5974.325521628265,7965.76736217102,9957.209202713775,11948.65104325653,13940.092883799285,15931.53472434204,4162.980641439318,5988.74518345615,7814.5097254729835,9640.274267489816,11466.038809506648,4687.698014107317,6308.908036992228,7930.118059877139,9551.32808276205,11172.538105646961
.IXIC,2018-12-28,6584.522,19.80979,17.75921,16.48931,16.499747534246573,332.38726912299427,399.0680455160473,4985.809036844914,6647.745382459885,8309.681728074856,9971.618073689828,11633.554419304799,13295.49076491977,5986.020682740709,7981.360910320946,9976.701137901182,11972.041365481418,13967.381593061655,15962.721820641891,4106.187206475954,5907.043768200185,7707.900329924417,9508.756891648649,11309.61345337288,4696.874511658881,6321.258166838535,7945.6418220181895,9570.025477197843,11194.409132377497
.IXIC,2019-01-04,6738.857,20.25379,17.00741,,17.00741,332.720789541118,396.2306429961999,4990.8118431167695,6654.41579082236,8318.01973852795,9981.623686233539,11645.22763393913,13308.83158164472,5943.459644942998,7924.612859923998,9905.766074904997,11886.919289885996,13868.072504866996,15849.225719847997,4110.307392178647,5912.970949805675,7715.6345074327055,9518.298065059735,11320.961622686762,4663.479395902233,6276.3135664057945,7889.147736909356,9501.981907412917,11114.81607791648
.IXIC,2019-01-11,6971.476,20.86452,17.58483,,17.58483,334.13066775559656,396.44830231512043,5011.960016333948,6682.613355111931,8353.266693889915,10023.920032667897,11694.57337144588,13365.226710223862,5946.724534726806,7928.966046302408,9911.207557878011,11893.449069453613,13875.690581029216,15857.932092604817,4127.724496937973,5938.026699812982,7748.328902687992,9558.631105563003,11368.933308438012,4666.041160791077,6279.761301103609,7893.481441416142,9507.201581728674,11120.921722041207
.IXIC,2019-01-18,7157.228,21.49307,18.11285,,18.11285,333.001660535233,395.1464291925345,4995.024908028495,6660.03321070466,8325.041513380824,9990.04981605699,11655.058118733155,13320.06642140932,5927.1964378880175,7902.92858385069,9878.660729813364,11854.392875776035,13830.125021738708,15805.85716770138,4113.777166715284,5917.962468463514,7722.147770211744,9526.333071959974,11330.518373708204,4650.718624307405,6259.139564533116,7867.560504758827,9475.981444984538,11084.40238521025
.IXIC,2019-01-25,7164.864,21.50835,18.1971,,18.1971,333.12011381626206,393.7365844008111,4996.801707243931,6662.4022763252415,8328.002845406552,9993.603414487861,11659.203983569172,13324.804552650483,5906.048766012167,7874.7316880162225,9843.414610020278,11812.097532024334,13780.780454028389,15749.463376032445,4115.240493961271,5920.067569291748,7724.894644622228,9529.721719952708,11334.548795283186,4634.125303589186,6236.807551224128,7839.489798859069,9442.172046494012,11044.854294128952
.IXIC,2019-02-01,7263.868,21.76637,18.58033,,18.58033,333.7197704532267,390.9439713934037,5005.796556798401,6674.395409064535,8342.994261330668,10011.593113596802,11680.191965862936,13348.79081812907,5864.159570901055,7818.879427868073,9773.599284835092,11728.31914180211,13683.038998769129,15637.758855736147,4122.648426333288,5930.724409458305,7738.800392583324,9546.876375708342,11354.95235883336,4601.2573428421465,6192.572418949714,7783.887495057283,9375.202571164851,10966.517647272418
.IXIC,2019-02-08,7298.198,21.30239,18.76346,16.64994,18.53763183561644,342.5999617883252,393.6963504679135,5138.999426824877,6851.999235766503,8564.999044708129,10277.998853649755,11990.99866259138,13703.998471533007,5905.445257018702,7873.927009358269,9842.408761697838,11810.890514037405,13779.372266376971,15747.854018716538,4232.350967430754,6088.53935533401,7944.727743237267,9800.916131140524,11657.10451904378,4633.651765965579,6236.1702436777805,7838.688721389982,9441.207199102182,11043.725676814383
.IXIC,2019-02-15,7472.41,21.41223,19.25109,17.13683,18.98463531506849,348.97859774530724,393.6030308714435,5234.678966179608,6979.571954906145,8724.464943632682,10469.357932359217,12214.250921085753,13959.14390981229,5904.045463071652,7872.06061742887,9840.075771786087,11808.090926143304,13776.106080500522,15744.12123485774,4311.150235015324,6201.8977335857535,8092.645232156185,9983.392730726615,11874.140229297045,4632.5534308845745,6234.692056516618,7836.830682148661,9438.969307780704,11041.107933412748
.IXIC,2019-02-22,7527.545,21.68983,19.41727,17.42163,19.1274921369863,347.05412628868,393.54584208371966,5205.8118943302,6941.0825257736,8676.353157217,10411.6237886604,12146.8944201038,13882.1650515472,5903.187631255795,7870.916841674393,9838.646052092992,11806.37526251159,13774.104472930188,15741.833683348787,4287.376039044218,6167.6968535251435,8048.017668006071,9928.338482486999,11808.659296967924,4631.880341263818,6233.786183206257,7835.692025148697,9437.597867091137,11039.503709033575
.IXIC,2019-03-01,7595.353,21.77447,19.6056,17.65057,19.28422520547945,348.8191905474622,393.8635293390913,5232.287858211933,6976.383810949244,8720.479763686555,10464.575716423866,12208.671669161176,13952.767621898489,5907.952940086369,7877.270586781826,9846.588233477283,11815.905880172739,13785.223526868196,15754.541173563652,4309.18097849675,6199.0648173398295,8088.948656182911,9978.832495025992,11868.716333869072,4635.619395766426,6238.818365512214,7842.017335258001,9445.216305003789,11048.415274749577
.IXIC,2019-03-08,7408.142,21.22083,19.19727,17.22135,18.83456687671233,349.09765546399456,393.32691048816565,5236.464831959918,6981.953109279892,8727.441386599863,10472.929663919836,12218.41794123981,13963.906218559783,5899.903657322485,7866.538209763313,9833.172762204142,11799.80731464497,13766.441867085798,15733.076419526626,4312.62102925662,6204.013576220412,8095.406123184205,9986.798670147999,11878.191217111791,4629.303602177568,6230.3182955817665,7831.332988985965,9432.347682390164,11033.362375794362
.IXIC,2019-03-15,7688.527,22.11758,19.93997,17.86264,19.518812684931504,347.6206257646632,393.90341636587004,5214.309386469948,6952.412515293264,8690.51564411658,10428.618772939895,12166.721901763212,13904.825030586528,5908.551245488051,7878.068327317401,9847.585409146752,11817.102490976102,13786.619572805452,15756.136654634802,4294.374360330395,6177.764438869566,8061.15451740874,9944.544595947913,11827.934674487085,4636.088850440956,6239.450178047969,7842.8115056549805,9446.172833261993,11049.534160869005
.IXIC,2019-03-22,7642.667,22.38144,19.86955,17.77736,19.40525578082192,341.47342619599095,393.8452080365359,5122.101392939864,6829.468523919819,8536.835654899774,10244.202785879728,11951.569916859684,13658.937047839638,5907.678120548038,7876.904160730718,9846.130200913398,11815.356241096077,13784.582281278756,15753.808321461436,4218.434170770378,6068.519048696179,7918.603926621981,9768.688804547784,11618.773682473586,4635.403761214976,6238.528155146571,7841.652549078166,9444.776943009761,11047.901336941357
.IXIC,2019-03-29,7729.321,22.59358,20.05335,17.96266,19.54929323287671,342.10253532198084,395.37598152148735,5131.538029829712,6842.050706439617,8552.56338304952,10263.076059659425,11973.58873626933,13684.101412879234,5930.63972282231,7907.519630429747,9884.399538037183,11861.27944564462,13838.159353252056,15815.039260859494,4226.20594810539,6079.699305846224,7933.1926635870595,9786.686021327894,11640.179379068728,4653.420365263778,6262.775685115593,7872.131004967408,9481.486324819223,11090.841644671038
.IXIC,2019-04-05,7938.692,23.24574,20.60371,18.51139,20.05913356164384,341.5116920347556,395.76445191929946,5122.675380521334,6830.233840695111,8537.79230086889,10245.350761042668,11952.909221216445,13660.467681390222,5936.466778789492,7915.289038385989,9894.111297982487,11872.933557578985,13851.75581717548,15830.578076771979,4218.906892538558,6069.199092745417,7919.491292952277,9769.783493159137,11620.075693365996,4657.992509614895,6268.929076003028,7879.86564239116,9490.802208779292,11101.738775167425
.IXIC,2019-04-12,7984.164,23.43415,20.78389,18.64934,20.187385616438355,340.7063622960508,395.5026248420492,5110.595434440763,6814.127245921017,8517.65905740127,10221.190868881526,11924.72268036178,13628.254491842034,5932.539372630738,7910.0524968409845,9887.56562105123,11865.078745261477,13842.591869471722,15820.104993681969,4208.958152086527,6054.8871185626695,7900.816085038814,9746.745051514958,11592.674017991101,4654.91090751867,6264.781721763659,7874.652536008648,9484.523350253638,11094.394164498626
.IXIC,2019-04-18,7998.061,23.52439,20.85412,18.63677,20.19802739726028,339.99015489880924,395.9822829572397,5099.852323482139,6799.803097976184,8499.753872470232,10199.704646964277,11899.655421458323,13599.606195952369,5939.734244358596,7919.645659144794,9899.557073930993,11879.468488717192,13859.37990350339,15839.291318289588,4200.1103954937535,6042.158988349447,7884.207581205143,9726.256174060838,11568.304766916532,4660.556295569309,6272.379530738861,7884.202765908412,9496.026001077964,11107.849236247515
.IXIC,2019-04-26,8146.398,23.68928,21.28413,18.96722,20.547796958904108,343.885419903011,396.46089633321344,5158.281298545165,6877.70839806022,8597.135497575275,10316.56259709033,12035.989696605384,13755.41679612044,5946.913444998201,7929.217926664269,9911.522408330336,11893.826889996402,13876.13137166247,15858.435853328538,4248.231033111099,6111.38396477309,7974.536896435082,9837.689828097074,11700.842759759065,4666.189387448774,6279.960790991658,7893.732194534542,9507.503598077426,11121.27500162031
.IXIC,2019-05-03,8163.996,23.77576,21.32341,19.07685,20.56635005479452,343.3747648865904,396.95891484141947,5150.6214732988565,6867.495297731808,8584.36912216476,10301.242946597713,12018.116771030664,13734.990595463616,5954.383722621292,7939.17829682839,9923.972871035487,11908.767445242584,13893.562019449682,15878.35659365678,4241.922593257546,6102.308823175741,7962.695053093937,9823.081283012132,11683.467512930325,4672.0508701302615,6287.849429527382,7903.647988924504,9519.446548321625,11135.245107718747
.IXIC,2019-05-10,7916.94,23.03835,20.65857,18.48482,19.88435767123288,343.641797264127,398.1491447145715,5154.626958961905,6872.83594528254,8591.044931603174,10309.25391792381,12027.462904244445,13745.67189056508,5972.237170718572,7962.98289429143,9953.728617864288,11944.474341437144,13935.220065010002,15925.96578858286,4245.221410734066,6107.054407884196,7968.887405034326,9830.720402184457,11692.553399334585,4686.059409318093,6306.7027313404815,7927.3460533628695,9547.98937538526,11168.632697407647
.IXIC,2019-05-17,7816.285,22.84768,20.43617,18.23857,19.61131739726028,342.1040998473368,398.5599152605598,5131.561497710052,6842.081996946736,8552.60249618342,10263.122995420104,11973.643494656788,13684.163993893471,5978.398728908397,7971.198305211196,9963.997881513995,11956.797457816794,13949.597034119593,15942.396610422393,4226.225275662724,6079.7271099188,7933.228944174878,9786.730778430956,11640.232612687032,4690.894017674414,6313.209357710848,7935.524697747282,9557.840037783715,11180.15537782015
.IXIC,2019-05-24,7637.009,22.2915,19.99211,17.81941,19.13493520547945,342.59735773725413,399.1133974581256,5138.960366058812,6851.947154745083,8564.933943431353,10277.920732117624,11990.907520803894,13703.894309490166,5986.700961871884,7982.267949162511,9977.834936453139,11973.401923743768,13968.968911034395,15964.535898325023,4232.3187979640325,6088.493077256959,7944.667356549887,9800.841635842815,11657.01591513574,4697.408286244932,6321.976543910981,7946.544801577029,9571.113059243076,11195.681316909126
.IXIC,2019-05-31,7453.148,21.69776,19.54101,17.40518,18.65742005479452,343.49849938426826,399.4736666758336,5152.477490764024,6869.969987685365,8587.462484606707,10304.954981528048,12022.447478449389,13739.93997537073,5992.105000137504,7989.473333516672,9986.84166689584,11984.210000275008,13981.578333654177,15978.946667033344,4243.4511626660715,6104.507779517685,7965.564396369298,9826.621013220913,11687.677630072525,4701.648513757511,6327.683226669187,7953.717939580863,9579.752652492538,11205.787365404214
.IXIC,2019-06-07,7742.101,22.55874,20.32979,18.06581,19.34976578082192,343.1974037557062,400.11342192438354,5147.961056335593,6863.948075114124,8579.935093892655,10295.922112671185,12011.909131449716,13727.896150228247,6001.701328865754,8002.268438487671,10002.835548109588,12003.402657731507,14003.969767353425,16004.536876975342,4239.731540608375,6099.156837344049,7958.582134079724,9818.007430815398,11677.432727551073,4709.178182330019,6337.816982391083,7966.455782452147,9595.094582513211,11223.733382574275
.IXIC,2019-06-14,7796.659,22.72841,20.48669,18.21832,19.46126246575342,343.0358304870424,400.6245233946163,5145.537457305636,6860.716609740848,8575.89576217606,10291.074914611272,12006.254067046484,13721.433219481696,6009.367850919244,8012.490467892326,10015.613084865407,12018.735701838488,14021.85831881157,16024.980935784652,4237.735525266253,6096.285426617981,7954.83532796971,9813.38522932144,11671.935130673168,4715.193646347699,6345.912855711669,7976.63206507564,9607.35127443961,11238.070483803582
.IXIC,2019-06-21,8031.707,23.50949,21.19237,18.84022,20.083959589041093,341.6368028400446,399.9065505181826,5124.552042600669,6832.736056800892,8540.920071001116,10249.104085201338,11957.288099401561,13665.472113601783,5998.598257772739,7998.1310103636515,9997.663762954566,11997.196515545478,13996.72926813639,15996.262020727303,4220.452464333245,6071.422508235026,7922.392552136808,9773.36259603859,11624.332639940372,4706.74338694639,6334.540128780211,7962.336870614031,9590.133612447851,11217.93035428167
.IXIC,2019-06-28,8006.244,23.56447,21.13916,18.84144,20.012332931506847,339.7591373792833,400.0655009789087,5096.38706068925,6795.182747585666,8493.978434482082,10192.7741213785,11891.569808274915,13590.365495171332,6000.98251468363,8001.3100195781735,10001.637524472717,12001.96502936726,14002.292534261804,16002.620039156347,4197.256492016487,6038.053444227191,7878.850396437896,9719.647348648601,11560.444300859304,4708.614171580713,6337.0579121739875,7965.501652767262,9593.945393360536,11222.389133953811
.IXIC,2019-07-05,8161.791,24.00177,21.58053,19.23099,20.38323016438356,340.04954634595697,400.41695718382397,5100.743195189354,6800.990926919139,8501.238658648925,10201.486390378708,11901.734122108493,13601.981853838279,6006.25435775736,8008.33914367648,10010.4239295956,12012.50871551472,14014.59350143384,16016.67828735296,4200.844095075857,6043.214467636257,7885.584840196657,9727.955212757059,11570.325585317458,4712.750673386305,6342.624996360681,7972.4993193350565,9602.373642309432,11232.247965283808
.IXIC,2019-07-12,8244.144,24.28507,21.82682,19.45603,20.57322419178082,339.47375898031174,400.72202213659864,5092.106384704676,6789.475179606235,8486.843974507794,10184.212769409352,11881.58156431091,13578.95035921247,6010.8303320489795,8014.440442731973,10018.050553414965,12021.660664097959,14025.270774780953,16028.880885463946,4193.731034696917,6032.981821906421,7872.232609115927,9711.483396325433,11550.734183534936,4716.341168333688,6347.457240750605,7978.5733131675215,9609.68938558444,11240.805458001356
.IXIC,2019-07-19,8146.489,23.97828,21.24818,19.39325,20.23178,339.74451044862263,402.6580459059954,5096.16765672934,6794.8902089724525,8493.612761215565,10192.33531345868,11891.057865701792,13589.780417944905,6039.870688589931,8053.160918119907,10066.451147649885,12079.741377179862,14093.031606709837,16106.321836239815,4197.075796420932,6037.793500698563,7878.511204976194,9719.228909253825,11559.946613531454,4739.127409423692,6378.123955865986,8017.12050230828,9656.117048750575,11295.113595192868
.IXIC,2019-07-26,8330.211,23.86896,21.75217,19.90423,20.704160191780822,348.9976521809077,402.34479074920137,5234.964782713616,6979.953043618154,8724.941304522694,10469.929565427232,12214.91782633177,13959.906087236308,6035.171861238021,8046.895814984027,10058.619768730034,12070.343722476042,14082.067676222048,16093.791629968055,4311.385626340316,6202.236360830315,8093.087095320315,9983.937829810315,11874.788564300314,4735.440518984522,6373.161978227241,8010.88343746996,9648.604896712679,11286.326355955398
.IXIC,2019-08-02,8004.073,22.92187,21.18274,19.10567,19.96495101369863,349.18935496972983,400.90621782683735,5237.840324545948,6983.787099394596,8729.733874243246,10475.680649091895,12221.627423940545,13967.574198789192,6013.59326740256,8018.124356536747,10022.655445670935,12027.18653480512,14031.717623939307,16036.248713073493,4313.753850433207,6205.643220446347,8097.532590459488,9989.42196047263,11881.31133048577,4718.509079426447,6350.374909865686,7982.240740304926,9614.106570744165,11245.972401183404
.IXIC,2019-08-09,7959.14,22.80837,21.0259,19.01207,19.80656731506849,348.95698377393916,401.84348319382053,5234.354756609087,6979.139675478783,8723.924594348478,10468.709513218175,12213.494432087871,13958.279350957566,6027.652247907308,8036.86966387641,10046.087079845513,12055.304495814617,14064.521911783719,16073.73932775282,4310.883224148913,6201.513619370992,8092.144014593073,9982.774409815154,11873.404805037233,4729.540325506677,6365.221241016746,8000.902156526815,9636.583072036883,11272.263987546952
.IXIC,2019-08-16,7895.994,22.76294,21.0165,18.84442,19.659693863013697,346.87935741165245,401.6336192729299,5203.190361174787,6937.587148233049,8671.983935291311,10406.380722349573,12140.777509407835,13875.174296466099,6024.5042890939485,8032.672385458598,10040.840481823247,12049.008578187897,14057.176674552546,16065.344770917196,4285.217010123422,6164.590936115476,8043.964862107532,9923.338788099587,11802.712714091642,4727.070309397836,6361.896985820769,7996.723662243703,9631.550338666635,11266.377015089569
.IXIC,2019-08-23,7751.766,22.51391,20.56639,18.5552,19.271514246575343,344.31007319474935,402.2395905592905,5164.65109792124,6886.201463894987,8607.751829868734,10329.30219584248,12050.852561816228,13772.402927789974,6033.593858389358,8044.79181118581,10055.989763982263,12067.187716778715,14078.385669575167,16089.58362237162,4253.4770400304515,6118.930720661868,7984.384401293285,9849.838081924703,11715.291762556119,4734.202353974404,6371.495601860857,8008.7888497473095,9646.082097633762,11283.375345520215
.IXIC,2019-08-30,7962.882,23.15765,21.1652,19.06587,19.7733154520548,343.855356653201,402.7084895958869,5157.830349798015,6877.10713306402,8596.383916330025,10315.66069959603,12034.937482862035,13754.21426612804,6040.627343938303,8054.169791917738,10067.712239897171,12081.254687876606,14094.79713585604,16108.339583835475,4247.859643039269,6110.84969361129,7973.839744183311,9836.829794755333,11699.819845327353,4739.721111886186,6378.922986483133,8018.124861080079,9657.326735677027,11296.528610273974
.IXIC,2019-09-06,8103.074,23.15696,21.31468,19.44581,20.039752246575343,349.9195922089946,404.3500089370995,5248.793883134918,6998.391844179891,8747.989805224865,10497.587766269837,12247.18572731481,13996.783688359783,6065.250134056493,8087.000178741991,10108.750223427487,12130.500268112986,14152.250312798484,16174.000357483981,4322.774926413261,6218.620682985414,8114.466439557569,10010.312196129724,11906.157952701877,4759.041151264851,6404.924736455987,8050.808321647123,9696.69190683826,11342.575492029397
.IXIC,2019-09-13,8176.713,23.3768,21.48905,19.6059,20.16826534246575,349.778968892235,405.42470366964756,5246.684533383525,6995.5793778447005,8744.474222305875,10493.36906676705,12242.263911228225,13991.158755689401,6081.370555044713,8108.494073392951,10135.61759174119,12162.741110089426,14189.864628437665,16216.988146785901,4321.037718891042,6216.121585805429,8111.205452719818,10006.289319634207,11901.373186548593,4771.689887122896,6421.9479557573295,8072.206024391762,9722.464093026196,11372.72216166063
.IXIC,2019-09-20,8117.674,23.22465,21.37403,19.49069,20.01699323287671,349.5283674888534,405.5391289570507,5242.925512332801,6990.567349777068,8738.209187221335,10485.851024665602,12233.49286210987,13981.134699554135,6083.086934355761,8110.782579141014,10138.478223926268,12166.173868711521,14193.869513496775,16221.565158282028,4317.941883484332,6211.668005311647,8105.394127138964,9999.120248966281,11892.846370793595,4773.03662791543,6423.7604581378555,8074.484288360282,9725.208118582708,11375.931948805135
.IXIC,2019-09-27,7939.627,23.29495,21.31214,19.07188,19.654961369863013,340.83039457049705,403.950272432173,5112.455918557455,6816.607891409941,8520.759864262427,10224.91183711491,11929.063809967396,13633.215782819881,6059.254086482595,8079.00544864346,10098.756810804325,12118.50817296519,14138.259535126055,16158.01089728692,4210.49040011716,6057.091366865429,7903.6923336137,9750.293300361971,11596.89426711024,4754.336409247881,6398.59288985804,8042.849370468198,9687.105851078355,11331.362331688513
.IXIC,2019-10-04,7982.461,23.61683,21.37548,19.21844,19.738493479452053,337.9988338824474,404.4108537619557,5069.982508236711,6759.976677648948,8449.970847061186,10139.965016473421,11829.959185885658,13519.953355297896,6066.162806429335,8088.217075239114,10110.271344048893,12132.32561285867,14154.37988166845,16176.434150478228,4175.510365225007,6006.770086628805,7838.029808032605,9669.289529436404,11500.549250840202,4759.757271009953,6405.888521580739,8052.019772151524,9698.15102272231,11344.282273293096
.IXIC,2019-10-11,8057.039,23.84567,21.60939,19.42998,19.91362989041096,337.8826847809267,404.59921392230547,5068.2402717139,6757.653695618534,8447.067119523168,10136.4805434278,11825.893967332435,13515.307391237067,6068.988208834582,8091.984278446109,10114.980348057637,12137.976417669164,14160.972487280691,16183.968556892218,4174.075502945334,6004.705934689021,7835.336366432708,9665.966798176396,11496.597229920082,4761.974196283974,6408.872156114489,8055.770115945004,9702.668075775518,11349.566035606034
.IXIC,2019-10-18,8089.543,23.90987,21.63155,19.50474,19.93592887671233,338.33488011436276,405.7770796649261,5075.023201715441,6766.697602287255,8458.372002859069,10150.046403430882,11841.720804002696,13533.39520457451,6086.656194973892,8115.541593298522,10144.426991623151,12173.312389947783,14202.197788272413,16231.083186597043,4179.661753880523,6012.742155912025,7845.822557943528,9678.902959975032,11511.983362006533,4775.8372145006215,6427.5296094702235,8079.2220044398255,9730.914399409428,11382.60679437903
.IXIC,2019-10-25,8243.119,24.40326,21.9912,19.91023,20.2922162739726,337.7876152612397,406.22073452730103,5066.814228918595,6755.752305224794,8444.690381530992,10133.62845783719,11822.566534143389,13511.504610449589,6093.311017909516,8124.41469054602,10155.518363182526,12186.622035819031,14217.725708455537,16248.82938109204,4172.901049884919,6003.016400022742,7833.131750160567,9663.247100298391,11493.362450436214,4781.058858374332,6434.557125087063,8088.055391799793,9741.553658512523,11395.051925225254
.IXIC,2019-11-01,8386.398,24.85959,22.31626,20.15677,20.511754657534247,337.35061599970066,408.85814695134144,5060.25923999551,6747.0123199940135,8433.765399992517,10120.51847999102,11807.271559989524,13494.024639988027,6132.872204270122,8177.162939026829,10221.453673783535,12265.744408540244,14310.035143296951,16354.325878053658,4167.502525501884,5995.250236861942,7822.997948222001,9650.745659582059,11478.493370942117,4812.100169074088,6476.333872216059,8140.567575358031,9804.801278500001,11469.034981641973
.IXIC,2019-11-08,8475.312,25.05084,22.56179,20.38266,20.69908161643836,338.3244633712881,409.45352827969214,5074.8669505693215,6766.489267425763,8458.111584282204,10149.733901138643,11841.356217995084,13532.978534851525,6141.802924195382,8189.070565593843,10236.338206992303,12283.605848390764,14330.873489789225,16378.141131187685,4179.53306935762,6012.557034028668,7845.580998699717,9678.604963370766,11511.628928041813,4819.107573994799,6485.764742781887,8152.421911568976,9819.079080356063,11485.736249143152
.IXIC,2019-11-15,8540.829,25.32558,22.76799,20.49315,20.77984216438356,337.2412003989642,411.0151045631566,5058.618005984464,6744.824007979285,8431.030009974105,10117.236011968927,11803.442013963748,13489.64801595857,6165.22656844735,8220.302091263133,10275.377614078916,12330.4531368947,14385.528659710482,16440.604182526266,4166.150846356295,5993.305749805685,7820.460653255077,9647.615556704468,11474.770460153859,4837.486714911309,6510.500190648245,8183.513666385181,9856.527142122117,11529.540617859053
.IXIC,2019-11-22,8519.885,25.3273,22.84216,20.57104,20.81370761643836,336.3913642591196,409.34009245287564,5045.870463886794,6727.827285182392,8409.78410647799,10091.740927773588,11773.697749069186,13455.654570364784,6140.101386793134,8186.801849057512,10233.50231132189,12280.202773586268,14326.903235850647,16373.603698115025,4155.652290577555,5978.202826979832,7800.753363382112,9623.30389978439,11445.85443618667,4817.772478765628,6483.96791350745,8150.163348249272,9816.358782991094,11482.554217732917
.IXIC,2019-11-29,8665.471,25.74595,23.24641,20.91839,21.12249038356164,336.5760828402137,410.248547526565,5048.641242603206,6731.521656804274,8414.402071005343,10097.282485206411,11780.16289940748,13463.043313608548,6153.728212898475,8204.9709505313,10256.213688164125,12307.45642579695,14358.699163429776,16409.9419010626,4157.934234397148,5981.485566256224,7805.0368981153015,9628.588229974379,11452.139561833454,4828.464638983771,6498.357888145331,8168.251137306892,9838.144386468452,11508.037635630013
.IXIC,2019-12-06,8656.529,25.74155,23.14104,20.8678,21.023501369863013,336.28623761972375,411.7548665042566,5044.293564295856,6725.724752394475,8407.155940493094,10088.587128591713,11770.018316690332,13451.44950478895,6176.322997563849,8235.097330085133,10293.871662606414,12352.645995127697,14411.42032764898,16470.194660170266,4154.353595645928,5976.334561502175,7798.315527358424,9620.296493214673,11442.27745907092,4846.19342306519,6522.218057473808,8198.242691882426,9874.267326291043,11550.291960699662
.IXIC,2019-12-13,8734.879,25.97237,23.33457,21.02304,21.137033260273974,336.3142832171265,413.2500002456249,5044.714248256898,6726.28566434253,8407.857080428163,10089.428496513796,11770.999912599427,13452.57132868506,6198.750003684374,8265.000004912497,10331.250006140623,12397.500007368748,14463.750008596871,16530.000009824995,4154.700060399398,5976.832975812087,7798.965891224778,9621.098806637468,11443.231722050159,4863.790561298277,6545.901052089221,8228.011542880166,9910.12203367111,11592.232524462053
.IXIC,2019-12-20,8924.955,26.74581,23.93896,21.51661,21.589612328767124,333.6954461278234,413.3911653479727,5005.431691917351,6673.908922556468,8342.386153195584,10010.863383834701,11679.340614473818,13347.817845112935,6200.86748021959,8267.823306959453,10334.779133699318,12401.73496043918,14468.690787179043,16535.646613918907,4122.3479327733485,5930.292127995876,7738.236323218404,9546.180518440933,11354.124713663461,4865.452019234092,6548.137114500419,8230.822209766744,9913.50730503307,11596.192400299396
.IXIC,2019-12-27,9006.617,26.92102,24.26744,21.72653,21.754375589041096,334.5570487299516,414.0140434339628,5018.3557309492735,6691.140974599031,8363.92621824879,10036.711461898547,11709.496705548305,13382.281949198063,6210.210651509442,8280.280868679256,10350.35108584907,12420.421303018884,14490.491520188698,16560.561737358512,4132.991846998042,5945.604159335088,7758.216471672135,9570.828784009183,11383.441096346229,4872.783050216978,6558.003535107757,8243.224019998535,9928.444504889314,11613.664989780093
.IXIC,2020-01-03,9020.77,26.9863,21.80163,,21.80163,334.2722047853911,413.7658514523914,5014.083071780867,6685.444095707822,8356.805119634779,10028.166143561733,11699.52716748869,13370.888191415645,6206.487771785871,8275.317029047828,10344.146286309786,12412.975543571742,14481.8048008337,16550.634058095657,4129.472992127088,5940.542035108535,7751.611078089982,9562.68012107143,11373.749164052875,4869.861927853664,6554.0721614784225,8238.28239510318,9922.492628727938,11606.702862352695
.IXIC,2020-01-10,9178.861,27.3871,22.16895,,22.16895,335.1527178854278,414.04130551965704,5027.2907682814175,6703.054357708556,8378.817947135696,10054.581536562835,11730.345125989974,13406.108715417113,6210.619582794856,8280.82611039314,10351.032637991426,12421.239165589712,14491.445693187996,16561.65222078628,4140.350519524708,5956.190135693475,7772.029751862245,9587.869368031013,11403.70898419978,4873.103914282319,6558.435367933703,8243.766821585086,9929.098275236469,11614.429728887853
.IXIC,2020-01-17,9388.944,28.00079,22.67774,,22.67774,335.3099680401874,414.0158587231355,5029.649520602811,6706.199360803748,8382.749201004684,10059.299041205622,11735.84888140656,13412.398721607497,6210.237880847033,8280.31717446271,10350.396468078388,12420.475761694066,14490.555055309744,16560.63434892542,4142.293128744952,5958.984717896254,7775.676307047556,9592.367896198859,11409.05948535016,4872.804415459178,6558.0322893807115,8243.260163302246,9928.488037223779,11613.715911145313
.IXIC,2020-01-24,9314.911,27.68837,22.47857,,22.47857,336.41962311251984,414.3907285917209,5046.294346687798,6728.392462250396,8410.490577812996,10092.588693375596,11774.686808938195,13456.784924500793,6215.860928875813,8287.814571834419,10359.768214793023,12431.721857751627,14503.675500710233,16575.629143668837,4156.001389815344,5978.7050311837265,7801.40867255211,9624.112313920494,11446.815955288877,4877.216486910979,6563.970247192475,8250.72400747397,9937.477767755465,11624.23152803696
.IXIC,2020-01-31,9150.936,26.52211,21.82132,,21.82132,345.03046703297736,419.35758240106463,5175.457005494661,6900.609340659547,8625.761675824433,10350.914010989321,12076.066346154208,13801.218681319095,6290.363736015969,8387.151648021292,10483.939560026616,12580.727472031938,14677.515384037262,16774.303296042584,4262.376514339323,6131.733250505994,8001.089986672665,9870.446722839337,11739.803459006007,4935.6744098701465,6642.645464510882,8349.616519151617,10056.587573792354,11763.55862843309
.IXIC,2020-02-07,9520.512,27.26432,22.77055,20.55452,22.54047038251366,349.19308458820905,422.37414918305245,5237.896268823136,6983.861691764181,8729.827114705226,10475.792537646272,12221.757960587316,13967.723383528362,6335.612237745787,8447.48298366105,10559.35372957631,12671.224475491574,14783.095221406837,16894.9659673221,4313.799924736007,6205.709501623883,8097.619078511761,9989.528655399638,11881.438232287514,4971.178218782518,6690.42803598136,8409.677853180201,10128.927670379042,11848.177487577885
.IXIC,2020-02-14,9731.176,27.99431,23.27615,21.10489,23.00919180327869,347.6126398543133,422.9255891818572,5214.1895978146995,6952.252797086266,8690.315996357831,10428.379195629399,12166.442394900965,13904.505594172531,6343.883837727858,8458.511783637145,10573.13972954643,12687.767675455716,14802.395621365004,16917.02356727429,4294.275705399965,6177.622516701216,8060.9693280024685,9944.31613930372,11827.662950604972,4977.668451473903,6699.162873649103,8420.657295824301,10142.1517179995,11863.6461401747
.IXIC,2020-02-21,9576.59,27.50545,22.9549,20.5554,22.61398743169399,348.1706352741002,423.4808226070827,5222.559529111503,6963.412705482005,8704.265881852505,10445.119058223007,12185.972234593508,13926.82541096401,6352.2123391062405,8469.616452141654,10587.020565177067,12704.424678212481,14821.828791247895,16939.232904283308,4301.168970776966,6187.53897161188,8073.908972446795,9960.278973281711,11846.648974116624,4984.203331307717,6707.957799384561,8431.712267461406,10155.466735538248,11879.221203615092
.IXIC,2020-02-28,8567.368,24.62581,20.59084,18.24805,20.21317713114754,347.90197764053244,423.85063685995686,5218.529664607987,6958.039552810649,8697.54944101331,10437.059329215974,12176.569217418635,13916.079105621298,6357.759552899353,8477.012737199137,10596.265921498922,12715.519105798707,14834.77229009849,16954.025474398273,4297.850075499211,6182.764503551375,8067.678931603541,9952.593359655706,11837.507787707871,4988.555900143759,6713.815675985959,8439.075451828161,10164.33522767036,11889.595003512562
.IXIC,2020-03-06,8575.618,24.38792,20.70142,18.35034,20.27745475409836,351.6338416724345,422.91392603239547,5274.507625086518,7032.676833448691,8790.846041810863,10549.015250173035,12307.184458535208,14065.353666897381,6343.708890485932,8458.27852064791,10572.848150809887,12687.417780971864,14801.987411133841,16916.55704129582,4343.952119011696,6249.085588085033,8154.2190571583715,10059.35252623171,11964.485995305049,4977.531180775214,6698.978128767585,8420.425076759957,10141.872024752329,11863.3189727447
.IXIC,2020-03-13,7874.875,22.70976,19.17308,16.95932,18.731537704918036,346.7617006960884,420.40728978339143,5201.425510441326,6935.234013921768,8669.04251740221,10402.851020882652,12136.659524363093,13870.468027843535,6306.109346750872,8408.145795667828,10510.182244584787,12612.218693501743,14714.2551424187,16816.291591335656,4283.76352334735,6162.499991506516,8041.236459665684,9919.972927824852,11798.709395984019,4948.02905440796,6659.272882912031,8370.516711416101,10081.760539920171,11793.004368424243
.IXIC,2020-03-20,6879.517,19.75785,17.01744,14.99746,16.57591431693989,348.19157954939425,415.0309218822048,5222.873693240914,6963.831590987885,8704.789488734856,10445.747386481828,12186.7052842288,13927.66318197577,6225.463828233072,8300.618437644096,10375.77304705512,12450.927656466143,14526.082265877167,16601.236875288192,4301.427708470163,6187.911184275685,8074.394660081207,9960.878135886729,11847.36161169225,4884.751311065393,6574.110941520915,8263.470571976437,9952.83020243196,11642.189832887483
.IXIC,2020-03-27,7502.378,21.54252,18.70007,16.44115,18.163113606557378,348.2590708979265,413.05572175089173,5223.886063468897,6965.18141795853,8706.476772448163,10447.772126937794,12189.067481427428,13930.36283591706,6195.835826263376,8261.114435017835,10326.393043772294,12391.671652526751,14456.95026128121,16522.22887003567,4302.26147118503,6189.110611530546,8075.959751876062,9962.80889222158,11849.658032567095,4861.5039795478,6542.823670837397,8224.143362126995,9905.463053416592,11586.78274470619
.IXIC,2020-04-03,7373.083,21.23916,19.06761,16.61131,18.436756994535514,347.1456969108006,399.91214301871605,5207.185453662009,6942.913938216012,8678.642422770015,10414.370907324019,12150.09939187802,13885.827876432024,5998.682145280741,7998.242860374321,9997.8035754679,11997.364290561482,13996.925005655063,15996.485720748642,4288.507268041143,6169.324207286842,8050.141146532542,9930.958085778242,11811.77502502394,4706.809208486117,6334.628714273505,7962.448220060892,9590.267725848278,11218.087231635665
.IXIC,2020-04-09,8153.575,23.42213,21.41061,18.59126,20.640295792349725,348.1141552881826,395.03188723788065,5221.712329322739,6962.283105763652,8702.853882204565,10443.424658645477,12183.99543508639,13924.566211527304,5925.47830856821,7900.637744757613,9875.797180947016,11850.95661713642,13826.116053325823,15801.275489515227,4300.471238290975,6186.535233563419,8072.599228835864,9958.66322410831,11844.727219380753,4649.370510387049,6257.325214137395,7865.279917887741,9473.234621638088,11081.189325388434
.IXIC,2020-04-17,8650.141,24.79198,23.38818,20.1307,22.426956393442623,348.908840681543,385.7028500991422,5233.632610223145,6978.17681363086,8722.721017038575,10467.26522044629,12211.809423854005,13956.35362726172,5785.5427514871335,7714.057001982845,9642.571252478556,11571.085502974267,13499.599753469978,15428.11400396569,4310.288482507336,6200.658041013039,8091.027599518744,9981.397158024449,11871.766716530152,4539.5713990635695,6109.552790700854,7679.534182338138,9249.515573975421,10819.496965612705
.IXIC,2020-04-24,8634.52,24.69048,23.78002,20.43288,22.72832300546448,349.7104957052273,379.9013239086772,5245.65743557841,6994.2099141045455,8742.762392630682,10491.31487115682,12239.867349682954,13988.419828209091,5698.5198586301585,7598.026478173544,9497.53309771693,11397.039717260317,13296.546336803704,15196.052956347088,4320.19182691323,6214.904709738936,8109.617592564643,10004.33047539035,11899.043358216055,4471.289709264328,6017.656320352842,7564.0229314413555,9110.38954252987,10656.756153618384
.IXIC,2020-05-01,8604.948,24.88446,24.36556,20.69675,23.142623333333333,345.79605102943765,371.8224972190563,5186.9407654415645,6915.921020588753,8644.901275735941,10373.881530883129,12102.861786030318,13831.842041177506,5577.337458285844,7436.4499443811255,9295.562430476408,11154.674916571688,13013.78740266697,14872.899888762251,4271.834250852645,6145.33888043056,8018.843510008475,9892.348139586391,11765.852769164305,4376.205085003015,5889.687294107703,7403.169503212391,8916.651712317078,10430.133921421766
.IXIC,2020-05-08,9121.321,26.65049,26.06025,22.02529,24.638091967213114,342.2571592492295,370.21215003735284,5133.857388738443,6845.14318498459,8556.428981230738,10267.714777476886,11979.000573723033,13690.28636996918,5553.182250560292,7404.243000747057,9255.303750933821,11106.364501120584,12957.42525130735,14808.486001494113,4228.116113899522,6082.447215861788,7936.778317824055,9791.109419786322,11645.440521748587,4357.25192972624,5864.179312729176,7371.106695732113,8878.034078735049,10384.961461737985
.IXIC,2020-05-15,9014.56,26.2188,25.88018,21.86488,24.38815595628415,343.8204647047157,369.62860234937926,5157.306970570735,6876.409294094314,8595.511617617893,10314.61394114147,12033.716264665049,13752.818588188627,5544.429035240689,7392.572046987585,9240.715058734482,11088.858070481378,12937.001082228275,14785.14409397517,4247.42860104161,6110.229608890823,7973.030616740039,9835.831624589255,11698.632632438468,4350.383802115481,5854.935887629648,7359.487973143815,8864.040058657982,10368.59214417215
.IXIC,2020-05-22,9324.587,27.13983,26.76813,22.71695,25.18529191256831,343.57573352522843,370.2393854465001,5153.636002878427,6871.514670504568,8589.39333813071,10307.272005756853,12025.150673382996,13743.029341009136,5553.590781697501,7404.787708930002,9255.984636162502,11107.181563395003,12958.378490627503,14809.575417860004,4244.405284171238,6105.8803514945075,7967.355418817779,9828.83048614105,11690.305553464319,4357.572479819077,5864.610722997259,7371.64896617544,8878.687209353622,10385.725452531804
.IXIC,2020-05-29,9489.872,27.68763,27.31667,23.1747,25.61914131147541,342.74771802425846,370.42115832934905,5141.215770363877,6854.95436048517,8568.69295060646,10282.431540727754,11996.170130849046,13709.90872097034,5556.317374940236,7408.423166586981,9260.528958233726,11112.634749880472,12964.740541527217,14816.846333173962,4234.1762923514925,6091.165215689569,7948.154139027645,9805.143062365723,11662.131985703798,4359.711875418291,5867.490014719884,7375.268154021478,8883.046293323072,10390.824432624666
.IXIC,2020-06-05,9814.081,28.70116,28.23658,23.94108,26.39397480874317,341.94022123147636,371.83035412873943,5129.1033184721455,6838.804424629527,8548.50553078691,10258.206636944291,11967.907743101672,13677.608849259053,5577.455311931091,7436.607082574788,9295.758853218485,11154.910623862183,13014.06239450588,14873.214165149577,4224.200780929106,6076.814729552628,7929.42867817615,9782.042626799674,11634.656575423194,4376.297557751073,5889.811747957262,7403.325938163452,8916.84012836964,10430.35431857583
.IXIC,2020-06-12,9588.808,28.07995,27.62551,23.34584,25.707843661202183,341.4823744344274,372.99153232642607,5122.235616516411,6829.647488688548,8537.059360860685,10244.471233032822,11951.883105204959,13659.294977377096,5594.872984896391,7459.830646528521,9324.788308160652,11189.745969792782,13054.703631424913,14919.661293057043,4218.544713939751,6068.678072945911,7918.81143195207,9768.94479095823,11619.078149964389,4389.964170103249,5908.204869751291,7426.445569399332,8944.686269047374,10462.926968695416
.IXIC,2020-06-19,9946.123,29.04764,28.6492,24.1931,26.567251639344263,342.40726613246375,374.37530742813,5136.108991986956,6848.145322649275,8560.181653311594,10272.217983973913,11984.254314636231,13696.29064529855,5615.629611421949,7487.506148562599,9359.382685703249,11231.259222843899,13103.135759984549,14975.012297125199,4229.970477832192,6085.114850911446,7940.259223990702,9795.403597069957,11650.547970149211,4406.250660785951,5930.123937842554,7453.997214899157,8977.87049195576,10501.743769012362
.IXIC,2020-06-26,9757.219,28.43498,28.14868,23.70972,25.989841530054647,343.1414054098156,375.4243360320898,5147.121081147234,6862.828108196312,8578.53513524539,10294.242162294468,12009.949189343546,13725.656216392625,5631.365040481347,7508.486720641796,9385.608400802244,11262.730080962694,13139.851761123144,15016.973441283591,4239.03975812198,6098.161658795258,7957.283559468536,9816.405460141814,11675.52736081509,4418.597316368381,5946.7406043597975,7474.883892351214,9003.027180342631,10531.170468334047
.IXIC,2020-07-02,10207.629,29.74247,29.48426,24.82633,27.142568415300545,343.2004470375191,376.07454253466506,5148.006705562786,6864.008940750382,8580.011175937978,10296.013411125572,12012.015646313168,13728.017881500764,5641.118138019976,7521.490850693301,9401.863563366627,11282.236276039952,13162.608988713277,15042.981701386601,4239.769136166348,6099.210921241171,7958.652706315994,9818.094491390817,11677.536276465638,4426.2499921052,5957.039908477772,7487.829824850343,9018.619741222914,10549.409657595486
.IXIC,2020-07-10,10617.443,31.0914,30.78898,25.90461,28.226687540983605,341.4913127102671,376.14909594276884,5122.369690654006,6829.826254205342,8537.282817756677,10244.739381308013,11952.195944859348,13659.652508410683,5642.236439141532,7522.9819188553765,9403.72739856922,11284.472878283064,13165.21835799691,15045.963837710753,4218.655134034954,6068.836920144651,7919.018706254348,9769.200492364045,11619.382278473742,4427.127456503101,5958.220838259389,7489.314220015677,9020.407601771965,10551.500983528254
.IXIC,2020-07-17,10503.19,30.70032,30.30047,25.60576,27.747881775956284,342.1198866982494,378.52222684259385,5131.798300473741,6842.397733964988,8552.997167456235,10263.596600947481,11974.196034438728,13684.795467929976,5677.8334026389075,7570.444536851877,9463.055671064847,11355.666805277815,13248.277939490785,15140.889073703755,4226.420300476457,6080.0076670518965,7933.595033627337,9787.182400202779,11640.769766778218,4455.058277227683,5995.811352584075,7536.564427940469,9077.317503296861,10618.070578653254
.IXIC,2020-07-24,10363.177,31.03645,29.40244,25.33715,27.114325956284155,333.90342645502307,382.20301019867975,5008.551396825346,6678.068529100461,8347.585661375577,10017.102793650693,11686.619925925806,13356.137058200922,5733.045152980196,7644.060203973595,9555.075254966994,11466.090305960392,13377.10535695379,15288.12040794719,4124.917243448211,5933.988265031854,7743.059286615498,9552.130308199143,11361.201329782785,4498.379654928526,6054.115148419029,7609.850641909531,9165.586135400034,10721.321628890535
.IXIC,2020-07-31,10745.275,32.47327,30.76667,26.18695,28.1014231147541,330.89599538327985,382.37476287663185,4963.439930749198,6617.919907665597,8272.399884581997,9926.879861498395,11581.359838414795,13235.839815331194,5735.621443149477,7647.495257532637,9559.369071915797,11471.242886298955,13383.116700682114,15294.990515065274,4087.7645720365367,5880.541491882252,7673.318411727968,9466.095331573684,11258.8722514194,4500.4011166427545,6056.835719585726,7613.270322528697,9169.70492547167,10726.13952841464
.IXIC,2020-08-07,11010.983,33.9162,31.47267,26.79442,28.660607158469944,324.6526143848662,384.1852665269156,4869.789215772993,6493.052287697324,8116.315359621654,9739.578431545986,11362.841503470316,12986.104575394647,5762.778997903734,7683.705330538312,9604.63166317289,11525.557995807469,13446.484328442046,15367.410661076625,4010.6361932978343,5769.5868066547255,7528.5374200116175,9287.48803336851,11046.4386467254,4521.710035118766,6085.5141896212,7649.318344123632,9213.122498626066,10776.9266531285
.IXIC,2020-08-14,11019.301,34.17069,31.59832,26.86823,28.66463030054645,322.4781530604152,384.42152870849804,4837.172295906228,6449.563061208304,8061.95382651038,9674.344591812456,11286.735357114532,12899.126122416608,5766.322930627471,7688.430574169961,9610.538217712452,11532.645861254941,13454.75350479743,15376.861148339922,3983.773716600108,5730.94321404758,7478.112711495054,9225.282208942528,10972.45170639,4524.490748411179,6089.256594611085,7654.022440810992,9218.788287010897,10783.554133210804
.IXIC,2020-08-21,11311.801,35.06227,32.48135,27.58264,29.34938786885246,322.62032663601076,385.4186346422864,4839.304899540161,6452.406532720215,8065.508165900269,9678.609799080323,11291.711432260377,12904.81306544043,5781.279519634296,7708.372692845728,9635.46586605716,11562.559039268592,13489.652212480025,15416.745385691456,3985.530075436443,5733.469861761677,7481.409648086913,9229.349434412148,10977.289220737382,4536.226294512792,6105.050803388218,7673.8753122636435,9242.69982113907,10811.524330014496
.IXIC,2020-08-28,11695.633,36.24589,33.72958,28.62923,30.37115281420765,322.67473636321245,385.09018974507853,4840.121045448187,6453.494727264249,8066.868409080311,9680.242090896374,11293.615772712436,12906.989454528499,5776.352846176178,7701.803794901571,9627.254743626963,11552.705692352356,13478.156641077749,15403.607589803141,3986.202232725538,5734.436808061529,7482.671383397521,9230.905958733512,10979.140534069504,4532.360626781403,6099.848219487653,7667.335812193904,9234.823404900153,10802.310997606404
.IXIC,2020-09-04,11313.134,35.09556,15.42167,14.91376,29.130028670309652,322.3522861581351,388.3667307039331,4835.284292372026,6447.0457231627015,8058.807153953378,9670.568584744053,11282.330015534728,12894.091446325403,5825.500960558997,7767.3346140786625,9709.168267598328,11651.001921117993,13592.835574637658,15534.669228157325,3982.2188042678004,5728.706361527031,7475.193918786263,9221.681476045494,10968.169033304725,4570.924229878588,6151.748795161051,7732.573360443513,9313.397925725974,10894.222491008437
.IXIC,2020-09-11,10853.545,33.57008,15.01587,14.47591,27.888904526411658,323.31007254078634,389.1707180438499,4849.651088111795,6466.201450815726,8082.751813519659,9699.30217622359,11315.852538927522,12932.402901631453,5837.560770657748,7783.414360876997,9729.267951096248,11675.121541315497,13620.975131534746,15566.828721753995,3994.0509367118507,5745.7277296974635,7497.404522683077,9249.08131566869,11000.758108654303,4580.386845808332,6164.483995575085,7748.581145341838,9332.678295108592,10916.775444875344
.IXIC,2020-09-18,10793.282,33.18002,30.03592,25.30287,26.64778038251366,325.2946200755756,405.03493518291594,4879.419301133634,6505.892401511512,8132.3655018893905,9758.838602267268,11385.311702645145,13011.784803023023,6075.524027743739,8100.698703658319,10125.873379572899,12151.048055487478,14176.222731402058,16201.397407316637,4018.567289938904,5780.996256013182,7543.42522208746,9305.854188161737,11068.283154236015,4767.102464773882,6415.774003075294,8064.445541376705,9713.117079678115,11361.788617979528
.IXIC,2020-09-25,10913.731,33.69319,29.43084,25.15255,26.2864137431694,323.9150403983713,415.18524004956606,4858.725605975569,6478.3008079674255,8097.876009959282,9717.451211951138,11337.026413942995,12956.601615934851,6227.778600743491,8303.704800991321,10379.631001239151,12455.557201486981,14531.483401734813,16607.409601982643,4001.5244819041764,5756.478958595421,7511.433435286667,9266.387911977914,11021.342388669158,4886.567575422084,6576.555349151856,8266.543122881629,9956.5308966114,11646.518670341173
.IXIC,2020-10-02,11075.113,33.99456,30.13249,25.93905,26.97022377049181,325.79074416612536,410.64223620262686,4886.86116249188,6515.814883322508,8144.768604153134,9773.72232498376,11402.676045814387,13031.629766645015,6159.633543039403,8212.844724052537,10266.055905065672,12319.267086078806,14372.47826709194,16425.689448105073,4024.6962202039385,5789.813160237788,7554.930100271638,9320.047040305488,11085.163980339337,4833.0982004249845,6504.593936826026,8176.089673227068,9847.58540962811,11519.081146029152
.IXIC,2020-10-09,11580.045,34.99422,31.52866,26.9839,28.014542295081966,330.91307650234813,413.35835074603057,4963.696147535222,6618.261530046962,8272.826912558703,9927.392295070444,11581.957677582184,13236.523060093925,6200.375261190458,8267.167014920611,10333.958768650764,12400.750522380917,14467.54227611107,16534.334029841222,4087.9755857518803,5880.845050193051,7673.714514634224,9466.583979075396,11259.453443516568,4865.065804228396,6547.617329534299,8230.168854840202,9912.720380146104,11595.271905452006
.IXIC,2020-10-16,11671.658,35.34875,31.98592,27.22657,28.21485032786885,330.18587644541884,413.67073949959865,4952.788146681282,6603.717528908377,8254.64691113547,9905.576293362565,11556.50567558966,13207.435057816754,6205.06109249398,8273.414789991974,10341.768487489966,12410.12218498796,14478.475882485953,16546.829579983947,4078.9920299791506,5867.921563153813,7656.851096328475,9445.780629503139,11234.7101626778,4868.742497441118,6552.565583301816,8236.388669162516,9920.211755023214,11604.034840883913
.IXIC,2020-10-23,11548.282,35.03589,31.44049,26.85804,27.72194450819672,329.6129197802596,416.5754677340706,4944.193796703894,6592.258395605191,8240.322994506489,9888.387593407788,11536.452192309085,13184.516791210383,6248.632016011059,8331.509354681413,10414.386693351766,12497.264032022118,14580.141370692472,16663.018709362826,4071.9139390084897,5857.739223417072,7643.564507825655,9429.389792234238,11215.21507664282,4902.930010475755,6598.576626483334,8294.22324249091,9989.86985849849,11685.516474506068
.IXIC,2020-10-30,10911.591,32.05449,28.93253,25.06092,25.71676650273224,340.40756848728523,424.298715736316,5106.113527309279,6808.151369745705,8510.189212182131,10212.227054618557,11914.264897054984,13616.30273949141,6364.48073604474,8485.97431472632,10607.4678934079,12728.96147208948,14850.455050771061,16971.94862945264,4205.266965844152,6049.577083341698,7893.887200839246,9738.197318336794,11582.50743583434,4993.82961292841,6720.913268209637,8447.996923490864,10175.080578772091,11902.164234053318
.IXIC,2020-11-06,11895.23,35.02962,31.01885,27.05495,27.650618032786888,339.5763356839155,430.19761749611376,5093.645035258733,6791.5267136783095,8489.408392097886,10187.290070517465,11885.171748937042,13583.053427356619,6452.9642624417065,8603.952349922276,10754.940437402844,12905.928524883413,15056.916612363982,17207.904699844552,4194.998228681607,6034.804771020518,7874.611313359432,9714.417855698344,11554.224398037257,5063.257375019824,6814.352172535542,8565.44697005126,10316.541767566978,12067.636565082696
.IXIC,2020-11-13,11829.286,34.56893,30.90263,26.76506,27.30769213114754,342.1941610573425,433.1851239273109,5132.912415860138,6843.883221146851,8554.854026433562,10265.824831720276,11976.795637006988,13687.766442293701,6497.776858909663,8663.702478546218,10829.628098182771,12995.553717819326,15161.479337455881,17327.404957092436,4227.337857950551,6081.327639056768,7935.317420162987,9789.307201269206,11643.296982375425,5098.419154991362,6861.674426569354,8624.929698147347,10388.18496972534,12151.440241303333
.IXIC,2020-11-20,11854.97,34.08887,30.59564,26.63932,27.08251431693989,347.7665877455017,437.7352066083766,5216.498816182525,6955.331754910034,8694.164693637542,10432.99763236505,12171.83057109256,13910.663509820068,6566.028099125649,8754.704132167531,10943.380165209415,13132.056198251297,15320.732231293181,17509.408264335063,4296.17751969908,6180.358412494312,8064.539305289544,9948.720198084779,11832.90109088001,5151.971845092125,6933.747967988297,8715.524090884468,10497.300213780642,12279.076336676813
.IXIC,2020-11-27,12205.846,34.95779,31.44566,27.36729,27.746154972677594,349.15954355238125,439.9112602095474,5237.393153285719,6983.1908710476255,8728.98858880953,10474.786306571437,12220.584024333344,13966.381742095251,6598.668903143211,8798.225204190947,10997.781505238685,13197.337806286421,15396.894107334158,17596.450408381894,4313.385571404811,6205.1134247428745,8096.84127808094,9988.569131419004,11880.29698475707,5177.583143240855,6968.216767864497,8758.85039248814,10549.484017111783,12340.117641735425
.IXIC,2020-12-04,12464.232,35.66558,32.05958,27.8891,28.196758360655732,349.4750961571353,442.04485638292135,5242.126442357029,6989.501923142706,8736.877403928382,10484.252884714058,12231.628365499735,13979.003846285412,6630.67284574382,8840.897127658427,11051.121409573034,13261.34569148764,15471.569973402247,17681.794255316854,4317.2837895045295,6210.721290087326,8104.158790670124,9997.596291252923,11891.03379183572,5202.694734102344,7002.013039921899,8801.331345741453,10600.649651561007,12399.967957380562
.IXIC,2020-12-11,12377.872,35.14821,31.78976,27.46947,27.70555142076503,352.16222959860545,446.7650476259032,5282.433443979082,7043.2445919721085,8804.055739965137,10564.866887958164,12325.67803595119,14086.489183944217,6701.475714388548,8935.300952518064,11169.126190647581,13402.951428777096,15636.776666906611,17870.60190503613,4350.479624557332,6258.475871337203,8166.472118117075,10074.468364896948,11982.464611676818,5258.2495353158765,7076.781109625788,8895.3126839357,10713.844258245612,12532.375832555523
.IXIC,2020-12-18,12755.638,36.37757,32.75589,28.26099,28.420644918032785,350.64568633913706,448.8159236635267,5259.685295087056,7012.913726782741,8766.142158478426,10519.370590174112,12272.599021869797,14025.827453565482,6732.2388549529005,8976.318473270534,11220.398091588168,13464.477709905801,15708.557328223435,17952.636946541068,4331.744819982756,6231.524515968854,8131.304211954955,10031.083907941054,11930.863603927153,5282.387542595386,7109.26709051969,8936.146638443994,10763.026186368299,12589.905734292603
.IXIC,2020-12-24,12804.734,36.39595,33.01851,28.24132,28.332687021857925,351.81755112862834,451.94209748342905,5277.263266929425,7036.351022572567,8795.438778215708,10554.52653385885,12313.614289501991,14072.702045145134,6779.131462251436,9038.841949668582,11298.552437085726,13558.262924502871,15817.973411920017,18077.683899337164,4346.2215964821235,6252.350393627172,8158.479190772221,10064.60798791727,11970.73678506232,5319.181383391953,7158.785843053385,8998.390302714817,10837.99476237625,12677.599222037683
.IXIC,2020-12-31,12888.282,36.54309,33.38549,28.52602,28.52602,352.6872522274389,451.8079283405116,5290.308783411583,7053.7450445487775,8817.181305685972,10580.617566823166,12344.05382796036,14107.490089097555,6777.118925107674,9036.15856681023,11295.19820851279,13554.237850215348,15813.277491917905,18072.31713362046,4356.965556486417,6267.806347970672,8178.647139454927,10089.487930939184,12000.328722423437,5317.602265157103,7156.660596995891,8995.71892883468,10834.777260673467,12673.835592512256
.IXIC,2021-01-08,13201.975,37.22622,29.00807,,29.00807,354.6418357813391,455.11387003685525,5319.627536720087,7092.836715626782,8866.045894533478,10639.255073440174,12412.46425234687,14185.673431253565,6826.708050552828,9102.277400737104,11377.84675092138,13653.416101105657,15928.985451289933,18204.55480147421,4381.111745972524,6302.542367289211,8223.9729886059,10145.403609922589,12066.834231239276,5356.511903413175,7209.026881848594,9061.541860284013,10914.05683871943,12766.571817154849
.IXIC,2021-01-15,12998.502,36.41296,28.39199,,28.39199,356.97460464625783,457.8228577848893,5354.6190696938675,7139.492092925157,8924.365116156445,10709.238139387735,12494.111162619025,14278.984185850313,6867.34286677334,9156.457155697786,11445.571444622234,13734.68573354668,16023.800022471127,18312.914311395572,4409.929894435515,6343.999333503734,8278.068772571954,10212.138211640175,12146.207650708393,5388.395627627886,7251.937385755219,9115.479143882552,10979.020902009886,12842.56266013722
.IXIC,2021-01-22,13543.062,36.54067,29.5485,,29.5485,370.6298215112093,458.3333164120006,5559.447322668139,7412.5964302241855,9265.745537780233,11118.894645336279,12972.043752892325,14825.192860448371,6874.999746180009,9166.666328240011,11458.332910300016,13749.999492360019,16041.666074420022,18333.332656480023,4578.62130352727,6586.673981959316,8594.726660391363,10602.779338823411,12610.832017255456,5394.403525633939,7260.02307640802,9125.6426271821,10991.262177956181,12856.881728730263
.IXIC,2021-01-29,13070.695,33.85964,27.78861,,27.78861,386.0258112608403,470.3615977913253,5790.3871689126045,7720.516225216807,9650.645281521009,11580.774337825209,13510.903394129411,15441.032450433613,7055.42396686988,9407.231955826506,11759.039944783133,14110.84793373976,16462.655922696387,18814.463911653012,4768.817565579584,6860.284898363517,8951.75223114745,11043.219563931383,13134.686896715317,5535.971683907688,7450.551666096945,9365.131648286202,11279.711630475458,13194.291612664716
.IXIC,2021-02-05,13856.296,35.19674,28.93909,,28.93909,393.68123297782694,478.80897429739497,5905.218494667404,7873.624659556539,9842.030824445674,11810.436989334808,13778.843154223943,15747.249319113078,7182.134614460924,9576.1794859479,11970.224357434874,14364.269228921848,16758.314100408825,19152.3589718958,4863.389763839189,6996.333764692199,9129.27776554521,11262.221766398221,13395.16576725123,5635.393995083813,7584.358540206101,9533.32308532839,11482.287630450677,13431.252175572965
.IXIC,2021-02-12,14095.47,37.08816,29.31231,25.93254,28.91414531506849,380.0530951117553,487.49391850964383,5700.796426676329,7601.061902235106,9501.327377793881,11401.592853352658,13301.858328911436,15202.123804470211,7312.408777644658,9749.878370192877,12187.347962741096,14624.817555289315,17062.287147837535,19499.756740385754,4695.032878506596,6754.1403525727865,8813.247826638979,10872.35530070517,12931.46277477136,5737.612385065255,7721.928498881251,9706.244612697246,11690.56072651324,13674.876840329236
.IXIC,2021-02-19,13874.47,36.25784,28.74892,25.44856,28.296815890410954,382.66123961052284,490.3191247288601,5739.918594157843,7653.224792210457,9566.53099026307,11479.837188315685,13393.1433863683,15306.449584420914,7354.786870932901,9806.382494577203,12257.978118221503,14709.573741865803,17161.169365510104,19612.764989154406,4727.252913894044,6800.491176263057,8873.729438632072,10946.967701001087,13020.205963370101,5770.863955142879,7766.679909290796,9762.495863438713,11758.311817586631,13754.12777173455
.IXIC,2021-02-26,13192.35,34.59652,27.35348,24.47816,26.904457424657537,381.3201443382167,490.3406819090656,5719.802165073251,7626.402886764335,9533.003608455418,11439.604330146502,13346.205051837585,15252.80577352867,7355.110228635984,9806.813638181313,12258.51704772664,14710.220457271967,17161.923866817295,19613.627276362626,4710.685527711237,6776.657807157975,8842.630086604713,10908.602366051451,12974.574645498189,5771.117674706216,7767.02137612323,9762.925077540243,11758.828778957257,13754.73248037427
.IXIC,2021-03-05,12920.15,34.15057,26.66182,24.02243,26.19902284931507,378.3289707902386,493.15388876565584,5674.934561853579,7566.579415804772,9458.224269755965,11349.869123707158,13241.513977658351,15133.158831609544,7397.308331484837,9863.077775313117,12328.847219141397,14794.616662969675,17260.386106797956,19726.155550626234,4673.733695628547,6723.499955737224,8773.266215845902,10823.03247595458,12872.798736063256,5804.22801698796,7811.582716017611,9818.937415047263,11826.292114076916,13833.646813106569
.IXIC,2021-03-12,13319.86,34.85293,27.38037,24.74133,26.867022493150685,382.1733208657063,495.7698607426887,5732.599812985594,7643.4664173141255,9554.333021642657,11465.199625971189,13376.066230299719,15286.932834628251,7436.547911140331,9915.397214853774,12394.246518567217,14873.095822280662,17351.945125994105,19830.79442970755,4721.225349381564,6791.8200939181725,8862.414838454783,10933.009582991392,13003.604327528,5835.016982028373,7853.019845373976,9871.022708719578,11889.025572065182,13907.028435410784
.IXIC,2021-03-19,13215.24,34.73211,27.1413,24.75384,26.63110306849315,380.49056046407776,496.2332940551286,5707.358406961166,7609.811209281555,9512.264011601945,11414.716813922332,13317.169616242722,15219.62241856311,7443.499410826929,9924.665881102572,12405.832351378216,14886.998821653859,17368.1652919295,19849.331762205144,4700.437160799725,6761.914798898779,8823.392436997834,10884.87007509689,12946.347713195943,5840.471410508703,7860.360652647226,9880.249894785748,11900.13913692427,13920.028379062791
.IXIC,2021-03-26,13138.72,34.79564,27.21001,24.61871,26.606556575342463,377.5967333838377,493.8151227046142,5663.951000757565,7551.9346676767545,9439.918334595943,11327.90200151513,13215.88566843432,15103.869335353509,7407.226840569213,9876.302454092285,12345.378067615356,14814.453681138426,17283.529294661497,19752.60490818457,4664.68791033659,6710.486947086995,8756.2859838374,10802.085020587807,12847.884057338211,5812.010481329652,7822.056695289559,9832.102909249466,11842.149123209372,13852.19533716928
.IXIC,2021-04-01,13480.11,35.635,27.8759,25.26408,27.22473391780822,378.2828679668865,495.1420293287936,5674.243019503298,7565.65735933773,9457.071699172162,11348.486039006595,13239.900378841028,15131.31471867546,7427.130439931904,9902.840586575872,12378.550733219841,14854.260879863808,17329.971026507777,19805.681173151745,4673.164158702749,6722.680636164314,8772.19711362588,10821.713591087448,12871.230068549014,5827.627652317122,7843.074963800333,9858.522275283543,11873.969586766756,13889.416898249967
.IXIC,2021-04-09,13900.19,36.98042,28.81131,26.05114,28.06266115068493,375.8797222962854,495.3268660217827,5638.195834444281,7517.594445925708,9396.993057407135,11276.391668888562,13155.790280369989,15035.188891851416,7429.90299032674,9906.537320435653,12383.171650544567,14859.80598065348,17336.440310762395,19813.074640871306,4643.476601673394,6679.972963589921,8716.46932550645,10752.965687422979,12789.462049339505,5829.803107761059,7846.002786431628,9862.202465102197,11878.402143772764,13894.601822443332
.IXIC,2021-04-16,14052.34,37.50686,29.14808,26.30569,28.32261879452055,374.6605287672708,496.1525663269049,5619.907931509062,7493.210575345416,9366.51321918177,11239.815863018124,13113.118506854478,14986.421150690832,7442.288494903573,9923.051326538098,12403.814158172623,14884.576989807147,17365.33982144167,19846.102653076196,4628.415143741305,6658.305979903098,8688.196816064892,10718.087652226686,12747.97848838848,5839.5212767825415,7859.0819213204295,9878.642565858318,11898.203210396205,13917.763854934092
.IXIC,2021-04-23,14016.81,36.99381,28.86583,26.13441,28.020212301369863,378.8960909946826,500.239250482579,5683.441364920239,7577.921819893652,9472.402274867065,11366.882729840478,13261.36318481389,15155.843639787305,7503.588757238685,10004.78500965158,12505.981262064475,15007.17751447737,17508.373766890265,20009.57001930316,4680.739685160475,6733.578572401214,8786.417459641954,10839.256346882694,12892.095234123433,5887.619947832901,7923.815206494739,9960.010465156578,11996.205723818415,14032.400982480254
.IXIC,2021-04-30,13962.68,33.19983,27.2787,25.19753,26.594479726027394,420.56480409688845,525.0217392421877,6308.472061453327,8411.29608193777,10514.120102422212,12616.944122906654,14719.768143391097,16822.59216387554,7875.326088632815,10500.434784843754,13125.543481054692,15750.65217726563,18375.760873476567,21000.869569687507,5195.499282006774,7474.09704264451,9752.694803282247,12031.292563919986,14309.890324557722,6179.300128940756,8316.371090701612,10453.442052462467,12590.513014223323,14727.583975984178
.IXIC,2021-05-07,13752.24,32.78021,26.79852,24.67726,26.060437753424655,419.5287339525891,527.7056406388565,6292.931009288836,8390.574679051782,10488.218348814728,12585.862018577673,14683.50568834062,16781.149358103565,7915.584609582847,10554.11281277713,13192.641015971412,15831.169219165695,18469.697422359975,21108.22562555426,5182.700061438673,7455.684449089259,9728.668836739846,12001.653224390431,14274.637612041017,6210.888596630567,8358.88422552488,10506.879854419194,12654.87548331351,14802.871112207824
.IXIC,2021-05-14,13429.98,32.02421,26.29675,24.03529,25.46651536986301,419.3695956902606,527.3583686244327,6290.54393535391,8387.391913805212,10484.239892256515,12581.08787070782,14677.935849159121,16774.783827610423,7910.375529366491,10547.167372488655,13183.959215610817,15820.751058732982,18457.542901855144,21094.33474497731,5180.734127248239,7452.856312249812,9724.978497251386,11997.100682252962,14269.222867254535,6206.801341107388,8353.383419128688,10499.965497149988,12646.547575171287,14793.129653192587
.IXIC,2021-05-21,13470.99,31.75903,26.29061,24.02687,25.4161241369863,424.1625137795455,530.0174773854135,6362.437706693183,8483.25027559091,10604.062844488639,12724.875413386366,14845.687982284093,16966.50055118182,7950.2621607812025,10600.349547708269,13250.436934635338,15900.524321562405,18550.611708489472,21200.699095416538,5239.944033186684,7538.0339937100725,9836.123954233464,12134.213914756856,14432.303875280246,6238.0980091907195,8395.503837339887,10552.909665489055,12710.315493638222,14867.721321787389
.IXIC,2021-05-28,13748.739,32.20327,26.72436,24.4924,25.81934608219178,426.9361154938613,532.4975681503736,6404.041732407919,8538.722309877227,10673.402887346532,12808.083464815838,14942.764042285145,17077.444619754453,7987.4635222556035,10649.951363007473,13312.439203759339,15974.927044511207,18637.414885263075,21299.902726014945,5274.208064734079,7587.325251962072,9900.442439190067,12213.55962641806,14526.676813646052,6267.287705613239,8434.788601376136,10602.289497139032,12769.790392901928,14937.291288664825
.IXIC,2021-06-04,13814.489,32.27085,26.81405,24.55616,25.855220000000003,428.0794896942596,534.3017386817826,6421.192345413894,8561.589793885192,10701.98724235649,12842.384690827788,14982.782139299086,17123.179587770384,8014.5260802267385,10686.034773635653,13357.543467044565,16029.052160453477,18700.56085386239,21372.069547271305,5288.332879220139,7607.644807109308,9926.956734998479,12246.268662887649,14565.580590776817,6288.522085761875,8463.366754486067,10638.211423210258,12813.05609193445,14987.90076065864
.IXIC,2021-06-11,14069.423,32.75044,27.24358,24.95623,26.22837260273973,429.59493063299306,536.4199759206698,6443.923959494896,8591.898612659861,10739.873265824826,12887.847918989792,15035.822572154757,17183.797225319722,8046.299638810047,10728.399518413396,13410.499398016746,16092.599277620095,18774.699157223444,21456.799036826793,5307.054066139289,7634.576572507062,9962.099078874839,12289.621585242614,14617.144091610387,6313.45290798321,8496.919740238916,10680.386572494623,12863.853404750327,15047.320237006033
.IXIC,2021-06-18,14030.376,32.70783,27.0996,24.79845,26.03413602739726,428.9607717785007,538.9222820851442,6434.41157667751,8579.215435570015,10724.019294462518,12868.82315335502,15013.627012247525,17158.43087114003,8083.834231277162,10778.445641702883,13473.057052128604,16167.668462554324,18862.279872980045,21556.891283405766,5299.219906359161,7623.306573751208,9947.393241143258,12271.479908535306,14595.566575927354,6342.904070952393,8536.556397334974,10730.208723717556,12923.861050100139,15117.51337648272
.IXIC,2021-06-25,14360.388,33.40952,27.78352,25.41192,26.63995397260274,429.82922232944384,539.0545349578539,6447.438334941658,8596.584446588877,10745.730558236097,12894.876669883315,15044.022781530533,17193.168893177753,8085.818024367808,10781.090699157077,13476.363373946348,16171.636048735616,18866.908723524884,21562.181398314155,5309.948417565828,7638.740303895188,9967.532190224549,12296.32407655391,14625.11596288327,6344.460635437832,8538.651289574776,10732.841943711719,12927.032597848663,15121.223251985606
.IXIC,2021-07-02,14639.325,34.15798,27.02866,25.87493,26.450214547945205,428.57701187248193,553.4671551893806,6428.655178087229,8571.540237449639,10714.425296812049,12857.310356174457,15000.195415536868,17143.080474899278,8302.007327840709,11069.343103787613,13836.678879734514,16604.014655681418,19371.35043162832,22138.686207575225,5294.479080934016,7616.486557547475,9938.494034160936,12260.501510774398,14582.508987387857,6514.091527643544,8766.947928124897,11019.804328606251,13272.660729087604,15525.517129568956
.IXIC,2021-07-09,14701.919,34.70563,28.72672,26.02883,27.32233890410959,423.6176954574805,538.0915247262622,6354.265431862208,8472.35390914961,10590.442386437013,12708.530863724416,14826.619341011818,16944.70781829922,8071.3728708939325,10761.830494525242,13452.288118156554,16142.745741787865,18833.203365419176,21523.660989050484,5233.213552714854,7528.351716519834,9823.489880324816,12118.628044129797,14413.766207934777,6333.126382389882,8523.397158457044,10713.667934524208,12903.938710591372,15094.209486658536
.IXIC,2021-07-16,14427.237,34.25219,28.33624,25.6515,26.88721594520548,421.20626447535176,536.5835209343294,6318.093967130277,8424.125289507036,10530.156611883795,12636.187934260553,14742.219256637312,16848.25057901407,8048.752814014941,10731.670418686588,13414.588023358234,16097.505628029881,18780.423232701527,21463.340837373176,5203.42364206562,7485.49680094797,9767.56995983032,12049.643118712671,14331.716277595022,6315.377768705078,8499.510301585176,10683.642834465274,12867.775367345372,15051.90790022547
.IXIC,2021-07-23,14836.991,34.81334,28.98718,26.3418,27.50866624657534,426.1869444299226,539.3569745260592,6392.804166448839,8523.738888598453,10654.673610748065,12785.608332897678,14916.543055047292,17047.477777196906,8090.354617890887,10787.139490521184,13483.924363151478,16180.709235781775,18877.49410841207,21574.278981042367,5264.9530874110205,7574.011305624022,9883.069523837024,12192.127742050026,14501.185960263028,6348.020230637652,8543.441947739402,10738.86366484115,12934.2853819429,15129.70709904465
.IXIC,2021-07-30,14672.678,31.59544,27.77328,25.70694,26.578765643835617,464.3922667321614,552.0451249173424,6965.884000982421,9287.845334643227,11609.806668304034,13931.768001964841,16253.729335625649,18575.690669286454,8280.676873760136,11040.902498346848,13801.12812293356,16561.353747520272,19321.579372106982,22081.804996693696,5736.927257994229,8252.979882287556,10769.032506580887,13285.085130874215,15801.137755167543,6497.354788597183,8744.422896187076,10991.491003776968,13238.55911136686,15485.627218956752
.IXIC,2021-08-06,14835.762,31.49879,27.78391,25.75185,26.57024128767123,470.99466360453846,558.3600780804311,7064.919954068077,9419.893272090769,11774.866590113461,14129.839908136153,16484.813226158847,18839.786544181537,8375.401171206466,11167.201561608621,13959.001952010778,16750.80234241293,19542.60273281509,22334.403123217242,5818.490783700143,8370.314843410053,10922.138903119967,13473.962962829879,16025.787022539791,6571.679312665944,8844.452075931993,11117.22483919804,13389.997602464087,15662.770365730135
.IXIC,2021-08-13,14822.898,31.43982,27.69406,25.69612,26.46245315068493,471.4689206235913,560.1482944757273,7072.033809353869,9429.378412471826,11786.723015589783,14144.067618707739,16501.412221825696,18858.75682494365,8402.224417135909,11202.965889514546,14003.707361893183,16804.448834271818,19605.190306650456,22405.93177902909,5824.349576395045,8378.74313543313,10933.136694471217,13487.530253509303,16041.92381254739,6592.725918884531,8872.7775147133,11152.829110542069,13432.880706370837,15712.932302199604
.IXIC,2021-08-20,14714.663,31.10763,27.69414,25.39568,26.23320104109589,473.02423874785705,560.9175554652517,7095.363581217855,9460.484774957142,11825.605968696427,14190.72716243571,16555.848356174996,18920.969549914284,8413.763331978775,11218.351109305033,14022.938886631291,16827.52666395755,19632.114441283808,22436.702218610066,5843.563391053804,8406.383581042715,10969.203771031629,13532.023961020543,16094.844151009454,6601.779819278481,8884.962647968388,11168.145476658297,13451.328305348206,15734.511134038114
.IXIC,2021-08-27,15129.501,31.8128,28.25147,26.09571,26.83989016438356,475.579043655384,563.6945944017608,7133.68565483076,9511.58087310768,11889.4760913846,14267.37130966152,16645.26652793844,19023.16174621536,8455.418916026412,11273.891888035216,14092.364860044021,16910.837832052825,19729.310804061628,22547.78377607043,5875.124489209002,8451.786476429752,11028.448463650504,13605.110450871258,16181.772438092008,6634.464479314108,8928.951086166533,11223.43769301896,13517.924299871385,15812.410906723811
.IXIC,2021-09-03,15363.516,32.16614,28.60224,26.40719,27.122836438356163,477.63007933186884,566.4420841425514,7164.451189978033,9552.601586637376,11940.751983296721,14328.902379956065,16717.05277661541,19105.203173274753,8496.631262138271,11328.841682851027,14161.052103563785,16993.262524276543,19825.4729449893,22657.683365702054,5900.4622119112855,8488.236601439363,11076.010990967441,13663.78538049552,16251.559770023598,6666.801356895664,8972.471463599457,11278.14157030325,13583.811677007043,15889.481783710837
.IXIC,2021-09-10,15115.494,31.68117,28.19126,25.97057,26.65198720547945,477.11287177840967,567.1432258864497,7156.693076676145,9542.257435568194,11927.821794460242,14313.38615335229,16698.950512244337,19084.514871136387,8507.148388296746,11342.864517728995,14178.580647161243,17014.29677659349,19850.01290602574,22685.72903545799,5894.0728244816455,8479.045010968439,11064.017197455234,13648.989383942031,16233.961570428824,6675.053520462701,8983.57758453429,11292.10164860588,13600.625712677469,15909.149776749058
.IXIC,2021-09-17,15043.968,31.57628,28.10861,25.85319,26.502009452054796,476.43256267046024,567.6538613879933,7146.4884400569035,9528.651253409205,11910.814066761506,14292.976880113807,16675.13969346611,19057.30250681841,8514.8079208199,11353.077227759866,14191.346534699833,17029.6158416398,19867.885148579764,22706.154455519732,5885.668541842056,8466.954849732223,11048.241157622393,13629.527465512561,16210.81377340273,6681.0635002115105,8991.666076887108,11302.268653562704,13612.871230238301,15923.473806913898
.IXIC,2021-09-24,15047.699,31.52399,28.07904,25.90417,26.48810769863013,477.3411931674893,568.0926388251665,7160.117897512339,9546.823863349786,11933.529829187231,14320.235795024679,16706.941760862126,19093.64772669957,8521.389582377498,11361.85277650333,14202.315970629164,17042.779164754997,19883.24235888083,22723.70555300666,5896.893420978248,8483.102640618541,11069.311860258835,13655.521079899128,16241.73029953942,6686.2277387019285,8998.616333840328,11311.004928978726,13623.393524117126,15935.782119255524
.IXIC,2021-10-01,14566.697,30.48442,27.307,25.04869,25.61172071232877,477.8407133873631,568.7512043260724,7167.610700810446,9556.814267747262,11946.017834684078,14335.221401620893,16724.42496855771,19113.628535494525,8531.268064891086,11375.024086521447,14218.78010815181,17062.536129782173,19906.292151412534,22750.048173042895,5903.06430574659,8491.97989939467,11080.89549304275,13669.811086690832,16258.72668033891,6693.978796573432,9009.04804491761,11324.117293261788,13639.186541605966,15954.255789950144
.IXIC,2021-10-08,14579.537,30.5629,27.43133,25.11889,25.65106797260274,477.03382205222675,568.3793367033309,7155.507330783401,9540.676441044536,11925.845551305669,14311.014661566802,16696.183771827935,19081.35288208907,8525.690050549963,11367.586734066617,14209.483417583271,17051.380101099927,19893.27678461658,22735.173468133235,5893.096273920055,8477.640173190932,11062.184072461809,13646.727971732687,16231.271871003564,6689.602060378713,9003.157642832928,11316.713225287143,13630.268807741357,15943.824390195572
.IXIC,2021-10-15,14897.34,31.24582,28.01423,25.63228,26.13477356164384,476.7786539127474,570.019861272637,7151.679808691211,9535.573078254949,11919.466347818685,14303.359617382423,16687.25288694616,19071.146156509898,8550.297919089555,11400.39722545274,14250.496531815923,17100.59583817911,19950.695144542293,22800.79445090548,5889.944022774592,8473.105434624886,11056.26684647518,13639.428258325477,16222.58967017577,6708.910391681861,9029.143635568114,11349.376879454368,13669.61012334062,15989.843367226875
.IXIC,2021-10-22,15090.2,31.27691,28.24588,26.06473,26.483032739726028,482.47093462877245,569.8063416039153,7237.0640194315865,9649.41869257545,12061.773365719311,14474.128038863173,16886.482712007037,19298.8373851509,8547.09512405873,11396.126832078306,14245.158540097882,17094.19024811746,19943.221956137033,22792.25366415661,5960.264316068264,8574.26620236175,11188.268088655237,13802.269974948724,16416.27186124221,6706.397348853639,9025.761473140295,11345.125597426952,13664.489721713608,15983.853846000264
.IXIC,2021-10-29,15498.388,30.76886,28.84978,26.79945,27.153342575342464,503.70367962933955,570.7727495057588,7555.555194440093,10074.07359258679,12592.591990733488,15111.110388880186,17629.628787026882,20148.14718517358,8561.591242586383,11415.454990115177,14269.318737643971,17123.182485172765,19977.04623270156,22830.909980230354,6222.5656554358475,8951.605425877477,11680.645196319107,14409.684966760737,17138.724737202367,6717.771591148999,9041.06942352787,11364.367255906742,13687.665088285614,16010.962920664486
.IXIC,2021-11-05,15971.588,31.49617,29.62567,27.51531,27.83909126027397,507.0961961406736,573.71082449057,7606.442942110104,10141.923922813472,12677.404903516841,15212.885884220208,17748.366864923577,20283.847845626944,8605.66236735855,11474.216489811399,14342.770612264248,17211.3247347171,20079.878857169948,22948.432979622798,6264.475527415462,9011.895772044065,11759.316016672668,14506.736261301272,17254.156505929874,6752.351582367431,9087.608680933221,11422.86577949901,13758.1228780648,16093.37997663059
.IXIC,2021-11-12,15860.958,31.15903,29.35024,27.31594,27.58903780821918,509.0324698811227,574.9007308719838,7635.487048216841,10180.649397622454,12725.811747028069,15270.974096433682,17816.136445839296,20361.298795244908,8623.510963079756,11498.014617439676,14372.518271799596,17247.021926159512,20121.525580519432,22996.029234879352,6288.395524358321,9046.306397223025,11804.217270087729,14562.128142952433,17320.039015817136,6766.3563141842715,9106.45685862071,11446.557403057148,13786.657947493586,16126.758491930024
.IXIC,2021-11-19,16057.437,31.97526,29.82583,27.72459,27.966376520547943,502.18315660294866,574.1693775810392,7532.74734904423,10043.663132058973,12554.578915073716,15065.49469808846,17576.4104811032,20087.326264117946,8612.540663715587,11483.387551620783,14354.234439525979,17225.081327431173,20095.92821533637,22966.775103241565,6203.781686318763,8924.58334380091,11645.385001283059,14366.186658765208,17086.988316247356,6757.748572547594,9094.872185241888,11431.995797936182,13769.119410630476,16106.24302332477
.IXIC,2021-11-26,15491.657,30.92221,28.80163,26.79589,26.98822123287671,500.9880276991845,574.0154886950555,7514.820415487768,10019.76055398369,12524.700692479613,15029.640830975535,17534.58096947146,20039.52110796738,8610.232330425833,11480.30977390111,14350.387217376388,17220.464660851667,20090.54210432694,22960.61954780222,6189.01751370868,8903.344026296954,11617.670538885232,14331.997051473507,17046.323564061782,6755.937360664494,9092.434577449834,11428.931794235174,13765.429011020513,16101.926227805852
.IXIC,2021-12-03,15085.472,30.09276,27.71013,26.16922,26.28742679452055,501.29905000405415,573.8664388080948,7519.485750060812,10025.981000081083,12532.476250101354,15038.971500121625,17545.466750141895,20051.962000162166,8607.996582121423,11477.328776161896,14346.66097020237,17215.993164242846,20085.325358283317,22954.65755232379,6192.859766188909,8908.871381097875,11624.882996006841,14340.894610915808,17056.906225824772,6754.183101903621,9090.073619648769,11425.964137393918,13761.854655139068,16097.745172884217
.IXIC,2021-12-10,15630.601,31.25726,28.91426,27.10996,27.21376904109589,500.0630573505164,574.3636971562452,7500.945860257745,10001.261147010327,12501.57643376291,15001.89172051549,17502.207007268073,20002.522294020655,8615.455457343678,11487.273943124903,14359.09242890613,17230.910914687356,20102.72940046858,22974.547886249806,6177.5907781959395,8886.905850586176,11596.220922976412,14305.53599536665,17014.851067756885,6760.035637799138,9097.950217210495,11435.86479662185,13773.779376033206,16111.693955444562
.IXIC,2021-12-17,15169.682,30.36981,27.96504,26.31719,26.38039520547945,499.4987456292944,575.0361919084942,7492.481184439415,9989.974912585887,12487.468640732359,14984.96236887883,17482.456097025304,19979.949825171774,8625.542878627413,11500.723838169884,14375.904797712354,17251.085757254827,20126.266716797298,23001.44767633977,6170.619483608574,8876.877145079607,11583.134806550643,14289.392468021677,16995.65012949271,6767.950637500451,9108.602568338516,11449.25449917658,13789.906430014646,16130.55836085271
.IXIC,2021-12-31,15644.971,31.31717,29.03673,27.21582,27.21582,499.56528639082006,574.848415370178,7493.479295862301,9991.305727816401,12489.132159770501,14986.958591724602,17484.7850236787,19982.611455632803,8622.726230552671,11496.96830740356,14371.210384254451,17245.452461105342,20119.69453795623,22993.93661480712,6171.441503129378,8878.059678910517,11584.677854691658,14291.296030472799,16997.914206253936,6765.74058122906,9105.628178407504,11445.515775585947,13785.403372764393,16125.290969942836
.IXIC,2022-01-07,14935.902,29.87523,26.04135,,26.04135,499.9426615293004,573.5456111146311,7499.139922939506,9998.853230586008,12498.56653823251,14998.279845879011,17497.993153525513,19997.706461172016,8603.184166719468,11470.912222292623,14338.640277865778,17206.368333438935,20074.09638901209,22941.824444585247,6176.103453539689,8884.766227768167,11593.429001996645,14302.091776225123,17010.7545504536,6750.407085675322,9084.991692643482,11419.576299611641,13754.160906579802,16088.745513547961
.IXIC,2022-01-14,14893.753,29.87723,26.02153,,26.02153,498.49845517807375,572.3626935080298,7477.476827671107,9969.969103561474,12462.461379451845,14954.953655342213,17447.44593123258,19939.93820712295,8585.440402620447,11447.253870160595,14309.067337700744,17170.880805240893,20032.694272781042,22894.50774032119,6158.262271900679,8859.1004128604,11559.938553820124,14260.776694779848,16961.614835739572,6736.484608999312,9066.254217504984,11396.023826010658,13725.79343451633,16055.563043022003
.IXIC,2022-01-21,13768.922,27.58809,24.07869,,24.07869,499.08935341301265,571.8301950812108,7486.34030119519,9981.787068260253,12477.233835325316,14972.68060239038,17468.127369455444,19963.574136520507,8577.452926218162,11436.603901624218,14295.754877030271,17154.905852436324,20014.056827842378,22873.207803248435,6165.562006270882,8869.601602468372,11573.641198665862,14277.680794863354,16981.720391060844,6730.217311187505,9057.819415302254,11385.421519417003,13713.023623531752,16040.6257276465
.IXIC,2022-01-28,13770.573,27.09582,24.22672,,24.22672,508.2176143774206,568.4043485870146,7623.264215661309,10164.352287548412,12705.440359435515,15246.528431322618,17787.61650320972,20328.704575096825,8526.065228805219,11368.086971740293,14210.108714675365,17052.130457610438,19894.15220054551,22736.173943480586,6278.329106191174,9031.825135236584,11785.321164281997,14538.81719332741,17292.31322237282,6689.896440448184,9003.553832344416,11317.21122424065,13630.868616136882,15944.526008033115
.IXIC,2022-02-04,14098.007,27.1781,24.13213,,24.13213,518.7267321851049,584.2006901172834,7780.900982776573,10374.534643702098,12968.168304627621,15561.801965553146,18155.43562647867,20749.069287404196,8763.010351759252,11684.01380234567,14605.017252932086,17526.020703518505,20447.02415410492,23368.02760469134,6408.154791775101,9218.588662669377,12029.022533563653,14839.456404457931,17649.890275352205,6875.813190096822,9253.768686744146,11631.72418339147,14009.679680038797,16387.63517668612
.IXIC,2022-02-11,13791.154,26.4131,22.67421,,22.67421,522.1331081925257,608.2308490571447,7831.996622887886,10442.662163850513,13053.327704813142,15663.993245775771,18274.6587867384,20885.324327701026,9123.46273585717,12164.616981142895,15205.771226428618,18246.92547171434,21288.079717000066,24329.23396228579,6450.235878752419,9279.125313847,12108.014748941583,14936.904184036168,17765.79361913075,7158.638744044132,9634.407628287558,12110.176512530985,14585.94539677441,17061.714281017837
.IXIC,2022-02-18,13548.066,25.60434,22.42436,,22.42436,529.1316237794061,604.1673430144718,7936.974356691092,10582.632475588123,13228.290594485154,15873.948713382184,18519.606832279216,21165.264951176247,9062.510145217078,12083.346860289437,15104.183575361796,18125.020290434157,21145.857005506514,24166.693720578874,6536.692905951428,9403.499926608829,12270.306947266232,15137.113967923633,18003.920988581034,7110.812870300917,9570.041485603726,12029.270100906537,14488.498716209346,16947.727331512157
.IXIC,2022-02-25,13694.624,25.52995,,,22.262278630136986,536.4140548649723,615.1492498823213,8046.2108229745845,10728.281097299445,13410.351371624307,16092.421645949169,18774.49192027403,21456.56219459889,9227.23874823482,12302.984997646427,15378.731247058033,18454.47749646964,21530.223745881245,24605.969995292853,6626.657318350536,9532.920163655943,12439.18300896135,15345.44585426676,18251.708699572166,7240.065610620712,9743.995449735547,12247.92528885038,14751.855127965215,17255.78496708005
.IXIC,2022-03-04,13313.438,24.82723,,,22.100197260273973,536.2433908253156,602.4126320325412,8043.6508623797345,10724.867816506312,13406.08477063289,16087.301724759469,18768.518678886045,21449.735633012624,9036.189480488118,12048.252640650824,15060.315800813529,18072.378960976235,21084.44212113894,24096.50528130165,6624.54899904549,9529.887195652776,12435.225392260065,15340.563588867353,18245.90178547464,7090.16060966777,9542.246774276671,11994.332938885575,14446.419103494476,16898.505268103378
.IXIC,2022-03-11,12843.808,23.8618,,,21.93811589041096,538.258136435642,585.456292790119,8073.87204653463,10765.16272871284,13456.453410891048,16147.74409306926,18839.03477524747,21530.32545742568,8781.844391851786,11709.12585580238,14636.407319752976,17563.688783703572,20490.970247654168,23418.25171160476,6649.438407930656,9565.692389195201,12481.946370459751,15398.2003517243,18314.454332988847,6890.591141519082,9273.657497033888,11656.723852548694,14039.7902080635,16422.856563578305
.IXIC,2022-03-18,13893.837,25.83178,,,21.776034520547945,537.8582892855235,638.0333842183123,8067.874339282852,10757.16578571047,13446.457232138087,16135.748678565704,18825.04012499332,21514.33157142094,9570.500763274686,12760.667684366246,15950.834605457809,19141.00152654937,22331.168447640932,25521.335368732492,6644.498846747418,9558.586477399687,12472.674108051959,15386.76173870423,18300.8493693565,7509.402904076777,10106.481303182803,12703.559702288829,15300.638101394856,17897.716500500883
.IXIC,2022-03-25,14169.3,26.43741,,,21.61395315068493,535.9564344616208,655.5626312880661,8039.346516924312,10719.128689232417,13398.91086154052,16078.693033848624,18758.475206156727,21438.257378464834,9833.43946932099,13111.25262576132,16389.06578220165,19666.87893864198,22944.69209508231,26222.50525152264,6621.004048143702,9524.787530420768,12428.571012697836,15332.354494974905,18236.137977251972,7715.715272845944,10384.145469590623,13052.575666335302,15721.005863079981,18389.43605982466
.IXIC,2022-04-01,14261.5,26.43072,,,21.451871780821918,539.5804578914233,664.8137815530789,8093.70686837135,10791.609157828465,13489.511447285582,16187.4137367427,18885.316026199816,21583.21831565693,9972.206723296184,13296.275631061579,16620.344538826972,19944.413446592367,23268.482354357762,26592.551262123157,6665.7738694509,9589.192118097395,12512.610366743891,15436.028615390387,18359.44686403688,7824.59768618745,10530.684160980314,13236.770635773177,15942.857110566041,18648.943585358906
.IXIC,2022-04-08,13710.996,25.46252,,,21.289790410958904,538.4775740971435,644.0174250349723,8077.163611457152,10769.55148194287,13461.939352428586,16154.327222914304,18846.71509340002,21539.10296388574,9660.261375524586,12880.348500699447,16100.435625874308,19320.52275104917,22540.609876224033,25760.697001398894,6652.149258200745,9569.592141054834,12487.035023908928,15404.47790676302,18321.92078961711,7579.832719503747,10201.268814505822,12822.704909507896,15444.141004509971,18065.577099512047
.IXIC,2022-04-14,13351.079,24.72555,,,21.12770904109589,539.9709612121874,631.9227027421938,8099.56441818281,10799.419224243748,13499.274030304685,16199.12883636562,18898.98364242656,21598.838448487495,9478.840541132908,12638.454054843876,15798.067568554845,18957.681082265815,22117.294595976782,25276.908109687753,6670.598000483471,9596.131975371312,12521.665950259156,15447.199925146999,18372.73390003484,7437.482577715058,10009.687797363731,12581.893017012404,15154.098236661075,17726.30345630975
.IXIC,2022-04-22,12839.293,23.81133,,,20.96562767123288,539.2094015747965,612.3972628597667,8088.141023621948,10784.18803149593,13480.235039369913,16176.282047243896,18872.32905511788,21568.37606299186,9185.958942896501,12247.945257195333,15309.931571494166,18371.917885793002,21433.904200091834,24495.890514390667,6661.189979387255,9582.597864627445,12504.005749867636,15425.413635107827,18346.821520348018,7207.675801795156,9700.403835130417,12193.13186846568,14685.85990180094,17178.587935136202
.IXIC,2022-04-29,12334.64,23.11951,,,20.803546301369867,533.5164975382264,592.910450041289,8002.747463073396,10670.329950764528,13337.91243845566,16005.494926146792,18673.077413837924,21340.659901529056,8893.656750619335,11858.20900082578,14822.761251032225,17787.31350123867,20751.865751445115,23716.41800165156,6590.861985826197,9481.426019505603,12371.990053185013,15262.55408686442,18153.118120543826,6978.323651281028,9391.731727557468,11805.139803833908,14218.547880110349,16631.95595638679
.IXIC,2022-05-06,12144.662,22.71337,,,20.641464931506853,534.6922099186514,588.3624074308094,8020.383148779772,10693.844198373028,13367.305247966286,16040.766297559543,18714.2273471528,21387.688396746056,8825.43611146214,11767.248148616189,14709.060185770235,17650.87222292428,20592.68426007833,23534.496297232377,6605.386294015661,9502.320274897244,12399.254255778827,15296.188236660411,18193.122217541993,6924.794972011615,9319.690500960518,11714.586029909422,14109.481558858324,16504.37708780723
.IXIC,2022-05-13,11805.001,22.03823,,,20.47938356164384,535.6601233402139,576.4334148274743,8034.901850103208,10713.202466804278,13391.503083505348,16069.803700206416,18748.104316907487,21426.404933608555,8646.501222412115,11528.668296549486,14410.835370686857,17293.00244482423,20175.1695189616,23057.33659309897,6617.343532086429,9519.521616453085,12421.699700819741,15323.877785186398,18226.055869553053,6784.395403722655,9130.734650540377,11477.073897358097,13823.413144175818,16169.75239099354
.IXIC,2022-05-20,11354.617,21.16564,,,20.317302191780826,536.4646190712873,558.8644049697407,8046.969286069309,10729.292381425746,13411.615476782183,16093.938572138619,18776.261667495055,21458.584762851493,8382.96607454611,11177.288099394813,13971.610124243518,16765.93214909222,19560.254173940924,22354.576198789626,6627.281969522118,9533.818769010459,12440.355568498804,15346.892367987148,18253.42916747549,6577.615042520935,8852.440639545704,11127.266236570473,13402.091833595241,15676.917430620011
.IXIC,2022-05-27,12131.131,22.54491,,,20.155220821917812,538.0873554163667,601.8852935021179,8071.3103312455005,10761.747108327334,13452.183885409167,16142.620662491001,18833.057439572833,21523.494216654668,9028.279402531767,12037.705870042357,15047.132337552946,18056.558805063534,21065.985272574126,24075.411740084714,6647.328643503433,9562.657342280503,12477.986041057575,15393.314739834646,18308.643438611714,7083.954041814515,9533.89370509566,11983.833368376803,14433.773031657947,16883.71269493909
.IXIC,2022-06-03,12012.734,22.31006,,,19.9931394520548,538.444719557007,600.8428055437481,8076.670793355105,10768.89439114014,13461.117988925176,16153.34158671021,18845.565184495244,21537.78878228028,9012.64208315622,12016.856110874962,15021.070138593703,18025.28416631244,21029.498194031185,24033.712221749924,6651.743385578912,9569.008264280366,12486.273142981823,15403.53802168328,18320.802900384733,7071.684367067577,9517.3806427377,11963.076918407822,14408.773194077945,16854.469469748066
.IXIC,2022-06-10,11340.024,21.04732,,,19.831058082191785,538.7870759792696,571.8315156458191,8081.806139689044,10775.741519585392,13469.676899481741,16163.612279378089,18857.547659274438,21551.483039170784,8577.472734687286,11436.630312916383,14295.787891145477,17154.945469374572,20014.10304760367,22873.260625832765,6655.972727950714,9575.092475555863,12494.212223161014,15413.331970766163,18332.45171837131,6730.232853715451,9057.84033311291,11385.447812510369,13713.055291907827,16040.662771305286
.IXIC,2022-06-17,10798.35,20.03438,,,19.66897671232877,538.9909745148091,549.0041580674329,8084.864617722136,10779.81949029618,13474.774362870226,16169.729235444272,18864.68410801832,21559.63898059236,8235.062371011492,10980.083161348657,13725.103951685822,16470.124742022985,19215.14553236015,21960.166322697314,6658.491613707863,9578.71607274381,12498.94053177976,15419.164990815709,18339.389449851657,6461.563800447105,8696.25382639794,10930.943852348777,13165.633878299614,15400.32390425045
.IXIC,2022-06-24,11607.62,21.52879,20.74707,18.16042,19.506895342465757,539.167319668221,595.0521493151532,8087.509795023315,10783.34639336442,13479.182991705526,16175.01959004663,18870.856188387734,21566.69278672884,8925.782239727298,11901.042986303064,14876.30373287883,17851.564479454595,20826.825226030363,23802.085972606128,6660.670115353772,9581.850003060283,12503.029890766795,15424.209778473307,18345.389666179817,7003.530612459899,9425.656353139353,11847.782093818807,14269.90783449826,16692.033575177713
.IXIC,2022-07-01,11127.845,20.64233,20.01586,17.53003,18.77635024657534,539.0789218077609,592.6521850022281,8086.183827116414,10781.578436155218,13476.973045194023,16172.367654232828,18867.762263271634,21563.156872310436,8889.782775033422,11853.043700044562,14816.304625055702,17779.565550066844,20742.82647507798,23706.087400089124,6659.57808146012,9580.27903425594,12500.979987051762,15421.680939847583,18342.381892643403,6975.283972978424,9387.640796184445,11799.997619390468,14212.354442596488,16624.71126580251
.IXIC,2022-07-08,11635.308,21.54641,20.91465,18.33088,19.57675265753425,540.0114450620777,594.3431070281246,8100.171675931165,10800.228901241553,13500.286126551942,16200.34335186233,18900.400577172717,21600.457802483106,8915.146605421869,11886.86214056249,14858.577675703114,17830.293210843738,20802.00874598436,23773.72428112498,6671.0981227262,9596.851436961517,12522.604751196837,15448.358065432156,18374.111379667473,6995.18546259623,9414.425087198935,11833.664711801639,14252.904336404345,16672.14396100705
.IXIC,2022-07-15,11452.421,21.26629,20.59463,18.086,19.24753005479452,538.5246321760872,595.0073057372484,8077.8694826413075,10770.492643521742,13463.11580440218,16155.738965282615,18848.36212616305,21540.985287043484,8925.109586058727,11900.146114744968,14875.182643431212,17850.219172117453,20825.255700803697,23800.292229489936,6652.730595994547,9570.428437019784,12488.126278045022,15405.824119070261,18323.521960095495,7003.002821120956,9424.94602858131,11846.889236041661,14268.832443502015,16690.77565096237
.IXIC,2022-07-22,11834.112,21.95296,21.40368,18.86892,19.993936767123287,539.0668046586883,591.8850368407303,8086.002069880325,10781.336093173766,13476.670116467207,16172.00413976065,18867.33816305409,21562.672186347532,8878.275552610954,11837.700736814606,14797.125921018258,17756.551105221908,20715.976289425562,23675.401473629212,6659.428390761579,9580.063693487604,12500.698996213632,15421.334298939659,18341.969601665685,6966.254939742386,9375.48913023291,11784.723320723435,14193.95751121396,16603.191701704483
.IXIC,2022-07-29,12390.688,23.67083,22.89866,20.30628,21.407153698630136,523.4581127911442,578.8106244499422,7851.8716918671635,10469.162255822885,13086.452819778606,15703.743383734327,18321.033947690048,20938.32451164577,8682.159366749132,11576.212488998844,14470.265611248557,17364.318733498265,20258.371855747977,23152.42497799769,6466.604486809294,9302.672726411138,12138.740966012985,14974.80920561483,17810.877445216676,6812.374229414402,9168.38977203947,11524.405314664536,13880.420857289604,16236.436399914672
.IXIC,2022-08-05,12657.555,24.04134,23.30718,20.65779,21.73206320547945,526.4912438324985,582.4368758879998,7897.368657487478,10529.824876649971,13162.281095812463,15794.737314974956,18427.19353413745,21059.649753299942,8736.553138319998,11648.737517759997,14560.921897199994,17473.106276639995,20385.290656079993,23297.475035519994,6504.074645971634,9356.576228381115,12209.077810790597,15061.57939320008,17914.080975609562,6855.053787809649,9225.829779515363,11596.605771221075,13967.381762926789,16338.157754632502
.IXIC,2022-08-12,13047.186,24.80948,23.76573,20.98643,22.060077397260272,525.8951820030085,591.4388134295658,7888.427730045127,10517.903640060169,13147.379550075211,15776.855460090253,18406.331370105298,21035.807280120338,8871.582201443487,11828.776268591317,14785.970335739145,17743.164402886974,20700.358470034804,23657.552537182633,6496.711122498011,9345.983273588829,12195.25542467965,15044.52757577047,17893.79972686129,6961.003065055968,9368.42092867242,11775.838792288872,14183.256655905325,16590.674519521777
.IXIC,2022-08-19,12705.215,24.2363,23.59659,20.72325,21.77812002739726,524.222550471813,583.3935612448005,7863.338257077195,10484.45100943626,13105.563761795323,15726.67651415439,18347.789266513453,20968.90201887252,8750.903418672007,11667.87122489601,14584.839031120013,17501.806837344015,20418.774643568016,23335.74244979202,6476.04806216882,9316.257984503862,12156.467906838907,14996.67782917395,17836.88775150899,6866.313599559858,9240.983724294256,11615.653849028653,13990.323973763052,16364.99409849745
.IXIC,2022-08-26,12141.71,23.13415,22.44321,19.80372,20.72211789041096,524.8392527929489,585.9299741566717,7872.588791894233,10496.785055858978,13120.98131982372,15745.177583788465,18369.37384775321,20993.570111717956,8788.949612350076,11718.599483133436,14648.249353916794,17577.89922470015,20507.54909548351,23437.19896626687,6483.666570506801,9327.217753247449,12170.768935988099,15014.320118728749,17857.871301469397,6896.166185580382,9281.160634006252,11666.15508243212,14051.149530857989,16436.143979283857
.IXIC,2022-09-02,11630.864,22.30108,21.5403,19.01266,19.84366493150685,521.5381497218968,586.1247929828252,7823.072245828453,10430.762994437937,13038.453743047421,15646.144491656905,18253.835240266388,20861.525988875874,8791.871894742377,11722.495859656503,14653.11982457063,17583.743789484754,20514.36775439888,23444.991719313006,6442.885985758844,9268.551967474443,12094.217949190042,14919.883930905644,17745.54991262124,6898.459126819936,9284.246574135293,11670.034021450652,14055.82146876601,16441.608916081368
.IXIC,2022-09-09,12112.307,23.24091,22.46184,19.85637,20.662994958904108,521.1631988592529,586.1835142528823,7817.447982888794,10423.263977185059,13029.079971481324,15634.895965777589,18240.71196007385,20846.527954370118,8792.752713793236,11723.670285057648,14654.587856322058,17585.50542758647,20516.42299885088,23447.340570115295,6438.253983939677,9261.888501805599,12085.52301967152,14909.157537537443,17732.792055403366,6899.150253157217,9285.176722043869,11671.20319093052,14057.229659817172,16443.256128703822
.IXIC,2022-09-16,11448.404,22.01109,21.26537,18.78058,19.502190246575346,520.1198123309659,587.0317054265421,7801.797184964489,10402.396246619319,13002.995308274149,15603.594369928978,18204.193431583808,20804.792493238638,8805.475581398132,11740.634108530841,14675.792635663553,17610.951162796264,20546.109689928973,23481.268217061683,6425.364379517806,9243.345884616909,12061.327389716012,14879.308894815116,17697.290399914218,6909.133130887818,9298.61211343584,11688.091095983862,14077.570078531884,16467.049061079906
.IXIC,2022-09-23,10867.926,20.97599,20.14481,17.89235,18.503291205479453,518.1126611902465,587.3509679608586,7771.689917853698,10362.25322380493,12952.816529756163,15543.379835707396,18133.943141658627,20724.50644760986,8810.26451941288,11747.019359217173,14683.774199021465,17620.52903882576,20557.283878630053,23494.038718434345,6400.568789851476,9207.675656726095,12014.782523600714,14821.889390475333,17628.99625734995,6912.890725806298,9303.669248240518,11694.447770674737,14085.226293108957,16476.004815543176
.IXIC,2022-09-30,10575.619,20.36766,19.65355,17.42563,17.98718791780822,519.2358375974461,587.9528833703686,7788.537563961691,10384.716751948923,12980.895939936152,15577.075127923383,18173.254315910614,20769.433503897846,8819.293250555529,11759.05766740737,14698.822084259215,17638.586501111058,20578.3509179629,23518.11533481474,6414.444088403155,9227.636265368668,12040.828442334183,14854.020619299698,17667.212796265212,6919.975034301723,9313.203618984711,11706.4322036677,14099.660788350688,16492.889373033675
.IXIC,2022-10-07,10652.405,20.50743,19.95984,17.61957,18.164564383561643,519.4412464165428,586.438781303233,7791.6186962481415,10388.824928330854,12986.03116041357,15583.237392496283,18180.443624578995,20777.64985666171,8796.581719548494,11728.77562606466,14660.969532580824,17593.16343909699,20525.357345613156,23457.55125212932,6416.9816316348715,9231.286702667243,12045.591773699616,14859.89684473199,17674.201915764363,6902.154646307533,9289.220165123024,11676.285683938515,14063.351202754005,16450.416721569498
.IXIC,2022-10-14,10321.388,19.94877,19.50953,17.22544,17.713546904109588,517.3947065408043,582.6833019876675,7760.920598112065,10347.894130816087,12934.867663520108,15521.84119622413,18108.81472892815,20695.788261632173,8740.249529815013,11653.66603975335,14567.082549691688,17480.499059630027,20393.915569568362,23307.3320795067,6391.699448362713,9194.916475097305,11998.133501831899,14801.350528566492,17604.567555301084,6857.954126434958,9229.7331814854,11601.512236535842,13973.291291586285,16345.070346636727
.IXIC,2022-10-21,10859.716,21.00783,20.53394,18.63681,19.00584076712329,516.9365898334098,571.3883501952395,7754.048847501147,10338.731796668197,12923.414745835245,15508.097695002294,18092.780644169343,20677.463593336393,8570.825252928593,11427.76700390479,14284.708754880987,17141.650505857186,19998.59225683338,22855.53400780958,6386.040047002548,9186.775021759866,11987.509996517187,14788.24497127451,17588.979946031828,6725.016970026784,9050.820569803836,11376.62416958089,13702.42776935794,16028.231369134994
.IXIC,2022-10-28,11102.452,22.18908,19.92482,19.77357,19.800090547945203,500.3565717911693,560.7273347117183,7505.348576867539,10007.131435823387,12508.914294779233,15010.697153735078,17512.480012690925,20014.262871646773,8410.910020675774,11214.546694234366,14018.183367792957,16821.820041351548,19625.456714910142,22429.093388468733,6181.216745111896,8892.122063144827,11603.027381177762,14313.932699210696,17024.838017243626,6599.540995551805,8881.949541543845,11164.358087535884,13446.766633527923,15729.175179519962
.IXIC,2022-11-04,10475.254,20.82954,18.92082,18.8043,18.822496273972604,502.9037607167513,556.5284140597752,7543.55641075127,10058.075214335026,12572.594017918784,15087.11282150254,17601.631625086295,20116.15042867005,8347.926210896627,11130.568281195503,13913.21035149438,16695.852421793254,19478.49449209213,22261.136562391006,6212.683758292932,8937.389610572223,11662.095462851517,14386.80131513081,17111.507167410102,6550.1213449228335,8815.438424552054,11080.755504181278,13346.072583810499,15611.38966343972
.IXIC,2022-11-11,11323.331,22.59114,20.43509,20.37718,20.385112876712327,501.2288445824337,555.4706058525493,7518.432668736506,10024.576891648674,12530.721114560842,15036.865337473011,17543.00956038518,20049.153783297348,8332.059087788239,11109.412117050986,13886.765146313732,16664.118175576477,19441.471204839225,22218.824234101972,6191.992474836735,8907.623720501933,11623.254966167135,14338.886211832334,17054.517457497535,6537.671356850453,8798.682688671903,11059.694020493353,13320.705352314802,15581.716684136252
.IXIC,2022-11-18,11146.063,22.43743,21.34964,19.22102,19.47178893150685,496.7620177533702,572.4211082611323,7451.430266300553,9935.240355067403,12419.050443834254,14902.860532601106,17386.670621367957,19870.480710134805,8586.316623916984,11448.422165222646,14310.527706528308,17172.63324783397,20034.738789139632,22896.844330445292,6136.810977580722,8828.241192844156,11519.671408107593,14211.10162337103,16902.531838634466,6737.172127752153,9067.179510169386,11397.186892586618,13727.194275003852,16057.201657421085
.IXIC,2022-11-25,11226.356,22.61307,21.61625,19.37546,19.59646942465753,496.4543071772209,572.8764583417399,7446.814607658314,9929.086143544419,12411.357679430523,14893.629215316629,17375.90075120273,19858.172287088837,8593.146875126098,11457.529166834796,14321.911458543496,17186.293750252196,20050.676041960895,22915.058333669593,6133.009636950514,8822.772692663486,11512.535748376462,14202.298804089436,16892.06185980241,6742.531419761419,9074.392278638705,11406.253137515992,13738.11399639328,16069.974855270566
.IXIC,2022-12-02,11461.497,23.01231,22.02322,19.76306,19.942634356164383,498.0593864761947,574.7233186601139,7470.89079714292,9961.187729523894,12451.484661904868,14941.78159428584,17432.078526666814,19922.375459047787,8620.84977990171,11494.466373202278,14368.082966502849,17241.69955980342,20115.316153103988,22988.932746404556,6152.838182430655,8851.297472494814,11549.756762558976,14248.216052623138,16946.6753426873,6764.268241973651,9103.646640148496,11443.025038323342,13782.403436498187,16121.781834673033
.IXIC,2022-12-09,11004.617,22.08325,21.2641,18.98,19.11767178082192,498.3241597138103,575.6253756296512,7474.862395707154,9966.483194276205,12458.103992845257,14949.724791414308,17441.34558998336,19932.96638855241,8634.380634444768,11512.507512593023,14390.634390741281,17268.761268889535,20146.888147037793,23025.015025186047,6156.10909134297,8856.00290873902,11555.89672613507,14255.790543531122,16955.68436092717,6774.88509901317,9117.935268490732,11460.985437968295,13804.035607445858,16147.085776923419
.IXIC,2022-12-16,10705.414,21.50767,19.53049,18.68366,18.718461232876717,497.748663616282,571.9174170789869,7466.22995424423,9954.97327232564,12443.71659040705,14932.45990848846,17421.20322656987,19909.94654465128,8578.761256184804,11438.348341579738,14297.935426974673,17157.522512369607,20017.109597764542,22876.696683159476,6148.999629180708,8845.775439301042,11542.551249421378,14239.327059541714,16936.10286966205,6731.243879921368,9059.201016189534,11387.1581524577,13715.115288725865,16043.07242499403
.IXIC,2022-12-23,10497.863,21.16664,19.19275,18.33167,18.350542986301367,495.9626563309056,572.0736987366873,7439.439844963584,9919.253126618112,12399.06640827264,14878.879689927167,17358.692971581695,19838.506253236224,8581.10548105031,11441.473974733746,14301.842468417184,17162.21096210062,20022.579455784056,22882.947949467492,6126.935967460945,8814.03528501391,11501.134602566874,14188.23392011984,16875.333237672803,6733.083253789911,9061.676525607454,11390.269797424997,13718.863069242538,16047.45634106008
.IXIC,2022-12-30,10466.482,21.04922,19.12632,18.29763,18.29990038356165,497.23847249446777,571.942020482351,7458.577087417017,9944.769449889356,12430.961812361695,14917.154174834033,17403.346537306374,19889.538899778712,8579.130307235266,11438.84040964702,14298.550512058777,17158.26061447053,20017.970716882286,22877.68081929404,6142.696920106505,8836.708541839369,11530.720163572236,14224.731785305103,16918.743407037968,6731.5334523375495,9059.590735351954,11387.64801836636,13715.705301380765,16043.76258439517
.IXIC,2023-01-06,10569.294,21.32856,18.64847,,18.64847,495.54653478715863,566.7646729195478,7433.1980218073795,9910.930695743173,12388.663369678965,14866.396043614759,17344.128717550553,19821.861391486345,8501.470093793218,11335.293458390955,14169.116822988695,17002.940187586435,19836.763552184173,22670.58691678191,6121.795358544782,8806.640151685579,11491.484944826376,14176.329737967173,16861.17453110797,6670.598100387022,8977.581286257602,11284.56447212818,13591.54765799876,15898.530843869341
.IXIC,2023-01-13,11079.157,22.27158,20.12979,,20.12979,497.4571628954928,550.3861192789393,7461.857443432392,9949.143257909856,12436.42907238732,14923.714886864784,17411.000701342247,19898.286515819713,8255.79178918409,11007.722385578785,13759.652981973482,16511.58357836818,19263.514174762877,22015.44477115757,6145.39853900195,8840.595013706805,11535.79148841166,14230.987963116517,16926.184437821372,6477.828942352998,8718.14416237609,10958.459382399182,13198.774602422272,15439.089822445363
.IXIC,2023-01-20,11140.434,22.41654,20.31646,,20.31646,496.9738416365772,548.3452333723493,7454.607624548658,9939.476832731545,12424.34604091443,14909.215249097317,17394.0844572802,19878.95366546309,8225.17850058524,10966.904667446986,13708.630834308733,16450.35700117048,19192.083168032226,21933.809334893973,6139.427770099719,8832.005635906478,11524.583501713241,14217.161367520002,16909.739233326763,6453.808515000889,8685.81642566659,10917.824336332289,13149.832246997988,15381.84015766369
.IXIC,2023-01-27,11621.709,23.61151,21.21671,,21.21671,492.2052422737894,547.7620705566509,7383.078634106841,9844.104845475787,12305.131056844735,14766.157268213681,17227.18347958263,19688.209690951575,8216.431058349763,10955.241411133018,13694.051763916272,16432.862116699525,19171.672469482783,21910.482822266036,6080.518288554434,8747.26013640729,11414.001984260149,14080.743832113008,16747.485679965866,6446.944917185987,8676.579096963502,10906.213276741017,13135.847456518532,15365.481636296048
.IXIC,2023-02-03,12006.955,23.78525,22.23068,,22.23068,504.80676049232187,540.1074101197084,7572.101407384828,10096.135209846438,12620.169012308046,15144.202814769656,17668.236617231265,20192.270419692875,8101.611151795627,10802.148202394168,13502.685252992711,16203.222303591254,18903.759354189795,21604.296404788336,6236.192701198574,8971.208905140364,11706.225109082157,14441.24131302395,17176.25751696574,6356.85256349932,8555.32888576499,10753.805208030659,12952.28153029633,15150.757852562
.IXIC,2023-02-10,11718.12,23.39069,21.87301,18.92048,21.54135594520548,500.9736779889777,543.9824693397787,7514.6051698346655,10019.473559779555,12524.341949724443,15029.210339669331,17534.07872961422,20038.94711955911,8159.737040096681,10879.649386795574,13599.561733494469,16319.474080193362,19039.386426892255,21759.29877359115,6188.840242790263,8903.089009411151,11617.337776032042,14331.586542652933,17045.83530927382,6402.460491987759,8616.710021180572,10830.959550373385,13045.209079566199,15259.458608759012
.IXIC,2023-03-24,11823.96,24.21366,22.2977,19.12867,21.57707126027397,488.31775121976597,547.9872526430107,7324.766268296489,9766.35502439532,12207.94378049415,14649.532536592978,17091.12129269181,19532.71004879064,8219.808789645162,10959.745052860215,13699.681316075268,16439.617579290323,19179.553842505375,21919.49010572043,6032.493687391343,8678.173315286876,11323.852943182414,13969.532571077949,16615.212198973484,6449.595222099621,8680.145992680715,10910.696763261809,13141.247533842903,15371.798304423997
.IXIC,2023-03-31,12221.907,25.20902,23.17419,19.86751,22.35884424657534,484.8227737532042,546.6251683323034,7272.341606298063,9696.455475064084,12120.569343830106,14544.683212596126,16968.797081362147,19392.910950128167,8199.377524984551,10932.503366646068,13665.629208307584,16398.755049969102,19131.88089163062,21865.006733292135,5989.318051338907,8616.062077036611,11242.806102734317,13869.550128432023,16496.294154129726,6433.564023526909,8658.57050782362,10883.576992120334,13108.583476417045,15333.589960713758
.IXIC,2023-04-06,12087.957,25.00031,22.94765,19.65948,22.08281624657534,483.51228444767287,547.3920022259222,7252.684266715093,9670.245688953457,12087.807111191822,14505.368533430186,16922.92995566855,19340.491377906914,8210.880033388832,10947.840044518443,13684.800055648055,16421.760066777664,19158.720077907277,21895.680089036887,5973.128759749025,8592.7726240261,11212.416488303177,13832.060352580253,16451.704216857328,6442.589357953165,8670.717195755948,10898.84503355873,13126.972871361511,15355.100709164295
.IXIC,2023-04-14,12123.465,25.08317,23.07214,19.75744,22.12767753424658,483.330655575033,547.886915887885,7249.959833625495,9666.613111500661,12083.266389375825,14499.91966725099,16916.572945126154,19333.226223001322,8218.303738318276,10957.738317757701,13697.172897197126,16436.607476636553,19176.042056075978,21915.476635515402,5970.884985024656,8589.544793721157,11208.20460241766,13826.864411114162,16445.524219810664,6448.414297811076,8678.55665336904,10908.699008927004,13138.841364484968,15368.983720042932
.IXIC,2023-04-21,12072.456,24.8522,22.99819,19.68446,21.99045293150685,485.7701129075092,548.9862367820161,7286.551693612638,9715.402258150185,12144.25282268773,14573.103387225276,17001.95395176282,19430.80451630037,8234.793551730241,10979.724735640322,13724.655919550403,16469.587103460482,19214.518287370563,21959.449471280645,6001.021122656483,8632.897781552534,11264.774440448586,13896.651099344639,16528.52775824069,6461.352873940621,8695.969952324149,10930.587030707678,13165.204109091206,15399.821187474734
.IXIC,2023-04-28,12226.584,26.80726,23.07396,19.74437,21.99754460273973,456.09226754244935,555.8158522145792,6841.384013136741,9121.845350848987,11402.306688561233,13682.768026273481,15963.229363985727,18243.690701697975,8337.237783218688,11116.317044291583,13895.39630536448,16674.475566437377,19453.55482751027,22232.634088583167,5634.392192266591,8105.475861995153,10576.559531723715,13047.643201452278,15518.72687118084,6541.734771238755,8804.151408631004,11066.568046023252,13328.984683415501,15591.40132080775
.IXIC,2023-05-05,12235.413,27.00245,23.04741,19.71725,21.906944246575343,453.1223277887747,558.51755782474,6796.834916831621,9062.446555775494,11328.058194719368,13593.669833663242,15859.281472607116,18124.893111550988,8377.7633673711,11170.3511564948,13962.938945618502,16755.5267347422,19548.1145238659,22340.7023129896,5597.702674485961,8052.695368445678,10507.688062405396,12962.680756365115,15417.67345032483,6573.532787544372,8846.946563102814,11120.360338661256,13393.774114219697,15667.187889778139
.IXIC,2023-05-12,12284.743,26.78514,22.89553,19.80339,21.777276630136985,458.6402385800485,564.1083230305977,6879.603578700728,9172.80477160097,11466.005964501213,13759.207157401455,16052.408350301697,18345.60954320194,8461.624845458966,11282.166460611954,14102.708075764944,16923.24969091793,19743.79130607092,22564.332921223908,5665.868867365088,8150.757308781357,10635.645750197627,13120.534191613899,15605.422633030168,6639.333903146364,8935.504568719887,11231.67523429341,13527.845899866934,15824.016565440457
.IXIC,2023-05-19,12657.897,27.55781,23.61988,20.42774,22.40424312328767,459.32158614926226,564.9776665225967,6889.8237922389335,9186.431722985246,11483.039653731557,13779.647584477867,16076.255515224178,18372.86344597049,8474.66499783895,11299.553330451934,14124.441663064918,16949.3299956779,19774.218328290885,22599.106660903868,5674.285978764242,8162.865925105086,10651.445871445932,13140.025817786776,15628.60576412762,6649.565735374791,8949.275013911709,11248.984292448627,13548.693570985546,15848.402849522465
.IXIC,2023-06-16,13689.571,29.76443,25.387,21.88421,23.78435361643836,459.9305614117253,575.570445208087,6898.958421175879,9198.611228234506,11498.264035293132,13797.916842351759,16097.569649410385,18397.22245646901,8633.556678121306,11511.40890416174,14389.261130202174,17267.11335624261,20144.965582283046,23022.81780832348,5681.809029927977,8173.688371881137,10665.567713834298,13157.447055787461,15649.326397740622,6774.238589477118,9117.065167815366,11459.891746153613,13802.718324491861,16145.544902830108
.IXIC,2023-06-23,13492.516,29.44066,25.07378,21.62314,23.42881736986301,458.29529636903516,575.894027726543,6874.4294455355275,9165.905927380703,11457.382409225878,13748.858891071055,16040.33537291623,18331.811854761407,8638.410415898144,11517.880554530859,14397.350693163575,17276.82083179629,20156.290970429003,23035.761109061717,5661.6075811323935,8144.627143978921,10627.64670682545,13110.666269671978,15593.685832518506,6778.047028916033,9122.190731388842,11466.334433861653,13810.478136334463,16154.621838807272
.IXIC,2023-06-30,13787.923,30.05458,25.91108,22.08153,24.01204287671233,458.76279089576366,574.2086614951027,6881.441863436455,9175.255817915273,11469.069772394092,13762.88372687291,16056.697681351729,18350.511635830546,8613.12992242654,11484.173229902053,14355.216537377566,17226.25984485308,20097.303152328594,22968.346459804106,5667.382832542639,8152.9352558932715,10638.487679243906,13124.040102594541,15609.592525945174,6758.210928821809,9095.494444441514,11432.77796006122,13770.061475680925,16107.344991300632
.IXIC,2023-07-07,13660.716,29.81123,25.68608,21.91964,23.746105424657536,458.24060261854345,575.2823781290449,6873.609039278152,9164.81205237087,11456.015065463585,13747.218078556303,16038.421091649021,18329.62410474174,8629.235671935674,11505.647562580898,14382.059453226122,17258.471343871348,20134.883234516572,23011.295125161796,5660.931915126485,8143.655150139163,10626.378385151842,13109.101620164522,15591.8248551772,6770.8481528425555,9112.502170611124,11454.156188379691,13795.810206148259,16137.464223916828
.IXIC,2023-07-14,14113.703,30.69608,26.47453,22.63844,24.42511205479452,459.7884485576009,577.8357523329992,6896.826728364013,9195.768971152018,11494.711213940021,13793.653456728027,16092.59569951603,18391.537942304036,8667.536284994987,11556.715046659983,14445.89380832498,17335.072569989974,20224.25133165497,23113.430093319967,5680.053421221839,8171.162803282941,10662.272185344045,13153.38156740515,15644.490949466253,6800.9003666242215,9152.94774805361,11504.995129482997,13857.042510912383,16209.08989234177
.IXIC,2023-07-21,14032.805,30.40464,26.26837,22.41318,24.13481279452055,461.53498281841195,581.4341764103486,6923.0247422761795,9230.699656368239,11538.374570460299,13846.049484552359,16153.724398644417,18461.399312736477,8721.51264615523,11628.683528206973,14535.854410258717,17443.02529231046,20350.1961743622,23257.367056413947,5701.629448054445,8202.20145993334,10702.773471812237,13203.345483691133,15703.917495570027,6843.25240788873,9209.946968718545,11576.641529548358,13943.336090378174,16310.030651207988
.IXIC,2023-07-28,14316.658,30.53379,26.54325,22.96644,24.49515879452055,468.87916632687916,584.468878936297,7033.187494903187,9377.583326537584,11721.979158171978,14066.374989806374,16410.770821440772,18755.166653075168,8767.033184044454,11689.37757872594,14611.721973407424,17534.06636808891,20456.410762770392,23378.75515745188,5792.356726641402,8332.719134514182,10873.081542386964,13413.443950259745,15953.806358132526,6878.969667400605,9258.01681129707,11637.063955193535,14016.11109909,16395.158242986465
.IXIC,2023-08-04,13892.07,29.18359,25.51129,22.25614,23.584954657534247,476.0233405143096,589.0225443177674,7140.350107714644,9520.466810286192,11900.58351285774,14280.700215429288,16660.816918000837,19040.933620572385,8835.33816476651,11780.450886355347,14725.563607944185,17670.67632953302,20615.789051121857,23560.901772710695,5880.61316536321,8459.682329356587,11038.751493349966,13617.820657343345,16196.889821336723,6932.564524481168,9330.147102872903,11727.729681264636,14125.312259656372,16522.894838048105
.IXIC,2023-08-11,13644.849,28.86952,25.07884,21.77782,23.06205243835616,472.6385821447672,591.6580510981004,7089.578732171508,9452.771642895344,11815.96455361918,14179.157464343016,16542.350375066853,18905.54328579069,8874.870766471506,11833.161021962007,14791.45127745251,17749.74153294301,20708.031788433513,23666.322043924014,5838.799134546992,8399.52985755337,10960.260580559752,13520.991303566134,16081.722026572514,6963.583406501258,9371.893664508512,11780.203922515768,14188.514180523023,16596.82443853028
.IXIC,2023-08-18,13290.776,28.2018,24.52213,21.20487,22.43180178082192,471.274032153976,592.4970330008423,7069.11048230964,9425.48064307952,11781.8508038494,14138.22096461928,16494.59112538916,18850.96128615904,8887.455495012635,11849.940660016846,14812.425825021057,17774.91099002527,20737.39615502948,23699.88132003369,5821.94199760078,8375.279661266466,10928.617324932155,13481.954988597843,16035.29265226353,6973.457894722022,9385.183180580087,11796.908466438152,14208.633752296217,16620.35903815428
.IXIC,2023-08-25,13590.646,28.64334,24.68807,21.27189,22.469892849315062,474.478395326802,604.8380422256565,7117.1759299020305,9489.56790653604,11861.95988317005,14234.351859804061,16606.74383643807,18979.13581307208,9072.570633384848,12096.76084451313,15120.951055641413,18145.141266769697,21169.331477897977,24193.52168902626,5861.52749406061,8432.22622712332,11002.92496018603,13573.62369324874,16144.322426311452,7118.706737187526,9580.665395269836,12042.624053352145,14504.582711434456,16966.541369516766
.IXIC,2023-09-01,14031.815,29.46774,25.57663,22.00166,23.18678704109589,476.1754718889199,605.1642676982472,7142.632078333799,9523.509437778397,11904.386797222998,14285.264156667597,16666.141516112195,19047.018875556794,9077.464015473708,12103.285353964944,15129.106692456178,18154.928030947416,21180.74936943865,24206.570707929888,5882.492539100286,8462.385942797351,11042.279346494415,13622.172750191481,16202.066153888545,7122.546283160904,9585.832823371422,12049.119363581938,14512.405903792456,16975.692444002972
.IXIC,2023-09-08,13761.526,28.91603,25.18194,21.65357,22.75558145205479,475.91339475024756,604.7538723189759,7138.700921253713,9518.267895004952,11897.834868756188,14277.401842507426,16656.968816258664,19036.535790009904,9071.30808478464,12095.077446379519,15118.846807974398,18142.61616956928,21166.385531164156,24190.154892759037,5879.254936779459,8457.728420465442,11036.201904151429,13614.675387837413,16193.148871523397,7117.716090369825,9579.332139660963,12040.9481889521,14502.564238243236,16964.180287534375
.IXIC,2023-09-15,13708.335,28.86902,25.10916,21.6144,22.638891287671232,474.8458728422371,605.5214818521317,7122.688092633556,9496.917456844742,11871.146821055927,14245.376185267112,16619.6055494783,18993.834913689483,9082.822227781977,12110.429637042635,15138.037046303292,18165.644455563954,21193.25186482461,24220.85927408527,5866.067172961455,8438.756879675782,11011.446586390113,13584.136293104442,16156.825999818771,7126.750553769478,9591.491113763059,12056.23167375664,14520.97223375022,16985.7127937438
.IXIC,2023-09-22,13211.807,27.88123,24.25345,20.84251,21.777014109589043,473.86026369711817,606.6858814304787,7107.903955456773,9477.205273942363,11846.506592427955,14215.807910913545,16585.109229399135,18954.410547884727,9100.28822145718,12133.717628609575,15167.14703576197,18200.57644291436,21234.005850066755,24267.43525721915,5853.891328582844,8421.241057322186,10988.590786061528,13555.940514800872,16123.290243540212,7140.455080509653,9609.935262390823,12079.415444271994,14548.895626153162,17018.375808034332
.IXIC,2023-09-29,13219.322,27.75908,24.20355,20.87701,21.72459416438356,476.21614260991356,608.4956938653635,7143.242139148703,9524.322852198271,11905.40356524784,14286.484278297406,16667.564991346975,19048.645704396542,9127.435407980453,12169.91387730727,15212.392346634088,18254.870815960905,21297.34928528772,24339.82775461454,5882.994969878285,8463.108725380533,11043.222480882783,13623.336236385032,16203.44999188728,7161.755863651289,9638.60278353917,12115.449703427053,14592.296623314936,17069.14354320282
.IXIC,2023-10-06,13431.341,28.2701,24.65633,21.27402,22.07094783561644,475.10765791419203,608.5529765208139,7126.614868712881,9502.15315828384,11877.6914478548,14253.229737425761,16628.76802699672,19004.30631656768,9128.294647812208,12171.059530416278,15213.824413020347,18256.589295624417,21299.35417822849,24342.119060832556,5869.301167199995,8443.409211523447,11017.517255846902,13591.625300170357,16165.73334449381,7162.430058058404,9639.510143719102,12116.5902293798,14593.6703150405,17070.7504007012
.IXIC,2023-10-13,13407.234,28.2416,24.79299,21.24724,22.014676301369867,474.73351368194443,609.0134515930054,7121.002705229166,9494.670273638889,11868.337842048611,14242.005410458332,16615.672978868057,18989.340547277778,9135.20177389508,12180.269031860107,15225.336289825134,18270.40354779016,21315.470805755187,24360.538063720214,5864.679130189114,8436.760080943515,11008.841031697917,13580.921982452319,16153.002933206719,7167.849669210265,9646.804092316144,12125.758515422021,14604.7129385279,17083.66736163378
.IXIC,2023-10-20,12983.807,27.4744,24.08767,20.62028,21.304258301369863,472.57836385871946,609.4465630453393,7088.675457880792,9451.567277174388,11814.459096467986,14177.350915761584,16540.24273505518,18903.134554348777,9141.69844568009,12188.931260906786,15236.164076133482,18283.39689136018,21330.629706586875,24377.86252181357,5838.055220508354,8398.459684040803,10958.864147573255,13519.268611105706,16079.673074638158,7172.947221279473,9653.664599780921,12134.38197828237,14615.09935678382,17095.81673528527
.IXIC,2023-10-27,12643.011,25.52017,23.19664,20.01792,20.58399342465753,495.4124913744697,614.2156548133639,7431.187370617045,9908.249827489395,12385.312284361742,14862.37474123409,17339.43719810644,19816.49965497879,9213.234822200458,12284.313096267279,15355.391370334099,18426.469644400917,21497.54791846774,24568.626192534557,6120.139436680663,8804.257989734306,11488.37654278795,14172.495095841592,16856.613648895236,7229.077562509954,9729.207256292155,12229.336950074356,14729.466643856558,17229.59633763876
.IXIC,2023-11-03,13478.283,27.30299,24.61918,21.42615,21.933535589041096,493.65593292163237,614.5057163850186,7404.838993824485,9873.118658432648,12341.398323040808,14809.67798764897,17277.957652257133,19746.237316865296,9217.585745775279,12290.114327700372,15362.642909625463,18435.171491550558,21507.70007347565,24580.228655400744,6098.4395747530425,8773.041187449158,11447.642800145277,14122.244412841395,16796.846025537514,7232.4914735409775,9733.801846360966,12235.112219180955,14736.422592000943,17237.73296482093
.IXIC,2023-11-10,13798.108,28.09904,25.31013,22.18319,22.62010490410959,491.0526480619979,609.9931038557288,7365.789720929968,9821.052961239959,12276.316201549947,14731.579441859936,17186.842682169925,19642.105922479917,9149.896557835931,12199.862077114576,15249.827596393221,18299.793115671862,21349.758634950507,24399.724154229152,6066.2795735181935,8726.77672717808,11387.273880837965,14047.771034497853,16708.268188157737,7179.37979244307,9662.321834054635,12145.2638756662,14628.205917277763,17111.147958889327
.IXIC,2023-11-17,14125.481,28.62396,25.89442,22.60316,22.999914630136985,493.48451437187583,614.1536274004801,7402.2677155781375,9869.690287437517,12337.112859296896,14804.535431156275,17271.958003015654,19739.380574875035,9212.304411007202,12283.072548009603,15353.840685012003,18424.608822014405,21495.376959016805,24566.145096019205,6096.321934514232,8769.994810616601,11443.667686718973,14117.340562821344,16791.013438923714,7228.347524167191,9728.224738912813,12228.101953658435,14727.979168404056,17227.85638314968
.IXIC,2023-11-24,14250.855,28.74442,26.27929,22.89523,23.23827169863014,495.77813711322057,613.2493493842774,7436.672056698309,9915.562742264412,12394.453427830515,14873.344113396617,17352.23479896272,19831.125484528824,9198.74024076416,12264.986987685548,15331.233734606934,18397.48048152832,21463.72722844971,24529.973975371096,6124.656486501864,8810.756088738386,11496.85569097491,14182.955293211435,16869.054895447956,7217.704526278789,9713.90092907827,12210.097331877752,14706.293734677236,17202.490137476718
.IXIC,2023-12-01,14305.032,28.87282,26.13578,22.72771,23.00782534246575,495.4497690215226,621.7463748560831,7431.746535322839,9908.995380430453,12386.244225538067,14863.493070645678,17340.741915753293,19817.990760860906,9326.195622841245,12434.927497121662,15543.659371402078,18652.39124568249,21761.123119962907,24869.854994243324,6120.599950700409,8804.920472064925,11489.240993429443,14173.56151479396,16857.882036158477,7317.7111863255295,9848.494245333473,12379.277304341418,14910.060363349363,17440.843422357306
.IXIC,2023-12-15,14813.92,28.969135416666667,27.06222,23.48546,23.64224947945205,511.36907563617456,626.586738832744,7670.536134542618,10227.381512723492,12784.226890904363,15341.072269085236,17897.91764726611,20454.763025446984,9398.80108249116,12531.734776654881,15664.6684708186,18797.60216498232,21930.53585914604,25063.469553309762,6317.261072317746,9087.831551000838,11858.40202968393,14628.972508367024,17399.542987050114,7374.680373521993,9925.165857259637,12475.651340997281,15026.136824734926,17576.622308472568
.IXIC,2023-12-22,14992.973,29.065450833333333,27.32975,23.76321,23.851152082191785,515.8348682073599,628.6058194729447,7737.523023110399,10316.6973641472,12895.871705183998,15475.046046220798,18054.2203872576,20633.3947282944,9429.087292094171,12572.116389458895,15715.145486823618,18858.174584188342,22001.203681553066,25144.23277891779,6372.429792741245,9167.195698271875,11961.961603802507,14756.727509333137,17551.493414863766,7398.4441614336,9957.148197438917,12515.852233444233,15074.556269449551,17633.260305454867
.IXIC,2023-12-29,15011.352,29.16176625,27.33659,23.77899,23.79848369863014,514.7614129854018,630.7692620292471,7721.421194781026,10295.228259708036,12869.035324635044,15442.842389562053,18016.649454489063,20590.45651941607,9461.538930438706,12615.385240584943,15769.231550731178,18923.077860877413,22076.92417102365,25230.770481169886,6359.168730996133,9148.118713175421,11937.068695354714,14726.018677534006,17514.968659713297,7423.907032526159,9991.417237722078,12558.927442918,15126.43764811392,17693.94785330984
.IXIC,2024-01-05,14524.073,29.258081666666666,23.0585,,23.0585,496.41234738048735,629.8793503480279,7446.18521070731,9928.246947609747,12410.308684512183,14892.37042141462,17374.432158317057,19856.493895219493,9448.190255220417,12597.587006960557,15746.983758700697,18896.380510440835,22045.777262180975,25195.174013921114,6132.491281416053,8822.027001179982,11511.562720943914,14201.098440707845,16890.634160471775,7413.433120770731,9977.320991365401,12541.20886196007,15105.096732554743,17668.984603149413
.IXIC,2024-01-12,14972.76,29.354397083333335,23.82838,,23.82838,510.06872863013575,628.3582853723166,7651.030929452037,10201.374572602715,12751.718215753393,15302.061858904073,17852.405502054753,20402.74914520543,9425.374280584749,12567.165707446331,15708.957134307915,18850.748561169497,21992.53998803108,25134.331414892662,6301.19707487806,9064.722342580231,11828.247610282404,14591.772877984577,17355.29814568675,7395.530782071182,9953.227244677231,12510.92370728328,15068.620169889327,17626.316632495378
.IXIC,2024-01-19,15310.968,29.4507125,24.49716,,24.49716,519.8844679903755,625.0099195172012,7798.267019855632,10397.68935980751,12997.111699759387,15596.534039711263,18195.95637966314,20795.37871961502,9375.148792758018,12500.198390344023,15625.24798793003,18750.297585516037,21875.34718310204,25000.396780688046,6422.457024121798,9239.163446089302,12055.869868056807,14872.576290024312,17689.282711991815,7356.121828091257,9900.188958988781,12444.256089886305,14988.323220783828,17532.39035168135
.IXIC,2024-01-26,15455.363,29.547027916666668,24.85857,,24.85857,523.0767386685973,621.7317810316522,7846.151080028959,10461.534773371946,13076.918466714931,15692.302160057918,18307.685853400904,20923.069546743893,9325.976715474782,12434.635620633044,15543.294525791305,18651.953430949565,21760.612336107828,24869.271241266088,6461.89313445511,9295.89510932644,12129.897084197773,14963.899059069106,17797.901033940438,7317.539422730906,9848.263078411177,12378.986734091446,14909.710389771717,17440.434045451988
.IXIC,2024-02-02,15628.954,29.643343333333334,24.93382,,24.93382,527.2331742157289,626.8174712097865,7908.497613235933,10544.663484314578,13180.829355393224,15816.995226471867,18453.161097550514,21089.326968629157,9402.262068146798,12536.34942419573,15670.436780244663,18804.524136293596,21938.611492342527,25072.69884839146,6513.240174650739,9369.761496451889,12226.282818253041,15082.804140054193,17939.325461855344,7377.396003181952,9928.820669863959,12480.245336545964,15031.670003227971,17583.094669909977
.IXIC,2024-02-09,15990.664,29.73965875,25.51731,22.19713,25.154448797814204,537.6882140586096,635.6992406603443,8065.3232108791435,10753.76428117219,13442.20535146524,16130.646421758287,18819.087492051334,21507.52856234438,9535.488609905166,12713.984813206887,15892.48101650861,19070.97721981033,22249.473423112053,25427.969626413775,6642.397801413355,9555.563973523658,12468.730145633961,15381.896317744266,18295.06248985457,7481.930949087758,10069.508350338887,12657.085751590015,15244.663152841144,17832.240554092274
.IXIC,2024-02-16,15775.654,29.835974166666666,25.16745,21.7322,24.726311338797814,528.7460671428275,638.010813009807,7931.191007142414,10574.92134285655,13218.651678570688,15862.382014284827,18506.112349998963,21149.8426857131,9570.162195147104,12760.216260196139,15950.270325245174,19140.32439029421,22330.37845534324,25520.432520392278,6531.9298843932675,9396.647979681382,12261.366074969497,15126.084170257614,17990.802265545728,7509.13724979772,10106.12377409045,12703.110298383182,15300.096822675914,17897.083346968644
.IXIC,2024-02-23,15996.823,29.932289583333333,25.42108,22.26612,24.955594098360656,534.4336575210481,641.0115077585285,8016.504862815721,10688.673150420962,13360.841438026202,16033.009725631442,18705.178013236684,21377.346300841924,9615.172616377928,12820.230155170571,16025.287693963213,19230.345232755855,22435.4027715485,25640.460310341143,6602.192235019227,9497.725392749542,12393.25855047986,15288.79170821018,18184.324865940496,7544.454251098372,10153.654931745576,12762.85561239278,15372.056293039983,17981.25697368719
.IXIC,2024-03-01,16274.942,30.028605,25.80725,22.30238,25.223105,541.9812875090269,645.2394342409469,8129.719312635403,10839.625750180538,13549.532187725672,16259.438625270806,18969.34506281594,21679.251500361075,9678.591513614205,12904.78868481894,16130.985856023673,19357.18302722841,22583.380198433144,25809.57736963788,6695.432814833325,9631.858630772787,12568.284446712252,15504.710262651717,18441.13607859118,7594.2152889854315,10220.625502569457,12847.035716153483,15473.445929737509,18099.856143321533
.IXIC,2024-03-08,16085.113,30.124920416666665,25.51845,22.13085,24.889059836065577,533.9470703166035,646.2724227410073,8009.206054749052,10678.94140633207,13348.676757915087,16018.412109498104,18688.14746108112,21357.88281266414,9694.08634111511,12925.448454820145,16156.810568525183,19388.17268223022,22619.534795935255,25850.89690964029,6596.181119855288,9489.077973968178,12381.97482808107,15274.871682193963,18167.768536306856,7606.373158830651,10236.988093023958,12867.603027217263,15498.21796141057,18128.832895603875
.IXIC,2024-03-15,15973.174,30.22123583333333,25.41086,21.91244,24.693970655737704,528.5413901698208,646.8451033122369,7928.120852547312,10570.827803396416,13213.53475424552,15856.241705094624,18498.94865594373,21141.655606792832,9702.676549683554,12936.902066244738,16171.127582805922,19405.35309936711,22639.57861592829,25873.804132489477,6529.401382112666,9393.010548437149,12256.619714761633,15120.228881086117,17983.838047410598,7613.113384735865,10246.059382440762,12879.00538014566,15511.951377850557,18144.897375555454
.IXIC,2024-03-22,16428.818,30.31755125,26.20132,22.44379,25.35946901639344,541.8913244188875,647.8376179477461,8128.369866283312,10837.82648837775,13547.283110472188,16256.739732566624,18966.196354661064,21675.6529767555,9717.564269216193,12956.752358954924,16195.940448693653,19435.128538432386,22674.316628171116,25913.504717909847,6694.321444681394,9630.259845378938,12566.198246076483,15502.136646774028,18438.07504747157,7624.7948930559405,10261.780864819304,12898.766836582668,15535.752808346031,18172.738780109394
.IXIC,2024-03-28,16379.458,30.413866666666667,26.04184,22.24437,25.12878710382513,538.5523050889068,651.8204771414019,8078.284576333602,10771.046101778136,13463.80762722267,16156.569152667204,18849.33067811174,21542.092203556273,9777.307157121028,13036.409542828038,16295.511928535047,19554.614314242055,22813.716699949066,26072.819085656076,6653.072456742962,9570.920228139374,12488.767999535785,15406.615770932198,18324.46354232861,7671.671584989561,10324.86955730709,12978.06752962462,15631.26550194215,18284.463474259683
.IXIC,2024-04-05,16248.52,30.510182083333333,25.90902,22.13504,24.91912360655737,532.5605712748601,652.0502188016061,7988.408569122901,10651.211425497202,13314.014281871501,15976.817138245802,18639.6199946201,21302.422850994404,9780.753282024092,13041.004376032122,16301.255470040152,19561.506564048184,22821.757658056213,26082.008752064245,6579.052832595612,9464.437708576079,12349.822584556548,15235.207460537016,18120.592336517482,7674.375554300569,10328.508676906235,12982.641799511899,15636.774922117564,18290.90804472323
.IXIC,2024-04-12,16175.094,30.6064975,25.81473,22.04594,24.75411423497268,528.4856262955276,653.4305306367127,7927.284394432914,10569.712525910552,13212.14065738819,15854.568788865829,18496.996920343467,21139.425051821105,9801.45795955069,13068.610612734254,16335.763265917816,19602.91591910138,22870.068572284945,26137.221225468507,6528.712496200126,9392.019536816866,12255.326577433609,15118.633618050351,17981.940658667092,7690.6212836925815,10350.3728866782,13010.124489663818,15669.876092649436,18329.627695635052
.IXIC,2024-04-19,15282.01,30.702812916666666,24.46984,20.80096,23.367171147540983,497.7397361433401,653.9948675647966,7466.096042150101,9954.794722866802,12443.493403583503,14932.192084300203,17420.890765016902,19909.589445733603,9809.923013471947,13079.897351295931,16349.871689119915,19619.846026943895,22889.82036476788,26159.794702591862,6148.889342540438,8845.616784086762,11542.344225633085,14239.07166717941,16935.799108725736,7697.263308187621,10359.312012362607,13021.360716537594,15683.40942071258,18345.458124887566
.IXIC,2024-04-26,15927.9,30.799128333333332,25.34168,21.63361,24.156313360655737,517.1542463025334,659.3679988413442,7757.313694538,10343.084926050667,12928.856157563334,15514.627389076,18100.39862058867,20686.169852101335,9890.519982620162,13187.359976826883,16484.199971033602,19781.039965240325,23077.879959447047,26374.719953653766,6388.7288930924715,9190.643119033679,11992.557344974888,14794.4715709161,17596.385796857307,7760.502957726534,10444.422685454589,13128.342413182643,15812.262140910698,18496.181868638752
.IXIC,2024-05-03,16156.328,30.89544375,25.53411,21.81842,24.27524234972677,522.9356189454311,665.5475470539163,7844.034284181466,10458.712378908622,13073.390473635776,15688.068568362933,18302.74666309009,20917.424757817244,9983.213205808745,13310.950941078327,16638.68867634791,19966.42641161749,23294.164146887073,26621.901882156653,6460.1497945149995,9293.387190225032,12126.624585935066,14959.8619816451,17793.09937735513,7833.233818589284,10542.307043886698,13251.380269184112,15960.453494481526,18669.52671977894
.IXIC,2024-05-10,16340.869,30.991759166666665,25.85638,22.01491,24.481427622950815,527.2649710564187,667.480232430595,7908.974565846282,10545.299421128375,13181.624276410468,15817.949131692563,18454.273986974655,21090.59884225675,10012.203486458926,13349.604648611901,16687.005810764877,20024.40697291785,23361.808135070827,26699.209297223802,6513.632980851746,9370.326576246134,12227.020171640523,15083.713767034913,17940.4073624293,7855.980768105223,10572.920878691391,13289.860989277558,16006.801099863726,18723.74121044989
.IXIC,2024-05-17,16685.966,31.08807458333333,26.3887,22.4233,24.89354918032787,536.7320499464298,670.2927685854489,8050.9807491964475,10734.640998928597,13418.301248660746,16101.961498392895,18785.621748125042,21469.281997857193,10054.391528781734,13405.855371708978,16757.319214636223,20108.78305756347,23460.24690049071,26811.710743417956,6630.58570988806,9538.57143564719,12446.557161406323,15354.542887165455,18262.528612924587,7889.08321649036,10617.471594636108,13345.859972781855,16074.248350927603,18802.63672907335
.IXIC,2024-05-24,16920.794,31.18439,26.53664,22.52679,24.948038224043717,542.6046172460003,678.2414652424476,8139.069258690005,10852.092344920005,13565.115431150009,16278.13851738001,18991.16160361001,21704.18468984001,10173.621978636715,13564.829304848952,16956.03663106119,20347.24395727343,23738.451283485665,27129.658609697904,6703.13319577189,9642.936179103799,12582.73916243571,15522.54214576762,18462.34512909953,7982.63626126218,10743.379354536553,13504.122447810929,16264.865541085304,19025.60863435968
.IXIC,2024-05-31,16735.015,31.280705416666667,26.24531,22.29681,24.60549579234973,534.994808367826,680.1332166289128,8024.922125517389,10699.896167356519,13374.87020919565,16049.844251034778,18724.818292873908,21399.792334713038,10201.998249433693,13602.664332578257,17003.33041572282,20403.996498867386,23804.662582011948,27205.328665156514,6609.124481353517,9507.697924553258,12406.271367753005,15304.844810952749,18203.41825415249,8004.9014337542385,10773.34479285136,13541.788151948482,16310.231511045604,19078.674870142724
.IXIC,2024-06-07,17133.126,31.377020833333333,26.88178,22.83673,25.124504180327868,546.0405591406131,681.9289199511844,8190.608387109197,10920.811182812264,13651.013978515328,16381.216774218394,19111.41956992146,21841.622365624527,10228.933799267767,13638.578399023689,17048.22299877961,20457.867598535533,23867.512198291453,27277.156798047377,6745.579528590471,9703.998262528421,12662.416996466372,15620.835730404326,18579.254464342273,8026.0361581694,10801.788824937292,13577.541491705184,16353.294158473076,19129.046825240966
.IXIC,2024-06-14,17688.882,31.47333625,27.7709,23.50383,25.83556224043716,562.0275480010481,684.6718424541897,8430.413220015722,11240.550960020963,14050.688700026203,16860.826440031444,19670.964180036684,22481.101920041925,10270.077636812845,13693.436849083793,17116.796061354744,20540.15527362569,23963.514485896638,27386.873698167587,6943.076771195454,9988.112161263134,13033.147551330816,16078.182941398498,19123.218331466178,8058.319281152002,10845.236857091071,13632.154433030142,16419.07200896921,19205.989584908282
.IXIC,2024-06-21,17689.361,31.569651666666665,27.76617,23.46745,25.73426136612022,560.3280386738509,687.3856120575691,8404.920580107762,11206.560773477016,14008.200966846272,16809.841160215525,19611.48135358478,22413.121546954033,10310.784180863537,13747.712241151383,17184.640301439227,20621.568361727073,24058.49642201492,27495.424482302766,6922.081672691722,9957.90921153312,12993.73675037452,16029.56428921592,19065.39182805732,8090.259285930247,10888.223105829924,13686.1869257296,16484.15074562928,19282.114565528955
.IXIC,2024-06-28,17732.603,31.66596708333333,27.83619,23.55432,25.730352295081968,559.9893081848479,689.1706260620988,8399.839622772719,11199.786163696957,13999.732704621198,16799.679245545438,19599.625786469678,22399.572327393915,10337.559390931481,13783.412521241975,17229.26565155247,20675.118781862962,24120.971912173456,27566.82504248395,6917.897123734546,9951.889438785976,12985.881753837408,16019.87406888884,19053.86638394027,8111.268201264443,10916.49781857838,13721.727435892319,16526.957053206257,19332.186670520197
.IXIC,2024-07-05,18352.759,31.762282499999998,28.83321,24.34821,26.54169360655738,577.8161251478069,691.4690250009431,8667.241877217104,11556.322502956138,14445.403128695174,17334.483754434208,20223.564380173244,23112.645005912276,10372.035375014148,13829.380500018862,17286.725625023577,20744.070750028295,24201.41587503301,27658.761000037724,7138.122910175254,10268.699972251163,13399.277034327073,16529.85409640298,19660.431158478892,8138.319456093734,10952.904574834787,13767.489693575839,16582.074812316892,19396.659931057944
.IXIC,2024-07-12,18398.445,31.858597916666664,28.83261,24.38974,26.47764612021858,577.5032864950704,694.8670934139714,8662.549297426056,11550.065729901407,14437.582162376759,17325.098594852112,20212.61502732746,23100.131459802815,10423.00640120957,13897.341868279427,17371.677335349283,20846.01280241914,24320.348269488997,27794.683736558854,7134.258219217181,10263.140338096173,13392.022456975168,16520.90457585416,19649.786694733153,8178.313389703193,11006.730151572092,13835.14691344099,16663.56367530989,19491.98043717879
.IXIC,2024-07-19,17726.94,31.95491333333333,27.75338,23.47024,25.40116377049181,554.7484925114281,697.8790483841195,8321.227387671423,11094.969850228563,13868.712312785703,16642.454775342845,19416.197237899985,22189.939700457126,10468.185725761792,13957.58096768239,17446.976209602988,20936.371451523584,24425.766693444184,27915.16193536478,6853.154059638033,9858.751913857172,12864.349768076312,15869.947622295453,18875.54547651459,8213.762919397457,11054.439671708134,13895.116424018812,16735.79317632949,19576.469928640166
.IXIC,2024-07-26,17357.882,32.05122875,27.11554,22.93492,24.739668524590165,541.5668190256201,701.621445847062,8123.502285384302,10831.336380512403,13539.170475640503,16247.004570768604,18954.838665896707,21662.672761024805,10524.32168770593,14032.42891694124,17540.53614617655,21048.64337541186,24556.750604647168,28064.85783388248,6690.312627202365,9624.492874922744,12558.673122643122,15492.853370363502,18427.033618083882,8257.809470991086,11113.719438133907,13969.629405276728,16825.53937241955,19681.44933956237
.IXIC,2024-08-02,16776.164,32.14754416666666,26.00069,21.75571,23.50705420765027,521.8490069731351,713.6650918404004,7827.735104597027,10436.980139462703,13046.225174328378,15655.470209194054,18264.71524405973,20873.960278925406,10704.976377606004,14273.301836808007,17841.62729601001,21409.95275521201,24978.27821441401,28546.603673616013,6446.72619922864,9274.076389013126,12101.426578797613,14928.7767685821,17756.126958366585,8399.558464750797,11304.491404091379,14209.424343431963,17114.357282772547,20019.29022211313
.IXIC,2024-08-09,16745.302,32.24385958333333,25.99949,21.73073,23.41024213114754,519.3330518240922,715.2981120908707,7789.995777361383,10386.661036481844,12983.326295602305,15579.991554722767,18176.656813843227,20773.32207296369,10729.471681363062,14305.962241817415,17882.452802271768,21458.943362726124,25035.433923180477,28611.92448363483,6415.645036366038,9229.363914845753,12043.08279332547,14856.801671805188,17670.520550284902,8418.77847316199,11330.35852803399,14241.938582905988,17153.51863777799,20065.09869264999
.IXIC,2024-08-16,17631.72,32.340174999999995,27.44964,22.97905,24.65246756830601,545.19556557749,715.2111629858869,8177.93348366235,10903.9113115498,13629.889139437251,16355.8669673247,19081.84479521215,21807.8226230996,10728.167444788303,14304.223259717737,17880.279074647173,21456.334889576607,25032.39070450604,28608.446519435474,6735.140796181719,9688.981399895909,12642.822003610101,15596.662607324293,18550.503211038482,8417.755116269353,11328.981249782437,14240.207383295523,17151.433516808607,20062.659650321693
.IXIC,2024-08-23,17877.794,32.436490416666665,27.81772,23.34139,24.931343278688523,551.1630194989884,717.0810573725507,8267.445292484826,11023.260389979769,13779.07548747471,16534.890584969653,19290.705682464595,22046.520779959537,10756.215860588261,14341.621147451015,17927.026434313768,21512.431721176523,25097.837008039274,28683.24229490203,6808.860475675896,9795.032427638387,12781.20437960088,15767.376331563373,18753.548283525866,8439.763040438922,11358.60047210714,14277.437903775359,17196.275335443577,20115.112767111797
.IXIC,2024-08-30,17713.624,32.53280583333333,27.51999,23.05997,24.55882918032787,544.4849758962538,721.2731466119313,8167.274638443807,10889.699517925075,13612.124397406345,16334.549276887614,19056.974156368884,21779.39903585015,10819.09719917897,14425.462932238626,18031.828665298282,21638.19439835794,25244.5601314176,28850.925864477253,6726.362438737872,9676.353105318416,12626.343771898963,15576.334438479507,18526.325105060052,8489.10228801908,11425.003379175992,14360.904470332905,17296.80556148982,20232.70665264673
.IXIC,2024-09-06,16690.832,32.62912125,26.05078,21.68703,23.070076448087438,511.5317655083954,723.484035155146,7672.976482625931,10230.635310167907,12788.294137709885,15345.952965251861,17903.61179279384,20461.270620335814,10852.26052732719,14469.68070310292,18087.10087887865,21704.52105465438,25321.94123043011,28939.36140620584,6319.270881759904,9090.722805525678,11862.174729291453,14633.62665305723,17405.078576823005,8515.123579784788,11460.023966308428,14404.924352832068,17349.82473935571,20294.72512587935
.IXIC,2024-09-13,17683.976,32.72543666666667,27.53522,22.93545,24.305326857923497,540.3740270947237,727.5761442490148,8105.610406420856,10807.480541894474,13509.350677368093,16211.220812841711,18913.09094831533,21614.96108378895,10913.642163735221,14551.522884980295,18189.40360622537,21827.284327470443,25465.165048715517,29103.04576996059,6675.577324675413,9603.295089096735,12531.012853518057,15458.73061793938,18386.4483823607,8563.28610023181,11524.84318278005,14486.400265328293,17447.957347876534,20409.514430424777
.IXIC,2024-09-20,17948.321,32.82175208333333,28.00674,23.33536,24.63722,546.8422573673037,728.5043117689415,8202.633860509555,10936.845147346074,13671.056434182592,16405.26772101911,19139.47900785563,21873.690294692147,10927.564676534123,14570.08623537883,18212.60779422354,21855.129353068245,25497.650911912955,29140.17247075766,6755.483406710042,9718.245699039586,12681.007991369133,15643.77028369868,18606.53257602822,8574.210268217388,11539.545403570353,14504.880538923318,17470.215674276285,20435.55080962925
.IXIC,2024-09-27,18119.59,32.9180675,28.34762,23.68729,24.89693849726776,550.445131689459,727.7838599307493,8256.676975341885,11008.902633789181,13761.128292236475,16513.35395068377,19265.579609131066,22017.805267578362,10916.75789896124,14555.677198614985,18194.596498268733,21833.51579792248,25472.435097576225,29111.35439722997,6799.991959902254,9782.274433859815,12764.556907817378,15746.83938177494,18729.1218557325,8565.730832407618,11528.133409758377,14490.535987109135,17452.93856445989,20415.341141810648
.IXIC,2024-10-04,18137.849,33.01438291666666,28.4958,23.81903,24.943499289617485,549.3923374482781,727.1573562876048,8240.885061724171,10987.846748965563,13734.808436206953,16481.770123448343,19228.731810689733,21975.693497931126,10907.360344314071,14543.147125752095,18178.93390719012,21814.720688628142,25450.507470066168,29086.29425150419,6786.9861361365165,9763.564626838706,12740.143117540898,15716.72160824309,18693.300098945278,8558.357130037784,11518.209560141051,14478.061990244318,17437.914420347584,20397.76685045085
.IXIC,2024-10-11,18342.937,33.11069833333333,28.75169,24.01098,25.060153524590163,553.9882250545506,731.9562899724887,8309.82337581826,11079.764501091013,13849.705626363766,16619.64675163652,19389.587876909274,22159.529002182026,10979.34434958733,14639.125799449774,18298.907249312215,21958.68869917466,25618.470149037104,29278.251598899547,6843.762001653479,9845.240767190324,12846.71953272717,15848.198298264017,18849.67706380086,8614.838698935453,11594.224914135284,14573.611129335115,17552.997344534946,20532.383559734775
.IXIC,2024-10-18,18489.553,33.207013749999994,29.06497,24.2513,25.22455568306011,556.796619509335,732.9981638652572,8351.949292640023,11135.9323901867,13919.915487733375,16703.898585280047,19487.881682826723,22271.8647803734,10994.972457978858,14659.963277305143,18324.95409663143,21989.944915957716,25654.935735284,29319.926554610287,6878.45584962004,9895.150347080531,12911.844844541023,15928.539342001515,18945.233839462006,8627.1011463709,11610.728249662845,14594.355352954788,17577.98245624673,20561.609559538676
.IXIC,2024-10-25,18518.606,33.303329166666664,29.24742,24.39656,25.28455896174864,556.0587023394434,732.4077128660061,8340.88053509165,11121.174046788867,13901.467558486083,16681.7610701833,19462.05458188052,22242.348093577733,10986.115692990092,14648.154257320122,18310.192821650155,21972.231385980183,25634.269950310216,29296.308514640245,6869.339898667879,9882.036400113317,12894.732901558755,15907.429403004193,18920.12590444963,8620.151769491627,11601.375475761071,14582.599182030515,17563.82288829996,20545.046594569405
.IXIC,2024-11-01,18239.917,33.39964458333333,29.09678,23.63109,24.52710475409836,546.1111106883412,743.6636807673844,8191.666660325119,10922.222213766825,13652.77776720853,16383.333320650238,19113.888874091943,21844.44442753365,11154.955211510767,14873.273615347689,18591.592019184613,22309.910423021534,26028.228826858456,29746.547230695378,6746.451095854291,9705.252074328866,12664.053052803443,15622.85403127802,18581.655009752594,8752.630100778888,11779.67058062283,14806.71106046677,17833.75154031071,20860.79202015465
.IXIC,2024-12-06,19859.774,33.49596,31.52692,26.07189,26.444501338797814,592.9005766665592,750.9982413948155,8893.508649998388,11858.011533331184,14822.51441666398,17787.017299996776,20751.520183329572,23716.02306666237,11264.973620922232,15019.96482789631,18774.95603487039,22529.947241844464,26284.938448818542,30039.92965579262,7324.4705461916255,10536.774365039028,13749.078183886433,16961.382002733837,20173.68582158124,8838.955005146137,11895.850394534931,14952.745783923727,18009.64117331252,21066.536562701316
.IXIC,2024-12-13,19926.724,33.14908,31.20096,26.17373,26.42097081967213,601.1244957627783,754.2010524898373,9016.867436441675,12022.489915255566,15028.112394069458,18033.73487288335,21039.357351697243,24044.979830511133,11313.015787347558,15084.021049796746,18855.026312245933,22626.031574695116,26397.036837144304,30168.04209959349,7426.065747082104,10682.92632259047,13939.786898098839,17196.647473607205,20453.50804911557,8876.650836638766,11946.58308540991,15016.515334181053,18086.447582952198,21156.37983172334
.IXIC,2024-12-20,19572.597,31.4584,30.75696,25.922,26.06731300546448,622.1739503598403,750.8482748450907,9332.609255397605,12443.479007196805,15554.348758996008,18665.21851079521,21776.08826259441,24886.95801439361,11262.72412267636,15016.965496901814,18771.20687112727,22525.44824535272,26279.689619578174,30033.930993803628,7686.102785798437,11057.008187788435,14427.913589778434,17798.818991768436,21169.72439375843,8837.189957623745,11893.474916748995,14949.759875874246,18006.044834999495,21062.329794124744
.IXIC,2024-12-27,19722.031,31.70274,31.91457,26.18205,26.24470049180328,622.0923175725505,751.4671773891863,9331.384763588258,12441.846351451011,15552.307939313763,18662.769527176515,21773.23111503927,24883.692702902023,11272.007660837795,15029.343547783727,18786.679434729656,22544.01532167559,26301.35120862152,30058.687095567453,7685.094325072241,11055.557444958504,14426.020564844768,17796.483684731033,21166.946804617295,8844.474198036442,11903.278364570237,14962.082531104033,18020.88669763783,21079.690864171625
.IXIC,2025-01-03,19621.677,30.87954,26.04082,,26.04082,635.4264668450372,753.4968944910337,9531.397002675558,12708.529336900745,15885.66167112593,19062.794005351116,22239.926339576305,25417.05867380149,11302.453417365505,15069.937889820674,18837.422362275844,22604.90683473101,26372.39130718618,30139.87577964135,7849.819385982035,11292.52621807703,14735.233050172026,18177.939882267023,21620.646714362018,8868.363172933485,11935.42918684375,15002.495200754014,18069.56121466428,21136.627228574547
.IXIC,2025-01-10,19161.628,30.16457,25.36525,,25.36525,635.2362390712018,755.428312356472,9528.543586068026,12704.724781424036,15880.905976780045,19057.087172136053,22233.268367492063,25409.449562848073,11331.42468534708,15108.56624712944,18885.7078089118,22662.84937069416,26439.99093247652,30217.13249425888,7847.469383669069,11289.14557179374,14730.821759918415,18172.49794804309,21614.17413616776,8891.095204338828,11966.022944205835,15040.950684072845,18115.878423939852,21190.80616380686
.IXIC,2025-01-17,19630.199,30.184201363636365,26.02494,,26.02494,650.3468077061325,754.2841213082528,9755.202115591987,13006.93615412265,16258.670192653313,19510.404231183973,22762.138269714636,26013.8723082453,11314.261819623793,15085.682426165056,18857.10303270632,22628.523639247585,26399.944245788847,30171.364852330113,8034.139660707779,11557.684106751589,15081.2285527954,18604.772998839213,22128.31744488302,8877.628524079075,11947.898899724583,15018.169275370092,18088.4396510156,21158.71002666111
.IXIC,2025-01-24,19954.301,30.20383272727273,26.34299,,26.34299,660.6545990430594,757.4804910148772,9909.818985645892,13213.091980861189,16516.364976076486,19819.637971291784,23122.91096650708,26426.183961722378,11362.207365223157,15149.609820297545,18937.01227537193,22724.414730446315,26511.817185520704,30299.21964059509,8161.478234854705,11740.869746626897,15320.26125839909,18899.652770171284,22479.044281943476,8915.248542954476,11998.529558679265,15081.810574404057,18165.09159012885,21248.372605853638
.IXIC,2025-01-31,19627.441,30.223464090909093,26.04887,,26.04887,649.4107009362878,753.4853143341726,9741.160514044317,12988.214018725756,16235.267523407194,19482.321028088634,22729.37453277007,25976.42803745151,11302.279715012588,15069.706286683451,18837.132858354315,22604.559430025176,26371.98600169604,30139.412573366903,8022.575350039761,11541.048019347365,15059.52068865497,18577.993357962576,22096.466027270177,8868.226879025182,11935.245756569253,15002.264634113326,18069.2835116574,21136.302389201468
.IXIC,2025-02-07,19523.402,30.243095454545454,26.0164,,26.0164,645.5490652186427,750.4267308313217,9683.235978279641,12910.981304372854,16138.726630466066,19366.471956559282,22594.217282652495,25821.962608745707,11256.400962469826,15008.534616626435,18760.668270783044,22512.801924939653,26264.93557909626,30017.06923325287,7974.870155969897,11472.420688158774,14969.971220347656,18467.521752536533,21965.072284725415,8832.228549773477,11886.797638100254,14941.36672642703,17995.935814753804,21050.504903080582
.IXIC,2025-02-14,20026.773,30.262726818181818,26.85921,,26.85921,661.7636646003735,745.6203291161579,9926.454969005603,13235.27329200747,16544.09161500934,19852.909938011206,23161.728261013075,26470.54658401494,11184.304936742368,14912.406582323158,18640.50822790395,22368.609873484736,26096.711519065528,29824.813164646315,8175.179213278465,11760.579583306693,15345.979953334925,18931.380323363155,22516.780693391385,8775.659085085936,11810.663990126015,14845.668895166096,17880.673800206176,20915.678705246253
.IXIC,2025-02-21,19524.005,30.282358181818182,26.10195,22.89605,25.64521904109589,644.7319882677565,761.3116881050312,9670.979824016347,12894.63976535513,16118.299706693912,19341.959648032695,22565.619589371476,25789.27953071026,11419.675321575467,15226.233762100623,19032.79220262578,22839.350643150934,26645.90908367609,30452.467524201245,7964.776294880428,11457.899947567214,14951.023600254002,18444.14725294079,21937.270905627574,8960.340231362192,12059.21591572293,15158.091600083668,18256.967284444407,21355.842968805144
.IXIC,2025-02-28,18847.279,30.301989545454546,25.15145,21.80705,24.610848356164382,621.9815689569857,765.811837415968,9329.723534354785,12439.631379139715,15549.539223924643,18659.44706870957,21769.3549134945,24879.26275827943,11487.17756123952,15316.23674831936,19145.295935399197,22974.35512247904,26803.414309558877,30632.47349663872,7683.726178363231,11053.58926813532,14423.45235790741,17793.315447679503,21163.17853745159,9013.305225264085,12130.498510015757,15247.691794767428,18364.8850795191,21482.078364270772
.IXIC,2025-03-07,18196.221,30.32162090909091,24.15518,20.84914,23.55737550684932,600.1071332748072,772.4214013020866,9001.606999122108,12002.142665496143,15002.67833187018,18003.213998244217,21003.74966461825,24004.285330992287,11586.321019531299,15448.42802604173,19310.535032552165,23172.642039062597,27034.74904557303,30896.85605208346,7413.4976338584,10664.846193467514,13916.19475307663,17167.543312685746,20418.89187229486,9091.097202092868,12235.194338618972,15379.291475145079,18523.388611671184,21667.48574819729
.IXIC,2025-03-14,17754.086,30.341252272727274,23.56578,20.35106,22.922836000000004,585.1467777405663,774.5152475897833,8777.201666108494,11702.935554811327,14628.669443514158,17554.40333221699,20480.137220919823,23405.871109622654,11617.728713846749,15490.304951795664,19362.88118974458,23235.457427693498,27108.033665642415,30980.60990359133,7228.683032922825,10398.977181210319,13569.271329497817,16739.565477785312,19909.859626072805,9115.74095237685,12268.360970462652,15420.980988548454,18573.601006634257,21726.22102472006
.IXIC,2025-03-21,17784.051,30.36088363636364,23.61866,20.23943,22.878006849315067,585.755382254415,777.3426731241855,8786.330733816227,11715.107645088301,14643.884556360375,17572.661467632453,20501.438378904528,23430.215290176602,11660.140096862782,15546.853462483708,19433.56682810464,23320.280193725564,27206.99355934649,31093.706924967417,7236.201503997734,10409.793039201253,13583.384574404774,16756.976109608295,19930.567644811814,9149.01864292452,12313.14753493778,15477.276426951039,18641.4053189643,21805.534210977556
.IXIC,2025-03-28,17322.991,30.380515000000003,22.98593,19.65383,22.191703424657533,570.2007026543164,780.6066379182126,8553.010539814746,11404.014053086328,14255.01756635791,17106.021079629492,19957.024592901074,22808.028106172656,11709.09956877319,15612.132758364252,19515.165947955316,23418.19913754638,27321.23232713744,31224.265516728505,7044.044847266326,10133.361954940581,13222.679062614838,16311.996170289096,19401.31327796335,9187.434229489949,12364.848903519765,15542.26357754958,18719.678251579397,21897.092925609213
.IXIC,2025-04-04,15587.786,30.400146363636363,20.62938,16.91525,21.76839205479452,512.7536497207655,716.0742952792771,7691.304745811482,10255.07299441531,12818.841243019137,15382.609491622963,17946.37774022679,20510.14598883062,10741.114429189156,14321.485905585541,17901.85738198193,21482.228858378312,25062.600334774696,28642.971811171083,6334.365579381347,9112.437606881298,11890.509634381251,14668.581661881204,17446.653689381154,8427.913845124156,11342.65330927194,14257.392773419724,17172.132237567508,20086.871701715292
.IXIC,2025-04-11,16724.456,30.419777727272727,22.22165,19.05385,21.34508068493151,549.7888955646692,783.5274200582701,8246.83343347004,10995.777911293386,13744.72238911673,16493.66686694008,19242.611344763423,21991.55582258677,11752.911300874051,15670.5484011654,19588.18550145675,23505.822601748103,27423.459702039454,31341.0968023308,6791.885065835136,9770.61208733964,12749.339108844146,15728.066130348652,18706.793151853155,9221.810690702234,12411.114241383435,15600.417792064636,18789.721342745837,21979.02489342704
.IXIC,2025-04-17,16286.448,30.43940909090909,21.72797,18.63987,21.833684315068496,535.0448148109433,745.9321919736617,8025.672222164149,10700.896296218867,13376.120370273582,16051.344444328299,18726.568518383017,21401.792592437734,11188.982879604926,14918.643839473234,18648.304799341542,22377.965759209852,26107.62671907816,29837.287678946468,6609.7422421285055,9508.586617579816,12407.43099303113,15306.275368482444,18205.119743933756,8779.329588708066,11815.60391367309,14851.878238638114,17888.15256360314,20924.426888568163
.IXIC,2025-04-25,17382.939,30.459040454545455,23.36122,20.06374,22.32228794520548,570.6988381968517,778.7256863037471,8560.482572952777,11413.976763937035,14267.470954921293,17120.965145905553,19974.45933688981,22827.95352787407,11680.885294556207,15574.513726074943,19468.142157593677,23361.770589112413,27255.39902063115,31149.027452149887,7050.198626252044,10142.214605825846,13234.23058539965,16326.246564973451,19418.26254454725,9165.296166082186,12335.054534143503,15504.81290220482,18674.571270266137,21844.329638327454
.IXIC,2025-05-02,17977.728,30.47867181818182,23.85924,20.70819,22.806012328767125,589.8461752941453,788.2889713833572,8847.692629412179,11796.923505882905,14746.154382353632,17695.385258824357,20644.616135295084,23593.84701176581,11824.334570750358,15765.779427667145,19707.22428458393,23648.669141500715,27590.113998417502,31531.55885533429,7286.737621365892,10482.49285588224,13678.248090398587,16874.00332491494,20069.758559431284,9277.852283874237,12486.537456894479,15695.222629914719,18903.90780293496,22112.592975955202
.IXIC,2025-05-09,17928.916,30.498303181818184,23.87017,20.51605,22.684741287671237,587.8660164506618,790.351354359243,8817.990246759928,11757.320329013237,14696.650411266546,17635.980493519855,20575.310575773165,23514.640658026474,11855.270315388645,15807.02708718486,19758.783858981074,23710.54063077729,27662.297402573506,31614.05417436972,7262.275484379252,10447.302323503223,13632.329162627197,16817.35600175117,20002.382840875143,9302.125723307834,12519.205708276542,15736.28569324525,18953.36567821396,22170.44566318267
.IXIC,2025-05-16,19211.102,30.517934545454548,25.72691,22.14656,24.39286178082192,629.502038264951,787.5706496686703,9442.530573974265,12590.04076529902,15737.550956623776,18885.06114794853,22032.571339273287,25180.08153059804,11813.559745030054,15751.412993373406,19689.266241716756,23627.119490060108,27564.97273840346,31502.82598674681,7776.631225360189,11187.239818220374,14597.848411080562,18008.457003940748,21419.065596800934,9269.397918783388,12475.159204347321,15680.920489911254,18886.681775475186,22092.443061039117
.IXIC,2025-05-23,18737.207,30.537565909090908,24.96836,21.54645,23.627721287671232,613.5789294988311,793.0179458218399,9203.683942482467,12271.578589976623,15339.473237470778,18407.367884964933,21475.26253245909,24543.157179953247,11895.269187327598,15860.358916436799,19825.448645546,23790.538374655196,27755.628103764397,31720.717832873597,7579.923133394812,10904.261169081808,14228.599204768805,17552.9372404558,20877.2752761428,9333.510459856916,12561.44465286246,15789.378845868003,19017.313038873544,22245.247231879086
.IXIC,2025-05-30,19113.767,30.557197272727272,25.55779,22.01199,24.10061191780822,625.5078575893904,793.0822281685146,9382.617863840856,12510.157151787807,15637.696439734758,18765.235727681713,21892.775015628664,25020.314303575615,11896.233422527719,15861.644563370292,19827.055704212864,23792.466845055438,27757.87798589801,31723.289126740583,7727.288620772431,11116.256954975075,14505.22528917772,17894.193623380364,21283.16195758301,9334.26703788675,12562.4628885079,15790.65873912905,19018.8545897502,22247.05044037135
.IXIC,2025-06-06,19529.953,30.576828636363636,26.05215,22.45951,24.506822657534247,638.7174167818671,796.9190161008414,9580.761251728007,12774.348335637342,15967.935419546677,19161.522503456014,22355.109587365347,25548.696671274683,11953.785241512622,15938.380322016828,19922.975402521035,23907.570483025243,27892.16556352945,31876.760644033657,7890.474542731626,11351.01156670997,14811.548590688319,18272.085614666667,21732.62263864501,9379.42452831594,12623.237804776341,15867.051081236745,19110.864357697148,22354.67763415755
.IXIC,2025-06-20,19447.41,30.59646,24.93466,21.52722,23.33829769863014,635.6098058402835,833.2831404897831,9534.147087604251,12712.19611680567,15890.245146007086,19068.294175208503,22246.34320440992,25424.39223361134,12499.247107346748,16665.662809795664,20832.078512244578,24998.494214693495,29164.90991714241,33331.32561959133,7852.084286917365,11295.784439946341,14739.484592975321,18183.1847460043,21626.884899033277,9807.416022248633,13199.247387243116,16591.078752237598,19982.91011723208,23374.741482226567
.IXIC,2025-06-27,20273.459,31.89802,26.07604,22.51913,24.341437315068493,635.5710793334508,832.8784671827812,9533.566190001762,12711.421586669017,15889.27698333627,19067.132380003524,22244.98777667078,25422.843173338035,12493.177007741717,16657.569343655625,20821.96167956953,24986.354015483434,29150.74635139734,33315.13868731125,7851.605874229275,11295.096209102081,14738.586543974889,18182.076878847696,21625.567213720504,9802.653176005837,13192.837341448845,16583.021506891855,19973.205672334865,23363.389837777875
.IXIC,2025-07-03,20601.101,32.26925,26.52171,22.86992,24.680807643835617,638.4127613749932,834.7012503517249,9576.191420624898,12768.255227499865,15960.31903437483,19152.382841249797,22344.446648124762,25536.51045499973,12520.518755275873,16694.0250070345,20867.531258793122,25041.037510551745,29214.54376231037,33388.050014069,7886.710944512627,11345.597361685299,14804.483778857973,18263.37019603065,21722.25661320332,9824.106619604463,13221.71031968533,16619.3140197662,20016.917719847064,23414.521419927933
.IXIC,2025-07-11,20585.527,32.11786,26.50243,22.84521,24.57863208219178,640.9370674135823,837.5375379378843,9614.056011203735,12818.741348271647,16023.426685339558,19228.11202240747,22432.797359475382,25637.482696543295,12563.063069068265,16750.750758757684,20938.43844844711,25126.12613813653,29313.81382782595,33501.50151751537,7917.895271121264,11390.458244274518,14863.021217427775,18335.58419058103,21808.147163734284,9857.488613028516,13266.637259511666,16675.785905994817,20084.934552477967,23494.083198961118
.IXIC,2025-07-18,20895.655,32.23633,27.96775,24.21655,25.92257520547945,648.2020440912473,806.0794436651157,9723.03066136871,12964.040881824947,16205.051102281182,19446.06132273742,22687.071543193655,25928.081763649894,12091.191654976736,16121.588873302315,20151.986091627892,24182.38330995347,28212.78052827905,32243.17774660463,8007.6440583353005,11519.568289082043,15031.49251982879,18543.416750575532,22055.340981322275,9487.239171021545,12768.339443965524,16049.439716909503,19330.53998985348,22611.64026279746
.IXIC,2025-07-25,21108.317,32.77896,27.19243,23.46818,25.090524520547945,643.9593263483649,841.2863980867875,9659.389895225473,12879.186526967298,16098.983158709123,19318.779790450946,22538.57642219277,25758.373053934596,12619.295971301812,16825.72796173575,21032.159952169688,25238.591942603623,29445.023933037563,33651.4559234715,7955.231120371465,11444.16853183667,14933.10594330188,18422.04335476709,21910.980766232296,9901.61122790335,13326.019395212223,16750.427562521098,20174.83572982997,23599.243897138844
.IXIC,2025-08-01,20650.132,31.2069,27.72482,23.6286,25.33442312328767,661.7168638986891,815.1017254076799,9925.752958480336,13234.337277973782,16542.921597467226,19851.505916960672,23160.090236454118,26468.674555947564,12226.525881115198,16302.034508153596,20377.543135191998,24453.051762230396,28528.560389268794,32604.069016307192,8174.601055026442,11759.747861339838,15344.894667653238,18930.041473966638,22515.188280280032,9593.427891541267,12911.25284630259,16229.077801063915,19546.90275582524,22864.727710586565
.IXIC,2025-08-08,21450.022,32.62896,28.63867,24.52711,26.160469452054794,657.392144892145,819.9402552508549,9860.882173382175,13147.8428978429,16434.803622303625,19721.76434676435,23008.725071225075,26295.6857956858,12299.103828762823,16398.805105017098,20498.50638127137,24598.207657525647,28697.90893377992,32797.610210034196,8121.175104318011,11682.890812860733,15244.606521403457,18806.32222994618,22368.037938488902,9650.375491705348,12987.895405460918,16325.41531921649,19662.93523297206,23000.455146727632
.IXIC,2025-08-15,21622.977,32.83449,28.91032,24.75496,26.32602761643836,658.5446279202143,821.3535788627029,9878.169418803214,13170.892558404286,16463.61569800536,19756.33883760643,23049.0619772075,26341.785116808573,12320.303682940543,16427.071577254057,20533.83947156757,24640.607365881086,28747.3752601946,32854.143154508114,8135.4124458324,11703.372246180596,15271.332046528792,18839.29184687699,22407.251647225185,9667.009756773177,13010.282523457869,16353.55529014256,19696.82805682725,23040.10082351194
.IXIC,2025-08-22,21496.535,32.48172,28.25735,24.05242,25.56158665753425,661.8040854979354,840.9702921811357,9927.06128246903,13236.081709958708,16545.102137448383,19854.12256493806,23163.14299242774,26472.163419917415,12614.554382717037,16819.405843622713,21024.257304528393,25229.108765434074,29433.96022633975,33638.81168724543,8175.678557831824,11761.29792613516,15346.917294438495,18932.536662741833,22518.156031045168,9897.890785267256,13321.012261566373,16744.13373786549,20167.25521416461,23590.376690463723
.IXIC,2025-08-29,21455.552,32.42845,28.172,23.98731,25.408958109589044,661.6274290013862,844.4089642504044,9924.411435020793,13232.548580027724,16540.685725034655,19848.822870041586,23156.960015048517,26465.097160055448,12666.134463756067,16888.17928500809,21110.22410626011,25332.268927512134,29554.313748764154,33776.35857001618,8173.4962099699915,11758.158462762189,15342.82071555439,18927.48296834659,22512.145221138788,9938.36260799918,13375.481002286608,16812.599396574034,20249.71779086146,23686.836185148884
.IXIC,2025-09-05,21700.388,32.37057,28.66177,24.34846,25.731082657534245,670.3739847645561,843.3530873465198,10055.609771468342,13407.479695291122,16759.349619113902,20111.219542936684,23463.089466759462,26814.959390582244,12650.296310197797,16867.061746930398,21083.827183662997,25300.592620395593,29517.358057128193,33734.123493860796,8281.547867514573,11913.598494657424,15545.649121800276,19177.69974894313,22809.75037608598,9925.935350610302,13358.755858349748,16791.576366089197,20224.396873828642,23657.217381568087
.IXIC,2025-09-12,22141.103,33.03525,29.20552,24.79828,26.126489315068493,670.2265912926345,847.4580236553284,10053.398869389517,13404.53182585269,16755.66478231586,20106.797738779034,23457.930695242205,26809.06365170538,12711.870354829925,16949.160473106567,21186.45059138321,25423.74070965985,29661.03082793649,33898.320946213134,8279.727024043885,11910.979081188054,15542.231138332223,19173.483195476394,22804.73525262056,9974.248842350524,13423.77825855935,16873.307674768177,20322.837090977006,23772.36650718583
.IXIC,2025-09-19,22631.476,33.71489,30.22943,25.68813,26.969647534246576,671.2605617280674,839.1461538851079,10068.90842592101,13425.211234561348,16781.514043201685,20137.81685184202,23494.11966048236,26850.422469122695,12587.192308276619,16782.92307770216,20978.653847127698,25174.384616553238,29370.115385978777,33565.84615540432,8292.500305599016,11929.354359619272,15566.20841363953,19203.062467659787,22839.916521680043,9876.421392353888,13292.117818047855,16707.81424374182,20123.51066943579,23539.207095129757
.IXIC,2025-09-26,22484.068,33.358,29.95546,25.37109,26.57684210958904,674.0232627855387,846.0022416240208,10110.34894178308,13480.465255710773,16850.581569638467,20220.69788356616,23590.814197493855,26960.930511421546,12690.033624360312,16920.044832480417,21150.05604060052,25380.067248720625,29610.07845684073,33840.08966496083,8326.62967453495,11978.451896080263,15630.27411762558,19282.096339170897,22933.91856071621,9957.114858323972,13400.718597035613,16844.322335747256,20287.926074458897,23731.52981317054
.IXIC,2025-10-03,22780.506,33.74262,30.11317,25.57914,26.684698,675.1255830163751,853.691729994471,10126.883745245626,13502.511660327502,16878.13957540938,20253.767490491253,23629.39540557313,27005.023320655004,12805.375949917065,17073.83459988942,21342.293249861774,25610.75189983413,29879.210549806485,34147.66919977884,8340.24732373446,11998.041857715389,15655.836391696319,19313.63092567725,22971.425459658178,10047.617123139891,13522.52048447479,16997.423845809688,20472.327207144586,23947.230568479485
.IXIC,2025-10-10,22204.43,32.86051,29.35446,24.90459,25.904286821917808,675.7177536197704,857.1720253349214,10135.766304296556,13514.355072395409,16892.94384049426,20271.532608593112,23650.121376691965,27028.710144790817,12857.58038002382,17143.44050669843,21429.300633373034,25715.16076004764,30001.02088672225,34286.88101339686,8347.562776465633,12008.565659309015,15669.568542152398,19330.571424995782,22991.574307839164,10088.578835462582,13577.648539930555,17066.71824439853,20555.787948866502,24044.857653334475
.IXIC,2025-10-17,22679.975,33.54258,29.99822,25.46999,26.40044821917808,676.1547561338454,859.0753767401791,10142.32134200768,13523.095122676907,16903.868903346134,20284.64268401536,23665.416464684586,27046.190245353813,12886.130651102687,17181.507534803583,21476.884418504476,25772.261302205374,30067.638185906268,34363.015069607165,8352.961341029273,12016.331880272486,15679.702419515703,19343.07295875892,23006.443498002132,10110.980535630093,13607.797723133861,17104.61491063763,20601.4320981414,24098.249285645168
.IXIC,2025-10-24,23204.867,34.43842,30.65278,26.07877,26.930914328767123,673.8075382087795,861.644232227681,10107.113073131693,13476.15076417559,16845.18845521949,20214.226146263387,23583.263837307284,26952.30152835118,12924.663483415214,17232.88464455362,21541.105805692023,25849.326966830427,30157.548127968832,34465.76928910724,8323.964694316099,11974.618131567697,15625.271568819298,19275.9250060709,22926.578443322498,10141.214958052415,13648.488524896255,17155.762091740096,20663.035658583936,24170.309225427776
.IXIC,2025-10-31,23724.957,34.24184,31.27654,26.72609,27.48657616438356,692.864548166804,863.1470452381124,10392.968222502059,13857.29096333608,17321.6137041701,20785.936445004118,24250.25918583814,27714.58192667216,12947.205678571685,17262.940904762247,21578.67613095281,25894.41135714337,30210.14658333393,34525.88180952449,8559.3878219521,12313.291126505484,16067.194431058873,19821.09773561226,23575.001040165647,10158.902478273076,13672.29315952476,17185.68384077644,20699.074522028124,24212.465203279808
.IXIC,2025-11-07,23004.538,33.22256,30.17608,25.76731,26.41956638356164,692.4372474607616,870.7386664117817,10386.558711911424,13848.744949215232,17310.93118651904,20773.11742382285,24235.303661126654,27697.489898430464,13061.079996176724,17414.773328235635,21768.46666029454,26122.15999235345,30475.853324412357,34829.54665647127,8554.109109872967,12305.697321906906,16057.285533940847,19808.87374597479,23560.461958008727,10248.252884534413,13792.544825582225,17336.836766630036,20881.128707677846,24425.420648725656
.IXIC,2025-11-28,23365.686,31.88886,28.40314,23.92607,24.33084619178082,732.7225244176179,960.3318279942578,10990.837866264268,14654.450488352359,18318.06311044045,21981.675732528536,25645.288354616627,29308.900976704717,14404.977419913866,19206.636559885155,24008.295699856444,28809.954839827733,33611.61397979902,38413.27311977031,9051.778257328713,13021.629959237132,16991.481661145554,20961.333363053975,24931.185064962396,11302.729287202807,15211.705068326686,19120.680849450568,23029.65663057445,26938.63241169833
.IXIC,2025-12-12,23195.169,31.5592,30.27531,25.50827,25.756417287671237,734.9732882962813,900.5588293175689,11024.59932444422,14699.465765925626,18374.332207407035,22049.19864888844,25724.065090369848,29398.931531851253,13508.382439763533,18011.17658635138,22513.970732939222,27016.764879527065,31519.559026114912,36022.35317270276,9079.58334705959,13061.629568061588,17043.67578906359,21025.72201006559,25007.76823106759,10599.224516213391,14264.897724850085,17930.57093348678,21596.24414212347,25261.917350760163
.IXIC,2025-12-19,23307.62,31.71023,31.06795,25.27142,25.461990849315068,735.0189512974204,915.3887509399909,11025.284269461305,14700.379025948407,18375.47378243551,22050.56853892261,25725.66329540971,29400.758051896813,13730.831264099865,18307.775018799817,22884.71877349977,27461.66252819973,32038.606282899684,36615.550037599634,9080.147450587325,13062.441071303054,17044.73469201879,21027.02831273452,25009.32193345025,10773.766882260717,14499.804438686537,18225.841995112358,21951.879551538175,25677.917107963996
.IXIC,2025-12-26,23593.097,30.31387,31.51047,25.57904,25.660292465753425,778.2937975256871,919.4399101837078,11674.406962885307,15565.875950513742,19457.344938142178,23348.813925770613,27240.28291339905,31131.751901027485,13791.598652755616,18388.798203674156,22985.997754592692,27583.197305511232,32180.396856429772,36777.59640734831,9614.74861149692,13831.503049539995,18048.257487583072,22265.01192562615,26481.766363669223,10821.447439018599,14563.97500744604,18306.502575873485,22049.030144300923,25791.557712728365
.IXIC,2026-01-02,23235.629,29.84654,25.22161,,25.22161,778.5032703958315,921.258753901912,11677.549055937472,15570.065407916629,19462.581759895787,23355.098111874944,27247.6144638541,31140.130815833258,13818.88130852868,18425.17507803824,23031.4688475478,27637.76261705736,32244.056386566917,36850.35015607648,9617.336360485502,13835.225711408057,18053.115062330613,22271.00441325317,26488.893764175722,10842.854516825786,14592.785584582163,18342.71665233854,22092.647720094916,25842.57878785129
.IXIC,2026-01-09,23671.346,30.41868,25.62981,,25.62981,778.1845234572967,923.5864799622003,11672.76785185945,15563.690469145933,19454.61308643242,23345.5357037189,27236.458321005382,31127.380938291866,13853.797199433006,18471.729599244005,23089.661999055006,27707.59439886601,32325.526798677012,36943.45919848801,9613.39868078866,13829.561077735796,18045.723474682934,22261.885871630075,26478.04826857721,10870.250940381962,14629.65688393597,18389.062827489975,22148.468771043983,25907.87471459799
.IXIC,2026-01-16,23515.388,30.12813,25.49569,,25.49569,780.5126969380443,922.327969943155,11707.690454070666,15610.253938760887,19512.817423451106,23415.38090814133,27317.944392831552,31220.507877521773,13834.919549147326,18446.5593988631,23058.199248578876,27669.83909829465,32281.478948010426,36893.1187977262,9642.160059605381,13870.936376756801,18099.712693908223,22328.489011059646,26557.265328211066,10855.438770634126,14609.722021134186,18364.005271634247,22118.28852213431,25872.57177263437
.IXIC,2026-01-23,23501.244,29.43315,25.44039,,25.44039,798.4617344728647,923.7768760620414,11976.92601709297,15969.234689457295,19961.543361821616,23953.85203418594,27946.160706550265,31938.46937891459,13856.65314093062,18475.53752124083,23094.421901551035,27713.30628186124,32332.19066217145,36951.07504248166,9863.895712984946,14189.918961724636,18515.942210464327,22841.96545920402,27167.98870794371,10872.491827865966,14632.67276785496,18392.853707843955,22153.03464783295,25913.215587821942
.IXIC,2026-01-30,23461.816,29.03806,24.61685,,24.61685,807.9677499116676,953.0795369838139,12119.516248675014,16159.354998233353,20199.19374779169,24239.03249735003,28278.871246908366,32318.709996466707,14296.193054757208,19061.590739676278,23826.988424595347,28592.386109514417,33357.78379443349,38123.181479352555,9981.32944948865,14358.855784745427,18736.382120002207,23113.90845525899,27491.434790515767,11217.372663988239,15096.828409337926,18976.28415468761,22855.7399000373,26735.195645386986
.IXIC,2026-02-06,23031.213,28.45614,24.57383,,24.57383,809.3582966628643,937.2252107221381,12140.374449942965,16187.165933257285,20233.957416571608,24280.74889988593,28327.54038320025,32374.33186651457,14058.378160832071,18744.50421444276,23430.63026805345,28116.756321664143,32802.88237527483,37489.00842888552,9998.507740627285,14383.567984291216,18768.628227955152,23153.688471619087,27538.748715283018,11030.773456773602,14845.695073839353,18660.616690905106,22475.53830797086,26290.45992503661
.IXIC,2026-02-13,22546.671,27.8897,23.95146,,23.95146,808.422858618056,941.3485023459947,12126.34287927084,16168.45717236112,20210.5714654514,24252.68575854168,28294.80005163196,32336.91434472224,14120.22753518992,18826.970046919894,23533.712558649866,28240.45507037984,32947.19758210982,37653.94009383979,9986.951691136648,14366.943781181086,18746.935871225527,23126.92796126997,27506.920051314406,11079.302983378984,14911.008223174214,18742.713462969445,22574.418702764677,26406.12394255991
.IXIC,2026-02-20,22886.069,25.74612,,,23.32065312328767,888.9133197545882,981.364839098194,13333.699796318822,17778.266395091763,22222.832993864704,26667.399592637645,31111.966191410585,35556.532790183526,14720.47258647291,19627.29678196388,24534.12097745485,29440.94517294582,34347.76936843679,39254.59356392776,10981.300550027147,15797.385681409749,20613.47081279235,25429.555944174957,30245.64107555756,11550.279585623139,15544.869035494326,19539.458485365514,23534.047935236704,27528.63738510789
.IXIC,2026-03-06,22387.679,23.96821,,,22.689846246575343,934.0571949261126,986.6827107027686,14010.85792389169,18681.143898522252,23351.429873152814,28021.71584778338,32692.001822413942,37362.287797044504,14800.240660541529,19733.654214055372,24667.067767569217,29600.481321083058,34533.8948745969,39467.308428110744,11538.990990967195,16599.663239175312,21660.33548738343,26721.00773559155,31781.679983799662,11612.868850477713,15629.104392567697,19645.33993465768,23661.575476747665,27677.81101883765
.IXIC,2026-03-13,22105.359,23.54384,22.64061,19.69237,22.05903936986301,938.9020227796316,1002.0998026867966,14083.530341694473,18778.040455592632,23472.550569490788,28167.060683388947,32861.5707972871,37556.080911185265,15031.497040301949,20041.996053735933,25052.495067169915,30062.994080603898,35073.49309403788,40083.992107471866,11598.842170593261,16685.763438667433,21772.68470674161,26859.605974815786,31946.527242889955,11794.321981584822,15873.311914838529,19952.301848092236,24031.291781345943,28110.28171459965
.IXIC,2026-03-20,21647.611,23.03823,31.06,12.40258,27.02181868493151,939.6386354333646,801.1159889867668,14094.579531500469,18792.772708667293,23490.965885834114,28189.159063000938,32887.35224016776,37585.545417334586,12016.739834801501,16022.319779735335,20027.89972466917,24033.479669603003,28039.059614536836,32044.63955947067,11607.94200604384,16698.854202333838,21789.76639862384,26880.67859491384,31971.59079120384,9428.821254502158,12689.718069055203,15950.614883608247,19211.511698161292,22472.408512714333
.IXIC,2026-03-27,20948.357,21.22367,30.03,11.95611,25.771494410958905,987.0280210726986,812.8499133947023,14805.42031609048,19740.56042145397,24675.700526817465,29610.84063218096,34545.98073754445,39481.12084290794,12192.748700920534,16256.998267894047,20321.247834867558,24385.49740184107,28449.74696881458,32513.996535788094,12193.37263805455,17541.03800756279,22888.703377071037,28236.36874657928,33584.03411608752,9566.924946573261,12875.584029324742,16184.243112076225,19492.902194827708,22801.56127757919
.IXIC,2026-04-02,21879.182,22.11759,31.35,12.46582,26.59015189041096,989.2208870857992,822.830275290385,14838.313306286987,19784.417741715984,24730.52217714498,29676.626612573975,34622.73104800297,39568.83548343197,12342.454129355774,16456.6055058077,20570.756882259626,24684.908258711548,28799.059635163474,32913.2110116154,12220.462479348014,17580.008680390787,22939.554881433567,28299.101082476343,33658.64728351912,9684.389895049268,13033.67347008542,16382.957045121571,19732.24062015772,23081.524195193873
.IXIC,2026-04-10,22902.894,22.47015,32.82,20.89,29.551506849315068,1019.2586164311319,775.0161139593744,15288.879246466979,20385.17232862264,25481.4654107783,30577.758492933957,35674.051575089616,40770.34465724528,11625.241709390615,15500.322279187487,19375.40284898436,23250.48341878123,27125.563988578102,31000.644558374974,12591.537280963694,18113.826303455575,23636.115325947456,29158.40434843934,34680.69337093122,9121.635953270837,12276.294719267768,15430.953485264696,18585.612251261624,21740.271017258554
.IXIC,2026-04-17,24468.48,27.28832,35.04,22.270000000000003,31.296465753424656,896.6649467611052,781.8288554618185,13449.974201416577,17933.298935222105,22416.62366902763,26899.948402833154,31383.27313663868,35866.59787044421,11727.432831927277,15636.57710923637,19545.721386545465,23454.865663854554,27364.009941163647,31273.15421847274,11077.061232220289,15935.14426681849,20793.227301416693,25651.310336014896,30509.3933706131,9201.819251023911,12384.208891662092,15566.598532300271,18748.98817293845,21931.37781357663
.IXIC,2026-04-24,24836.599,26.61892,35.63,22.62,31.56660273972603,933.0430761278068,786.7998721555033,13995.646141917101,18660.861522556137,23326.07690319517,27991.292283834202,32656.507664473236,37321.723045112274,11801.99808233255,15735.997443110065,19669.99680388758,23603.9961646651,27537.995525442617,31471.99488622013,11526.462949064635,16581.640755511744,21636.81856195885,26691.996368405962,31747.17417485307,9260.326169500451,12462.950049280491,15665.57392906053,18868.19780884057,22070.82168862061
.IXIC,2026-05-01,25114.443,25.802194999999998,36.04,22.89,31.68068493150685,973.3452134595526,792.7367433594645,14600.17820189329,19466.90426919105,24333.630336488815,29200.35640378658,34067.082471084344,38933.8085383821,11891.051150391968,15854.73486718929,19818.41858398661,23782.102300783936,27745.78601758126,31709.46973437858,12024.340383245231,17297.873028182043,22571.405673118858,27844.938318055672,33118.470962992484,9330.200817070461,12556.990391535855,15783.779966001248,19010.56954046664,22237.359114932035
.IXIC,2026-05-08,26247.076,24.98547,37.63,24.02,32.85717808219178,1050.4935868726905,798.8231957821606,15757.403803090358,21009.87173745381,26262.339671817263,31514.807606180715,36767.275540544164,42019.74347490762,11982.347936732409,15976.463915643213,19970.579894554015,23964.695873464818,27958.81185237562,31952.927831286426,12977.402348420062,18668.920781001438,24360.439213582817,30051.9576461642,35743.476078745574,9401.835976968114,12653.40010791465,15904.964238861185,19156.52836980772,22408.092500754254
.IXIC,2026-05-15,26225.145,24.87686,,,33.2071717969863,1054.198359439254,789.7434072473479,15812.97539158881,21083.96718878508,26354.958985981353,31625.95078317762,36896.94258037389,42167.93437757016,11846.151108710219,15794.868144946959,19743.5851811837,23692.302217420438,27641.019253657178,31589.736289893917,13023.169714167447,18734.760407650378,24446.351101133314,30157.941794616247,35869.532488099176,9294.970424038998,12509.575795059352,15724.181166079708,18938.786537100063,22153.39190812042
.IXIC,2026-05-22,26343.97,24.81331,38.9890756,25.0267715,33.55716551178082,1061.6870542462896,785.0475330150127,15925.305813694344,21233.74108492579,26542.17635615724,31850.611627388687,37159.04689862014,42467.48216985158,11775.71299522519,15700.950660300256,19626.18832537532,23551.42599045038,27476.663655525444,31401.90132060051,13115.682230940385,18867.84627495381,24620.010318967234,30372.17436298066,36124.33840699408,9239.701824511592,12435.192908042653,15630.683991573713,18826.175075104773,22021.666158635835
.IXIC,2026-05-29,26972.62,27.8695,40.9983824,26.1634414,34.942474978082195,967.8185830388059,771.9149836100243,14517.278745582087,19356.371660776116,24195.464575970145,29034.557491164174,33873.6504063582,38712.74332155223,11578.724754150364,15438.299672200485,19297.874590250605,23157.449508300728,27017.02442635085,30876.59934440097,11956.066471345814,17199.656126336933,22443.245781328053,27686.835436319176,32930.425091310295,9085.136864308806,12227.172656583167,15369.208448857526,18511.244241131888,21653.280033406245
.IXIC,2026-06-05,25709.432,26.34346,37.02158208,23.65267744,31.307748864000004,975.932242765377,821.1843052555795,14638.983641480656,19518.644855307542,24398.306069134425,29277.967282961312,34157.628496788195,39037.289710615085,12317.764578833692,16423.68610511159,20529.60763138949,24635.529157667384,28741.45068394528,32847.37221022318,12056.29956948718,17343.84860173347,22631.39763397976,27918.94666622605,33206.49569847234,9665.017472751122,13007.601220899365,16350.18496904761,19692.768717195853,23035.352465344095
.IXIC,2026-06-12,25888.844,26.21886,37.5388238,24.076624920000004,31.526937724821916,987.4130301622573,821.1658305023735,14811.19545243386,19748.260603245148,24685.325754056434,29622.39090486772,34559.45605567901,39496.521206490295,12317.487457535603,16423.31661004747,20529.14576255934,24634.974915071205,28740.804067583074,32846.63322009494,12198.128895422935,17547.880223719803,22897.631552016675,28247.382880313548,33597.13420861041,9664.80003214565,13007.308579867602,16349.817127589557,19692.32567531151,23034.834223033464
.IXIC,2026-06-18,26517.931,26.30083,39.24653788,25.98757238,33.107455223835615,1008.2545303703342,800.9655475093264,15123.817955555014,20165.090607406684,25206.363259258356,30247.63591111003,35288.9085629617,40330.18121481337,12014.483212639896,16019.310950186527,20024.13868773316,24028.966425279792,28033.794162826423,32038.621900373055,12455.596943895345,17918.266412844598,23380.935881793856,28843.605350743113,34306.274819692364,9427.050617266666,12687.335068390063,15947.619519513457,19207.903970636853,22468.18842176025
.IXIC,2026-06-26,25297.618,26.30083,16.14959,13.13415,33.107455223835615,961.85626081002,764.1063871857797,14427.8439121503,19237.1252162004,24046.4065202505,28855.6878243006,33664.9691283507,38474.2504324008,11461.595807786694,15282.127743715593,19102.659679644494,22923.19161557339,26743.723551502288,30564.255487431186,11882.410186851752,17093.696296832997,22304.982406814244,27516.268516795495,32727.55462677674,8993.232744374978,12103.484091505316,15213.735438635653,18323.986785765992,21434.238132896327
.IXIC,2026-07-02,25832.672,26.30083,16.4552,13.39949,33.107455223835615,982.1998773422739,780.2675205734884,14732.998160134108,19643.99754684548,24554.99693355685,29465.996320268216,34376.995706979586,39287.99509369096,11704.012808602325,15605.350411469768,19506.688014337207,23408.02561720465,27309.363220072093,31210.700822939536,12133.727567805001,17455.23431113955,22776.7410544741,28098.24779780865,33419.7545411432,9183.442951233537,12359.477267506956,15535.511583780377,18711.545900053796,21887.580216327216
