Instrument,Date,Price,PE,Y1_PE,Y2_PE,Forward_PE,Source,EPS,Forward_EPS,Band_15x,Band_20x,Band_25x,Band_30x,Band_35x,Band_40x,Band_fwd_15x,Band_fwd_20x,Band_fwd_25x,Band_fwd_30x,Band_fwd_35x,Band_fwd_40x,SD_minus_2,SD_minus_1,SD_mean,SD_plus_1,SD_plus_2,SD_fwd_minus_2,SD_fwd_minus_1,SD_fwd_mean,SD_fwd_plus_1,SD_fwd_plus_2
.SOX,2006-06-02,474.65,26.90227,21.54201,18.63382,20.32296049315069,LSEG,17.643492537990287,23.355357117382976,264.6523880698543,352.86985075980573,441.0873134497572,529.3047761397086,617.5222388296601,705.7397015196115,350.3303567607446,467.10714234765953,583.8839279345744,700.6607135214892,817.4374991084042,934.2142846953191,123.08853983445739,276.0040053757759,428.9194709170944,581.8349364584128,734.7504019997313,206.80047348421368,315.4690143370053,424.137555189797,532.8060960425887,641.4746368953803
.SOX,2006-06-09,444.16,25.22279,20.10333,17.2567,18.855492191780822,LSEG,17.60947143436551,23.55600137521793,264.14207151548266,352.18942868731017,440.23678585913774,528.2841430309653,616.3315002027929,704.3788573746203,353.340020628269,471.12002750435863,588.9000343804482,706.680041256538,824.4600481326277,942.2400550087173,122.85119408447542,275.47180004015286,428.09240599583035,580.7130119515077,733.3336179071853,208.577082050446,318.17918682263445,427.78129159482296,537.3833963670114,646.9855011391999
.SOX,2006-06-16,453.53,25.76208,20.51711,17.64177,19.201543479452056,LSEG,17.604556774918795,23.619455409161834,264.0683516237819,352.0911354983759,440.11391937296986,528.1367032475638,616.1594871221578,704.1822709967518,354.2918311374275,472.38910818323666,590.4863852290458,708.583662274855,826.6809393206642,944.7782163664733,122.81690732102554,275.39491811388854,427.9729289067515,580.5509396996144,733.1289504924775,209.13893705433782,319.036282753276,428.93362845221424,538.8309741511525,648.7283198500907
.SOX,2006-06-23,445.41,25.29703,20.13229,17.30275,18.78341339726028,LSEG,17.607205272713834,23.71294240188351,264.1080790907075,352.14410545427666,440.18013181784585,528.216158181415,616.2521845449842,704.2882109085533,355.6941360282526,474.2588480376702,592.8235600470878,711.3882720565052,829.9529840659228,948.5176960753404,122.83538437287025,275.43634959340346,428.0373148139367,580.6382800344699,733.2392452550032,209.96671948824752,320.2990444100133,430.6313693317791,540.963694253545,651.2960191753107
.SOX,2006-06-30,441.72,24.65011,20.05425,17.24201,18.65968715068493,LSEG,17.919595490648927,23.67242260992495,268.7939323597339,358.39190981297855,447.98988726622315,537.5878647194678,627.1858421727125,716.7838196259571,355.08633914887423,473.448452198499,591.8105652481238,710.1726782977485,828.5347913473732,946.896904396998,125.01475196131136,280.32319108494175,435.6316302085722,590.9400693322026,746.248508455833,209.60793618553902,319.75172934366424,429.8955225017895,540.0393156599148,650.18310881804
.SOX,2006-07-07,424.24,23.64385,19.38832,16.67875,17.992705863013697,LSEG,17.94293230586389,23.57844357763217,269.14398458795836,358.85864611727783,448.5733076465973,538.2879691759167,628.0026307052362,717.7172922345557,353.67665366448256,471.56887155264343,589.4610894408042,707.3533073289651,825.245525217126,943.1377431052869,125.17755955187266,280.6882579478758,436.198956343879,591.7096547398821,747.2203531358854,208.775796977474,318.4823215355651,428.18884609365637,537.8953706517475,647.6018952098386
.SOX,2006-07-14,409.01,22.80363,18.70008,16.06748,17.293622465753423,LSEG,17.936179459147514,23.650915290302127,269.0426918872127,358.72358918295026,448.40448647868783,538.0853837744254,627.766281070163,717.4471783659005,354.7637293545319,473.0183058060425,591.2728822575532,709.5274587090638,827.7820351605744,946.036611612085,125.13044880890297,280.58262054431776,436.0347922797326,591.4869640151474,746.9391357505623,209.4174991967564,319.4612224210622,429.50494564536797,539.5486688696737,649.5923920939795
.SOX,2006-07-21,384.88,20.24627,17.65106,15.13229,16.257110575342466,LSEG,19.009921333658003,23.67456370652706,285.14882000487006,380.19842667316004,475.2480333414501,570.2976400097401,665.34724667803,760.3968533463201,355.1184555979059,473.4912741305412,591.8640926631765,710.2369111958118,828.6097297284471,946.9825482610825,132.62133074217263,297.37958165995104,462.1378325777295,626.8960834955079,791.6543344132864,209.62689456792924,319.7806498877293,429.9344052075293,540.0881605273294,650.2419158471293
.SOX,2006-07-28,412.21,21.13543,18.82964,16.61695,17.562647643835618,LSEG,19.503270101436307,23.47083471464413,292.5490515215446,390.0654020287261,487.5817525359077,585.0981030430892,682.6144535502707,780.1308040574522,352.06252071966196,469.4166942928826,586.7708678661032,704.1250414393239,821.4792150125446,938.8333885857652,136.06314246534504,305.097228019413,474.13131357348107,643.165399127549,812.199484681617,207.82297216279957,317.02881081551294,426.2346494682264,535.4404881209398,644.6463267736531
.SOX,2006-08-04,411.03,21.05485,18.73354,16.51199,17.418869315068495,LSEG,19.52186788317181,23.596824372775526,292.8280182475772,390.4373576634362,488.0466970792953,585.6560364951544,683.2653759110134,780.8747153268724,353.9523655916329,471.93648745551053,589.9206093193882,707.9047311832658,825.8888530471434,943.8729749110211,136.19288853421742,305.3881603412904,474.58343214836344,643.7787039554364,812.9739757625094,208.9385500931535,318.730597393539,428.5226446939246,538.3146919943101,648.1067392946956
.SOX,2006-08-11,405.39,20.77255,18.48697,16.31523,17.160126109589044,LSEG,19.515658886366865,23.623952260669512,292.734883295503,390.3131777273373,487.8914721591716,585.469766591006,683.0480610228402,780.6263554546746,354.3592839100427,472.47904521339024,590.5988065167378,708.7185678200854,826.8383291234329,944.9580904267805,136.14957192051907,305.2910305930934,474.43248926566775,643.5739479382421,812.7154066108164,209.17875451532984,319.0970233065297,429.01529209772957,538.9335608889295,648.8518296801293
.SOX,2006-08-18,445.87,22.75673,20.53422,18.17279,19.04619561643836,LSEG,19.59288526954444,23.409924426859252,293.89327904316656,391.8577053908888,489.822131738611,587.7865580863331,685.7509844340553,783.7154107817776,351.14886640288876,468.198488537185,585.2481106714813,702.2977328057775,819.3473549400738,936.39697707437,136.68833615450257,306.4991128949279,476.3098896353533,646.1206663757786,815.9314431162039,207.28364080979716,316.20607415796997,425.1285075061428,534.0509408543156,642.9733742024883
.SOX,2006-08-25,433.69,22.11943,20.06251,17.78908,18.586337643835616,LSEG,19.606743935083315,23.333806170460836,294.1011590262497,392.1348787016663,490.1685983770829,588.2023180524994,686.236037727916,784.2697574033326,350.00709255691254,466.6761234092167,583.3451542615209,700.0141851138251,816.6832159661293,933.3522468184334,136.7850201246157,306.71590938177184,476.6467986389279,646.5776878960841,816.5085771532401,206.60965019664275,315.1779181251432,423.7461860536437,532.3144539821443,640.8827219106447
.SOX,2006-09-01,444.52,22.66645,20.5245,18.17731,18.95541956164384,LSEG,19.611363932155232,23.450813027609428,294.17045898232846,392.2272786431046,490.2840983038808,588.3409179646569,686.3977376254331,784.4545572862093,351.7621954141414,469.01626055218856,586.2703256902357,703.5243908282828,820.77845596633,938.0325211043771,136.8172511974828,306.7881817900792,476.7591123826756,646.7300429752719,816.7009735678683,207.64568973727643,316.758370854246,425.87105197121554,534.9837330881852,644.0964142051547
.SOX,2006-09-08,438.69,22.32223,20.35229,17.83078,18.61832010958904,LSEG,19.652606392820072,23.562276156916028,294.7890958923011,393.05212785640146,491.3151598205018,589.5781917846022,687.8412237487025,786.1042557128029,353.4341423537404,471.24552313832055,589.0569039229007,706.8682847074808,824.679665492061,942.4910462766411,137.10497621856263,307.43335361819305,477.7617310178235,648.0901084174538,818.4184858170844,208.63264222962263,318.26394250363427,427.895242777646,537.5265430516577,647.1578433256692
.SOX,2006-09-15,463.65,23.59555,21.26697,18.73291,19.47577142465753,LSEG,19.64989161091816,23.80650244297848,294.7483741637724,392.9978322183632,491.24729027295405,589.4967483275448,687.7462063821356,785.9956644367264,357.09753664467723,476.1300488595696,595.162561074462,714.1950732893545,833.2275855042468,952.2600977191393,137.0860367404771,307.3908852306538,477.6957337208305,648.0005822110072,818.3054307011839,210.79514873042947,321.5627927567938,432.3304367831581,543.0980808095225,653.8657248358867
.SOX,2006-09-22,449.3,22.85181,20.59957,18.09446,18.780791506849315,LSEG,19.661462264914682,23.923379365355355,294.92193397372023,393.2292452982937,491.53655662286707,589.8438679474405,688.1511792720139,786.4584905965874,358.85069048033034,478.4675873071071,598.0844841338838,717.7013809606607,837.3182777874374,956.9351746142142,137.16675856481518,307.57188946442335,477.9770203640315,648.3821512636396,818.7872821632478,211.83003776104619,323.1414904112832,434.4529430615203,545.7643957117573,657.0758483619943
.SOX,2006-09-29,454.7,23.15079,20.89883,18.28585,18.95162298630137,LSEG,19.640798434956213,23.992668085929456,294.6119765243432,392.81596869912426,491.01996087390535,589.2239530486864,687.4279452234674,785.6319373982485,359.89002128894185,479.8533617185891,599.8167021482363,719.7800425778837,839.743383007531,959.7067234371782,137.02259886108877,307.2486371478731,477.4746754346575,647.7007137214418,817.9267520082262,212.44355611359472,324.07739750421797,435.7112388948413,547.3450802854646,658.9789216760879
.SOX,2006-10-06,451.32,22.94938,20.55077,18.22433,18.77247750684932,LSEG,19.665890756090143,24.041578946376763,294.9883613413521,393.3178151218028,491.6472689022536,589.9767226827042,688.306176463155,786.6356302436056,360.62368419565144,480.83157892753525,601.0394736594191,721.2473683913029,841.4552631231867,961.6631578550705,137.19765361075255,307.6411660716238,478.084678532495,648.5281909933661,818.9717034542374,212.8766382989018,324.73805368079184,436.5994690626819,548.460884444572,660.322299826462
.SOX,2006-10-13,471.27,23.9624,21.55085,19.11688,19.643684465753424,LSEG,19.667061730043734,23.99091681713819,295.00592595065604,393.3412346008747,491.67654325109334,590.0118519013121,688.3471605515307,786.6824692017494,359.8637522570728,479.81833634276376,599.7729204284548,719.7275045141456,839.6820885998366,959.6366726855275,137.20582282519928,307.6594840719112,478.11314531862314,648.566806565335,819.020467812047,212.42804946929843,324.0537425013575,435.67943553341655,547.3051285654757,658.9308215975346
.SOX,2006-10-20,447.23,21.32876,20.15979,18.41598,18.759964438356164,LSEG,20.96840135103963,23.839597429385556,314.52602026559447,419.3680270207926,524.2100337759907,629.0520405311889,733.8940472863871,838.7360540415852,357.59396144078335,476.7919485877111,595.989935734639,715.1879228815667,834.3859100284944,953.5838971754222,146.28452384951225,328.0168451202229,509.7491663909335,691.4814876616441,873.2138089323548,211.08818894490958,322.00981836590194,432.93144778689435,543.8530772078868,654.7747066288791
.SOX,2006-10-27,452.31,21.27726,20.33145,18.56939,18.883181506849315,LSEG,21.257906328164438,23.953061079031514,318.86859492246657,425.15812656328876,531.4476582041109,637.7371898449331,744.0267214857554,850.3162531265775,359.2959161854727,479.0612215806303,598.8265269757878,718.5918323709454,838.3571377661029,958.1224431612605,148.30423422331558,332.54568390260215,516.7871335818887,701.0285832611752,885.2700329404618,212.09285508433533,323.5424117463837,434.99196840843223,546.4415250704807,657.8910817325291
.SOX,2006-11-03,449.17,21.11349,20.29335,18.61241,18.879518273972604,LSEG,21.274076431703147,23.79139093920781,319.11114647554723,425.48152863406295,531.8519107925787,638.2222929510945,744.5926751096101,850.9630572681259,356.8708640881171,475.8278187841562,594.7847734801952,713.7417281762342,832.6986828722733,951.6556375683124,148.41704377217707,332.7986391116921,517.1802344512072,701.5618297907221,885.9434251302372,210.66134362014463,321.35867636603496,432.0560091119253,542.7533418578157,653.4506746037059
.SOX,2006-11-10,461.32,21.64484,20.94033,19.31412,19.541343863013697,LSEG,21.31316286006272,23.607383567572843,319.6974429009408,426.2632572012544,532.829071501568,639.3948858018816,745.9607001021952,852.5265144025088,354.1107535135926,472.14767135145684,590.1845891893211,708.2215070271852,826.2584248650495,944.2953427029137,148.68972739101076,333.4100832891897,518.1304391873686,702.8507950855475,887.5711509837264,209.032046693215,318.8732241475706,428.71440160192634,538.555579056282,648.3967565106376
.SOX,2006-11-17,483.25,22.50688,22.30028,20.24616,20.49377994520548,LSEG,21.4712123581767,23.58032541054274,322.06818537265053,429.424247163534,536.7803089544175,644.1363707453011,751.4924325361845,858.848494327068,353.7048811581411,471.6065082108548,589.5081352635685,707.4097623162822,825.311389368996,943.2130164217097,149.7923481959636,335.8825129645026,521.9726777330416,708.0628425015806,894.1530072701196,208.79245970435792,318.50774011385795,428.223020523358,537.938300932858,647.653581342358
.SOX,2006-11-24,489.33,22.78722,22.60969,20.52792,20.73894873972603,LSEG,21.473878779421096,23.59473501483105,322.1081816913164,429.4775755884219,536.8469694855274,644.2163633826328,751.5857572797383,858.9551511768439,353.92102522246574,471.89470029662095,589.8683753707762,707.8420504449315,825.8157255190866,943.7894005932419,149.81095028944648,335.9242248274961,522.0374993655457,708.1507739035953,894.2640484416451,208.92004983173493,318.70237570170065,428.48470157166645,538.2670274416322,648.0493533115979
.SOX,2006-12-01,474.09,22.62079,21.55761,19.39913,19.57653931506849,LSEG,20.958153981359626,24.217252721224458,314.3723097203944,419.16307962719253,523.9538495339906,628.7446194407888,733.5353893475869,838.3261592543851,363.2587908183669,484.34505442448915,605.4313180306115,726.5175816367338,847.603845242856,968.6901088489783,146.21303382176748,327.85654153689563,509.50004925202376,691.1435569671519,872.7870646822801,214.43214522755514,327.11094107949555,439.78973693143604,552.4685327833764,665.1473286353169
.SOX,2006-12-08,477.38,22.73173,21.72965,19.66501,19.79511060273973,LSEG,21.000601362060873,24.116056211069036,315.0090204309131,420.0120272412175,525.0150340515219,630.0180408618262,735.0210476721305,840.024054482435,361.7408431660356,482.3211242213807,602.9014052767259,723.4816863320711,844.0619673874163,964.6422484427615,146.5091648796668,328.5205623970529,510.53195991443897,692.543357431825,874.5547549492112,213.5360987184005,325.74404426209196,437.95198980578346,550.159935349475,662.3678808931663
.SOX,2006-12-15,475.84,22.64758,21.76302,19.76344,19.85109282191781,LSEG,21.0106333656841,23.970468742890557,315.1595004852615,420.212667313682,525.2658341421024,630.319000970523,735.3721677989436,840.425334627364,359.55703114335836,479.40937485781114,599.2617185722639,719.1140622867167,838.9664060011695,958.8187497156223,146.57915242181235,328.67749692551956,510.77584142922683,692.874185932934,874.9725304366413,212.2469915897294,323.7775431781971,435.3080947666648,546.8386463551325,658.3691979436002
.SOX,2006-12-22,463.67,21.86284,20.94527,19.23605,19.27819515068493,LSEG,21.208132154834416,24.0515253827341,318.12198232251626,424.1626430966883,530.2033038708604,636.2439646450325,742.2846254192045,848.3252861933767,360.7728807410115,481.03050765468197,601.2881345683525,721.545761482023,841.8033883956934,962.0610153093639,147.9569883306179,331.76704718009535,515.5771060295727,699.3871648790501,883.1972237285277,212.96470921718574,324.87240369128597,436.7800981653862,548.6877926394865,660.5954871135866
.SOX,2006-12-29,467.92,22.06399,21.13293,19.43432,19.443627452054795,LSEG,21.207406276018073,24.065468295657475,318.1110941402711,424.1481255203615,530.1851569004518,636.2221882805422,742.2592196606325,848.296251040723,360.9820244348621,481.30936591314946,601.6367073914369,721.9640488697243,842.2913903480116,962.6187318262989,147.95192428995767,331.75569197588635,515.559459661815,699.3632273477436,883.1669950336724,213.08816701660245,325.06073551489357,437.03330401318476,549.0058725114759,660.978441009767
.SOX,2007-01-05,469.09,22.12453,19.54312,,19.54312,LSEG,21.2022583078601,24.002820429900652,318.03387461790146,424.04516615720195,530.0564576965024,636.0677492358029,742.0790407751034,848.0903323144039,360.04230644850975,480.05640859801304,600.0705107475163,720.0846128970195,840.0987150465228,960.1128171960261,147.91600986528724,331.6751603108496,515.434310756412,699.1934612019743,882.9526116475367,212.53345024493538,324.2145287811968,435.8956073174583,547.5766858537198,659.2577643899813
.SOX,2007-01-12,482.51,22.74749,20.60731,,20.60731,LSEG,21.21157103487022,23.414506793948362,318.1735655230533,424.2314206974044,530.2892758717555,636.3471310461066,742.4049862204578,848.4628413948088,351.21760190922544,468.29013587896725,585.3626698487091,702.4352038184509,819.5077377881927,936.5802717579345,147.98097942656227,331.82084291593645,515.6607064053106,699.5005698946848,883.340433384059,207.3242154702035,316.2679698002274,425.2117241302513,534.1554784602752,643.099232790299
.SOX,2007-01-19,456.83,21.64073,19.69273,,19.69273,LSEG,21.10973151090559,23.197900951264753,316.64597266358385,422.1946302181118,527.7432877726397,633.2919453271677,738.8406028816956,844.3892604362236,347.9685142689713,463.9580190252951,579.9475237816188,695.9370285379426,811.9265332942664,927.9160380505901,147.2705034096823,330.22772769460045,513.1849519795186,696.1421762644367,879.0994005493549,205.40627473389688,313.34219858004866,421.2781224262005,529.2140462723523,637.1499701185041
.SOX,2007-01-26,462.78,22.17108,21.53504,16.98019,21.210584931506848,LSEG,20.873137438500965,21.81835161521512,313.09706157751447,417.4627487700193,521.8284359625242,626.1941231550289,730.5598103475338,834.9254975400386,327.2752742282268,436.3670323043024,545.458790380378,654.5505484564536,763.6423065325292,872.7340646086049,145.61992210651533,326.52659474197014,507.433267377425,688.3399400128798,869.2466126483347,193.1910277369859,294.70814100235776,396.2252542677297,497.7423675331016,599.2594807984735
.SOX,2007-02-02,466.49,23.64431,22.56607,16.81531,22.0461382739726,LSEG,19.729482484369388,21.159714876266218,295.9422372655408,394.58964968738775,493.2370621092347,591.8844745310817,690.5318869529286,789.1792993747755,317.3957231439933,423.1942975253244,528.9928719066554,634.7914462879866,740.5900206693176,846.3885950506487,137.64129666853083,308.63595617205584,479.6306156755809,650.6252751791059,821.6199346826309,187.35911565000026,285.8117031616491,384.26429067329804,482.71687818494695,581.1694656965958
.SOX,2007-02-09,463.19,23.76351,22.03336,17.68326,21.556636712328764,LSEG,19.49164917135558,21.487118152113702,292.3747375703337,389.83298342711157,487.2912292838895,584.7494751406674,682.2077209974452,779.6659668542231,322.30677228170555,429.74236304227406,537.1779538028426,644.6135445634111,752.0491353239796,859.4847260845481,135.98206989356964,304.9154372973343,473.8488047010989,642.7821721048635,811.7155395086282,190.25811445893515,290.23405423952835,390.20999402012154,490.1859338007148,590.161873581308
.SOX,2007-02-16,473.13,23.9317,22.73439,18.22114,22.15323178082192,LSEG,19.770012159604207,21.35715477908687,296.5501823940631,395.40024319208413,494.2503039901052,593.1003647881262,691.9504255861473,790.8004863841683,320.35732168630307,427.1430955817374,533.9288694771717,640.7146433726061,747.5004172680405,854.2861911634748,137.9240489940059,309.26997762088763,480.6159062477694,651.9618348746511,823.3077635015328,189.10735119111294,288.47859329827077,387.8498354054287,487.22107751258653,586.5923196197443
.SOX,2007-02-23,488.5,24.74742,23.2667,18.96788,22.63071019178082,LSEG,19.739431423558496,21.585712328966892,296.0914713533775,394.78862847116994,493.4857855889624,592.182942706755,690.8800998245474,789.5772569423399,323.78568493450337,431.71424657933784,539.6428082241723,647.5713698690067,755.4999315138413,863.4284931586757,137.71070471770545,308.7915912913227,479.8724778649399,650.9533644385572,822.0342510121744,191.13111855617717,291.56580042670583,392.0004822972346,492.43516416776333,592.8698460382919
.SOX,2007-03-02,461.34,23.35572,22.3448,18.0066,21.61978575342465,LSEG,19.7527629206036,21.338786853006724,296.29144380905404,395.055258412072,493.81907301509,592.5828876181081,691.3467022211261,790.110516824144,320.0818027951009,426.7757370601345,533.4696713251681,640.1636055902018,746.8575398552354,853.551474120269,137.8037109352418,309.0001410767,480.1965712181582,651.3930013596164,822.5894315010746,188.9447120248092,288.23049126725516,387.5162705097011,486.80204975214707,586.087828994593
.SOX,2007-03-09,475.05,24.2488,22.92594,18.83982,22.164690246575343,LSEG,19.590660156378874,21.43273804935757,293.8599023456831,391.8132031275775,489.76650390947185,587.7198046913662,685.6731054732606,783.626406255155,321.49107074036357,428.6547609871514,535.8184512339393,642.9821414807271,750.145831727515,857.3095219743028,136.67281281466916,306.46430458558734,476.2557963565055,646.0472881274237,815.838779898342,189.77660475897352,289.49952308550655,389.2224414120397,488.9453597385728,588.6682780651058
.SOX,2007-03-16,471.99,24.09766,22.83661,18.88933,22.02552506849316,LSEG,19.586549067419824,21.4292280675373,293.7982360112974,391.7309813483965,489.6637266854956,587.5964720225948,685.5292173596938,783.461962696793,321.4384210130595,428.58456135074596,535.7307016884324,642.876842026119,750.0229823638055,857.1691227014919,136.64413210216227,306.39999322451695,476.1558543468716,645.9117154692262,815.6675765915809,189.74552555523002,289.45211252785094,389.15869950047187,488.8652864730928,588.5718734457137
.SOX,2007-03-23,479.27,24.50774,23.41091,19.11517,22.44583964383562,LSEG,19.5558627600913,21.35228655309509,293.3379414013695,391.117255201826,488.89656900228255,586.675882802739,684.4551966031955,782.234510403652,320.28429829642636,427.04573106190185,533.8071638273773,640.5685965928527,747.3300293583281,854.0914621238037,136.43005131550134,305.9199554023778,475.4098594892543,644.8997635761308,814.3896676630072,189.06424538737514,288.41283645938034,387.7614275313856,487.11001860339087,586.458609675396
.SOX,2007-03-30,465.57,23.81018,22.76662,18.67966,21.770073589041097,LSEG,19.553401108265458,21.385779799769015,293.30101662398187,391.0680221653092,488.8350277066364,586.6020332479637,684.369038789291,782.1360443306183,320.7866969965352,427.7155959953803,534.6444949942254,641.5733939930705,748.5022929919155,855.4311919907606,136.4128777809434,305.881446826918,475.3500158728927,644.8185849188673,814.287153964842,189.36081200529836,288.865241509839,388.36967101437966,487.87410051892033,587.3785300234609
.SOX,2007-04-05,475.6,24.94181,23.43388,19.03082,22.28787808219178,LSEG,19.068383569596595,21.338953768775717,286.0257535439489,381.3676713919319,476.70958923991486,572.0515070878978,667.3934249358808,762.7353427838638,320.0843065316358,426.77907537551437,533.473844219393,640.1686130632716,746.8633819071501,853.5581507510287,133.02918827047344,298.29412911973156,463.55906996898966,628.8240108182478,794.0889516675059,188.94618998380105,288.2327458571917,387.51930173058236,486.80585760397304,586.0924134773636
.SOX,2007-04-13,472.44,24.73285,23.18592,18.80774,21.950433589041094,LSEG,19.101720990504532,21.523037259540466,286.525814857568,382.03441981009064,477.5430247626133,573.051629715136,668.5602346676586,764.0688396201813,322.845558893107,430.46074519080935,538.0759314885116,645.691117786214,753.3063040839163,860.9214903816187,133.26176435780815,298.81563934111637,464.3695143244246,629.9233893077328,795.477264291041,190.57616090907726,290.71922624348593,390.86229157789467,491.0053569123034,591.148422246712
.SOX,2007-04-20,487.31,25.54411,23.74346,19.09025,22.34112273972603,LSEG,19.077196269511838,21.81224308541514,286.15794404267757,381.5439253902367,476.92990673779593,572.3158880853551,667.7018694329143,763.0878507804734,327.1836462812271,436.2448617083028,545.3060771353785,654.3672925624542,763.4285079895299,872.4897234166056,133.09066942916303,298.4319896067947,463.7733097844263,629.114629962058,794.4559501396895,193.13693963854323,294.6256309441573,396.1143222497714,497.60301355538553,599.0917048609996
.SOX,2007-04-27,498.67,26.20324,24.24704,19.4729,22.71669923287671,LSEG,19.030852673180874,21.951692668374136,285.4627900977131,380.6170534636175,475.7713168295219,570.9255801954262,666.0798435613306,761.234106927235,329.27539002561207,439.0338533674827,548.7923167093534,658.5507800512241,768.3092433930948,878.0677067349654,132.76735670687899,297.7070187325008,462.6466807581226,627.5863427837444,792.5260048093663,194.3716987406266,296.5092254558866,398.64675217114666,500.78427888640675,602.9218056016667
.SOX,2007-05-04,505.61,26.62162,24.63916,19.7292,22.97111879452055,LSEG,18.992458009692875,22.010682393084245,284.8868701453931,379.84916019385753,474.8114502423219,569.7737402907862,664.7360303392506,759.6983203877151,330.16023589626366,440.2136478616849,550.2670598271061,660.3204717925273,770.3738837579485,880.4272957233698,132.49949913525606,297.1063961015265,461.713293067797,626.3201900340674,790.9270870003379,194.8940244297369,297.3060203932014,399.71801635666594,502.1300123201305,604.5420082835949
.SOX,2007-05-11,504.86,26.51838,24.5215,19.6691,22.779953698630138,LSEG,19.038116204685203,22.162468224435397,285.57174307027805,380.762324093704,475.95290511713006,571.1434861405561,666.3340671639821,761.524648187408,332.437023366531,443.24936448870795,554.0617056108849,664.874046733062,775.6863878552389,886.4987289774159,132.81803020505313,297.8206449765141,462.823259747975,627.825874519436,792.8284892908969,196.23801508823342,299.356244946224,402.4744748042147,505.59270466220534,608.7109345201959
.SOX,2007-05-18,491.71,25.71578,23.82892,19.15848,22.06310980821918,LSEG,19.120944416230035,22.28652280998135,286.81416624345053,382.4188883246007,478.0236104057509,573.6283324869011,669.2330545680512,764.8377766492014,334.2978421497202,445.730456199627,557.1630702495337,668.5956842994404,780.0282983493472,891.460912399254,133.39587518637984,299.1163588548894,464.83684252339896,630.5573261919085,796.2778098604181,197.3364588799448,301.0318938189634,404.72732875798204,508.4227636970006,612.1181986360192
.SOX,2007-05-25,480.63,25.16248,23.32159,18.78318,21.51866,LSEG,19.10105840123867,22.335498585878486,286.51587601858006,382.02116802477343,477.52646003096675,573.0317520371601,668.5370440433535,764.0423360495469,335.0324787881773,446.7099717175697,558.3874646469621,670.0649575763546,781.742450505747,893.4199434351394,133.25714185208435,298.8052741999232,464.3534065477621,629.901538895601,795.4496712434399,197.77011586039174,301.69342683132567,405.61673780225965,509.5400487731937,613.4633597441276
.SOX,2007-06-01,489.98,25.69191,23.93911,19.52197,22.09964347945205,LSEG,19.07137305089423,22.171398396339594,286.07059576341345,381.42746101788464,476.78432627235577,572.1411915268269,667.498056781298,762.8549220357693,332.5709759450939,443.4279679267919,554.2849599084899,665.1419518901878,775.9989438718858,886.8559358535838,133.05004416887317,298.3408947365938,463.6317453043144,628.922595872035,794.2134464397557,196.31708747273183,299.47686791569174,402.63664835865166,505.7964288016116,608.9562092445715
.SOX,2007-06-08,488.36,25.70211,23.82545,19.37499,21.886756465753425,LSEG,19.000774644571983,22.31303668792336,285.0116196685797,380.01549289143964,475.0193661142996,570.0232393371595,665.0271125600194,760.0309857828793,334.6955503188504,446.2607337584672,557.8259171980841,669.3911006377008,780.9562840773176,892.5214675169344,132.55751953237424,297.23649645058947,461.91547336880467,626.5944502870199,791.2734272052351,197.57122653880577,301.39002608380434,405.20882562880297,509.02762517380154,612.8464247188001
.SOX,2007-06-15,502.49,26.47752,24.54608,19.94546,22.45374323287671,LSEG,18.977985853660012,22.37889668499707,284.6697878049002,379.55971707320026,474.4496463415003,569.3395756098004,664.2295048781004,759.1194341464005,335.68345027495604,447.5779336999414,559.4724171249268,671.3669005499121,783.2613839748974,895.1558673998828,132.3985351934228,296.8800025446447,461.36146989586666,625.8429372470886,790.3244045983105,198.15438519101815,302.2796202037597,406.40485521650123,510.53009022924283,614.6553252419843
.SOX,2007-06-22,504.73,26.5477,24.70365,20.04111,22.49373378082192,LSEG,19.012193146675607,22.438693589871285,285.1828972001341,380.2438629335121,475.30482866689016,570.3657944002682,665.4267601336462,760.4877258670242,336.5804038480693,448.7738717974257,560.9673397467822,673.1608076961386,785.354275645495,897.5477435948515,132.63717988012033,297.4151205132123,462.1930611463043,626.9710017793963,791.7489424124883,198.6838580729239,303.08731800714855,407.4907779413732,511.8942378755979,616.2976978098225
.SOX,2007-06-29,501.16,26.08493,24.64408,20.10473,22.405496438356167,LSEG,19.212625834150217,22.36772576670338,288.18938751225323,384.25251668300433,480.3156458537554,576.3787750245065,672.4419041952576,768.5050333660087,335.5158865005507,447.3545153340676,559.1931441675845,671.0317730011014,782.8704018346183,894.7090306681353,134.03548391676293,300.55056687861344,467.0656498404639,633.5807328023144,800.0958157641649,198.05547207310786,302.1287306855375,406.20198929796715,510.27524791039673,614.3485065228264
.SOX,2007-07-06,514.65,26.76368,25.62098,20.52856,23.011986739726023,LSEG,19.2294183759483,22.364431451350963,288.4412756392245,384.588367518966,480.73545939870746,576.882551278449,673.0296431581904,769.176735037932,335.46647177026443,447.2886290270193,559.1107862837741,670.9329435405289,782.7551007972837,894.5772580540386,134.15263586077768,300.81325913111,467.47388240144227,634.1345056717746,800.7951289421069,198.02630249238763,302.08423321063617,406.1421639288847,510.2000946471333,614.2580253653819
.SOX,2007-07-13,529.89,27.32436,26.30456,21.14237,23.560820657534244,LSEG,19.392585956267595,22.490303190290298,290.88878934401396,387.8517191253519,484.81464890668985,581.7775786880279,678.7405084693659,775.7034382507038,337.35454785435445,449.80606380580593,562.2575797572574,674.7090957087089,787.1606116601604,899.6121276116119,135.29096259323035,303.36575295389645,471.44054331456255,639.5153336752286,807.5901240358947,199.1408363049133,303.7844270127049,408.42801772049654,513.0716084282882,617.7151991360797
.SOX,2007-07-20,536.87,28.56932,26.65348,21.52828,23.83110958904109,LSEG,18.791836837558613,22.528115948360355,281.8775525633792,375.8367367511722,469.7959209389653,563.7551051267584,657.7142893145515,751.6734735023445,337.9217392254053,450.5623189672071,563.2028987090089,675.8434784508106,788.4840581926125,901.1246379344142,131.09988014912213,293.9680011973991,456.83612224567605,619.7042432939529,782.5723643422299,199.4756501222885,304.2951772212233,409.1147043201581,513.934231419093,618.7537585180277
.SOX,2007-07-27,502.28,26.13638,25.05992,19.58988,21.94274652054795,LSEG,19.217657533292673,22.89047998297057,288.2648629993901,384.3531506658535,480.4414383323168,576.5297259987802,672.6180136652436,768.706301331707,343.35719974455856,457.80959965941145,572.2619995742643,686.7143994891171,801.16679940397,915.6191993188229,134.07058719912033,300.629279702289,467.18797220545764,633.7466647086263,800.305357211795,202.68420966408493,309.18975555094545,415.69530143780605,522.2008473246666,628.7063932115271
.SOX,2007-08-03,487.63,25.46191,24.39337,19.0251,21.231238356164383,LSEG,19.151351960634532,22.96757220750711,287.27027940951797,383.0270392126906,478.7837990158633,574.5405588190359,670.2973186222086,766.0540784253812,344.5135831126067,459.35144415014224,574.1893051876777,689.0271662252134,803.8650272627489,918.7028883002845,133.60801120381754,299.5920358803543,465.57606055689104,631.5600852334278,797.5441099099645,203.3668242974635,310.23106731361116,417.0953103297589,523.9595533459066,630.8237963620543
.SOX,2007-08-10,504.28,26.41978,24.8021,19.80165,21.760730410958903,LSEG,19.087214200875252,23.173854483581117,286.3082130131288,381.74428401750504,477.18035502188127,572.6164260262576,668.0524970306338,763.4885680350101,347.60781725371675,463.47708967162237,579.3463620895279,695.2156345074335,811.084906925339,926.9541793432447,133.16055879721355,298.5887039974363,464.0168491976591,629.4449943978818,794.8731395981047,205.19335480817682,313.0173944924761,420.8414341767754,528.6654738610747,636.4895135453739
.SOX,2007-08-17,487.81,25.64798,24.09981,19.21571,21.03553904109589,LSEG,19.01943154977507,23.18980269756788,285.2914732466261,380.38863099550144,475.48578874437675,570.5829464932522,665.6801042421275,760.7772619910029,347.8470404635182,463.79605395135764,579.745067439197,695.6940809270365,811.6430944148758,927.5921079027153,132.68767807180927,297.52835366383,462.3690292558507,627.2097048478714,792.0503804398921,205.33456858568894,313.2328126220964,421.13105665850384,529.0293006949113,636.9275447313187
.SOX,2007-08-24,495.72,26.10345,24.77511,19.85157,21.591670438356164,LSEG,18.990593197450913,22.9588535734311,284.8588979617637,379.8118639490183,474.7648299362728,569.7177959235274,664.670761910782,759.6237278980366,344.3828036014665,459.177071468622,573.9713393357774,688.765607202933,803.5598750700885,918.354142937244,132.48648940855745,297.0772241194517,461.667958830346,626.2586935412403,790.8494282521345,203.28962497886636,310.1133016599112,416.93697834095616,523.7606550220011,630.5843317030459
.SOX,2007-08-31,497.44,26.03424,24.80639,19.97434,21.589436164383564,LSEG,19.107145052054523,23.040898160213867,286.60717578081784,382.14290104109045,477.67862630136307,573.2143515616357,668.7500768219084,764.2858020821809,345.613472403208,460.81796320427736,576.0224540053467,691.226944806416,806.4314356074854,921.6359264085547,133.29960492790633,298.90049004230144,464.5013751566966,630.1022602710917,795.7031453854869,204.01609040211886,311.22150671941694,418.42692303671504,525.6323393540132,632.8377556713112
.SOX,2007-09-07,492.95,25.81861,24.52367,19.76791,21.266300136986303,LSEG,19.09281715785629,23.179866588201794,286.39225736784437,381.8563431571258,477.3204289464073,572.7845147356887,668.2486005249702,763.7126863142516,347.6979988230269,463.59733176403586,579.4966647050449,695.3959976460538,811.2953305870627,927.1946635280717,133.19964741824856,298.67635322932085,464.15305904039315,629.6297648514654,795.1064706625377,205.24658910795412,313.09860210190135,420.95061509584866,528.8026280897959,636.6546410837432
.SOX,2007-09-14,487.0,25.54646,24.20432,19.50191,20.89330802739726,LSEG,19.06330661860782,23.308898684755906,285.9495992791173,381.26613237215645,476.58266546519553,571.8991985582346,667.2157316512738,762.5322647443129,349.6334802713386,466.1779736951181,582.7224671188976,699.2669605426772,815.8114539664567,932.3559473902362,132.9937692919082,298.21470840385115,463.4356475157941,628.6565866277369,793.87752573968,206.38910636975146,314.84148396464394,423.29386155953654,531.7462391544291,640.1986167493216
.SOX,2007-09-21,501.13,26.4032,24.89617,20.08095,21.41338073972603,LSEG,18.979896376196827,23.402656782275642,284.6984456429524,379.5979275239365,474.4974094049207,569.3968912859048,664.2963731668889,759.195855047873,351.03985173413463,468.05313564551284,585.0664195568911,702.0797034682693,819.0929873796474,936.1062712910257,132.4118638146621,296.90988959061286,461.4079153665636,625.9059411425144,790.4039669184651,207.21928930648033,316.1079075291396,424.99652575179886,533.8851439744582,642.7737621971173
.SOX,2007-09-28,500.09,26.24326,24.65432,19.72375,20.993540630136987,LSEG,19.055940458616803,23.82113664438778,285.83910687925203,381.11880917233606,476.3985114654201,571.6782137585041,666.9579160515881,762.2376183446721,357.31704966581674,476.4227328877556,595.5284161096945,714.6340993316335,833.7397825535724,952.8454657755112,132.94237981357622,298.0994767025662,463.2565735915563,628.4136704805462,793.5707673695363,210.9247275574753,321.7604620568605,432.59619655624573,543.431931055631,654.2676655550162
.SOX,2007-10-05,498.85,26.82925,25.08655,20.03912,21.24220605479452,LSEG,18.593512677395008,23.483907401764704,278.90269016092515,371.8702535479002,464.8378169348752,557.8053803218503,650.7729437088253,743.7405070958004,352.25861102647053,469.67814803529404,587.0976850441176,704.5172220529411,821.9367590617646,939.3562960705881,129.71628609959535,290.8655393435412,452.01479258748697,613.1640458314328,774.3132990753785,207.9387245305608,317.205388193454,426.4720518563472,535.7387155192404,645.0053791821335
.SOX,2007-10-12,487.43,26.07286,24.56836,19.62564,20.70897589041096,LSEG,18.69491877761013,23.53713687144223,280.42378166415193,373.8983755522026,467.37296944025326,560.8475633283039,654.3221572163545,747.7967511044052,353.05705307163345,470.7427374288446,588.4284217860558,706.1141061432669,823.799790500478,941.4854748576892,130.42373836727478,292.4518743488495,454.4800103304243,616.508146311999,778.5362822935738,208.41004592707384,317.92437734221556,427.43870875735735,536.9530401724991,646.4673715876409
.SOX,2007-10-19,475.01,25.6229,23.54498,19.11463,20.0007,LSEG,18.53849486201796,23.749668761593345,278.0774229302694,370.76989724035917,463.462371550449,556.1548458605388,648.8473201706286,741.5397944807183,356.2450314239002,474.9933752318669,593.7417190398336,712.4900628478003,831.2384066557671,949.9867504637338,129.33245832031295,290.00487429219754,450.6772902640821,611.3497062359667,772.0221222078512,210.2919137697639,320.7951202541812,431.2983267385985,541.8015332230159,652.3047397074331
.SOX,2007-10-26,451.93,25.0444,22.65488,18.62387,19.35276495890411,LSEG,18.04515181038476,23.3522187118833,270.6772771557714,360.9030362076952,451.128795259619,541.3545543115428,631.5803133634665,721.8060724153904,350.28328067824947,467.044374237666,583.8054677970825,700.5665613564989,817.3276549159154,934.088748475332,125.89068647541023,282.2873173526132,438.6839482298161,595.080579107019,751.477209984222,206.7726844103812,315.4266227912629,424.0805611721446,532.7344995530264,641.3884379339079
.SOX,2007-11-02,457.93,25.31729,22.96406,18.88546,19.544740547945203,LSEG,18.08763892185933,23.42983263843549,271.31458382789,361.75277843718663,452.19097304648324,542.62916765578,633.0673622650766,723.5055568743733,351.44748957653235,468.59665276870976,585.7458159608872,702.8949791530647,820.0441423452421,937.1933055374195,126.18709471215408,282.95195973668643,439.7168247612188,596.4816897857512,753.2465548102836,207.45991846461948,316.47498136635056,425.4900442680817,534.5051071698128,643.5201700715439
.SOX,2007-11-09,436.3,24.14137,21.57475,17.68261,18.237106657534248,LSEG,18.07271086935,23.923751074831408,271.09066304025004,361.454217387,451.81777173375,542.1813260805001,632.5448804272501,722.908434774,358.85626612247114,478.4750214966282,598.0937768707852,717.7125322449423,837.3312876190993,956.9500429932564,126.08295024177845,282.71843441418224,439.353918586586,595.9894027589897,752.6248869313936,211.83332906998487,323.14651122177395,434.4596933735631,545.7728755253522,657.0860576771413
.SOX,2007-11-16,426.29,23.59701,21.5894,17.35281,17.875129315068495,LSEG,18.065424390632543,23.848219080610694,270.98136585948816,361.30848781265087,451.63560976581357,541.9627317189763,632.289853672139,722.6169756253017,357.7232862091604,476.96438161221386,596.2054770152673,715.4465724183208,834.6876678213742,953.9287632244277,126.0321166540443,282.6044491980028,439.17678174196124,595.7491142859196,752.3214468298781,211.16452952692734,322.12627403816083,433.0880185493944,544.0497630606279,655.0115075718613
.SOX,2007-11-23,413.48,23.13203,21.04139,16.94543,17.37185871232877,LSEG,17.874782282402368,23.801713267824024,268.12173423603554,357.49564564804734,446.8695570600592,536.2434684720711,625.6173798840829,714.9912912960947,357.02569901736035,476.0342653564805,595.0428316956006,714.0513980347207,833.0599643738408,952.068530712961,124.70211587996356,279.62216066575706,434.5422054515506,589.4622502373442,744.3822950231377,210.75274288390088,321.49810368533707,432.2434644867733,542.9888252882095,653.7341860896456
.SOX,2007-11-30,414.58,23.35955,21.08033,17.20306,17.532362383561644,LSEG,17.747773394607346,23.646556632248856,266.2166009191102,354.95546789214694,443.69433486518363,532.4332018382204,621.1720688112571,709.9109357842939,354.69834948373284,472.93113264497714,591.1639158062214,709.3966989674657,827.6294821287099,945.8622652899543,123.81604763066282,277.63531131185124,431.45457499303967,585.273838674228,739.0931023554166,209.37890537245127,319.40234849535057,429.42579161824983,539.4492347411491,649.4726778640484
.SOX,2007-12-07,429.07,24.07513,21.85757,17.90885,18.1684918630137,LSEG,17.82212598644327,23.616159405804858,267.3318897966491,356.4425197288654,445.5531496610818,534.6637795932982,623.7744095255146,712.8850394577308,354.24239108707286,472.3231881160972,590.4039851451214,708.4847821741457,826.56557920317,944.6463762321944,124.33476306879307,278.7984377797316,433.2621124906701,587.7257872016086,742.1894619125471,209.10975252714766,318.99176247790405,428.87377242866046,538.7557823794169,648.6377923301733
.SOX,2007-12-14,414.13,23.35662,21.11386,17.43054,17.60209189041096,LSEG,17.730733299595574,23.52731724037893,265.9609994939336,354.61466599191147,443.26833248988936,531.9219989878673,620.5756654858451,709.2293319838229,352.909758605684,470.54634480757863,588.1829310094732,705.819517211368,823.4561034132626,941.0926896151573,123.69716864969445,277.3687464882991,431.0403243269038,584.7119021655084,738.3834800041132,208.32309780878455,317.7917401353802,427.26038246197595,536.7290247885717,646.1976671151673
.SOX,2007-12-21,416.21,23.67776,20.879,17.42289,17.517577945205478,LSEG,17.578098603921994,23.759563182872306,263.6714790588299,351.5619720784399,439.45246509804986,527.3429581176598,615.2334511372698,703.1239441568798,356.3934477430846,475.19126365744614,593.9890795718077,712.7868954861692,831.5847114005308,950.3825273148923,122.6323238193365,274.98102267032425,427.329721521312,579.6784203722998,732.0271192232876,210.37952411950326,320.92876767873656,431.4780112379699,542.0272547972032,652.5764983564366
.SOX,2007-12-28,409.99,23.33545,20.58109,17.20465,17.232401561643837,LSEG,17.569406203865793,23.791808618977548,263.54109305798687,351.38812407731587,439.2351550966448,527.0821861159737,614.9292171353028,702.7762481546317,356.8771292846632,475.83617237955093,594.7952154744387,713.7542585693265,832.7133016642142,951.6723447591019,122.57168192384609,274.8450440806729,427.11840623749976,579.3917683943265,731.6651305511534,210.66504197396182,321.3643181134339,432.063594252906,542.7628703923781,653.4621465318501
.SOX,2008-01-04,372.85,21.25684,15.66302,,15.66302,LSEG,17.540236460358173,23.804477042102995,263.1035469053726,350.80472920716346,438.50591150895434,526.2070938107452,613.9082761125361,701.6094584143269,357.06715563154495,476.08954084205993,595.1119260525749,714.1343112630899,833.1566964736048,952.1790816841199,122.3681813341546,274.38873045532057,426.4092795764866,578.4298286976525,730.4503778188185,210.77721477814862,321.5354349555572,432.29365513296585,543.0518753103745,653.810095487783
.SOX,2008-01-11,353.89,20.27929,14.89079,,14.89079,LSEG,17.450808189044093,23.765696783045087,261.7621228356614,349.01616378088187,436.2702047261023,523.5242456713228,610.7782866165433,698.0323275617637,356.4854517456763,475.31393566090173,594.1424195761272,712.9709034913526,831.799387406578,950.6278713218035,121.74429151685975,272.98976927893386,424.23524704100794,575.480724803082,726.7262025651561,210.43383420405982,321.01161637127075,431.5893985384817,542.1671807056927,652.7449628729036
.SOX,2008-01-18,358.35,20.10362,15.1702,,15.1702,LSEG,17.825147908685103,23.62196938735152,267.37721863027656,356.50295817370204,445.6286977171276,534.7544372605531,623.8801768039787,713.0059163474041,354.3295408102728,472.4393877470304,590.549234683788,708.6590816205456,826.7689285573032,944.8787754940608,124.35584528907567,278.84571088288186,433.33557647668806,587.8254420704942,742.3153076643005,209.1611971241515,319.070239939954,428.97928275575646,538.888325571559,648.7973683873614
.SOX,2008-01-25,354.5,19.53212,15.23819,14.17133,15.165317049180327,LSEG,18.149591544594237,23.37570647882765,272.2438731689136,362.9918308918848,453.7397886148559,544.4877463378272,635.2357040607983,725.9836617837695,350.63559718241476,467.514129576553,584.3926619706912,701.2711943648295,818.1497267589677,935.028259153106,126.61930266956018,283.9211086725647,441.22291467556914,598.5247206785735,755.8265266815781,206.98065730930824,315.74388031165404,424.5071033139999,533.2703263163457,642.0335493186915
.SOX,2008-02-01,379.73,19.78554,16.54519,14.47596,16.364273715847,LSEG,19.19229902241738,23.204818410747635,287.8844853362607,383.84598044834763,479.8074755604345,575.7689706725214,671.7304657846083,767.6919608966953,348.0722761612145,464.0963682149527,580.1204602686909,696.144552322429,812.1686443761672,928.1927364299054,133.89367539612581,300.23258666904314,466.57149794196044,632.9104092148777,799.2493204877951,205.4675255162839,313.4356351356883,421.4037447550927,529.371854374497,637.3399639939014
.SOX,2008-02-08,349.74,18.52327,15.5192,13.40841,15.29427975409836,LSEG,18.881115483389273,22.867373006321614,283.2167322508391,377.62230966778543,472.02788708473184,566.4334645016781,660.8390419186245,755.2446193355709,343.0105950948242,457.3474601264323,571.6843251580403,686.0211901896485,800.3580552212564,914.6949202528646,131.7227261151366,295.3646217242437,459.00651733335087,622.648412942458,786.2903085515651,202.4796084803918,308.8776414988623,415.27567451733296,521.6737075358036,628.0717405542741
.SOX,2008-02-15,347.56,18.46062,15.48862,13.34353,15.219018524590163,LSEG,18.827103315056593,22.83721512254086,282.4065497258489,376.54206630113185,470.6775828764148,564.8130994516978,658.9486160269807,753.0841326022637,342.55822683811294,456.74430245081726,570.9303780635215,685.1164536762259,799.3025292889301,913.4886049016345,131.3459141591677,294.51968840014416,457.69346264112056,620.867236882097,784.0410111230734,202.21257489945373,308.4702883668598,414.7280018342659,520.985715301672,627.243428769078
.SOX,2008-02-22,351.88,18.65035,15.16653,12.94359,14.844628852459016,LSEG,18.8672062454592,23.704196547946093,283.008093681888,377.344124909184,471.68015613648004,566.016187363776,660.3522185910721,754.688249818368,355.5629482191914,474.0839309589219,592.6049136986524,711.1258964383828,829.6468791781133,948.1678619178438,131.62568933042198,295.1470341138452,458.6683788972685,622.1897236806917,785.711068464115,209.88927915084693,320.18091108808187,430.4725430253168,540.7641749625518,651.0558068997866
.SOX,2008-02-29,348.05,18.38473,15.00469,12.85169,14.65173918032787,LSEG,18.931471933501335,23.754859113743215,283.97207900252005,378.62943867002673,473.28679833753336,567.9441580050401,662.6015176725467,757.2588773400535,356.3228867061482,475.0971822748643,593.8714778435804,712.6457734122964,831.4200689810125,950.1943645497286,132.0740342193679,296.15236722857105,460.2307002377742,624.3090332469774,788.3873662561805,210.33787184596665,320.8652281642659,431.3925844825652,541.9199408008645,652.4472971191637
.SOX,2008-03-07,344.62,18.32978,14.96751,12.65873,14.54486448087432,LSEG,18.80109854018979,23.693586176286203,282.01647810284686,376.02197080379585,470.0274635047448,564.0329562056937,658.0384489066427,752.0439416075917,355.40379264429305,473.87172352572406,592.3396544071551,710.8075852885861,829.2755161700171,947.7434470514481,131.16449374253614,294.1128856083115,457.06127747408686,620.0096693398623,782.9580612056377,209.7953294042393,320.0375930701868,430.2798567361343,540.5221204020818,650.7643840680292
.SOX,2008-03-14,338.58,18.05673,14.91783,12.65422,14.460160218579237,LSEG,18.750903402775585,23.414678321819224,281.2635510416338,375.01806805551166,468.7725850693896,562.5271020832676,656.2816190971455,750.0361361110233,351.22017482728836,468.2935664363845,585.3669580454806,702.4403496545767,819.5137412636728,936.587132872769,130.81431102458495,293.32766358116027,455.8410161377356,618.3543686943109,780.8677212508862,207.32573426714296,316.2702866874443,425.21483910774566,534.1593915280471,643.1039439483484
.SOX,2008-03-20,339.89,18.25549,15.0256,12.69999,14.51726994535519,LSEG,18.61850873353714,23.412804286163183,279.2776310030571,372.3701746707428,465.46271833842854,558.5552620061142,651.6478056737999,744.7403493414856,351.19206429244775,468.25608572326365,585.3201071540796,702.3841285848955,819.4481500157115,936.5121714465273,129.89066926355966,291.25656235664195,452.6224554497242,613.9883485428065,775.3542416358888,207.30914058120413,316.24497342940793,425.1808062776118,534.1166391258157,643.0524719740195
.SOX,2008-03-28,339.28,18.19423,15.07995,12.81775,14.53603306010929,LSEG,18.64767016795984,23.34061835144513,279.7150525193976,372.95340335919684,466.191754198996,559.4301050387952,652.6684558785945,745.9068067183937,350.10927527167695,466.8123670289026,583.5154587861282,700.2185505433539,816.9216423005796,933.6247340578052,130.0941118855258,291.71274599975214,453.3313801139786,614.9500142282049,776.5686483424313,206.66996878847297,315.2699326471135,423.869896505754,532.4698603643945,641.0698242230351
.SOX,2008-04-04,369.07,19.7537,16.43659,14.06629,15.821348196721312,LSEG,18.683588391035606,23.327341981923077,280.2538258655341,373.67176782071215,467.0897097758901,560.5076517310682,653.9255936862462,747.3435356414243,349.91012972884613,466.5468396384615,583.1835495480769,699.8202594576923,816.4569693673077,933.093679276923,130.3446927510956,292.2746287116668,454.204564672238,616.1345006328091,778.0644365933804,206.5524129108423,315.0906040594132,423.6287952079842,532.1669863565551,640.705177505126
.SOX,2008-04-11,358.68,19.26755,16.20553,13.74925,15.520992950819672,LSEG,18.615755506019187,23.109346234259963,279.2363325902878,372.31511012038374,465.3938876504797,558.4726651805756,651.5514427106716,744.6302202407675,346.6401935138994,462.18692468519924,577.7336558564991,693.2803870277988,808.8271181990987,924.3738493703985,129.87146157243575,291.21349254940117,452.5555235263665,613.8975545033319,775.2395854802974,204.6221652332881,312.1460589043423,419.6699525753965,527.1938462464508,634.7177399175049
.SOX,2008-04-18,377.33,19.94161,17.23441,14.6291,16.458511666666666,LSEG,18.921742025844452,22.926131332045312,283.8261303876668,378.43484051688904,473.04355064611127,567.6522607753336,662.2609709045558,756.8696810337781,343.8919699806797,458.52262664090625,573.1532833011328,687.7839399613594,802.4145966215859,917.0452532818125,132.0061542277148,296.00015850462063,459.9941627815264,623.9881670584323,787.9821713353381,202.9998852425808,309.6713108487671,416.3427364549535,523.0141620611399,629.6855876673262
.SOX,2008-04-25,391.17,20.70208,18.30934,15.6143,17.45517431693989,LSEG,18.895202800877982,22.409973850583523,283.4280420131697,377.90405601755964,472.38007002194956,566.8560840263394,661.3320980307294,755.8081120351193,336.14960775875284,448.19947701167047,560.2493462645881,672.2992155175057,784.3490847704232,896.3989540233409,131.8210052589136,295.58499510233264,459.34898494575174,623.1129747891707,786.8769646325899,198.4295585709637,302.6993903980955,406.9692222252273,511.23905405235917,615.5088858794909
.SOX,2008-05-02,399.85,21.01414,18.68442,15.94478,17.763721311475408,LSEG,19.02766422989473,22.509360115985153,285.4149634484209,380.55328459789456,475.6916057473682,570.8299268968418,665.9682480463155,761.1065691957891,337.6404017397773,450.18720231970303,562.7340028996289,675.2808034795546,787.8276040594803,900.3744046394061,132.74511276466677,297.6571406759882,462.5691685873096,627.481196498631,792.3932244099525,199.30957623199052,304.04183560359195,408.77409497519346,513.506354346795,618.2386137183963
.SOX,2008-05-09,398.5,20.83315,18.55543,15.85591,17.59658409836066,LSEG,19.128168327881287,22.646440796263704,286.9225249182193,382.5633665576257,478.2042081970322,573.8450498364386,669.485891475845,765.1267331152515,339.69661194395553,452.9288159252741,566.1610199065926,679.3932238879111,792.6254278692296,905.8576318505482,133.4462722795365,299.2293653101552,465.0124583407739,630.7955513713925,796.5786444020113,200.52335983823832,305.893432514518,411.26350519079773,516.6335778670774,622.003650543357
.SOX,2008-05-16,421.67,22.03191,20.02437,17.36119,19.027496612021856,LSEG,19.139057848366303,22.16108658947718,287.08586772549455,382.78115696732607,478.4764462091576,574.1717354509891,669.8670246928206,765.5623139346521,332.4162988421577,443.2217317895436,554.0271647369295,664.8325976843154,775.6380306317012,886.4434635790872,133.5222422255725,299.3997143078955,465.27718639021856,631.1546584725415,797.0321305548646,196.2257813740536,299.33758271741493,402.44938406077637,505.56118540413775,608.6729867474991
.SOX,2008-05-23,400.39,20.96826,18.91137,16.15611,17.827333278688528,LSEG,19.095051282271392,22.459332180581455,286.42576923407086,381.9010256454278,477.3762820567848,572.8515384681417,668.3267948794987,763.8020512908556,336.88998270872185,449.1866436116291,561.4833045145364,673.7799654174437,786.0766263203509,898.3732872232582,133.21523362440763,298.71130250513727,464.20737138586696,629.7034402665965,795.1995091473262,198.86660288429454,303.36609070310516,407.8655785219158,512.3650663407265,616.8645541595371
.SOX,2008-05-30,415.2,21.72783,19.70619,17.01098,18.594231775956285,LSEG,19.109133309677034,22.32950546184351,286.6369996451555,382.1826661935407,477.72833274192584,573.273999290311,668.8196658386962,764.3653323870814,334.94258192765267,446.5901092368702,558.2376365460877,669.8851638553053,781.5326911645228,893.1802184737404,133.31347586230567,298.9315931284025,464.5497103944993,630.1678276605961,795.785944926693,197.71704962458753,301.6124755993402,405.5079015740929,509.4033275488456,613.2987535235983
.SOX,2008-06-06,405.48,21.03797,19.06299,16.33245,17.884232295081965,LSEG,19.27372270233297,22.672485646001373,289.10584053499457,385.47445404665945,481.84306755832426,578.2116810699891,674.580294581654,770.9489080933189,340.0872846900206,453.4497129200275,566.8121411500343,680.1745693800412,793.536997610048,906.899425840055,134.4617217649033,301.506328913712,468.5509360625207,635.5955432113294,802.6401503601381,200.75397447754804,306.2452294506129,411.7364844236778,517.2277393967427,622.7189943698075
.SOX,2008-06-13,393.81,20.40227,18.49171,15.8642,17.30717680327869,LSEG,19.30226391475066,22.754144392018706,289.5339587212599,386.0452782950132,482.5565978687665,579.0679174425198,675.5792370162732,772.0905565900264,341.3121658802806,455.0828878403741,568.8536098004677,682.6243317605612,796.3950537206547,910.1657756807482,134.66083745325324,301.9528101831433,469.24478291303336,636.5367556429234,803.8287283728134,201.47702346607937,307.34822282333727,413.2194221805952,519.090621537853,624.9618208951109
.SOX,2008-06-20,383.11,19.82775,18.02827,15.44661,16.81503087431694,LSEG,19.321909949439547,22.783782132993718,289.8286492415932,386.43819898879093,483.0477487359887,579.6572984831864,676.2668482303842,772.8763979775819,341.75673199490575,455.67564265987437,569.594553324843,683.5134639898115,797.4323746547801,911.3512853197487,134.79789658245824,302.2601407330448,469.7223848836314,637.1846290342179,804.6468731848045,201.7394514322128,307.7485502037139,413.757648975215,519.7667477467161,625.7758465182171
.SOX,2008-06-27,369.09,19.17016,17.46874,14.85621,16.19102724043716,LSEG,19.253360431003184,22.795959423636578,288.8004064650478,385.0672086200637,481.3340107750796,577.6008129300956,673.8676150851114,770.1344172401274,341.93939135454866,455.91918847273155,569.8989855909144,683.8787827090973,797.8585798272802,911.8383769454631,134.31966586297233,301.18779399589636,468.0559221288204,634.9240502617444,801.7921783946684,201.84727549407756,307.9130331468387,413.97879079959984,520.044548452361,626.1103061051222
.SOX,2008-07-03,354.62,18.53961,16.81209,14.14441,15.4636725136612,LSEG,19.127694703394518,22.932456677850308,286.91542055091776,382.5538940678904,478.19236758486295,573.8308411018355,669.4693146188081,765.1077881357808,343.9868501677546,458.64913355700617,573.3114169462577,687.9737003355092,802.6359837247608,917.2982671140123,133.44296807282225,299.2219562183832,465.0009443639441,630.779932509505,796.5589206550659,203.0558931426463,309.75674951692423,416.4576058912022,523.1584622654802,629.859318639758
.SOX,2008-07-11,345.69,18.16669,16.49168,13.84565,15.096369098360654,LSEG,19.028782898810956,22.89888368174167,285.43174348216434,380.57565797621913,475.7195724702739,570.8634869643287,666.0074014583835,761.1513159524383,343.48325522612504,457.97767363483337,572.4720920435417,686.9665104522501,801.4609288609585,915.9553472696667,132.7529170768323,297.6746404482642,462.5963638196961,627.518087191128,792.43981056256,202.75862038176942,309.30326726283147,415.8479141438936,522.3925610249556,628.9372079060176
.SOX,2008-07-18,365.87,19.60411,17.53603,14.73566,16.005773169398907,LSEG,18.662923233954515,22.858627079602687,279.9438485093177,373.2584646790903,466.5730808488629,559.8876970186354,653.2023131884081,746.5169293581806,342.8794061940403,457.17254159205373,571.4656769900672,685.7588123880806,800.051947786094,914.3450831841075,130.20052378879495,291.9513556344221,453.7021874800492,615.4530193256762,777.2038511713034,202.40216749854585,308.7595071938454,415.11684688914505,521.4741865844447,627.8315262797443
.SOX,2008-07-25,337.63,18.89753,16.48599,14.78792,15.525606147540984,LSEG,17.866356079339468,21.746654964159024,267.995341190092,357.32712158678936,446.6589019834867,535.990682380184,625.3224627768814,714.6542431735787,326.1998244623854,434.93309928318047,543.6663741039756,652.3996489247708,761.1329237455658,869.8661985663609,124.64333108839648,279.4903462990458,434.3373615096952,589.1843767203445,744.0313919309939,192.55618831615777,293.739709146392,394.92322997662626,496.1067508068605,597.2902716370946
.SOX,2008-08-01,338.18,19.40768,17.19952,15.18643,16.02246737704918,LSEG,17.42506059456875,21.10661186206652,261.3759089185312,348.50121189137496,435.62651486421873,522.7518178370624,609.8771208099062,697.0024237827499,316.59917793099777,422.13223724133036,527.665296551663,633.1983558619955,738.7314151723282,844.2644744826607,121.56466530048587,272.5869896598372,423.6093140191885,574.6316383785398,725.6539627378912,186.8889139560273,285.09442209145584,383.2999302268844,481.505438362313,579.7109464977415
.SOX,2008-08-08,367.19,20.92712,18.64219,16.45435,17.321117213114753,LSEG,17.546131526937295,21.198978996688542,263.1919729040594,350.9226305387459,438.6532881734324,526.3839458081188,614.1146034428053,701.8452610774918,317.98468495032813,423.9795799337708,529.9744749172136,635.9693699006563,741.964264884099,847.9591598675416,122.40930783651169,274.48094927108457,426.5525907056575,578.6242321402303,730.6958735748033,187.7067805841508,286.34205743138625,384.97733427862175,483.61261112585726,582.2478879730927
.SOX,2008-08-15,376.43,21.79166,19.1146,16.90794,17.739959344262296,LSEG,17.27403970142706,21.219327096245586,259.1105955214059,345.4807940285412,431.85099253567654,518.2211910428118,604.5913895499472,690.9615880570824,318.2899064436838,424.38654192491174,530.4831774061396,636.5798128873676,742.6764483685955,848.7730838498235,120.51107904587784,270.2245111815664,419.937943317255,569.6513754529436,719.3648075886322,187.8869532358363,286.6169063612754,385.3468594867146,484.0768126121538,582.8067657375929
.SOX,2008-08-22,366.2,21.14185,18.723,16.4224,17.24583879781421,LSEG,17.321095362988572,21.234107792217873,259.8164304448286,346.42190725977144,433.0273840747143,519.6328608896572,606.2383377046,692.8438145195429,318.5116168832681,424.68215584435745,530.8526948054468,637.0232337665362,743.1937727276255,849.3643116887149,120.83935943934752,270.9606211687823,421.0818828982172,571.203144627652,721.3244063570868,188.01782920189981,286.8165544148743,385.6152796278489,484.41400484082345,583.2127300537979
.SOX,2008-08-29,352.82,21.09192,18.14075,15.83348,16.615178032786886,LSEG,16.72773270522551,21.234801053818202,250.91599057838263,334.5546541045102,418.19331763063775,501.83198115676527,585.4706446828928,669.1093082090204,318.522015807273,424.69602107636405,530.870026345455,637.044031614546,743.2180368836371,849.3920421527281,116.6998081017036,261.678418689291,406.65702927687835,551.6356398644657,696.614250452053,188.02396770050962,286.8259185428829,385.6278693852563,484.42982022762965,583.2317710700029
.SOX,2008-09-05,331.29,19.71947,16.76503,14.81243,15.436621803278689,LSEG,16.800147265621238,21.461301845824526,252.00220898431857,336.00294531242474,420.00368164053094,504.00441796863714,588.0051542967433,672.0058906248495,321.91952768736786,429.2260369164905,536.5325461456132,643.8390553747357,751.1455646038584,858.452073832981,117.20500300473495,262.81122777874486,408.41745255275475,554.0236773267646,699.6299021007745,190.02952346212948,289.8853443200895,389.7411651780495,489.5969860360095,589.4528068939695
.SOX,2008-09-12,322.13,19.08992,16.39357,14.48915,15.061516666666666,LSEG,16.874350442537214,21.387620325974254,253.1152566380582,337.48700885074425,421.85876106343034,506.2305132761164,590.6022654888025,674.9740177014885,320.8143048896138,427.7524065194851,534.6905081493563,641.6286097792276,748.5667114090988,855.5048130389702,117.72267606056552,263.9720168910092,410.22135772145293,556.4706985518966,702.7200393823402,189.37710898113951,288.89010214395006,388.40309530676063,487.91608846957115,587.4290816323817
.SOX,2008-09-19,333.91,19.91426,16.74807,15.21166,15.644037677595628,LSEG,16.767381765629256,21.34423394276301,251.51072648443883,335.3476353125851,419.1845441407314,503.02145296887767,586.8583617970239,670.6952706251702,320.16350914144516,426.88467885526023,533.6058485690753,640.3270182828903,747.0481879967055,853.7693577105205,116.97641688198884,262.2986643383458,407.6209117947028,552.9431592510598,698.2654067074168,188.99294338924733,288.3040670223928,387.6151906555383,486.9263142886838,586.2374379218293
.SOX,2008-09-26,321.62,19.22271,16.21064,15.03177,15.340981803278687,LSEG,16.731251732976258,20.96475989113442,250.96877599464386,334.62503465952517,418.2812933244064,501.9375519892877,585.593810654169,669.2500693190503,314.4713983670163,419.2951978226884,524.1189972783606,628.9427967340326,733.7665961897047,838.5903956453768,116.72435834234012,261.7334682069612,406.74257807158233,551.7516879362034,696.7607978008245,185.63288286191943,283.17837768131045,380.72387250070153,478.2693673200926,575.8148621394836
.SOX,2008-10-03,284.74,17.06378,14.49084,13.6321,13.840919289617489,LSEG,16.686806791930042,20.572332952883592,250.30210187895062,333.73613583860083,417.17016979825104,500.60420375790125,584.0382377175515,667.4722716772017,308.5849942932539,411.4466590576718,514.3083238220898,617.1699885865078,720.0316533509257,822.8933181153436,116.41429145027624,261.03819873460293,405.66210601892965,550.2860133032564,694.9099205875831,182.1581307427223,277.87772914970924,373.59732755669626,469.3169259636832,565.0365243706701
.SOX,2008-10-10,246.11,14.84555,12.71905,12.20263,12.318330655737704,LSEG,16.578031800775317,19.979168190729276,248.67047701162977,331.56063601550636,414.45079501938295,497.34095402325954,580.2311130271361,663.1212720310127,299.6875228609391,399.5833638145855,499.4792047682319,599.3750457218782,699.2708866755246,799.166727629171,115.65543065200107,259.33658930672044,403.01774796143985,546.6989066161592,690.3800652708786,176.90594157468067,269.86564430271744,362.8253470307543,455.7850497587911,548.7447524868279
.SOX,2008-10-17,239.13,14.50748,12.49827,12.73023,12.682697213114754,LSEG,16.483221069406955,18.85482212354038,247.24831604110432,329.6644213881391,412.08052673517386,494.49663208220863,576.9127374292434,659.3288427762782,282.8223318531057,377.0964424708076,471.3705530885095,565.6446637062114,659.9187743239133,754.1928849416151,114.99399049441094,257.85342821750135,400.71286594059177,543.5723036636822,686.4317413867726,166.95039699079072,254.67870694153385,342.407016892277,430.1353268430201,517.8636367937631
.SOX,2008-10-24,212.33,13.07336,11.8463,11.77562,13.490225273224043,LSEG,16.24142531070819,15.739544425654728,243.62137966062286,324.82850621416384,406.0356327677048,487.2427593212457,568.4498858747867,649.6570124283277,236.0931663848209,314.79088851309456,393.4886106413682,472.1863327696418,550.8840548979155,629.5817770261891,113.30712000591151,254.0709232661696,394.83472652642763,535.5985297866857,676.3623330469438,139.36610873865064,212.59955654367582,285.833004348701,359.0664521537263,432.29989995875144
.SOX,2008-10-31,239.47,14.59848,13.88602,14.3801,14.297753333333333,LSEG,16.403762583501845,16.748785240385086,246.05643875252767,328.0752516700369,410.0940645875461,492.11287750505534,574.1316904225646,656.1505033400738,251.2317786057763,334.97570480770173,418.71963100962716,502.4635572115526,586.207483413478,669.9514096154035,114.43965415842432,256.6104282658941,398.78120237336384,540.9519764808337,683.1227505883035,148.302451578405,226.2317268184217,304.1610020584384,382.09027729845513,460.01955253847177
.SOX,2008-11-07,223.19,13.39032,12.92437,13.64245,13.536503770491803,LSEG,16.66801092132227,16.488009295763018,250.02016381983407,333.3602184264454,416.70027303305676,500.04032763966813,583.3803822462795,666.7204368528908,247.32013943644526,329.76018591526037,412.20023239407544,494.6402788728905,577.0803253517056,659.5203718305207,116.2831634288232,260.74416763157166,405.2051718343201,549.6661760370686,694.127180239817,145.99340579716971,222.70933451248277,299.4252632277959,376.14119194310894,452.857120658422
.SOX,2008-11-14,201.39,12.49216,12.29731,14.30447,14.046719945355193,LSEG,16.121311286438853,14.337154921821682,241.8196692965828,322.42622572877707,403.03278216097135,483.6393385931656,564.2458950253599,644.8524514575541,215.05732382732523,286.7430984364336,358.42887304554205,430.11464765465047,501.8004222637589,573.4861968728673,112.46915326950041,252.19193293992,391.9147126103396,531.6374922807591,671.3602719511788,126.94862302244582,193.65698879499024,260.3653545675347,327.07372034007915,393.7820861126236
.SOX,2008-11-21,180.22,12.40145,11.30121,12.55214,12.415426338797817,LSEG,14.532171641219373,14.515812432217343,217.98257461829058,290.64343282438745,363.3042910304843,435.96514923658117,508.62600744267803,581.2868656487749,217.73718648326016,290.31624864434684,362.89531080543355,435.4743729665203,508.05343512760703,580.6324972886937,101.38263635104259,227.33240434955755,353.2821723480725,479.23194034658746,605.1817083451025,128.53054949677212,196.0701785580564,263.60980761934064,331.14943668062494,398.6890657419092
.SOX,2008-11-28,198.24,12.31074,12.34548,13.64449,13.527366147540985,LSEG,16.103012491531786,14.654737503060508,241.54518737297678,322.0602498306357,402.57531228829464,483.09037474595357,563.6054372036125,644.1204996612714,219.8210625459076,293.09475006121016,366.3684375765127,439.6421250918152,512.9158126071178,586.1895001224203,112.34149306044648,251.90567778510723,391.46986250976795,531.0340472344287,670.5982319590894,129.76066429590793,197.94668830035326,266.13271230479864,334.318736309244,402.5047603136893
.SOX,2008-12-05,192.56,12.77658,12.02617,14.29628,14.135015355191255,LSEG,15.071325816454795,13.622907026364143,226.06988724682193,301.4265163290959,376.7831454113699,452.13977449364387,527.4964035759178,602.8530326581918,204.34360539546213,272.45814052728286,340.57267565910354,408.68721079092427,476.801745922745,544.9162810545657,105.14400616104386,235.7666024857617,366.38919881047957,497.01179513519736,627.6343914599153,120.62430084559558,184.00939152470204,247.3944822038085,310.779572882915,374.1646635620214
.SOX,2008-12-12,212.94,13.24242,14.19648,20.18511,19.874224836065576,LSEG,16.08014245130422,10.714380145965729,241.20213676956328,321.6028490260844,402.00356128260546,482.40427353912656,562.8049857956477,643.2056980521688,160.71570218948594,214.28760291931457,267.8595036491432,321.4314043789719,375.0033051088005,428.57520583862913,112.18194189156623,251.5479128645666,390.91388383756697,530.2798548105673,669.6458257835677,94.87069181341852,144.72289705919644,194.5751023049744,244.42730755075235,294.2795127965303
.SOX,2008-12-19,211.84,13.12951,14.16232,20.4094,20.20457770491804,LSEG,16.13464630439369,10.484752668126074,242.01969456590535,322.69292608787384,403.3661576098423,484.0393891318107,564.7126206537791,645.3858521757477,157.2712900218911,209.6950533625215,262.1188167031518,314.5425800437822,366.9663433844126,419.390106725043,112.56218405040691,252.40053780425558,392.2388915581042,532.0772453119529,671.9155990658015,92.83745074998461,141.62123803789842,190.40502532581223,239.18881261372604,287.9725999016398
.SOX,2008-12-26,202.0,12.49588,13.50781,19.53834,19.455955710382515,LSEG,16.16532809213917,10.382424950330469,242.47992138208755,323.30656184278337,404.13320230347927,484.9598427641751,565.786483224871,646.6131236855667,155.73637425495704,207.64849900660937,259.5606237582617,311.4727485099141,363.3848732615664,415.29699801321874,112.77623330652612,252.880504924802,392.9847765430779,533.0890481613537,673.1933197796296,91.93138794031171,140.2390616014564,188.54673526260112,236.85440892374584,285.1620825848905
.SOX,2009-01-02,221.91,13.8487,21.48387,,21.48387,LSEG,16.023886718608967,10.32914460942093,240.3583007791345,320.4777343721793,400.5971679652242,480.716601558269,560.8360351513138,640.9554687443587,154.93716914131394,206.58289218841858,258.22861523552325,309.8743382826279,361.5200613297325,413.16578437683717,111.78947787233271,250.66788259188638,389.54628731144004,528.4246920309937,667.3030967505474,91.45961610346438,139.51938531709072,187.57915453071706,235.6389237443434,283.69869295796974
.SOX,2009-01-09,215.28,13.26317,21.79319,,21.79319,LSEG,16.231413757043,9.878315198463374,243.471206355645,324.62827514086,405.78534392607503,486.94241271129,568.0994814965051,649.25655028172,148.1747279769506,197.5663039692675,246.95787996158435,296.3494559539012,345.74103194621813,395.132607938535,113.23727513140783,253.91430864433792,394.591342157268,535.2683756701981,675.9454091831282,87.46773812968505,133.4298740673116,179.39201000493816,225.3541459425647,271.31628188019124
.SOX,2009-01-16,214.42,13.52664,25.47859,,25.47859,LSEG,15.851682309871482,8.415693333108306,237.77523464807223,317.0336461974296,396.29205774678707,475.55046929614446,554.8088808455019,634.0672923948592,126.2353999966246,168.31386666216613,210.39233332770766,252.4707999932492,294.5492666587907,336.62773332433227,110.58810636502413,247.97402215282804,385.35993794063194,522.7458537284358,660.1317695162397,74.51692377203739,113.67372664930038,152.8305295265634,191.9873324038264,231.14413528108935
.SOX,2009-01-23,208.28,13.15614,26.7835,23.11527,26.552351260273976,LSEG,15.831391274340346,7.84412641872571,237.4708691151052,316.6278254868069,395.78478185850867,474.9417382302104,554.0986946019121,633.2556509736138,117.66189628088566,156.8825283745142,196.10316046814276,235.3237925617713,274.54442465539984,313.7650567490284,110.44654743445079,247.65660160427413,384.86665577409747,522.0767099439208,659.2867641137442,69.4559731760708,105.95337152042426,142.45076986477773,178.94816820913118,215.44556655348464
.SOX,2009-01-30,208.26,13.91257,31.82468,22.89854,31.09102465753425,LSEG,14.969196920482698,6.698396154323354,224.53795380724048,299.383938409654,374.22992301206745,449.07590761448097,523.9218922168944,598.767876819308,100.47594231485031,133.96792308646707,167.45990385808383,200.95188462970063,234.4438654013174,267.93584617293413,104.43151136144323,234.16896050573934,363.90640965003547,493.64385879433155,623.3813079386276,59.311081793217475,90.47759029428009,121.64409879534273,152.81060729640535,183.97711579746797
.SOX,2009-02-06,229.18,14.83615,35.6925,27.08743,34.82020523287672,LSEG,15.447403807591593,6.581810717864801,231.7110571138739,308.94807615183186,386.1850951897898,463.4221142277478,540.6591332657058,617.8961523036637,98.72716076797202,131.636214357296,164.54526794662004,197.45432153594405,230.36337512526805,263.272428714592,107.76768685766501,241.6497365457518,375.5317862338386,509.41383592192534,643.2958856100122,58.2787737304541,88.90282984250112,119.52688595454816,150.1509420665952,180.77499817864222
.SOX,2009-02-13,220.55,14.927,34.83448,26.39277,33.81684920547946,LSEG,14.775239498894623,6.5218967816866735,221.62859248341934,295.5047899778925,369.3809874723656,443.2571849668387,517.1333824613118,591.009579955785,97.8284517253001,130.43793563373347,163.04741954216684,195.6569034506002,228.2663873590336,260.87587126746695,103.07838154534096,231.13480923918038,359.19123693301975,487.24766462685915,615.3040923206986,57.748264592543386,88.09355125617215,118.43883791980092,148.7841245834297,179.12941124705844
.SOX,2009-02-20,197.28,13.53054,31.71595,24.52971,30.711845232876712,LSEG,14.58034934304174,6.423580169283147,218.7052401456261,291.6069868608348,364.50873357604354,437.4104802912522,510.31222700646094,583.2139737216696,96.35370253924721,128.47160338566295,160.58950423207867,192.70740507849442,224.82530592491014,256.9432067713259,101.71874457661791,228.08606684830272,354.45338911998755,480.8207113916723,607.1880336633571,56.87771819523394,86.76555422953669,116.65339026383944,146.5412262981422,176.42906233244491
.SOX,2009-02-27,199.0,13.69881,32.02974,24.50277,30.83367353424657,LSEG,14.526809262994377,6.453982843755974,217.90213894491563,290.53618525988753,363.17023157485943,435.80427788983127,508.43832420480317,581.0723705197751,96.80974265633961,129.0796568751195,161.34957109389936,193.61948531267922,225.8893995314591,258.159313750239,101.34522611016575,227.24851858457922,353.1518110589927,479.0551035334061,604.9583960078196,57.146919280217034,87.1762138354227,117.20550839062838,147.23480294583405,177.2640975010397
.SOX,2009-03-06,195.01,13.13889,28.7505,19.14042,27.03911589041096,LSEG,14.842197476346936,7.212144094887271,222.63296214520403,296.84394952693873,371.05493690867337,445.26592429040807,519.4769116721427,593.6878990538775,108.18216142330907,144.2428818977454,180.30360237218176,216.36432284661814,252.4250433210545,288.4857637954908,103.54550899514307,232.1822588826626,360.81900877018217,489.45575865770167,618.0925085452212,63.860073137095604,97.41696422946768,130.97385532183978,164.53074641421185,198.08763750658392
.SOX,2009-03-13,220.11,14.64885,30.21505,20.58168,28.31476879452055,LSEG,15.025752874799046,7.773681699375046,225.3862931219857,300.51505749598095,375.64382186997614,450.7725862439714,525.9013506179666,601.0301149919619,116.60522549062568,155.4736339875009,194.34204248437615,233.21045098125137,272.0788594781266,310.9472679750018,104.82606985493618,235.05368726182522,365.28130466871426,495.50892207560327,625.7365394824923,68.83221900939452,105.00184994586178,141.17148088232906,177.34111181879632,213.51074275526358
.SOX,2009-03-20,218.71,14.51427,29.98082,20.93265,28.022448958904107,LSEG,15.06861867665408,7.804813930457891,226.0292801498112,301.3723735330816,376.715466916352,452.0585602996224,527.4016536828927,602.7447470661632,117.07220895686837,156.09627860915782,195.12034826144728,234.14441791373673,273.1684875660262,312.19255721831564,105.12511999752037,235.72425364657917,366.32338729563793,496.9225209446967,627.5216545937556,69.10787996787161,105.42236392920428,141.73684789053695,178.05133185186963,214.3658158132023
.SOX,2009-03-27,240.07,15.5173,32.06612,23.06756,29.945911342465752,LSEG,15.47111933132697,8.016787241988562,232.06678996990453,309.4223866265394,386.77798328317425,464.13357993980907,541.4891765964439,618.8447732530788,120.25180862982842,160.33574483977122,200.41968104971403,240.50361725965683,280.58755346959964,320.67148967954245,107.93313648061871,242.02072769313682,376.1083189056549,510.195910118173,644.2835013306911,70.98480186507236,108.28556192349059,145.58632198190884,182.88708204032707,220.1878420987453
.SOX,2009-04-03,251.04,16.06995,33.69988,24.88165,31.45304331506849,LSEG,15.621703863422102,7.981421622235582,234.32555795133152,312.434077268442,390.54259658555253,468.65111590266304,546.7596352197736,624.868154536884,119.72132433353373,159.62843244471165,199.53554055588955,239.44264866706746,279.34975677824536,319.2568648894233,108.98367849418743,244.3763800061016,379.7690815180158,515.1617830299299,650.5544845418442,70.67165628253123,107.80786607200709,144.94407586148293,182.08028565095879,219.2164954404346
.SOX,2009-04-09,254.41,16.19825,33.82308,26.98124,31.96734805479452,LSEG,15.706017625360763,7.958433072518917,235.59026438041144,314.1203525072153,392.6504406340191,471.1805287608229,549.7106168876268,628.2407050144305,119.37649608778376,159.16866145037835,198.96082681297293,238.75299217556753,278.54515753816213,318.3373229007567,109.57188730956985,245.69533292618038,381.8187785427909,517.9422241594013,654.065669776012,70.46810371246228,107.49735165410696,144.52659959575166,181.55584753739637,218.58509547904103
.SOX,2009-04-17,254.81,16.68934,34.41514,27.67006,32.43781517808219,LSEG,15.26782964455155,7.855337932012505,229.01744466827327,305.356592891031,381.69574111378876,458.03488933654654,534.3740375593043,610.713185782062,117.83006898018758,157.1067586402501,196.38344830031264,235.66013796037515,274.93682762043767,314.2135172805002,106.51490079657195,238.84058817819735,371.1662755598228,503.49196294144815,635.8176503230736,69.55524574315383,106.10480936948112,142.65437299580842,179.2039366221357,215.75350024846298
.SOX,2009-04-24,253.65,17.78407,31.99828,25.36679,29.92707490410959,LSEG,14.26276437283479,8.475602804909235,213.94146559252184,285.2552874566958,356.56910932086976,427.8829311850437,499.19675304921765,570.5105749133916,127.13404207363853,169.5120560981847,211.89007012273086,254.26808414727705,296.6460981718232,339.0241121963694,99.50313617754546,223.11796182966623,346.732787481787,470.3476131339077,593.9624387860285,75.04739338003152,114.482944933718,153.9184964874045,193.35404804109098,232.78959959477743
.SOX,2009-05-01,258.19,18.13508,31.46801,24.9227,29.298194904109582,LSEG,14.237047754958898,8.812488306703985,213.55571632438347,284.74095509917794,355.92619387397247,427.11143264876694,498.2966714235614,569.4819101983559,132.18732460055978,176.2497661340797,220.31220766759964,264.37464920111955,308.43709073463947,352.4995322681594,99.3237260671601,222.71566678954414,346.1076075119282,469.4995482343122,592.8914889566963,78.03035274695418,119.03337576898522,160.03639879101627,201.03942181304734,242.04244483507836
.SOX,2009-05-08,249.65,17.55386,30.30065,23.32633,27.85486106849315,LSEG,14.221943207932615,8.96252899578742,213.32914811898922,284.4388641586523,355.5485801983154,426.65829623797845,497.7680122776415,568.8777283173046,134.4379349368113,179.2505799157484,224.06322489468548,268.8758698736226,313.6885148525597,358.5011598314968,99.21835029564984,222.47938049477204,345.74041069389426,469.0014408930164,592.2624710921386,79.35889100857888,121.06002807225344,162.76116513592802,204.46230219960262,246.16343926327718
.SOX,2009-05-15,242.28,16.66792,29.18642,22.61434,26.755650684931503,LSEG,14.535706914840006,9.055283418558366,218.0356037226001,290.7141382968001,363.3926728710002,436.0712074452002,508.7497420194002,581.4282765936002,135.8292512783755,181.10566837116733,226.38208546395916,271.658502556751,316.9349196495428,362.21133674233465,101.40729992980638,227.38770800767927,353.3681160855522,479.348524163425,605.3289322412979,80.18018688730942,122.31289464928257,164.44560241125575,206.5783101732289,248.71101793520205
.SOX,2009-05-22,250.46,17.39866,30.50088,23.6279,27.827008328767125,LSEG,14.395361481861247,9.000608223525,215.9304222279187,287.90722963722493,359.8840370465312,431.8608444558374,503.83765186514364,575.8144592744499,135.00912335287498,180.01216447049998,225.01520558812499,270.01824670574996,315.02128782337496,360.02432894099996,100.42819024499804,225.19222989840313,349.9562695518082,474.72030920521325,599.4843488586183,79.69606428691782,121.57437758019343,163.45269087346907,205.33100416674472,247.20931746002032
.SOX,2009-05-29,271.31,19.18059,32.55856,26.92269,30.25788978082192,LSEG,14.145028906827163,8.966586961790108,212.17543360240745,282.90057813654323,353.62572267067907,424.3508672048149,495.0760117389507,565.8011562730865,134.49880442685162,179.33173923580216,224.1646740447527,268.99760885370324,313.8305436626538,358.6634784716043,98.68176327949797,221.27618021398447,343.870597148471,466.46501408295745,589.059431017444,79.39482234914973,121.11484044479167,162.83485854043363,204.55487663607556,246.2748947317175
.SOX,2009-06-05,270.74,19.14813,31.20968,26.84255,29.343180602739725,LSEG,14.139239706436086,9.226675310539495,212.0885955965413,282.7847941287217,353.4809926609022,424.1771911930826,494.873389725263,565.5695882574435,138.40012965809242,184.53350621078988,230.66688276348737,276.80025931618485,322.93363586888233,369.06701242157976,98.64137534488626,221.18561750411175,343.7298596633372,466.27410182256267,588.8183439817882,81.69777979907322,124.62794515169594,167.55811050431868,210.4882758569414,253.41844120956412
.SOX,2009-06-12,274.79,20.50599,30.30095,27.10757,28.87486523287671,LSEG,13.400474690566025,9.516581212892593,201.00712035849037,268.0094938113205,335.0118672641506,402.01424071698074,469.01661416981085,536.018987622641,142.7487181933889,190.33162425785184,237.91453032231482,285.4974363867778,333.08034245124077,380.6632485157037,93.48743505282528,209.62882947177687,325.77022389072846,441.91161830968,558.0530127286316,84.26475736962243,128.54380603132867,172.82285469303494,217.1019033547412,261.38095201644745
.SOX,2009-06-19,264.47,19.90478,29.37457,26.05862,27.830154931506847,LSEG,13.28675825605709,9.503001354138723,199.30137384085634,265.7351651211418,332.16895640142724,398.6027476817127,465.03653896199813,531.4703302422836,142.54502031208085,190.06002708277447,237.57503385346808,285.0900406241617,332.6050473948553,380.12005416554894,92.6941006351216,207.84991912656392,323.00573761800626,438.16155610944855,553.317374600891,84.14451424056067,128.36037810794528,172.57624197532994,216.79210584271456,261.0079697100992
.SOX,2009-06-26,263.05,19.83104,28.78796,25.66597,27.27400868493151,LSEG,13.26455899438456,9.644713508701464,198.96838491576838,265.2911798876912,331.613974859614,397.93676983153676,464.25956480345957,530.5823597753824,144.67070263052196,192.8942701740293,241.11783771753662,289.3414052610439,337.56497280455125,385.7885403480586,92.53922910394425,207.5026474554472,322.46606580695016,437.42948415845314,552.3929025099561,85.39930732784902,130.27453396926617,175.14976061068336,220.02498725210054,264.90021389351773
.SOX,2009-07-02,263.81,19.77092,28.81033,25.6137,27.20763605479452,LSEG,13.343334553981302,9.696174980755504,200.15001830971954,266.86669107962604,333.58336384953253,400.3000366194391,467.0167093893456,533.7333821592521,145.44262471133257,193.92349961511007,242.4043745188876,290.88524942266514,339.3661243264427,387.84699923022015,93.08880105431217,208.73496412560777,324.3811271969034,440.02729026819895,555.6734533394946,85.85497395428862,130.96964215295293,176.08431035161726,221.19897855028157,266.31364674894587
.SOX,2009-07-10,259.04,19.22756,27.76313,24.49221,26.05149789041096,LSEG,13.472328262140387,9.94338218438286,202.0849239321058,269.44656524280776,336.80820655350965,404.1698478642116,471.53148917491353,538.8931304856155,149.1507327657429,198.86764368765722,248.5845546095715,298.3014655314858,348.01837645340015,397.73528737531444,93.98871625822919,210.75286279524593,327.51700933226266,444.2811558692794,561.0453024062962,88.04387504888143,134.30875670698754,180.57363836509367,226.8385200231998,273.1034016813059
.SOX,2009-07-17,290.49,22.96069,29.93488,25.78787,27.68526909589041,LSEG,12.65162327438766,10.49258358276605,189.7743491158149,253.0324654877532,316.2905818596915,379.5486982316298,442.8068146035681,506.0649309755064,157.38875374149075,209.851671655321,262.3145895691513,314.7775074829815,367.24042539681176,419.703343310642,88.26312772410974,197.91425596250647,307.5653842009032,417.21651243929995,526.8676406776967,92.90678973920333,141.7270129532814,190.54723616735947,239.36745938143756,288.1876825955156
.SOX,2009-07-24,300.88,24.24028,33.13752,24.82957,28.47141109589041,LSEG,12.412397876592186,10.567793741822276,186.18596814888278,248.24795753184372,310.30994691480464,372.37193629776556,434.43392568072653,496.49591506368745,158.51690612733415,211.35587483644554,264.1948435455569,317.0338122546683,369.8727809637797,422.7117496728911,86.59418917112434,194.17196016494864,301.74973115877293,409.3275021525972,516.9052731464216,93.57273958640454,142.74290299625306,191.91306640610162,241.08322981595018,290.25339322579873
.SOX,2009-07-31,301.74,24.09432,32.95596,24.34416,27.954037808219176,LSEG,12.523283495861266,10.79414723805235,187.84925243791898,250.4656699172253,313.0820873965317,375.69850487583795,438.3149223551443,500.9313398344506,161.91220857078525,215.88294476104699,269.8536809513088,323.8244171415705,377.79515333183224,431.76588952209397,87.36777461261683,195.90658696805696,304.4453993234971,412.9842116789372,521.5230240343774,95.57699111464798,145.8003391976584,196.02368728066884,246.2470353636793,296.47038344668965
.SOX,2009-08-07,298.53,24.52901,32.54896,24.02159,27.432538,LSEG,12.17048710893754,10.882332506018946,182.55730663406308,243.40974217875078,304.26217772343847,365.11461326812616,425.96704881281386,486.81948435750155,163.2349875902842,217.64665012037892,272.0583126504736,326.4699751805684,380.8816377106631,435.29330024075784,84.90651633102604,190.38765608385788,295.8687958366897,401.3499355895215,506.83107534235336,96.35782932141002,146.9914885954024,197.6251478693948,248.2588071433872,298.8924664173795
.SOX,2009-08-14,294.65,24.56012,31.90257,23.5543,26.733504191780824,LSEG,11.997091219424007,11.021750006517651,179.9563682913601,239.94182438848014,299.9272804856002,359.9127365827202,419.89819267984024,479.8836487769603,165.32625009776476,220.43500013035302,275.5437501629413,330.6525001955295,385.7612502281178,440.87000026070604,83.69683254491842,187.6751568483249,291.6534811517314,395.63180545513785,499.6101297585443,97.59230434871154,148.8746497580686,200.15699516742572,251.4393405767828,302.72168598613985
.SOX,2009-08-21,301.3,25.0654,31.34222,24.10824,26.724364273972604,LSEG,12.02055423013397,11.274356123540874,180.30831345200954,240.41108460267938,300.5138557533492,360.6166269040191,420.71939805468895,480.82216920535876,169.1153418531131,225.4871224708175,281.85890308852186,338.2306837062262,394.60246432393063,450.974244941635,83.86052052915346,188.04219783639346,292.22387514363345,396.4055524508735,500.5872297581135,99.82901022920225,152.28668933221425,204.74436843522625,257.2020475382383,309.65972664125024
.SOX,2009-08-28,311.18,24.15756,31.47317,24.44822,26.854024794520548,LSEG,12.881267810159635,11.587834687018498,193.2190171523945,257.6253562031927,322.03169525399085,386.438034304789,450.8443733555872,515.2507124063854,173.81752030527747,231.75669374036997,289.69586717546247,347.63504061055494,405.5742140456474,463.51338748073994,89.86522609144092,201.50667461483673,313.1481231382325,424.7895716616283,536.4310201850241,102.60471239588304,156.5209544277568,210.43719645963057,264.35343849150433,318.2696805233781
.SOX,2009-09-04,309.74,24.04705,30.83906,23.53329,25.89515536986301,LSEG,12.880582025653876,11.961310738474191,193.20873038480815,257.61164051307753,322.0145506413469,386.4174607696163,450.82037089788565,515.2232810261551,179.41966107711286,239.22621476948382,299.0327684618548,358.8393221542257,418.6458758465967,478.45242953896764,89.86044176581643,201.4959466214983,313.1314514771802,424.766956332862,536.4024611885438,105.91166351154666,161.56562667314554,217.21958983474443,272.87355299634334,328.52751615794216
.SOX,2009-09-11,321.24,25.03326,31.64746,23.5286,25.9976231780822,LSEG,12.832527605273945,12.356514201299278,192.48791407910917,256.65055210547894,320.8131901318486,384.97582815821835,449.1384661845881,513.3011042109579,185.34771301948916,247.13028402598556,308.91285503248196,370.6954260389783,432.47799704547475,494.2605680519711,89.52519360423955,200.7442126622318,311.9632317202241,423.1822507782163,534.4012698362086,109.41100042273438,166.90377869768506,224.39655697263578,281.8893352475865,339.38211352253717
.SOX,2009-09-18,326.48,25.06337,31.97125,23.70227,26.05836293150685,LSEG,13.026181235803486,12.528799328573976,195.3927185370523,260.5236247160697,325.65453089508713,390.7854370741046,455.916343253122,521.0472494321394,187.93198992860965,250.57598657147952,313.2199832143494,375.8639798572193,438.50797650008917,501.15197314295904,90.87620404416222,203.7736116072891,316.671019170416,429.5684267335428,542.4658342966698,110.93650250414669,169.23089444304108,227.52528638193547,285.8196783208299,344.11407025972426
.SOX,2009-09-25,321.05,24.74168,30.46809,22.74374,24.796512465753423,LSEG,12.97607923148307,12.947385260060408,194.64118847224603,259.5215846296614,324.40198078707675,389.28237694449206,454.1627731019074,519.0431692593228,194.21077890090612,258.9477052012081,323.6846315015102,388.42155780181224,453.15848410211424,517.8954104024162,90.52667106245234,202.98984649729096,315.45302193212956,427.91619736696816,540.3793728018068,114.64287994852312,174.88488168706735,235.12688342561162,295.36888516415587,355.6108869027001
.SOX,2009-10-02,306.59,23.58327,29.21175,21.61564,23.48865342465753,LSEG,13.000317598026058,13.052685245811196,195.00476397039085,260.00635196052116,325.00793995065146,390.0095279407817,455.011115930912,520.0127039210423,195.79027868716793,261.0537049162239,326.3171311452799,391.58055737433585,456.84398360339185,522.1074098324478,90.69576826014858,203.36901667775416,316.0422650953597,428.7155135129653,541.3887619305709,115.57526076384092,176.30720559106697,237.03915041829308,297.7710952455192,358.50304007274525
.SOX,2009-10-09,326.44,24.77179,30.0928,22.49938,24.226102904109588,LSEG,13.177893079184024,13.474721926679525,197.66839618776035,263.5578615836805,329.4473269796006,395.3367923755207,461.2262577714408,527.115723167361,202.12082890019286,269.4944385335905,336.8680481669881,404.2416578003857,471.61526743378334,538.988877067181,91.93461066275516,206.14689888846706,320.35918711417895,434.57147533989087,548.7837635656027,119.31219293715876,182.00780331939288,244.703413701627,307.39902408386115,370.0946344660952
.SOX,2009-10-16,322.83,25.91653,28.89543,21.32976,22.90507758904109,LSEG,12.456528709669078,14.094254810752428,186.84793064503617,249.13057419338156,311.41321774172695,373.69586129007234,435.97850483841773,498.2611483867631,211.41382216128642,281.8850962150486,352.3563702688107,422.82764432257284,493.298918376335,563.7701924300972,86.90206471183242,194.86231592436334,302.8225671368943,410.78281834942516,518.7430695619561,124.79785916445698,190.37605165340682,255.95424414235669,321.53243663130655,387.11062912025636
.SOX,2009-10-23,316.41,30.8879,23.14175,18.64214,19.49275120547945,LSEG,10.24381715817521,16.232187886903134,153.65725737262815,204.8763431635042,256.0954289543802,307.3145147452563,358.5336005361323,409.7526863270084,243.482818303547,324.6437577380627,405.80469717257836,486.965636607094,568.1265760416097,649.2875154761253,71.46524383513992,160.24800984870697,249.03077586227406,337.8135418758411,426.5963078894082,143.72823005124857,219.25386486182754,294.77949967240653,370.3051344829855,445.83076929356446
.SOX,2009-10-30,296.61,29.48009,21.26165,16.83921,17.59041898630137,LSEG,10.061366841146008,16.86202018445306,150.92050261719012,201.22733682292017,251.53417102865018,301.84100523438025,352.14783944011026,402.45467364584033,252.93030276679588,337.24040368906117,421.55050461132646,505.86060553359175,590.170706455857,674.4808073781223,70.19239249535543,157.39386868738586,244.5953448794163,331.79682107144674,418.9982972634772,149.3050926397479,227.76123099230742,306.217369344867,384.67350769742654,463.12964604998604
.SOX,2009-11-06,301.76,30.26871,21.67762,17.18697,17.86364328767123,LSEG,9.969371010525391,16.892410755216023,149.54056515788088,199.38742021050783,249.23427526313478,299.08113031576175,348.9279853683887,398.77484042101565,253.38616132824035,337.84821510432045,422.3102688804006,506.7723226564807,591.2343764325608,675.6964302086409,69.55059028768213,155.95474218369117,242.3588940797002,328.76304597570925,415.16719787171826,149.5741865521916,228.17172710913175,306.7692676660719,385.36680822301213,463.9643487799523
.SOX,2009-11-13,317.5,31.704,22.69431,17.71595,18.370638438356163,LSEG,10.014509210194298,17.28301392819805,150.21763815291447,200.29018420388596,250.36273025485744,300.43527630582895,350.50782235680043,400.5803684077719,259.24520892297073,345.66027856396096,432.07534820495124,518.4904178459415,604.9054874869317,691.3205571279219,69.86549364800258,156.6608565699015,243.45621949180045,330.25158241369934,417.0469453355983,153.03279010559214,233.4477414024792,313.8626926993663,394.2776439962534,474.6925952931404
.SOX,2009-11-20,307.97,30.77528,21.97227,16.92165,17.48897991780822,LSEG,10.007057612473389,17.60937467178451,150.10586418710085,200.14115224946778,250.1764403118347,300.2117283742017,350.24701643656863,400.28230449893556,264.1406200767677,352.1874934356902,440.2343667946128,528.2812401535354,616.3281135124579,704.3749868713804,69.81350811957472,156.54428833302939,243.27506854648408,330.0058487599387,416.7366289733934,155.92255779191484,237.85601063082188,319.78946346972896,401.722916308636,483.656369147543
.SOX,2009-11-27,309.82,31.22831,22.18558,17.02154,17.5025738630137,LSEG,9.921126055172374,17.701396516012377,148.8168908275856,198.42252110344748,248.02815137930935,297.6337816551712,347.2394119310331,396.84504220689496,265.52094774018565,354.02793032024755,442.5349129003094,531.0418954803713,619.5488780604331,708.0558606404951,69.21401287275168,155.2000276118491,241.1860423509465,327.1720570900439,413.15807182914136,156.73736703938508,239.0989820120829,321.46059698478075,403.82221195747866,486.18382693017645
.SOX,2009-12-04,335.21,35.75759,23.38433,17.9649,18.36578934246576,LSEG,9.374513215236261,18.251870025805015,140.61769822854393,187.49026430472523,234.36283038090653,281.23539645708786,328.10796253326913,374.98052860945046,273.7780503870752,365.0374005161003,456.29675064512537,547.5561007741504,638.8154509031756,730.0748010322006,65.40060823205314,146.64915068726373,227.89769314247434,309.1462355976849,390.3947780528955,161.61154566544883,246.53442111413224,331.45729656281566,416.3801720114991,501.3030474601825
.SOX,2009-12-11,335.24,35.18617,22.75553,17.54235,17.828003698630138,LSEG,9.527607011504806,18.80412443630798,142.91410517257208,190.55214023009611,238.19017528762015,285.82821034514416,333.4662454026682,381.10428046019223,282.0618665446197,376.08248872615957,470.1031109076995,564.1237330892394,658.1443552707793,752.1649774523191,66.46865594425262,149.0440563941309,231.6194568440092,314.1948572938875,396.7702577437658,166.50149331222477,253.9939154677838,341.4863376233429,428.9787597789019,516.4711819344609
.SOX,2009-12-18,344.83,41.65707,23.81617,17.82218,18.035664575342462,LSEG,8.277826549010769,19.119339825793602,124.16739823516153,165.55653098021537,206.9456637252692,248.33479647032306,289.72392921537687,331.11306196043074,286.79009738690405,382.38679651587205,477.98349564484005,573.5801947738081,669.1768939027761,764.7735930317441,57.74965363159902,129.49325528454315,201.2368569374873,272.9804585904314,344.72406024337556,169.29257423929056,258.2516404824389,347.2107067255873,436.1697729687357,525.128839211884
.SOX,2009-12-24,361.06,43.10009,24.32274,17.8183,17.94304268493151,LSEG,8.377244687888123,20.12256261883703,125.65867031832184,167.54489375776245,209.43111719720306,251.31734063664368,293.20356407608426,335.0897875155249,301.83843928255544,402.4512523767406,503.06406547092575,603.6768785651109,704.2896916592961,804.9025047534813,58.44323703188801,131.04849183864778,203.65374664540755,276.2590014521673,348.8642562589271,178.17563038648694,271.8025232238667,365.42941606124646,459.05630889862624,552.6832017360059
.SOX,2009-12-31,359.91,43.24342,24.36756,17.83369,17.83369,LSEG,8.322884730208665,20.181465529567912,124.84327095312997,166.4576946041733,208.07211825521662,249.68654190625995,291.3009655573033,332.9153892083466,302.7219829435187,403.62931059135826,504.5366382391978,605.4439658870374,706.351293534877,807.2586211827165,58.06399874888821,130.19811791073744,202.33223707258665,274.46635623443586,346.6004753962851,178.69718737949387,272.5981455342625,366.49910368903124,460.4000618437999,554.3010199985686
.SOX,2010-01-08,367.68,44.0722,18.14671,,18.14671,LSEG,8.342674066645186,20.261523989748007,125.14011099967779,166.85348133290373,208.56685166612965,250.28022199935558,291.9935923325815,333.70696266580745,303.9228598462201,405.23047979496016,506.5380997437002,607.8457196924402,709.1533396411802,810.4609595899203,58.20205761229177,130.50769018552643,202.8133227587611,275.1189553319957,347.4245879052304,179.4060666052942,273.6795232839333,367.95297996257244,462.2264366412116,556.4998933198507
.SOX,2010-01-15,344.67,38.3994,16.70423,,16.70423,LSEG,8.975921498773419,20.633695776459017,134.63882248160127,179.51842997546837,224.39803746933546,269.27764496320253,314.15725245706966,359.03685995093673,309.50543664688524,412.67391552918036,515.8423944114754,619.0108732937705,722.1793521760657,825.3478310583607,62.619862171493985,140.41382567910742,218.20778918672087,296.0017526943343,373.79571620194776,182.7014690828705,278.70657836717066,374.7116876514709,470.7167969357712,566.7219062200713
.SOX,2010-01-22,329.49,38.30697,15.66256,,15.66256,LSEG,8.601306759579263,21.036790920513635,129.01960139368893,172.02613519158524,215.03266898948158,258.03920278737786,301.0457365852742,344.0522703831705,315.55186380770454,420.7358184102727,525.9197730128409,631.1037276154091,736.2876822179772,841.4716368205454,60.00638974540895,134.55358183748953,209.10077392957012,283.6479660216507,358.19515811373134,186.27068304225108,284.1513261027682,382.03196916328545,479.9126122238027,577.7932552843198
.SOX,2010-01-29,316.07,29.42779,13.80132,12.22964,13.67644679452055,LSEG,10.74052791595971,23.110534830335684,161.10791873939564,214.8105583191942,268.51319789899276,322.2158374787913,375.9184770585899,429.6211166383884,346.6580224550353,462.21069660671367,577.763370758392,693.3160449100706,808.868719061749,924.4213932134273,74.9305102365689,168.01824912341777,261.1059880102666,354.1937268971155,447.2814657839644,204.63268968084867,312.16211368914253,419.69153769743644,527.2209617057304,634.7503857140241
.SOX,2010-02-05,320.01,31.04058,13.66477,12.08338,13.508797287671232,LSEG,10.30940787833217,23.689007480485053,154.64111817498255,206.18815756664338,257.73519695830424,309.2822363499651,360.82927574162596,412.37631513328677,355.3351122072758,473.7801496097011,592.2251870121263,710.6702244145516,829.1152618169768,947.5602992194022,71.92283271406662,161.27407095536273,250.62530919665883,339.97654743795493,429.327785679251,209.75478725132513,319.9757470173057,430.19670678328634,540.417666549267,650.6386263152475
.SOX,2010-02-12,332.84,32.57624,14.15949,12.54056,13.968766739726028,LSEG,10.217262642956952,23.82744348170911,153.25893964435429,204.34525285913904,255.4315660739238,306.51787928870857,357.6041925034933,408.6905057182781,357.41165222563666,476.5488696341822,595.6860870427278,714.8233044512733,833.9605218598189,953.0977392683644,71.27998819501144,159.83260725507253,248.38522631513362,336.9378453751947,425.4904644352558,210.98057157380455,321.84565072442587,432.71072987504726,543.5758090256686,654.44088817629
.SOX,2010-02-19,343.54,33.80062,14.5701,12.78339,14.325345205479453,LSEG,10.16371889036355,23.981272009319245,152.45578335545324,203.27437780727098,254.09297225908873,304.91156671090647,355.73016116272424,406.54875561454196,359.7190801397887,479.6254401863849,599.5318002329811,719.4381602795773,839.3445203261736,959.2508803727698,70.90644410730951,158.9950015402852,247.08355897326086,335.1721164062365,423.2606738392122,212.34264932689865,323.9234666935066,435.5042840601146,547.0851014267226,658.6659187933305
.SOX,2010-02-26,338.86,32.77472,14.3737,12.61281,14.098711698630137,LSEG,10.33906620712549,24.034820148349045,155.08599310688237,206.78132414250982,258.47665517813726,310.17198621376474,361.86731724939216,413.56264828501963,360.52230222523565,480.6964029669809,600.8705037087261,721.0446044504713,841.2187051922166,961.3928059339618,72.12974188339574,161.73802771007456,251.34631353675337,340.9545993634321,430.562885190111,212.8167923875209,324.6467602211718,436.4767280548228,548.3066958884738,660.1366637221246
.SOX,2010-03-05,351.53,32.44951,14.68218,12.96619,14.381294082191785,LSEG,10.833137387898924,24.443558277227368,162.49706081848387,216.66274775797848,270.8284346974731,324.99412163696775,379.15980857646235,433.32549551595696,366.65337415841054,488.87116554454735,611.0889569306842,733.3067483168211,855.5245397029579,977.7423310890947,75.57659346817927,169.46697505655834,263.3573566449374,357.24773823331645,451.13811982169557,216.43597226810496,330.16772973540907,443.89948720271326,557.6312446700174,671.3630021373215
.SOX,2010-03-12,355.37,32.24696,14.62598,13.0353,14.316560054794522,LSEG,11.020263615547016,24.822303586886356,165.30395423320525,220.40527231094032,275.5065903886754,330.6079084664105,385.70922654414557,440.81054462188064,372.33455380329536,496.44607173772715,620.5575896721589,744.6691076065907,868.7806255410225,992.8921434754543,76.8820659576163,172.39426330351534,267.9064606494144,363.4186579953134,458.93085534121246,219.78958013518863,335.2835757026693,450.77757127014996,566.2715668376306,681.7655624051113
.SOX,2010-03-19,355.67,32.29837,14.67989,13.09,14.340132684931508,LSEG,11.01201082283719,24.802420438810522,165.18016234255785,220.2402164567438,275.30027057092974,330.3603246851157,385.42037879930166,440.4804329134876,372.0363065821578,496.0484087762104,620.0605109702631,744.0726131643156,868.0847153583683,992.0968175524208,76.82449095073932,172.2651616622987,267.70583237385813,363.1465030854175,458.58717379697697,219.61352440562845,335.0150070357945,450.41648966596057,565.8179722961266,681.2194549262925
.SOX,2010-03-26,362.89,32.47936,14.94042,13.35735,14.571759863013698,LSEG,11.172941831366135,24.903649484445175,167.59412747049203,223.45883662732268,279.3235457841534,335.18825494098405,391.0529640978147,446.91767325464536,373.55474226667764,498.0729896889035,622.5912371111294,747.1094845333553,871.6277319555811,996.145979377807,77.94721440309785,174.7826679240273,271.6181214449567,368.45357496588616,465.28902848681565,220.5098590008302,336.3823433213472,452.25482764186427,568.1273119623813,683.9997962828983
.SOX,2010-04-01,366.93,33.69443,14.95467,13.3852,14.563377479452054,LSEG,10.889930472187837,25.19539169521037,163.34895708281755,217.79860944375673,272.2482618046959,326.6979141656351,381.1475665265743,435.59721888751346,377.9308754281555,503.90783390420734,629.8847923802592,755.861750856311,881.8387093323629,1007.8156678084147,75.9728062816438,170.35541132889117,264.73801637613855,359.12062142338584,453.50322647063325,223.0930962006874,340.3230078638771,457.5529195270669,574.7828311902566,692.0127428534463
.SOX,2010-04-09,375.76,34.66673,14.93411,13.39729,14.51727389041096,LSEG,10.839210966826117,25.883647497220487,162.58816450239175,216.78421933652234,270.98027417065293,325.1763290047835,379.3723838389141,433.5684386730447,388.2547124583073,517.6729499444098,647.0911874305122,776.5094249166146,905.927662402717,1035.3458998888195,75.61896534892271,169.56198641030602,263.5050074716893,357.44802853307255,451.39104959445586,229.18727086984777,349.61952079581835,470.051770721789,590.4840206477596,710.9162705737302
.SOX,2010-04-16,393.75,27.98323,15.32669,13.4443,14.780023315068494,LSEG,14.070927480494568,26.640688692186632,211.06391220741853,281.41854960989133,351.7731870123642,422.12782441483705,492.48246181730985,562.8370992197827,399.6103303827995,532.8137738437326,666.0172173046658,799.220660765599,932.4241042265321,1065.6275476874653,98.16480007919678,220.11698282560937,342.069165572022,464.02134831843455,585.9735310648472,235.89050716716525,359.8451421977162,483.7997772282672,607.7544122588182,731.7090472893692
.SOX,2010-04-23,400.42,26.14929,14.74161,13.10124,14.233769424657536,LSEG,15.31284405809871,28.131690773797544,229.69266087148065,306.2568811619742,382.82110145246776,459.3853217429613,535.9495420334548,612.5137623239484,421.97536160696313,562.6338154759509,703.2922693449386,843.9507232139263,984.609177082914,1125.2676309519018,106.82894057203556,239.5447661300346,372.2605916880336,504.97641724603267,637.6922428040317,249.0926147133433,379.9846311678991,510.87664762245504,641.768664077011,772.6606805315668
.SOX,2010-04-30,376.07,22.41356,13.4555,11.86121,12.9313498630137,LSEG,16.778682190602474,29.082037373038442,251.68023285903712,335.57364381204945,419.46705476506185,503.36046571807424,587.2538766710866,671.1472876240989,436.23056059557666,581.6407474607688,727.0509343259611,872.4611211911533,1017.8713080563455,1163.2814949215376,117.0552534732401,262.47544127456416,407.89562907588817,553.3158168772121,698.7360046785362,257.5074775522786,392.8212965819301,528.1351156115816,663.448934641233,798.7627536708844
.SOX,2010-05-07,346.75,20.77215,12.1989,10.76632,12.910283109147151,LSEG,16.693024073097874,26.858435021794513,250.3953610964681,333.8604814619575,417.32560182744686,500.7907221929362,584.2558425584256,667.720962923915,402.8765253269177,537.1687004358903,671.4608755448628,805.7530506538354,940.045225762808,1074.3374008717806,116.45766585922847,261.13545807830565,405.81325029738287,550.4910425164601,695.1688347355373,237.8185463675954,362.7863183754837,487.75409038337204,612.7218623912604,737.6896343991486
.SOX,2010-05-14,353.86,21.25495,12.36136,10.89073,12.889216355280602,LSEG,16.64835720620373,27.45395765313743,249.72535809305595,332.9671441240746,416.20893015509324,499.4507161861119,582.6925022171306,665.9342882481492,411.80936479706145,549.0791530627486,686.3489413284358,823.6187295941229,960.88851785981,1098.1583061254971,116.14605071766046,260.4367169337265,404.72738314979244,549.0180493658585,693.3087155819245,243.09161333519992,370.8302517900279,498.5688902448559,626.3075286996839,754.0461671545117
.SOX,2010-05-21,349.11,21.2694,12.04542,10.63436,12.868149601414054,LSEG,16.413721120482947,27.12977473945726,246.20581680724422,328.27442240965894,410.34302801207366,492.41163361448844,574.4802392169031,656.5488448193179,406.9466210918589,542.5954947891453,678.2443684864315,813.8932421837178,949.5421158810042,1085.1909895782906,114.5091291658953,256.7662135271483,399.02329788840126,541.2803822496542,683.5374666109071,240.22112928703896,366.4513992753959,492.68166926375284,618.9119392521098,745.1422092404666
.SOX,2010-05-28,355.66,21.76021,12.19498,10.76063,12.847082847547505,LSEG,16.344511381094208,27.68410573984079,245.1676707164131,326.89022762188415,408.6127845273552,490.3353414328262,572.0578983382973,653.7804552437683,415.2615860976118,553.6821147968158,692.1026434960197,830.5231721952237,968.9437008944276,1107.3642295936315,114.02629246305203,255.68353869725422,397.3407849314564,538.9980311656585,680.6552773998608,245.12946414015792,373.9389428581605,502.74842157616314,631.5579002941657,760.3673790121683
.SOX,2010-06-04,348.48,21.3454,11.98167,10.50524,12.826016093680956,LSEG,16.32576573875402,27.169777228931363,244.88648608131027,326.51531477508036,408.1441434688505,489.77297216262053,571.4018008563907,653.0306295501607,407.54665843397044,543.3955445786272,679.244430723284,815.0933168679409,950.9422030125977,1086.7910891572544,113.89551485544715,255.39029333451816,396.88507181358915,538.3798502926601,679.8746287717312,240.5753321246241,366.99172695533656,493.40812178604904,619.8245166167615,746.2409114474739
.SOX,2010-06-11,349.53,20.73443,11.91613,10.50371,12.804949339814407,LSEG,16.857468471522967,27.29647659856076,252.8620270728445,337.14936943045933,421.4367117880742,505.724054145689,590.0113965033039,674.2987388609187,409.4471489784114,545.9295319712152,682.4119149640189,818.8942979568228,955.3766809496266,1091.8590639424303,117.60490022014181,263.7079256625556,409.81095110496943,555.9139765473832,702.017001989797,241.69719420953348,368.7030998559186,495.70900550230374,622.7149111486889,749.7208167950739
.SOX,2010-06-18,371.21,21.98343,12.66513,11.16197,12.783882585947858,LSEG,16.88589997102363,29.037344289131447,253.28849956535444,337.7179994204726,422.14749927559075,506.5769991307089,591.0064989858271,675.4359988409452,435.5601643369717,580.746885782629,725.9336072282862,871.1203286739434,1016.3070501196006,1161.493771565258,117.80325050432195,264.15269065022034,410.50213079611876,556.8515709420171,703.2010110879155,257.111741753122,392.2176113949745,527.323481036827,662.4293506786797,797.5352203205322
.SOX,2010-06-25,352.09,20.94398,12.00714,10.59784,12.762815832081309,LSEG,16.811035915809697,27.587172347576104,252.16553873714545,336.22071831619394,420.27589789524245,504.3310774742909,588.3862570533394,672.4414366323879,413.8075852136416,551.7434469515221,689.6793086894025,827.6151704272831,965.5510321651636,1103.4868939030441,117.28096687921047,262.9815631620982,408.6821594449859,554.3827557278736,700.0833520107614,244.27116549304162,372.6296294719258,500.98809345080997,629.3465574296941,757.7050214085782
.SOX,2010-07-02,331.6,17.19692,11.13414,9.81043,12.74174907821476,LSEG,19.282522684294634,26.024684520507,289.2378402644195,385.65045368589267,482.06306710736584,578.475680528839,674.8882939503121,771.3009073717853,390.37026780760505,520.4936904101401,650.6171130126751,780.7405356152101,910.8639582177451,1040.9873808202801,134.5231141977166,301.6439904488884,468.7648667000602,635.885742951232,803.0066192024038,230.43608599384117,351.5245574217883,472.61302884973543,593.7015002776826,714.7899717056297
.SOX,2010-07-09,351.36,18.1828,11.80727,10.40846,12.72068232434821,LSEG,19.323756517148073,27.621159859284766,289.8563477572211,386.47513034296145,483.09391292870185,579.7126955144422,676.3314781001826,772.9502606859229,414.3173978892715,552.4231971856954,690.5289964821192,828.634795778543,966.7405950749668,1104.8463943713907,134.810779027499,302.28902730879804,469.76727559009714,637.2455238713961,804.7237721526952,244.5721085905321,373.0887107338654,501.60531287719874,630.1219150205321,758.6385171638653
.SOX,2010-07-16,349.16,16.11918,11.81044,10.49474,12.699615570481662,LSEG,21.661151497780907,27.4937456226289,324.9172724667136,433.22302995561813,541.5287874445227,649.8345449334272,758.1403024223317,866.4460599112363,412.4061843394335,549.874912452578,687.3436405657225,824.812368678867,962.2810967920115,1099.749824905156,151.11744476065758,338.85380468554416,526.5901646104307,714.3265245353173,902.0628844602039,243.44391670133803,371.36768187319296,499.2914470450479,627.215212216903,755.1389773887578
.SOX,2010-07-23,364.53,15.55109,11.89452,10.64974,12.678548816615113,LSEG,23.44080061269017,28.751713249886063,351.6120091903525,468.81601225380336,586.0200153172542,703.224018380705,820.4280214441559,937.6320245076067,431.27569874829095,575.0342649977213,718.7928312471515,862.5513974965819,1006.3099637460122,1150.0685299954425,163.53303711008576,366.6935468919566,569.8540566738274,773.0145664556982,976.175076237569,254.58261604286812,388.35949259328294,522.1363691436978,655.9132456941127,789.6901222445275
.SOX,2010-07-30,348.81,14.01317,10.78009,9.90662,12.657482062748564,LSEG,24.89158413121371,27.557613613102458,373.3737619682056,497.83168262427415,622.2896032803427,746.7475239364112,871.2054445924798,995.6633652485483,413.3642041965369,551.1522722620491,688.9403403275614,826.7284083930738,964.516476458586,1102.3045445240982,173.65432259403678,389.3887168637443,605.1231111334519,820.8575054031594,1036.591899672867,244.0094370915438,372.2303692601215,500.4513014286993,628.6722335972771,756.8931657658547
.SOX,2010-08-06,351.75,14.17484,10.88855,9.94146,12.636415308882015,LSEG,24.815094914651596,27.836217107612654,372.22642371977395,496.3018982930319,620.3773728662899,744.4528474395479,868.5283220128058,992.6037965860638,417.54325661418983,556.724342152253,695.9054276903164,835.0865132283797,974.2675987664429,1113.448684304506,173.1207011492214,388.19216634554385,603.2636315418664,818.3350967381888,1033.4065619345113,246.47633726735754,375.99356454599285,505.5107918246282,635.0280191032635,764.5452463818988
.SOX,2010-08-13,322.74,12.94856,9.86984,9.34133,12.615348555015466,LSEG,24.924779280475974,25.583121908406465,373.87168920713964,498.4955856095195,623.1194820118993,747.7433784142793,872.3672748166591,996.991171219039,383.746828626097,511.6624381681293,639.5780477101616,767.493657252194,895.4092667942263,1023.3248763362586,173.8859061336042,389.9080014745267,605.9300968154492,821.9521921563717,1037.9742874972942,226.52626107460017,345.5602160800003,464.5941710854005,583.6281260908007,702.6620810962007
.SOX,2010-08-20,327.88,12.86732,10.24064,9.43754,12.594281801148918,LSEG,25.48160766966237,26.0340371270785,382.22411504493556,509.6321533932474,637.0401917415593,764.4482300898711,891.856268438183,1019.2643067864948,390.5105569061775,520.68074254157,650.8509281769625,781.021113812355,911.1912994477475,1041.36148508314,177.77057880913864,398.61868420310014,619.4667895970617,840.3148949910232,1061.1630003849848,230.51889883449167,351.6508863647269,472.7828738949621,593.9148614251974,715.0468489554326
.SOX,2010-08-27,321.76,12.38573,10.0528,9.23614,12.57321504728237,LSEG,25.97828307253589,25.590908831989367,389.6742460880384,519.5656614507178,649.4570768133973,779.3484921760768,909.2399075387561,1039.1313229014356,383.8636324798405,511.81817663978734,639.7727207997342,767.727264959681,895.6818091196278,1023.6363532795747,181.23559855960784,406.3883704072089,631.54114225481,856.693914102411,1081.8466859500122,226.59521054413025,345.66539679271943,464.7355830413086,583.8057692898979,702.8759555384869
.SOX,2010-09-03,328.71,12.68175,10.28649,9.49373,12.55214829341582,LSEG,25.919924300668285,26.187549120370377,388.79886451002426,518.3984860133658,647.9981075167071,777.5977290200485,907.19735052339,1036.7969720267315,392.8132368055557,523.7509824074075,654.6887280092594,785.6264736111114,916.5642192129632,1047.501964814815,180.82846284085778,405.4754414760697,630.1224201112816,854.7693987464935,1079.4163773817054,231.87817382817772,353.7244267935587,475.57067975893966,597.4169327243206,719.2631856897016
.SOX,2010-09-10,316.57,12.11467,9.93006,9.24851,12.531081539549271,LSEG,26.13112862339626,25.262783503632573,391.96692935094393,522.6225724679252,653.2782155849065,783.9338587018879,914.5895018188692,1045.2451449358505,378.9417525544886,505.25567007265147,631.5695875908143,757.8835051089771,884.1974226271401,1010.5113401453029,182.3019144058093,408.7793927147534,635.2568710236975,861.7343493326415,1088.2118276415856,223.68981830691015,341.2332926979085,458.7767670889069,576.3202414799053,693.8637158709037
.SOX,2010-09-17,334.35,12.77075,10.53733,9.84145,12.510014785682722,LSEG,26.180921245815636,26.726587116639703,392.71381868723455,523.6184249163127,654.5230311453909,785.4276373744691,916.3322436035472,1047.2368498326255,400.89880674959556,534.531742332794,668.1646779159926,801.7976134991911,935.4305490823896,1069.063484665588,182.6492890072343,409.55831804352937,636.4673470798244,863.3763761161196,1090.2854051524146,236.65109647261508,361.0054023966554,485.3597083206959,609.7140142447363,734.0683201687766
.SOX,2010-09-24,346.14,13.12514,10.94205,10.23681,12.488948031816173,LSEG,26.372290124143436,27.715705047229942,395.58435186215155,527.4458024828688,659.3072531035859,791.1687037243031,923.0301543450203,1054.8916049657375,415.7355757084491,554.3141009445989,692.8926261807486,831.4711514168982,970.049676653048,1108.6282018891977,183.98436003993416,412.55197572264325,641.1195914053523,869.6872070880613,1098.2548227707705,245.4092608350664,374.3657658052765,503.32227077548674,632.278775745697,761.235280715907
.SOX,2010-10-01,348.06,13.22948,11.01379,10.43954,12.467881277949624,LSEG,26.30942410434877,27.916531465179254,394.6413615652316,526.1884820869755,657.7356026087193,789.2827231304632,920.829843652207,1052.376964173951,418.7479719776888,558.330629303585,697.9132866294814,837.4959439553776,977.0786012812739,1116.66125860717,183.54577983450898,411.56853816185424,639.5912964891994,867.6140548165447,1095.6368131438899,247.18748234164937,377.07839879157103,506.9693152414927,636.8602316914145,766.7511481413361
.SOX,2010-10-08,350.15,13.05929,11.76116,10.62447,12.446814524083075,LSEG,26.81233053251746,28.13169581040211,402.1849579877619,536.2466106503492,670.3082633129366,804.3699159755238,938.4315686381111,1072.4932213006985,421.97543715603166,562.6339162080423,703.2923952600528,843.9508743120633,984.6093533640739,1125.2678324160845,187.05426987883314,419.43569871438694,651.8171275499408,884.1985563854946,1116.5799852210484,249.09265931005845,379.9846991990866,510.8767390881148,641.7687789771429,772.660818866171
.SOX,2010-10-15,357.12,13.0849,11.54209,10.46028,12.425747770216526,LSEG,27.292528028490857,28.74032264327678,409.38792042736287,545.8505605698172,682.3132007122714,818.7758408547257,955.23848099718,1091.7011211396343,431.1048396491517,574.8064528655356,718.5080660819195,862.2096792983034,1005.9112925146873,1149.6129057310711,190.40433271272263,426.947614621892,663.4908965310614,900.0341784402307,1136.5774603494,254.48175769040395,388.205635667796,521.9295136451881,655.6533916225802,789.3772695999721
.SOX,2010-10-22,356.94,12.46331,11.21853,10.50587,12.404681016349977,LSEG,28.639261961710012,28.774621413443487,429.5889294256502,572.7852392342003,715.9815490427503,859.1778588513004,1002.3741686598504,1145.5704784684006,431.6193212016523,575.4924282688697,719.3655353360872,863.2386424033047,1007.111749470522,1150.9848565377395,199.79972384792606,448.0150965245595,696.2304692011929,944.4458418778263,1192.6612145544598,254.78545683209344,388.66892120708707,522.5523855820808,656.4358499570744,790.319314332068
.SOX,2010-10-29,372.64,12.67999,11.14155,11.15696,12.383614262483428,LSEG,29.388035794980908,30.091376564346426,440.8205369247136,587.7607158996182,734.7008948745226,881.6410738494272,1028.5812528243318,1175.5214317992363,451.3706484651964,601.8275312869285,752.2844141086606,902.7412969303928,1053.1981797521248,1203.655062573857,205.02348992514186,459.7284563742801,714.4334228234184,969.1383892725565,1223.843355721695,266.44469146939355,406.45479566367385,546.4648998579543,686.4750040522346,826.4851082465149
.SOX,2010-11-05,392.02,12.89667,11.65524,11.68788,12.36254750861688,LSEG,30.396993952702516,31.710292698714095,455.9549092905377,607.9398790540504,759.9248488175629,911.9098185810755,1063.894788344588,1215.8797581081008,475.6543904807114,634.2058539742819,792.7573174678524,951.3087809614228,1109.8602444549933,1268.4117079485638,212.06241297966784,475.511980650333,738.9615483209982,1002.4111159916632,1265.8606836623285,280.77941653635844,428.3220646862111,575.8647128360639,723.4073609859165,870.9500091357692
.SOX,2010-11-12,382.61,12.5563,11.35988,11.35702,12.34148075475033,LSEG,30.47155611127482,31.00195248878304,457.07334166912227,609.4311222254963,761.7889027818704,914.1466833382445,1066.5044638946185,1218.8622444509926,465.0292873317456,620.0390497756608,775.048812219576,930.0585746634912,1085.0683371074065,1240.0780995513217,212.5825904448612,476.6783854520528,740.7741804592443,1004.8699754664359,1268.9657704736276,274.507404078342,418.75426459995595,563.0011251215699,707.2479856431839,851.4948461647979
.SOX,2010-11-19,387.09,12.45702,11.33543,11.45172,12.320414000883781,LSEG,31.07404499631533,31.418587067953464,466.11067494472996,621.4808999263066,776.8511249078832,932.2213498894599,1087.5915748710365,1242.9617998526132,471.27880601930195,628.3717413590692,785.4646766988366,942.5576120386039,1099.6505473783711,1256.7434827181385,216.78581024198726,486.1033530488882,755.4208958557891,1024.73843866269,1294.0559814695912,278.1965032348782,424.381894242655,570.5672852504318,716.7526762582087,862.9380672659854
.SOX,2010-11-26,396.03,12.7721,11.67494,11.78245,12.299347247017232,LSEG,31.00743025814079,32.199269769868714,465.11145387211184,620.1486051628158,775.1857564535197,930.2229077442237,1085.2600590349277,1240.2972103256316,482.98904654803073,643.9853953973743,804.9817442467179,965.9780930960615,1126.974441945405,1287.9707907947486,216.3210773759913,485.0612728307204,753.8014682854495,1022.5416637401785,1291.2818591949076,285.10907372504846,434.9268497852038,584.7446258453591,734.5624019055145,884.3801779656699
.SOX,2010-12-03,412.43,13.32691,12.18176,12.2863,12.278280493150683,LSEG,30.94715879374889,33.59020835450615,464.20738190623337,618.9431758749778,773.6789698437223,928.4147638124667,1083.150557781211,1237.8863517499556,503.8531253175923,671.8041670901231,839.7552088626538,1007.7062506351846,1175.6572924077154,1343.6083341802462,215.90059789724245,484.1184229076562,752.33624791807,1020.5540729284836,1288.7718979388974,297.4251670497955,453.71474594510846,610.0043248404214,766.2939037357345,922.5834826310473
.SOX,2010-12-10,416.69,13.46987,12.62444,12.48613,12.494087561643836,LSEG,30.934968191972157,33.35097484663189,464.0245228795824,618.6993638394431,773.3742047993039,928.0490457591648,1082.7238867190256,1237.3987276788862,500.26462269947837,667.0194969326378,833.7743711657973,1000.5292453989567,1167.2841196321162,1334.0389938652756,215.8155510523975,483.92772059001277,752.039890127628,1020.1520596652432,1288.2642292028586,295.3068692026235,450.48333490111696,605.6598005996104,760.836266298104,916.0127319965974
.SOX,2010-12-17,411.44,13.3031,12.49017,12.33087,12.336980136986302,LSEG,30.928129533717705,33.35013880475512,463.92194300576557,618.562590674354,773.2032383429427,927.8438860115311,1082.4845336801197,1237.125181348708,500.25208207132675,667.0027760951024,833.753470118878,1000.5041641426535,1167.2548581664291,1334.0055521902048,215.76784165148638,483.82074080324094,751.8736399549955,1019.9265391067499,1287.9794382585046,295.29946645321996,450.4720421897495,605.6446179262791,760.8171936628087,915.9897693993381
.SOX,2010-12-23,411.78,13.36242,12.5478,12.37507,12.378855863013698,LSEG,30.81627429761974,33.26478671024367,462.2441144642961,616.3254859523947,770.4068574404935,924.4882289285922,1078.569600416691,1232.6509719047895,498.971800653655,665.2957342048734,831.6196677560918,997.94360130731,1164.2675348585285,1330.5914684097468,214.9874917488528,482.07094590754116,749.1544000662295,1016.2378542249179,1283.3213083836063,294.5437146370895,449.31916146128117,604.0946082854729,758.8700551096647,913.6455019338563
.SOX,2010-12-31,411.82,13.34856,12.60167,12.57348,12.57348,LSEG,30.851267852112883,32.75306438631151,462.76901778169326,617.0253570422576,771.2816963028221,925.5380355633865,1079.7943748239509,1234.0507140845152,491.2959657946726,655.0612877262301,818.8266096577877,982.5919315893452,1146.3572535209028,1310.1225754524603,215.23162173144576,482.61836366973574,750.0051056080258,1017.3918475463157,1284.7785894846058,290.01265915591046,442.4071482416259,594.8016373273415,747.1961264130571,899.5906154987724
.SOX,2011-01-07,425.76,13.656,12.84086,,12.84086,LSEG,31.177504393673107,33.15665773164726,467.6625659050966,623.5500878734622,779.4376098418277,935.3251318101932,1091.2126537785587,1247.1001757469244,497.34986597470885,663.1331546329452,828.9164432911814,994.6997319494177,1160.483020607654,1326.2663092658904,217.50758718753823,487.72180857876845,757.9360299699987,1028.1502513612288,1298.364472752459,293.5862844484302,447.85862535696754,602.1309662655049,756.4033071740423,910.6756480825795
.SOX,2011-01-14,451.59,14.28712,13.34152,,13.34152,LSEG,31.608189754128194,33.84846704123668,474.1228463119229,632.1637950825639,790.2047438532048,948.2456926238458,1106.2866413944869,1264.3275901651277,507.7270056185502,676.9693408247336,846.211676030917,1015.4540112371004,1184.6963464432838,1353.9386816494673,220.51223221642616,494.459186923014,768.4061416296018,1042.3530963361895,1316.3000510427776,299.71192372103195,457.2031367642842,614.6943498075365,772.1855628507889,929.676775894041
.SOX,2011-01-21,431.65,14.36935,12.78704,,12.78704,LSEG,30.03963296878425,33.756835045483555,450.59449453176376,600.792659375685,750.9908242196062,901.1889890635275,1051.3871539074487,1201.58531875137,506.3525256822533,675.1367009096712,843.9208761370888,1012.7050513645066,1181.4892265919245,1350.2734018193423,209.56931011981226,469.92164400275084,730.2739778856894,990.6263117686279,1250.9786456515665,298.90056639462455,455.9654312033422,613.0302960120599,770.0951608207777,927.1600256294952
.SOX,2011-01-28,438.61,14.28511,13.1187,,13.1187,LSEG,30.70399877914836,33.43395305937326,460.5599816872254,614.0799755829672,767.599969478709,921.1199633744508,1074.6399572701926,1228.1599511659344,501.5092958905989,668.6790611874652,835.8488264843314,1003.0185917811978,1170.188357078064,1337.3581223749304,214.20420977687127,480.3145763714634,746.4249429660555,1012.5353095606475,1278.6456761552397,296.0416014354702,451.60415077446885,607.1667001134675,762.7292494524662,918.2917987914648
.SOX,2011-02-04,463.11,14.80516,13.82511,12.28139,13.67708205479452,LSEG,31.28031037827352,33.86029257882943,469.2046556741028,625.6062075654704,782.007759456838,938.4093113482056,1094.810863239573,1251.2124151309408,507.90438868244144,677.2058515765887,846.5073144707358,1015.8087773648829,1185.11024025903,1354.4117031531773,218.22480564660813,489.33004251914144,760.4352793916748,1031.540516264208,1302.6457531367414,299.8166331785279,457.362868455375,614.9091037322222,772.4553390090693,930.0015742859164
.SOX,2011-02-11,462.82,14.76177,13.7043,12.26802,13.539029424657532,LSEG,31.352608799622267,34.18413428935339,470.289131994334,627.0521759924453,783.8152199905567,940.578263988668,1097.3413079867794,1254.1043519848906,512.7620143403008,683.6826857870677,854.6033572338347,1025.5240286806015,1196.4447001273686,1367.3653715741355,218.72919031404243,490.46103480038244,762.1928792867225,1033.9247237730624,1305.6565682594025,302.68409603656517,461.73711221909656,620.7901284016281,779.8431445841595,938.8961607666909
.SOX,2011-02-18,471.46,14.97495,13.82999,12.91171,13.70671405479452,LSEG,31.48324368361831,34.39628185977122,472.24865525427464,629.6648736723662,787.0810920904577,944.4973105085493,1101.9135289266408,1259.3297473447324,515.9442278965683,687.9256371954244,859.9070464942805,1031.8884557931367,1203.8698650919928,1375.8512743908489,219.64055506157715,492.5046070209658,765.3686589803546,1038.2327109397431,1311.0967628991318,304.56256091254346,464.60266398939655,624.6427670662497,784.6828701431028,944.7229732199559
.SOX,2011-02-25,463.69,14.29109,13.30303,12.3914,13.163163479452054,LSEG,32.44609053613125,35.22633451478657,486.6913580419688,648.921810722625,811.1522634032813,973.3827160839376,1135.6131687645939,1297.84362144525,528.3950177217986,704.5266902957314,880.6583628696643,1056.7900354435972,1232.92170801753,1409.0533805914629,226.35778595590443,507.566794242958,788.7758025300116,1069.984810817065,1351.1938191041186,311.9122786330335,475.8144768342797,639.7166750355259,803.6188732367721,967.5210714380181
.SOX,2011-03-04,459.82,14.15157,13.29131,12.29146,13.11873315068493,LSEG,32.492507898416925,35.050640539631125,487.38761847625386,649.8501579683385,812.3126974604231,974.7752369525077,1137.2377764445923,1299.700315936677,525.7596080944669,701.0128107926225,876.2660134907782,1051.5192161889338,1226.7724188870893,1402.025621585245,226.68161330099545,508.29291906672734,789.9042248324592,1071.5155305981912,1353.126836363923,310.356592840354,473.4413165829219,636.5260403254899,799.6107640680578,962.6954878106258
.SOX,2011-03-11,427.91,12.98637,12.25311,11.32204,12.074548630136986,LSEG,32.95070138922578,35.43900588813525,494.26052083838664,659.0140277845155,823.7675347306445,988.5210416767733,1153.274548622902,1318.028055569031,531.5850883220287,708.780117762705,885.9751472033812,1063.1701766440574,1240.3652060847337,1417.56023552541,229.8781667965053,515.4606177764953,801.0430687564851,1086.625519736475,1372.207970716465,313.7953815324668,478.68710379480126,643.5788260571358,808.4705483194703,973.3622705818046
.SOX,2011-03-18,419.2,12.79668,12.03435,11.10187,12.210827520547944,LSEG,32.75849673509066,34.33018763835499,491.3774510263599,655.1699347018132,818.9624183772664,982.7549020527198,1146.5473857281731,1310.3398694036264,514.9528145753249,686.6037527670999,858.2546909588748,1029.9056291506497,1201.5565673424248,1373.2075055341998,228.53726503479697,512.4538857318656,796.3705064289343,1080.2871271260028,1364.2037478230716,303.977328316238,463.7099061189536,623.4424839216692,783.1750617243848,942.9076395271003
.SOX,2011-03-25,436.27,13.55597,12.58296,11.55812,12.347106410958904,LSEG,32.18286850738088,35.333784732978444,482.7430276107132,643.6573701476176,804.571712684522,965.4860552214265,1126.4003977583309,1287.3147402952352,530.0067709946767,706.6756946595689,883.3446183244611,1060.0135419893534,1236.6824656542456,1413.3513893191378,224.52143665593545,503.4491098286161,782.3767830012968,1061.3044561739773,1340.232129346658,312.8636987242092,477.2658446833312,641.6679906424532,806.0701366015752,970.4722825606972
.SOX,2011-04-01,432.85,13.39162,12.47214,11.37098,12.197604219178082,LSEG,32.322452399336306,35.486476870551144,484.8367859900446,646.4490479867261,808.0613099834077,969.6735719800892,1131.2858339767706,1292.8980959734522,532.2971530582672,709.7295374110229,887.1619217637785,1064.5943061165344,1242.02669046929,1419.4590748220457,225.49523350529557,505.6326748559304,785.7701162065653,1065.9075575572,1346.044998907835,314.21571428914564,479.32831103291306,644.4409077766805,809.553504520448,974.6661012642153
.SOX,2011-04-08,439.58,13.57311,12.67792,11.50334,12.362553315068494,LSEG,32.3860927967135,35.55737951513655,485.79139195070246,647.72185593427,809.6523199178374,971.5827839014049,1133.5132478849725,1295.44371186854,533.3606927270483,711.147590302731,888.9344878784138,1066.7213854540967,1244.5082830297792,1422.295180605462,225.93921609948865,506.6282263059616,787.3172365124346,1068.0062467189075,1348.6952569253806,314.84352316390834,480.2860179645103,645.7285127651122,811.1710075657141,976.6135023663161
.SOX,2011-04-15,431.23,13.20495,12.42215,11.25772,12.087176986301367,LSEG,32.65669313401414,35.676651420651936,489.85039701021213,653.1338626802828,816.4173283503535,979.7007940204243,1142.984259690495,1306.2677253605657,535.149771309779,713.5330284130387,891.9162855162984,1070.299542619558,1248.6827997228177,1427.0660568260773,227.82703963132786,510.8613324662185,793.8956253011091,1076.9299181359997,1359.9642109708905,315.8996186202946,481.89706549771324,647.894512375132,813.8919592525507,979.8894061299693
.SOX,2011-04-21,443.2,13.15731,12.68729,11.62073,12.362938876712333,LSEG,33.684696947932366,35.849081227348094,505.2704542189855,673.6939389586473,842.1174236983092,1010.540908437971,1178.9643931776327,1347.3878779172946,537.7362184102215,716.9816245469619,896.2270306837023,1075.472436820443,1254.7178429571834,1433.9632490939239,234.9988333182631,526.9427953382698,818.8867573582764,1110.830719378283,1402.7746813982899,317.42640176851785,484.2261354788471,651.0258691891763,817.8256028995056,984.6253366098348
.SOX,2011-04-29,449.56,12.99411,12.84458,11.77182,12.494830849315068,LSEG,34.597213660650866,35.97967875048454,518.958204909763,691.9442732130174,864.9303415162716,1037.916409819526,1210.9024781227804,1383.8885464260347,539.6951812572681,719.5935750096908,899.4919687621134,1079.3903625145363,1259.288756266959,1439.1871500193815,241.36493966037247,541.2176486384503,841.0703576165282,1140.923066594606,1440.775775572684,318.5827801310812,485.9901621084397,653.3975440857981,820.8049260631567,988.212308040515
.SOX,2011-05-06,443.66,12.85345,12.69062,11.62509,12.322793205479451,LSEG,34.51680288171658,36.003200946577785,517.7520432257487,690.3360576343316,862.9200720429145,1035.5040864514974,1208.0881008600802,1380.6721152686632,540.0480141986668,720.0640189315557,900.0800236644446,1080.0960283973336,1260.1120331302225,1440.1280378631113,240.80395972147087,539.959751597178,839.1155434728851,1138.2713353485922,1437.4271272242993,318.791057883591,486.30788467544147,653.824711467292,821.3415382591425,988.8583650509928
.SOX,2011-05-13,440.95,12.79561,12.62739,11.58371,12.24709016438356,LSEG,34.461037809061075,36.004470782974316,516.9155671359161,689.2207561812215,861.5259452265269,1033.8311342718323,1206.1363233171376,1378.441512362443,540.0670617446148,720.0894156594863,900.1117695743579,1080.1341234892295,1260.156477404101,1440.1788313189727,240.41491875624538,539.0873969100405,837.7598750638357,1136.4323532176309,1435.1048313714261,318.80230167518584,486.32503680179815,653.8477719284106,821.3705070550229,988.8932421816352
.SOX,2011-05-20,432.56,12.55143,12.37347,11.36039,12.123870534246574,LSEG,34.46300541053888,35.678375051773926,516.9450811580831,689.2601082107775,861.5751352634719,1033.8901623161662,1206.2051893688606,1378.520216421555,535.1756257766089,713.5675010354785,891.9593762943482,1070.3512515532177,1248.7431268120874,1427.135002070957,240.42864558455656,539.1181768640483,837.8077081435401,1136.497239423032,1435.1867707025237,315.91488054629934,481.9203471888645,647.9258138314298,813.9312804739951,979.9367471165602
.SOX,2011-05-27,433.09,12.42544,12.41888,11.38042,12.00065090410959,LSEG,34.85510372268507,36.088875800202594,522.8265558402761,697.1020744537014,871.3775930671268,1045.6531116805522,1219.9286302939774,1394.204148907403,541.3331370030389,721.7775160040519,902.2218950050649,1082.6662740060779,1263.1106530070908,1443.5550320081038,243.1640908831396,545.2519230268565,847.3397551705733,1149.4275873142901,1451.515419458007,319.5496675767014,487.4651250246532,655.380582472605,823.296039920557,991.2114973685087
.SOX,2011-06-03,418.52,12.00886,12.02295,11.00812,12.007614732876712,LSEG,34.850935059614315,34.854549326445074,522.7640258942147,697.0187011922862,871.2733764903579,1045.5280517884294,1219.782727086501,1394.0374023845725,522.8182398966761,697.0909865289015,871.3637331611269,1045.6364797933522,1219.9092264255776,1394.181973057803,243.1350085090384,545.1867110115985,847.2384135141585,1149.2901160167187,1451.3418185192788,308.6202992983988,470.7926436710481,632.9649880436975,795.1373324163469,957.3096767889962
.SOX,2011-06-10,402.8,12.145262500000001,11.55342,10.76288,12.014578561643836,LSEG,33.16519507091757,33.52593667212984,497.47792606376356,663.3039014183514,829.1298767729393,994.9558521275271,1160.781827482115,1326.6078028367028,502.8890500819476,670.5187334425967,838.1484168032459,1005.7781001638951,1173.4077835245444,1341.0374668851935,231.37456633453954,518.8160257348266,806.2574851351135,1093.6989445354004,1381.1404039356873,296.8560721616186,452.84660574981484,608.8371393380112,764.8276729262075,920.8182065144036
.SOX,2011-06-17,388.21,12.281665,11.15389,10.45762,12.021542390410959,LSEG,31.608906447130742,32.29286121468552,474.13359670696116,632.1781289426149,790.2226611782686,948.2671934139223,1106.311725649576,1264.3562578852298,484.39291822028287,645.8572242937105,807.321530367138,968.7858364405657,1130.2501425139933,1291.714448587421,220.51723217292587,494.4703984299706,768.4235646870153,1042.37673094406,1316.3298972011046,285.93778103210917,436.1910223130886,586.4442635940682,736.6975048750476,886.950746156027
.SOX,2011-06-24,392.5,12.4180675,11.33806,10.48485,12.028506219178082,LSEG,31.60717237202971,32.63081822863453,474.10758558044563,632.1434474405942,790.1793093007427,948.2151711608913,1106.2510330210398,1264.2868948811883,489.46227342951795,652.6163645726906,815.7704557158632,978.9245468590359,1142.0786380022087,1305.2327291453812,220.50513452436283,494.4432716197612,768.3814087151596,1042.319545810558,1316.2576829059565,288.9302281246843,440.7559264394922,592.5816247543003,744.4073230691082,896.2330213839161
.SOX,2011-07-01,419.11,12.55447,12.1171,11.26465,12.035470047945207,LSEG,33.38332880639326,34.822902498233034,500.7499320958989,667.6665761278651,834.5832201598315,1001.4998641917978,1168.4165082237641,1335.3331522557303,522.3435374734955,696.4580499646606,870.5725624558258,1044.687074946991,1218.8015874381563,1392.9160999293213,232.89636044251023,522.2283764680634,811.5603924936165,1100.8924085191695,1390.2244245447228,308.3400818294202,470.3651788434812,632.3902758575423,794.4153728716034,956.4404698856644
.SOX,2011-07-08,413.8,12.41777,12.00196,11.16473,12.04243387671233,LSEG,33.32321342720955,34.361824547794015,499.84820140814327,666.4642685441911,833.0803356802388,999.6964028162865,1166.3124699523344,1332.9285370883822,515.4273682169103,687.2364909558803,859.0456136948503,1030.8547364338206,1202.6638591727906,1374.4729819117606,232.47696988084087,521.2879682465244,810.0989666122081,1098.9099649778916,1387.7209633435752,304.2574579592439,464.13723697016843,624.017015981093,783.8967949920176,943.776574002942
.SOX,2011-07-15,390.07,12.303985,11.45044,10.74458,12.049397705479453,LSEG,31.702736958798305,32.37257243344337,475.54105438197456,634.0547391759661,792.5684239699576,951.0821087639491,1109.5957935579406,1268.1094783519322,485.5885865016506,647.4514486688674,809.3143108360844,971.1771730033012,1133.040035170518,1294.9028973377349,221.17183389921175,495.9382255617554,770.7046172242991,1045.4710088868428,1320.2374005493864,286.6435856018393,437.2677097508681,587.891833899897,738.515958048926,889.1400821979547
.SOX,2011-07-22,408.56,12.1902,11.91275,11.19276,12.056361534246577,LSEG,33.51544683434234,33.887504023454255,502.7317025151351,670.3089366868469,837.8861708585586,1005.4634050302702,1173.040639201982,1340.6178733736938,508.31256035181383,677.7500804690851,847.1876005863564,1016.6251207036277,1186.0626408208989,1355.5001609381702,233.8180722357419,524.2951500854624,814.772227935183,1105.2493057849035,1395.726383634624,300.05757745543707,457.73042299848623,615.4032685415355,773.0761140845848,930.7489596276339
.SOX,2011-07-29,386.94,12.197466666666667,11.76135,10.85411,12.0633253630137,LSEG,31.72298072823865,32.07573271515686,475.8447109235797,634.459614564773,793.0745182059662,951.6894218471595,1110.3043254883528,1268.919229129546,481.1359907273529,641.5146543031371,801.8933178789215,962.2719814547058,1122.65064503049,1283.0293086062743,221.31306308134742,496.254906708496,771.1967503356445,1046.138593962793,1321.0804375899415,284.0152124203869,433.2581913832717,582.5011703461565,731.7441493090414,880.9871282719262
.SOX,2011-08-05,350.22,12.204733333333333,10.77574,9.94969,12.070289191780823,LSEG,28.695424179689848,29.015046320388066,430.43136269534773,573.908483593797,717.3856044922462,860.8627253906955,1004.3398462891447,1147.816967187594,435.225694805821,580.3009264077614,725.3761580097016,870.451389611642,1015.5266212135823,1160.6018528155228,200.1915354685628,448.8936639102313,697.5957923518998,946.2979207935682,1195.0000492352367,256.9143039459974,391.9164248969117,526.918545847826,661.9206667987403,796.9227877496545
.SOX,2011-08-12,355.62,12.212000000000002,10.81883,10.27866,12.077253020547946,LSEG,29.120537176547654,29.445437583774783,436.8080576482148,582.410743530953,728.0134294136914,873.6161152964296,1019.2188011791678,1164.821487061906,441.68156375662176,588.9087516754956,736.1359395943696,883.3631275132435,1030.5903154321174,1177.8175033509913,203.15730530892785,455.543871606775,707.9304379046221,960.3170042024691,1212.7035705003163,260.72521193616456,397.7298709066415,534.7345298771186,671.7391888475956,808.7438478180725
.SOX,2011-08-19,326.32,12.219266666666668,10.03088,9.43491,12.08421684931507,LSEG,26.7053669341859,27.003818623007888,400.5805040127885,534.107338683718,667.6341733546475,801.161008025577,934.6878426965066,1068.214677367436,405.05727934511833,540.0763724601577,675.0954655751972,810.1145586902367,945.133651805276,1080.1527449203154,186.30804613057455,417.76242560786636,649.2168050851582,880.6711845624499,1112.1255640397417,239.10584835217472,364.75006575665356,490.3942831611324,616.0385005656113,741.68271797009
.SOX,2011-08-26,345.78,12.226533333333334,10.67635,10.2582,12.091180678082193,LSEG,28.281115388390273,28.59770350027098,424.2167308258541,565.6223077678054,707.0278847097568,848.4334616517082,989.8390385936596,1131.2446155356108,428.9655525040647,571.9540700054197,714.9425875067745,857.9311050081294,1000.9196225094844,1143.9081400108394,197.30114038086478,442.4124705968974,687.52380081293,932.6351310289625,1177.7464612449953,253.21893365593178,386.27922879491024,519.3395239338887,652.3998190728672,785.4601142118456
.SOX,2011-09-02,341.46,12.2338,10.56313,10.17564,12.098144506849316,LSEG,27.91119684807664,28.22416278849073,418.66795272114956,558.2239369615328,697.779921201916,837.3359054422991,976.8918896826824,1116.4478739230656,423.36244182736095,564.4832557698146,705.6040697122683,846.7248836547219,987.8456975971756,1128.9665115396292,194.72043064401097,436.62569121807076,678.5309517921306,920.4362123661904,1162.3414729402502,249.91141000414007,381.2336831597997,512.5559563154594,643.8782294711191,775.2005026267788
.SOX,2011-09-09,348.4,12.241066666666667,10.83473,10.4913,12.105108335616439,LSEG,28.46157197629836,28.781237667647698,426.92357964447535,569.2314395259672,711.539299407459,853.8471592889507,996.1550191704425,1138.4628790519344,431.71856501471547,575.6247533529539,719.5309416911924,863.4371300294309,1007.3433183676694,1151.2495067059078,198.56008261473866,445.23542307934,691.9107635439414,938.5861040085426,1185.2614444731441,254.8440405863579,388.75828927720113,522.6725379680445,656.5867866588877,790.501035349731
.SOX,2011-09-16,381.91,12.248333333333335,11.92679,11.50793,12.112072164383564,LSEG,31.180568784868687,31.531351102995767,467.7085317730303,623.6113756973738,779.5142196217172,935.4170635460606,1091.3199074704041,1247.2227513947475,472.9702665449365,630.6270220599154,788.2837775748942,945.940533089873,1103.5972886048519,1261.2540441198307,217.52896568938152,487.7697460402544,758.0105263911273,1028.2513067420002,1298.4920870928731,279.1949746229,425.9050376828802,572.6151007428604,719.3251638028406,866.0352268628208
.SOX,2011-09-23,359.95,12.255600000000001,11.28077,10.89601,12.119035993150687,LSEG,29.370247070726847,29.701207274525206,440.5537060609027,587.404941414537,734.2561767681711,881.1074121218054,1027.9586474754396,1174.809882829074,445.5181091178781,594.0241454905041,742.5301818631301,891.0362182357562,1039.542254608382,1188.0482909810082,204.89938818682472,459.4501804527711,714.0009727187175,968.5517649846639,1223.1025572506103,262.98992974305827,401.1846419826215,539.3793542221847,677.574066461748,815.7687787013111
.SOX,2011-09-30,338.82,12.262866666666667,10.77975,10.50968,12.12599982191781,LSEG,27.62975486971507,27.941613473190145,414.4463230457261,552.5950973943014,690.7438717428768,828.8926460914522,967.0414204400275,1105.1901947886029,419.12420209785216,558.832269463803,698.5403368297536,838.2484041957043,977.9564715616551,1117.664538927606,192.75697119344846,432.2229850564979,671.6889989195473,911.1550127825967,1150.6210266456462,247.4095714797652,377.41719028617416,507.4248090925832,637.4324278989923,767.4400467054012
.SOX,2011-10-07,356.73,12.270133333333334,11.46188,11.28967,12.132963650684934,LSEG,29.073033707865168,29.40171999772387,436.0955056179775,581.4606741573034,726.8258426966293,872.191011235955,1017.5561797752808,1162.9213483146068,441.025799965858,588.0343999544774,735.0429999430968,882.051599931716,1029.0601999203354,1176.0687999089548,202.82590082171487,454.80075639886604,706.7756119760172,958.7504675531683,1210.7253231303196,260.3381137021501,397.1393621119629,533.9406105217757,670.7418589315886,807.5431073414013
.SOX,2011-10-14,380.86,12.2774,12.24758,12.11067,12.139927479452057,LSEG,31.021225992473976,31.372510309031135,465.3183898871096,620.4245198494796,775.5306498118495,930.6367797742192,1085.7429097365891,1240.8490396989591,470.587654635467,627.4502061806227,784.3127577257784,941.175309270934,1098.0378608160897,1254.9004123612453,216.41732231113437,485.27708486027524,754.1368474094161,1022.996609958557,1291.8563725076979,277.7885156578155,423.75951927112214,569.7305228844289,715.7015264977355,861.6725301110421
.SOX,2011-10-21,372.1,12.284666666666668,12.31383,12.10196,12.143173068493152,LSEG,30.28979215281923,30.642732167381848,454.34688229228846,605.7958430563847,757.2448038204808,908.6937645845769,1060.1427253486731,1211.5916861127694,459.6409825107277,612.854643347637,766.0683041845462,919.2819650214554,1072.4956258583647,1225.709286695274,211.31452743564378,473.8349812644365,736.3554350932292,998.8758889220219,1261.3963427508147,271.32668060759585,413.9021495090712,556.4776184105466,699.053087312022,841.6285562134973
.SOX,2011-10-28,396.33,12.291933333333334,13.32709,13.18758,13.21204202739726,LSEG,32.24309709891039,29.99763391443556,483.64645648365587,644.8619419782078,806.0774274727597,967.2929129673117,1128.5083984618636,1289.7238839564156,449.96450871653343,599.9526782887112,749.940847860889,899.9290174330669,1049.9171870052446,1199.9053565774225,224.9416170352844,504.39128907484485,783.8409611144052,1063.2906331539657,1342.7403051935262,265.61464531382427,405.1885807554587,544.7625161970932,684.3364516387277,823.910387080362
.SOX,2011-11-04,391.48,12.2992,13.1772,13.17319,13.173816219178082,LSEG,31.829712501626123,29.716522037865847,477.4456875243918,636.5942500325225,795.7428125406531,954.8913750487836,1114.0399375569143,1273.188500065045,445.7478305679877,594.330440757317,742.9130509466462,891.4956611359754,1040.0782713253047,1188.660881514634,222.05766951977895,497.92455328739027,773.7914370550016,1049.6583208226127,1325.5252045902241,263.12553461924256,401.3915038718058,539.6574731243691,677.9234423769324,816.1894116294956
.SOX,2011-11-11,391.6,12.24872,13.29,13.31231,13.309253835616438,LSEG,31.970687549392917,29.423137077155495,479.5603132408938,639.4137509878583,799.2671887348229,959.1206264817876,1118.974064228752,1278.8275019757166,441.3470561573324,588.4627415431099,735.5784269288873,882.6941123146648,1029.8097977004422,1176.9254830862199,223.04117166626975,500.12988070529775,777.2185897443258,1054.3072987833536,1331.3960078223818,260.52775165736733,397.42865012859716,534.329548599827,671.2304470710568,808.1313455422866
.SOX,2011-11-18,371.25,12.224195555555555,13.06097,12.70413,12.746168684931506,LSEG,30.370096609856446,29.12639940493577,455.5514491478467,607.4019321971289,759.2524152464111,911.1028982956934,1062.9533813449757,1214.8038643942577,436.89599107403654,582.5279880987155,728.1599851233943,873.7919821480731,1019.423979172752,1165.055976197431,211.8747656275792,475.09121507098433,738.3076645143896,1001.5241139577946,1264.7405634011998,257.90028204484025,393.4205101330781,528.940738221316,664.4609663095538,799.9811943977916
.SOX,2011-11-25,344.14,12.199671111111112,11.90364,11.56867,12.686732945205481,LSEG,28.20895718135935,27.12597494456254,423.13435772039026,564.1791436271869,705.2239295339837,846.2687154407805,987.3135013475772,1128.3582872543739,406.8896241684381,542.5194988912508,678.1493736140635,813.7792483368762,949.4091230596889,1085.0389977825016,196.79773390839998,441.2836717426804,685.7696095769609,930.2555474112412,1174.7414852455217,240.18748392767142,366.4000741107197,492.61266429376803,618.8252544768163,745.0378446598645
.SOX,2011-12-02,374.57,12.175146666666667,12.96732,12.59795,12.627297205479454,LSEG,30.76513246657672,29.663513411045724,461.4769869986508,615.3026493315344,769.128311664418,922.9539739973015,1076.7796363301852,1230.6052986630689,444.9527011656859,593.2702682209144,741.5878352761431,889.9054023313718,1038.2229693866004,1186.5405364418289,214.6307044917952,481.27091438431916,747.9111242768431,1014.5513341693671,1281.1915440618911,262.6561686801968,400.6754977251108,538.6948267700249,676.714155814939,814.7334848598529
.SOX,2011-12-09,375.67,12.150622222222223,12.42221,12.80196,12.77907095890411,LSEG,30.91775821265669,29.397285703171036,463.76637318985036,618.3551642531338,772.9439553164173,927.5327463797007,1082.1215374429842,1236.7103285062676,440.9592855475655,587.9457140634207,734.9321425792759,881.918571095131,1028.9049996109864,1175.8914281268414,215.69548688596555,483.6584982003257,751.6215095146858,1019.584520829046,1287.5475321434062,260.2988501529573,397.0794665374773,533.8600829219973,670.6406993065174,807.4213156910373
.SOX,2011-12-16,352.86,12.126097777777778,11.79184,12.29283,12.272241369863014,LSEG,29.099221073959125,28.752693934664578,436.48831610938686,581.9844214791825,727.4805268489781,872.9766322187737,1018.4727375885694,1163.968842958365,431.29040901996865,575.0538786932916,718.8173483666144,862.5808180399373,1006.3442877132602,1150.1077573865832,203.00859507273546,455.2104155361718,707.4122359996081,959.6140564630444,1211.8158769264808,254.59129953571804,388.37273904714357,522.1541785585691,655.9356180699947,789.7170575814202
.SOX,2011-12-23,368.6,12.101573333333334,11.93134,12.69235,12.675670328767122,LSEG,30.458849427842992,29.07932996359738,456.88274141764487,609.1769885568599,761.4712356960748,913.7654828352897,1066.0597299745048,1218.3539771137198,436.1899494539607,581.5865992719476,726.9832490899345,872.3798989079214,1017.7765487259084,1163.1731985438953,212.4939431939615,476.4796098686656,740.4652765433697,1004.4509432180738,1268.4366098927778,257.4835047416077,392.784726651379,528.0859485611503,663.3871704709217,798.6883923806929
.SOX,2011-12-30,364.44,12.07704888888889,11.82109,12.60314,12.600997397260272,LSEG,30.17624614696158,28.921520139289694,452.6436922044237,603.5249229392316,754.4061536740395,905.2873844088474,1056.1686151436554,1207.0498458784632,433.82280208934543,578.4304027857938,723.0380034822423,867.6456041786909,1012.2532048751393,1156.8608055715877,210.52238200100498,472.0587370007992,733.5950920005935,995.1314470003877,1256.6678020001818,256.0861745178279,390.6531339090017,525.2200933001757,659.7870526913496,794.3540120825235
.SOX,2012-01-06,375.22,12.052524444444446,12.88051,,12.88051,LSEG,31.132067122498633,29.130834105171306,466.98100683747947,622.6413424499726,778.3016780624658,933.9620136749589,1089.6223492874522,1245.2826848999453,436.9625115775696,582.6166821034261,728.2708526292827,873.9250231551392,1019.5791936809957,1165.2333642068522,217.19059737665552,487.01101570085626,756.831434025057,1026.6518523492578,1296.4722706734585,257.9395491861586,393.48041118726246,529.0212731883664,664.5621351894703,800.1029971905741
.SOX,2012-01-13,383.47,12.028,13.15695,,13.15695,LSEG,31.881443298969074,29.14581266934966,478.2216494845361,637.6288659793815,797.0360824742269,956.4432989690722,1115.8505154639176,1275.257731958763,437.1871900402449,582.9162533869932,728.6453167337415,874.3743800804898,1020.1034434272381,1165.8325067739863,222.4185656573042,498.73379823915894,775.0490308210136,1051.3642634028683,1327.6794959847232,258.0721771801828,393.6827319162404,529.293286652298,664.9038413883557,800.5143961244132
.SOX,2012-01-20,414.34,13.07823,14.1109,,14.1109,LSEG,31.681657227315927,29.363116456072962,475.2248584097389,633.6331445463186,792.0414306828982,950.4497168194778,1108.8580029560574,1267.2662890926372,440.4467468410944,587.2623291214593,734.077911401824,880.8934936821888,1027.7090759625537,1174.5246582429186,221.0247726888147,495.6084671361572,770.1921615834997,1044.775856030842,1319.3595504781847,259.9962978758516,396.6179305117813,533.2395631477111,669.8611957836408,806.4828284195705
.SOX,2012-01-27,413.34,14.38917,14.2825,11.62126,14.086179016393444,LSEG,28.725770840152695,29.34365660971342,430.88656260229044,574.5154168030539,718.1442710038174,861.7731252045809,1005.4019794053443,1149.0308336061078,440.1548491457013,586.8731321942685,733.5914152428355,880.3096982914026,1027.0279813399698,1173.746264388537,200.4032467336188,449.3683885045535,698.3335302754882,947.2986720464229,1196.2638138173577,259.823990279746,396.3550795299128,532.8861687800796,669.4172580302464,805.9483472804131
.SOX,2012-02-03,427.99,14.96009,14.79553,12.28639,14.562440491803278,LSEG,28.608785107576228,29.389991343889207,429.1317766136434,572.1757021515245,715.2196276894057,858.2635532272868,1001.307478765168,1144.351404303049,440.8498701583381,587.7998268777842,734.7497835972301,881.6997403166762,1028.6496970361222,1175.5996537555684,199.58710429621325,447.5383352600839,695.4895662239545,943.4407971878252,1191.3920281516957,260.23426210381444,396.980939063832,533.7276160238497,670.4742929838673,807.2209699438848
.SOX,2012-02-10,420.15,14.22787,14.56891,12.05815,14.28765,LSEG,29.53007020727628,29.406515417160975,442.95105310914425,590.6014041455256,738.251755181907,885.9021062182885,1033.55245725467,1181.2028082910513,441.09773125741464,588.1303083432194,735.1628854290244,882.1954625148293,1029.228039600634,1176.2606166864389,206.01438265105983,461.9503558428976,717.8863290347354,973.822302226573,1229.758275418411,260.38057483880345,397.2041355271393,534.0276962154751,670.851256903811,807.6748175921467
.SOX,2012-02-17,432.04,15.03694,14.86455,12.49919,14.554338852459017,LSEG,28.731909550746366,29.684618750442592,430.9786432611955,574.6381910149273,718.2977387686592,861.957286522391,1005.6168342761227,1149.2763820298546,445.26928125663886,593.6923750088519,742.1154687610648,890.5385625132777,1038.9616562654908,1187.3847500177037,200.44607300068662,449.46441873825285,698.4827644758191,947.5011102133852,1196.5194559509516,262.84304632708444,400.96057495956774,539.0781035920511,677.1956322245345,815.3131608570177
.SOX,2012-02-24,423.79,14.90237,14.49796,12.29459,14.166852486338795,LSEG,28.43775855786697,29.914195860277644,426.56637836800456,568.7551711573394,710.9439639466743,853.1327567360091,995.3215495253439,1137.5103423146788,448.7129379041647,598.2839172055528,747.8548965069411,897.4258758083294,1046.9968551097174,1196.5678344111057,198.39395003657282,444.86290052720926,691.3318510178457,937.8008015084821,1184.2697519991186,264.8758414060212,404.0615536425312,543.2472658790412,682.4329781155512,821.6186903520612
.SOX,2012-03-02,420.35,14.80182,14.27849,12.10083,13.909596775956285,LSEG,28.398534774777698,30.22014273818523,425.97802162166545,567.970695495554,709.9633693694425,851.9560432433309,993.9487171172194,1135.941390991108,453.30214107277845,604.4028547637047,755.5035684546308,906.6042821455569,1057.704995836483,1208.8057095274094,198.1203081724778,444.2493076563352,690.3783071401926,936.50730662405,1182.6363061079076,267.5848541132264,408.19408561487063,548.8033171165149,689.4125486181591,830.0217801198033
.SOX,2012-03-09,422.85,14.78247,14.45411,12.20168,14.029471557377049,LSEG,28.604827204114063,30.140123116587016,429.0724080617109,572.0965440822813,715.1206801028516,858.1448161234218,1001.1689521439922,1144.1930881645626,452.10184674880526,602.8024623317403,753.5030779146754,904.2036934976105,1054.9043090805455,1205.6049246634807,199.55949227116128,447.47642023922873,695.3933482072962,943.3102761753636,1191.227204143431,266.87631878442073,407.113232471571,547.3501461587213,687.5870598458715,827.8239735330217
.SOX,2012-03-16,435.41,15.03151,14.8728,12.52385,14.385039890710384,LSEG,28.966484405093034,30.268251135068486,434.49726607639553,579.3296881018607,724.1621101273258,868.9945321527911,1013.8269541782562,1158.6593762037214,454.02376702602726,605.3650227013698,756.7062783767121,908.0475340520545,1059.388789727397,1210.7300454027395,202.0825673762328,453.1339642786674,704.185361181102,955.2367580835365,1206.2881549859712,268.0108308689669,408.84390263414446,549.676974399322,690.5100461644996,831.3431179296772
.SOX,2012-03-23,435.68,14.59364,14.85364,12.51531,14.323362978142075,LSEG,29.85410082748375,30.41743762724313,447.81151241225626,597.082016549675,746.3525206870938,895.6230248245125,1044.8935289619312,1194.16403309935,456.26156440864696,608.3487525448627,760.4359406810783,912.5231288172939,1064.6103169535097,1216.6975050897254,208.27495865760227,467.01929266757037,725.7636266775385,984.5079606875066,1243.2522946974748,269.3318056270965,410.85901699964916,552.3862283722018,693.9134397447546,835.4406511173071
.SOX,2012-03-30,438.64,14.7413,14.97775,12.65756,14.407211475409834,LSEG,29.755855996418223,30.44586391673842,446.33783994627333,595.1171199283644,743.8963999104556,892.6756798925467,1041.4549598746378,1190.234239856729,456.68795875107634,608.9172783347684,761.1465979184605,913.3759175021527,1065.6052370858447,1217.8345566695368,207.58956075375187,465.48241062320386,723.3752604926558,981.2681103621078,1239.1609602315598,269.58350677204066,411.2429808792536,552.9024549864665,694.5619290936795,836.2214032008924
.SOX,2012-04-05,423.2,14.23758,14.52569,12.29559,13.940745737704916,LSEG,29.724152559634433,30.357056068771826,445.8622883945165,594.4830511926887,743.1038139908608,891.724576789033,1040.3453395872052,1188.9661023853773,455.35584103157737,607.1411213754366,758.9264017192957,910.7116820631547,1062.4969624070138,1214.2822427508731,207.3683840375746,464.986461450008,722.6045388624414,980.2226162748747,1237.8406936873082,268.79715591830285,410.0434220747102,551.2896882311176,692.535954387525,833.7822205439322
.SOX,2012-04-13,416.43,14.07331,14.40661,12.11026,13.754095245901642,LSEG,29.590053796867974,30.27680065863185,443.8508069530196,591.8010759373594,739.7513449216993,887.7016139060393,1035.651882890379,1183.6021518747189,454.15200987947776,605.536013172637,756.9200164657963,908.3040197589555,1059.6880230521147,1211.072026345274,206.43285379224534,462.88870242867,719.3445510650946,975.8003997015192,1232.2562483379438,268.08653279517085,408.9593840527342,549.8322353102975,690.7050865678609,831.5779378254241
.SOX,2012-04-20,405.17,14.13291,14.24018,11.9132,13.534456557377048,LSEG,28.66854738337681,29.936185341638954,430.0282107506522,573.3709476675363,716.7136845844203,860.0564215013044,1003.3991584181884,1146.7418953350725,449.0427801245843,598.723706832779,748.4046335409738,898.0855602491686,1047.7664869573634,1197.447413665558,200.00403145786444,448.47321974827787,696.9424080386913,945.4115963291047,1193.8807846195182,265.070547705494,404.35857329313933,543.6465988807847,682.9346244684302,822.2226500560755
.SOX,2012-04-27,415.91,14.9457,14.50602,12.43104,13.83703737704918,LSEG,27.82807095017296,30.057734807441488,417.4210642525944,556.5614190034593,695.701773754324,834.8421285051888,973.9824832560537,1113.1228380069185,450.8660221116223,601.1546961488298,751.4433701860372,901.7320442232447,1052.020718260452,1202.3093922976595,194.14050887549715,435.3253205163817,676.5101321572662,917.6949437981507,1158.8797554390353,266.1468098646801,406.0003846333468,545.8539594020136,685.7075341706804,825.5611089393472
.SOX,2012-05-04,397.94,14.43442,13.70887,11.89223,13.088432841530054,LSEG,27.56882507229248,30.40394559212028,413.5323760843872,551.3765014458496,689.220626807312,827.0647521687744,964.9088775302369,1102.7530028916992,456.0591838818042,608.0789118424057,760.098639803007,912.1183677636084,1064.1380957242097,1216.1578236848113,192.33189890229028,431.26983657418015,670.20777424607,909.1457119179599,1148.0836495898498,269.21234013412,410.6767753409062,552.1412105476925,693.6056457544787,835.0700809612649
.SOX,2012-05-11,394.6,14.63244,13.60559,11.7171,12.92449524590164,LSEG,26.96747774123796,30.531172977538734,404.5121661185694,539.3495548247593,674.1869435309491,809.0243322371388,943.8617209433286,1078.6991096495185,457.967594663081,610.6234595507747,763.2793244384684,915.935189326162,1068.5910542138556,1221.2469191015493,188.13664307335108,421.86272674965414,655.5888104259571,889.3148941022602,1123.0409777785633,270.3388775453211,412.39528033626596,554.4516831272108,696.5080859181558,838.5644887091005
.SOX,2012-05-18,364.48,13.87928,12.61211,10.80209,12.474778743169399,LSEG,26.26072822221326,29.217351866827467,393.91092333319887,525.2145644442652,656.5182055553315,787.8218466663977,919.1254877774641,1050.4291288885304,438.260278002412,584.3470373365493,730.4337966706867,876.520556004824,1022.6073153389614,1168.6940746730986,183.20605656174396,410.80676956724244,638.407482572741,866.0081955782393,1093.608908583738,258.7056224251746,394.64903699140393,530.5924515576334,666.5358661238628,802.4792806900921
.SOX,2012-05-25,372.11,14.17473,12.74493,10.94033,12.025062240437158,LSEG,26.25164641584002,30.94453837824563,393.7746962376003,525.0329283168004,656.2911603960006,787.5493924752006,918.8076245544007,1050.0658566336008,464.1680756736844,618.8907675649126,773.6134594561407,928.3361513473689,1083.058843238597,1237.7815351298252,183.14269800146266,410.66469934335316,638.1867006852437,865.7087020271342,1093.2307033690247,273.999029696219,417.97875203685356,561.9584743774882,705.9381967181228,849.9179190587573
.SOX,2012-06-01,353.17,13.5128,12.1543,10.22502,12.037080628415302,LSEG,26.135959978686873,29.34017066948029,392.0393996803031,522.7191995737375,653.3989994671718,784.0787993606062,914.7585992540405,1045.438399147475,440.10256004220435,586.8034133896058,733.5042667370072,880.2051200844087,1026.9059734318103,1173.6068267792116,182.33562000388534,408.8549714817538,635.3743229596223,861.8936744374907,1088.4130259153592,259.7931239527134,396.3079937104215,532.8228634681296,669.3377332258378,805.8526029835459
.SOX,2012-06-08,372.73,14.26032,12.85392,10.80539,12.049099016393443,LSEG,26.137562130443076,30.934263175435852,392.0634319566461,522.7512426088615,653.4390532610769,784.1268639132923,914.8146745655076,1045.502485217723,464.0139476315378,618.6852635087171,773.3565793858963,928.0278952630756,1082.6992111402549,1237.3705270174341,182.34679729884775,408.88003456384934,635.413271828851,861.9465090938525,1088.479746358854,273.9080477088519,417.8399612623764,561.7718748159009,705.7037883694254,849.6357019229499
.SOX,2012-06-15,375.15,14.32516,13.03016,10.90639,12.061117404371586,LSEG,26.18818917205811,31.104083263796586,392.82283758087164,523.7637834411622,654.7047293014527,785.6456751617433,916.5866210220338,1047.5275668823244,466.56124895694876,622.0816652759318,777.6020815949147,933.1224979138975,1088.6429142328805,1244.1633305518635,182.69999316497882,409.6720130361381,636.6440329072973,863.6160527784566,1090.588072649616,275.4117230542394,420.1337808610461,564.8558386678528,709.5778964746595,854.2999542814662
.SOX,2012-06-22,378.65,14.45628,13.28586,11.19969,12.294074262295084,LSEG,26.192768817427442,30.79939098475177,392.8915322614116,523.8553763485488,654.819220435686,785.7830645228232,916.7469086099604,1047.7107526970976,461.99086477127656,615.9878196950355,769.9847746187943,923.9817295425531,1077.978684466312,1231.975639390071,182.73194272713366,409.7436542070919,636.7553656870501,863.7670771670083,1090.7787886469666,272.7138192175837,416.01819519634125,559.3225711750988,702.6269471538565,845.9313231326139
.SOX,2012-06-29,385.46,14.62256,13.50774,11.42833,12.479397896174865,LSEG,26.3606372618748,30.887708141604303,395.409558928122,527.2127452374959,659.01593154687,790.819117856244,922.622304165618,1054.4254904749919,463.31562212406453,617.7541628320861,772.1927035401076,926.6312442481291,1081.0697849561507,1235.5083256641722,183.90306469557703,412.36968547294856,640.8363062503201,869.3029270276917,1097.7695478050632,273.49582523710586,417.2111260636059,560.926426890106,704.641727716606,848.357028543106
.SOX,2012-07-06,376.04,14.20948,13.1817,11.17513,12.151002841530056,LSEG,26.46402261025738,30.94723990309338,396.96033915386073,529.2804522051476,661.6005652564345,793.9206783077215,926.2407913590083,1058.5609044102953,464.2085985464007,618.9447980618676,773.6809975773344,928.4171970928014,1083.1533966082682,1237.8895961237351,184.6243250438492,413.9869826259539,643.3496402080586,872.7122977901632,1102.074955372268,274.0229504016416,418.01524248213525,562.0075345626291,705.9998266431228,849.9921187236164
.SOX,2012-07-13,357.01,13.53678,12.92966,10.84559,12.227824836065576,LSEG,26.37333250595784,29.196525529790915,395.59998758936763,527.4666501191568,659.333312648946,791.1999751787353,923.0666377085245,1054.9333002383137,437.94788294686373,583.9305105958183,729.9131382447729,875.8957658937275,1021.878393542682,1167.8610211916366,183.9916321406936,412.5682821061604,641.1449320716272,869.7215820370939,1098.2982320025608,258.521215210228,394.36772833985344,530.214241469479,666.0607545991045,801.90726772873
.SOX,2012-07-20,365.01,14.55609,13.51381,11.32295,12.304646830601094,LSEG,25.076102167546367,29.66440280855821,376.1415325131955,501.52204335092733,626.9025541886592,752.283065026391,877.6635758641228,1003.0440867018547,444.96604212837315,593.2880561711643,741.6100702139553,889.9320842567463,1038.2540982995374,1186.5761123423285,174.94159922684653,392.27520416109934,609.6088090953521,826.9424140296048,1044.2760189638577,262.6640438681365,400.687511129796,538.7109783914556,676.7344456531151,814.7579129147746
.SOX,2012-07-27,384.23,15.86341,14.47001,12.21086,13.17994893442623,LSEG,24.221147912081957,29.152616744696584,363.31721868122935,484.42295824163915,605.5286978020489,726.6344373624587,847.7401769228685,968.8459164832783,437.2892511704488,583.0523348939316,728.8154186174146,874.5785023408976,1020.3415860643804,1166.1046697878633,168.9770731726214,378.9008227333211,588.8245722940208,798.7483218547204,1008.6720714154201,258.1324240004859,393.77463695251885,529.4168499045518,665.0590628565848,800.7012758086175
.SOX,2012-08-03,390.1,16.2039,14.68447,12.30512,13.280263442622951,LSEG,24.074451212362455,29.374417283619213,361.1167681854368,481.48902424724906,601.8612803090614,722.2335363708736,842.6057924326859,962.9780484944981,440.6162592542882,587.4883456723843,734.3604320904803,881.2325185085764,1028.1046049266724,1174.9766913447686,167.95365433827624,376.6059892919937,585.2583242457112,793.9106591994286,1002.5629941531461,260.09636127781897,396.77057475992063,533.4447882420224,670.1190017241241,806.7932152062257
.SOX,2012-08-10,405.96,16.91254,15.09341,12.83012,13.714410901639344,LSEG,24.003490900834528,29.60097979501794,360.0523635125179,480.06981801669053,600.0872725208632,720.1047270250358,840.1221815292084,960.1396360333811,444.01469692526905,592.0195959003588,740.0244948754485,888.0293938505381,1036.0342928256277,1184.0391918007176,167.45860489648553,375.4959295823161,583.5332542681466,791.5705789539771,999.6079036398078,262.10246353502475,399.83083420264506,537.5592048702655,675.2875755378858,813.0159462055061
.SOX,2012-08-17,405.14,17.30976,15.27229,13.14483,13.935361584699454,LSEG,23.40529273658329,29.072801415130105,351.07939104874936,468.10585473166583,585.1323184145823,702.1587820974987,819.1852457804152,936.2117094633317,436.09202122695154,581.4560283026021,726.8200353782527,872.1840424539031,1017.5480495295536,1162.9120566052043,163.28531900023833,366.13808339702877,568.9908477938192,771.8436121906096,974.6963765874001,257.425697579533,392.6965432534685,527.9673889274042,663.2382346013397,798.5090802752752
.SOX,2012-08-24,398.95,17.13471,15.29845,12.96062,13.78460926229508,LSEG,23.283148649729117,28.941698122067518,349.24722974593675,465.66297299458233,582.078716243228,698.4944594918735,814.9102027405191,931.3259459891647,434.12547183101276,578.8339624413503,723.542453051688,868.2509436620255,1012.9594342723631,1157.6679248827006,162.43318968015498,364.22733601341815,566.0214823466813,767.8156286799444,969.6097750132076,256.26484086711287,390.92568501178454,525.5865291564563,660.247373301128,794.9082174457997
.SOX,2012-08-31,396.18,17.05297,15.21153,12.87986,13.657083333333334,LSEG,23.23231671667751,29.00912225035848,348.4847507501626,464.64633433355016,580.8079179169378,696.9695015003252,813.1310850837128,929.2926686671003,435.1368337553772,580.1824450071696,725.228056258962,870.2736675107544,1015.3192787625468,1160.3648900143392,162.0785644038491,363.43215234482034,564.7857402857916,766.1393282267627,967.492916167734,256.86184915025547,391.83640640163867,526.8109636530219,661.7855209044051,796.7600781557882
.SOX,2012-09-07,401.23,17.32833,15.42296,13.13438,13.853469344262296,LSEG,23.154568270571946,28.962420172834022,347.3185240585792,463.0913654114389,578.8642067642986,694.6370481171584,810.4098894700181,926.1827308228778,434.43630259251034,579.2484034566804,724.0605043208506,868.8726051850207,1013.6847060491908,1158.4968069133608,161.53615803589642,362.21590320986746,562.8956483838385,763.5753935578095,964.2551387317807,256.44832467721005,391.20558503204524,525.9628453868805,660.7201057417158,795.4773660965509
.SOX,2012-09-14,406.58,17.4475,15.73686,13.40121,14.090418196721313,LSEG,23.303052013182402,28.855069759008767,349.545780197736,466.061040263648,582.57630032956,699.091560395472,815.606820461384,932.122080527296,432.8260463851315,577.1013951801754,721.3767439752191,865.652092770263,1009.9274415653068,1154.2027903603507,162.57204404473072,364.5386920571112,566.5053400694917,768.471988081872,970.4386360942526,255.4977883057809,389.75556527563924,524.0133422454976,658.2711192153561,792.5288961852143
.SOX,2012-09-21,395.16,16.91265,15.15122,12.94447,13.553436530054643,LSEG,23.364759514328036,29.155705206110326,350.4713927149205,467.2951902865607,584.1189878582009,700.942785429841,817.7665830014812,934.5903805731214,437.3355780916549,583.1141041222065,728.8926301527581,874.6711561833098,1020.4496822138615,1166.228208244413,163.0025419292337,365.50400646077884,568.005470992324,770.5069355238692,973.0084000554143,258.1597708434175,393.81635388594503,529.4729369284727,665.1295199710003,800.7861030135277
.SOX,2012-09-28,382.27,16.39341,14.25476,12.23377,12.752822076502731,LSEG,23.318516403847642,29.975326065619488,349.77774605771464,466.37032807695283,582.9629100961911,699.5554921154293,816.1480741346675,932.7406561539057,449.62989098429233,599.5065213123897,749.3831516404872,899.2597819685847,1049.136412296682,1199.0130426247795,162.67993023916276,364.78060752566773,566.8812848121727,768.9819620986776,971.0826393851827,265.4171200233998,404.8872608037827,544.3574015841657,683.8275423645487,823.2976831449315
.SOX,2012-10-05,383.28,16.46599,14.35882,12.46397,12.914385163934426,LSEG,23.277069887689713,29.67853251507267,349.1560483153457,465.5413977537943,581.9267471922428,698.3120966306914,814.6974460691399,931.0827955075886,445.17798772609007,593.5706503014534,741.9633128768168,890.3559754521801,1038.7486380275434,1187.1413006029068,162.39078163980693,364.1322435782334,565.8737055166598,767.6151674550862,969.3566293935127,262.7891556351156,400.87836604006714,538.9675764450187,677.0567868499703,815.1459972549218
.SOX,2012-10-12,366.71,15.84856,13.7555,12.02633,12.404290655737704,LSEG,23.138379764470713,29.563157634521836,347.0756964670607,462.76759528941426,578.4594941117679,694.1513929341214,809.843291756475,925.5351905788285,443.44736451782757,591.2631526904368,739.0789408630459,886.8947290356551,1034.7105172082643,1182.5263053808735,161.42322010289865,361.96266012234554,562.5021001417924,763.0415401612393,963.5809801806862,261.76756646368136,399.3199569922546,536.8723475208279,674.4247380494012,811.9771285779743
.SOX,2012-10-19,364.92,16.21555,13.96488,12.34204,12.665721202185791,LSEG,22.50432455266704,28.81162423952801,337.5648682900056,450.0864910533408,562.608113816676,675.1297365800112,787.6513593433464,900.1729821066816,432.1743635929202,576.2324847905602,720.2906059882002,864.3487271858404,1008.4068483834805,1152.4649695811204,156.99978012766167,352.0438882176117,547.0879963075618,742.1321043975116,937.1762124874617,255.11309909061572,389.16873137971254,523.2243636688094,657.2799959579062,791.335628247003
.SOX,2012-10-26,367.28,15.84916,14.37349,12.96211,13.216621147540982,LSEG,23.173467868328668,27.789250815314038,347.60201802493003,463.4693573665734,579.3366967082167,695.2040360498601,811.0713753915034,926.9387147331468,416.83876222971054,555.7850163062808,694.731270382851,833.6775244594211,972.6237785359913,1111.5700326125616,161.66800970224446,362.51155695697076,563.3551042116972,764.1986514664234,965.0421987211497,246.0604732993464,375.3591743346147,504.6578753698831,633.9565764051514,763.2552774404197
.SOX,2012-11-02,372.31,15.96511,14.50371,13.1764,13.390365273224042,LSEG,23.320227671466093,27.804319927290358,349.80341507199137,466.4045534293218,583.0056917866523,699.6068301439827,816.2079685013132,932.8091068586436,417.0647989093554,556.0863985458071,695.1079981822589,834.1295978187107,973.1511974551626,1112.1727970916143,162.69186877298577,364.80737754957005,566.9228863261543,769.0383951027386,971.1539038793229,246.19390305064618,375.56271812451314,504.9315331983802,634.3003482722472,763.6691633461141
.SOX,2012-11-09,369.7,15.64398,14.44267,13.12889,13.315547267759564,LSEG,23.632093623233985,27.76453664019809,354.4814043485098,472.6418724646797,590.8023405808497,708.9628086970196,827.1232768131895,945.2837449293594,416.46804960297135,555.2907328039619,694.1134160049523,832.9360992059427,971.7587824069332,1110.5814656079237,164.86757885671992,369.6860177418634,574.5044566270069,779.3228955121502,984.1413343972938,245.84164114490483,375.0253512881593,504.2090614314138,633.3927715746682,762.5764817179227
.SOX,2012-11-16,356.0,16.94387,13.9795,12.81556,12.95866737704918,LSEG,21.010548357606616,27.47196063003392,315.1582253640992,420.2109671521323,525.2637089401654,630.3164507281984,735.3691925162316,840.4219343042646,412.0794094505088,549.4392126006784,686.799015750848,824.1588189010176,961.5186220511872,1098.8784252013568,146.57855936915516,328.6761671111518,510.77377485314844,692.8713825951451,874.9689903371417,243.2510210517083,371.0734243241974,498.8958275966865,626.7182308691756,754.5406341416647
.SOX,2012-11-23,369.16,17.5357,14.48897,13.3299,13.450240601092895,LSEG,21.05191124391955,27.44634917311472,315.77866865879326,421.038224878391,526.2977810979888,631.5573373175865,736.8168935371843,842.076449756782,411.6952375967208,548.9269834622944,686.158729327868,823.3904751934416,960.6222210590151,1097.8539669245888,146.86712453099233,329.32322280444447,511.7793210778966,694.2354193513487,876.6915176248009,243.02424389771784,370.7274813771713,498.43071885662476,626.1339563360782,753.8371938155316
.SOX,2012-11-30,374.35,17.70187,14.67346,13.4915,13.59161136612022,LSEG,21.147483288488733,27.54272395789225,317.212249327331,422.94966576977464,528.6870822122183,634.424498654662,740.1619150971056,845.8993315395493,413.14085936838376,550.8544791578449,688.5680989473062,826.2817187367675,963.9953385262287,1101.7089583156899,147.5338759346435,330.8182934117093,514.1027108887752,697.3871283658409,880.6715458429068,243.87759634374396,372.0292494558139,500.18090256788395,628.3325556799539,756.4842087920239
.SOX,2012-12-07,379.46,17.92479,15.79988,13.66723,13.807075901639346,LSEG,21.16956460856724,27.48300963239768,317.5434691285086,423.3912921713448,529.239115214181,635.0869382570172,740.9347612998533,846.7825843426896,412.24514448596517,549.6601926479535,687.075240809942,824.4902889719303,961.9053371339187,1099.320385295907,147.68792465488573,331.16372007666973,514.6395154984538,698.1153109202378,881.5911063420218,243.3488546625955,371.22266708111965,499.09647949964386,626.9702919181681,754.8441043366921
.SOX,2012-12-14,381.03,17.88811,15.86227,13.68915,13.790087267759562,LSEG,21.300741106802224,27.630717094214944,319.5111166020334,426.0148221360445,532.5185276700556,639.0222332040668,745.5259387380778,852.029644272089,414.46075641322415,552.6143418842989,690.7679273553736,828.9215128264483,967.075098297523,1105.2286837685979,148.60306793468564,333.2157649791213,517.8284620235569,702.4411590679924,887.0538561124281,244.65673331704892,373.21780366393955,501.7788740108302,630.3399443577209,758.9010147046115
.SOX,2012-12-21,385.59,17.8677,15.82846,13.84296,13.897208633879782,LSEG,21.580281737436827,27.74585962967961,323.7042260615524,431.6056347487365,539.5070434359207,647.4084521231048,755.3098608102889,863.211269497473,416.18789444519416,554.9171925935922,693.6464907419903,832.3757888903883,971.1050870387863,1109.8343851871844,150.5532627714011,337.5887276198394,524.6241924682777,711.659657316716,898.6951221651543,245.67626518430276,374.77307434504024,503.86988350577775,632.9666926665152,762.0635018272527
.SOX,2012-12-28,376.87,17.47499,15.48734,13.58959,13.605145327868852,LSEG,21.566249823318927,27.70054938171204,323.4937473497839,431.32499646637854,539.1562455829732,646.9874946995678,754.8187438161624,862.6499929327571,415.5082407256806,554.0109876342408,692.513734542801,831.0164814513612,969.5192283599214,1108.0219752684816,150.45537014520275,337.36922093819516,524.2830717311875,711.1969225241799,898.1107733171723,245.27506469371355,374.1610529062819,503.04704111885036,631.9330293314188,760.8190175439871
.SOX,2013-01-04,397.68,18.32356,14.34371,,14.34371,LSEG,21.70320614553067,27.725044636290054,325.5480921829601,434.06412291061343,542.5801536382668,651.0961843659202,759.6122150935735,868.1282458212269,415.8756695443508,554.5008927258011,693.1261159072513,831.7513390887016,970.3765622701519,1109.0017854516022,151.41083594574326,339.51168187162904,527.6125277975149,715.7133737234007,903.8142196492864,245.49195841190377,374.4919189161152,503.4918794203267,632.4918399245382,761.4918004287497
.SOX,2013-01-11,402.86,18.47567,14.52283,,14.52283,LSEG,21.804892596587838,27.739772482360532,327.0733889488176,436.09785193175674,545.122314914696,654.1467778976352,763.1712408805743,872.1957038635135,416.096587235408,554.7954496472106,693.4943120590133,832.193174470816,970.8920368826186,1109.5908992944212,152.12024406064023,341.10240251402985,530.0845609674195,719.066719420809,908.0488778741988,245.62236641746196,374.6908531075219,503.7593397975819,632.8278264876419,761.8963131777017
.SOX,2013-01-18,410.64,19.07768,14.86578,,14.86578,LSEG,21.524629829203548,27.62317214434762,322.8694474380532,430.49259658407095,538.1157457300887,645.7388948761064,753.3620440221241,860.9851931681419,414.3475821652143,552.4634428869524,690.5793036086905,828.6951643304286,966.8110250521668,1104.9268857739048,150.16501128951984,336.71814320770466,523.2712751258895,709.8244070440742,896.377538962259,244.58992640858952,373.11589137521264,501.64185634183576,630.1678213084589,758.693786275082
.SOX,2013-01-25,415.44,19.70414,15.07722,13.24091,14.951445342465751,LSEG,21.083894044601795,27.785942461365195,316.25841066902694,421.6778808920359,527.0973511150448,632.5168213380539,737.9362915610628,843.3557617840718,416.7891369204779,555.718849227304,694.6485615341298,833.5782738409558,972.5079861477818,1111.437698454608,147.09025020904713,329.8235421755909,512.5568341421347,695.2901261086785,878.0234180752223,246.03117941359525,375.3144872354591,504.597795057323,633.8811028791869,763.1644107010507
.SOX,2013-02-01,420.55,20.04563,15.25665,12.84212,15.044965178082194,LSEG,20.9796349628323,27.95287293935819,314.6945244424845,419.59269925664603,524.4908740708075,629.389048884969,734.2872236991305,839.1853985132921,419.29309409037285,559.0574587871638,698.8218234839547,838.5861881807457,978.3505528775366,1118.1149175743276,146.36289432347877,328.1925768719119,510.02225942034505,691.8519419687782,873.6816245172114,247.5092686465877,377.569275851646,507.62928305670437,637.6892902617627,767.7492974668211
.SOX,2013-02-08,424.81,20.22534,15.50333,13.07133,15.243472465753424,LSEG,21.00384962626092,27.86832206076369,315.05774439391377,420.0769925252184,525.096240656523,630.1154887878275,735.1347369191321,840.1539850504367,418.0248309114553,557.3664412152738,696.7080515190922,836.0496618229106,975.3912721267291,1114.7328824305475,146.5318261581251,328.5713762553523,510.61092635257944,692.6504764498065,874.6900265470338,246.76061121270777,376.4272174280699,506.09382364343213,635.7604298587943,765.4270360741564
.SOX,2013-02-15,428.5,20.22809,15.549,13.1945,15.252268493150684,LSEG,21.183413757799176,28.094181543711084,317.7512063669876,423.6682751559835,529.5853439449794,635.5024127339752,741.4194815229712,847.336550311967,421.41272315566624,561.8836308742217,702.3545385927771,842.8254463113325,983.296354029888,1123.7672617484434,147.78454223517704,331.3803676962287,514.9761931572804,698.5720186183319,882.1678440793836,248.7604884905276,379.47798081849777,510.19547314646803,640.9129654744382,771.6304578024084
.SOX,2013-02-22,424.98,20.0858,15.45827,13.14182,15.121908767123289,LSEG,21.158231188202613,28.103595025249312,317.3734678230392,423.1646237640523,528.9557797050653,634.7469356460784,740.5380915870915,846.3292475281046,421.5539253787397,562.0719005049863,702.5898756312328,843.1078507574794,983.625825883726,1124.1438010099725,147.608857873691,330.98642698073036,514.3639960877697,697.7415651948089,881.1191343018484,248.8438403497801,379.60513202100003,510.36642369222,641.12771536344,771.8890070346598
.SOX,2013-03-01,425.09,19.96761,15.47113,12.9018,15.048774383561645,LSEG,21.288977499059726,28.247483094991587,319.3346624858959,425.7795499811945,532.2244374764931,638.6693249717918,745.1142124670904,851.559099962389,423.7122464248738,564.9496618998318,706.1870773747896,847.4244928497476,988.6619083247056,1129.8993237996635,148.5209999826012,333.03174229497256,517.5424846073438,702.0532269197151,886.5639692320865,250.11790012124405,381.54867873314447,512.9794573450449,644.4102359569455,775.8410145688458
.SOX,2013-03-08,435.26,20.38911,15.83956,13.1465,15.345217479452057,LSEG,21.3476703985608,28.364537718858198,320.215055978412,426.95340797121605,533.69175996402,640.430111956824,747.1684639496281,853.9068159424321,425.468065782873,567.2907543771639,709.1134429714549,850.936131565746,992.758820160037,1134.5815087543278,148.93046671843496,333.94989811443594,518.9693295104369,703.9887609064378,889.0081923024388,251.15436261323117,383.12977666409006,515.105190714949,647.0806047658078,779.0560188166667
.SOX,2013-03-15,434.18,20.07822,15.80218,13.10294,15.254936821917807,LSEG,21.62442686652502,28.461605909516717,324.3664029978753,432.48853733050044,540.6106716631255,648.7328059957506,756.8549403283757,864.9770746610009,426.92408864275075,569.2321181903343,711.5401477379179,853.8481772855015,996.1562068330851,1138.4642363806686,150.86123804719014,338.27930701731054,525.697375987431,713.1154449575513,900.5335139276717,252.01385483540307,384.44091081959084,516.8679668037787,649.2950227879664,781.7220787721542
.SOX,2013-03-22,430.08,19.83193,15.58159,12.86773,14.9793361369863,LSEG,21.686240320533603,28.71155277289398,325.29360480800403,433.72480641067204,542.15600801334,650.5872096160081,759.0184112186761,867.4496128213441,430.6732915934097,574.2310554578796,717.7888193223496,861.3465831868194,1004.9043470512893,1148.4621109157592,151.29247510411966,339.24627888275865,527.2000826613976,715.1538864400366,903.1076902186755,254.22701430166705,387.81703092042903,521.4070475391911,654.9970641579531,788.5870807767151
.SOX,2013-03-28,436.66,20.17331,15.8284,13.0514,15.166484931506847,LSEG,21.645431513222174,28.791114221389744,324.68147269833264,432.9086302644435,541.1357878305544,649.3629453966653,757.5901029627761,865.817260528887,431.86671332084615,575.8222844277949,719.7778555347436,863.7334266416923,1007.6889977486411,1151.6445688555898,151.00777543405525,338.6078908624554,526.2080062908556,713.8081217192556,901.4082371476559,254.93149272763674,388.8916953586577,522.8518979896788,656.8121006206999,790.7723032517208
.SOX,2013-04-05,418.93,19.50802,15.29142,12.54597,14.576850821917809,LSEG,21.47475756124917,28.739403669419136,322.12136341873753,429.4951512249834,536.8689390312293,644.2427268374751,751.616514643721,858.9903024499667,431.09105504128706,574.7880733883827,718.4850917354784,862.1821100825741,1005.8791284296698,1149.5761467767654,149.81708104682446,335.93797195289534,522.0588628589662,708.179753765037,894.300644671108,254.47362061812862,388.1932227650253,521.912824911922,655.6324270588188,789.3520292057154
.SOX,2013-04-12,433.63,20.13932,15.76148,12.94517,14.974456383561645,LSEG,21.531511490954014,28.95797943463387,322.9726723643102,430.6302298190803,538.2877872738503,645.9453447286204,753.6029021833905,861.2604596381606,434.369691519508,579.1595886926774,723.9494858658468,868.739383039016,1013.5292802121854,1158.3191773853548,150.21302070118682,336.82579571486446,523.438570728542,710.0513457422196,896.6641207558973,256.40900407261404,391.1456024209513,525.8822007692887,660.618799117626,795.3553974659634
.SOX,2013-04-19,416.97,19.62074,15.20438,12.46879,14.387450383561646,LSEG,21.251492043623227,28.98150741679765,318.7723806543484,425.02984087246455,531.2873010905806,637.5447613086968,743.8022215268129,850.0596817449291,434.7226112519648,579.630148335953,724.5376854199412,869.4452225039296,1014.3527595879178,1159.260296671906,148.25948543468655,332.4453427586261,516.6312000825657,700.8170574065052,885.0029147304448,256.61733305800027,391.4634031424407,526.3094732268812,661.1555433113217,796.0016133957621
.SOX,2013-04-26,435.29,20.57827,15.83503,13.20073,14.997827808219178,LSEG,21.152895748767996,29.023536312468558,317.29343623151993,423.05791497535995,528.8223937191999,634.5868724630399,740.3513512068798,846.1158299507199,435.3530446870284,580.4707262493712,725.588407811714,870.7060893740568,1015.8237709363996,1160.9414524987424,147.57163556932196,330.9029626297112,514.2342896901005,697.5656167504897,880.896943810879,256.98947874950386,392.0311022028462,527.0727256561887,662.1143491095311,797.1559725628734
.SOX,2013-05-03,450.92,21.22686,16.34589,13.69146,15.451383452054792,LSEG,21.24289697110171,29.183147347238652,318.6434545665257,424.85793942203424,531.0724242775427,637.2869091330514,743.5013939885599,849.7158788440685,437.74721020857976,583.662946944773,729.5786836809663,875.4944204171595,1021.4101571533528,1167.325893889546,148.19952253764865,332.31088670139565,516.4222508651426,700.5336150288896,884.6449791926366,258.40275782709904,394.1870245277828,529.9712912284666,665.7555579291503,801.539824629834
.SOX,2013-05-10,465.94,21.85094,16.84886,14.15987,15.891137534246576,LSEG,21.323567773285724,29.320745541083188,319.85351659928585,426.4713554657145,533.089194332143,639.7070331985717,746.3248720650004,852.942710931429,439.81118311624783,586.4149108216637,733.0186385270797,879.6223662324957,1026.2260939379116,1172.8298216433275,148.76231650980148,333.5728513873399,518.3833862648783,703.1939211424166,888.004456019955,259.6211237674958,396.0456116762696,532.4700995850434,668.8945874938172,805.3190754025909
.SOX,2013-05-17,470.63,21.96124,16.96902,14.24137,15.945217123287671,LSEG,21.430028541193483,29.515433773093893,321.4504281179022,428.60057082386965,535.7507135298371,642.9008562358044,750.0509989417719,857.2011416477393,442.7315065964084,590.3086754618779,737.8858443273473,885.4630131928168,1033.0401820582863,1180.6173509237558,149.50503229825466,335.2382585222738,520.971484746293,706.704710970312,892.4379371943312,261.3449945847676,398.6753340284797,536.0056734721918,673.3360129159039,810.6663523596159
.SOX,2013-05-24,461.5,19.75234,16.59505,13.97433,15.561122109589045,LSEG,23.36432037925633,29.657244300885946,350.46480568884493,467.2864075851266,584.1080094814083,700.9296113776899,817.7512132739715,934.5728151702532,444.85866451328917,593.1448860177189,741.4311075221486,889.7173290265783,1038.0035505310082,1186.2897720354379,162.9994783354101,365.4971369003202,567.9947954652304,770.4924540301404,972.9901125950505,262.60065871976883,400.5908186515717,538.5809785833746,676.5711385151775,814.5612984469803
.SOX,2013-05-31,468.63,19.98196,16.82188,14.18266,15.730038301369865,LSEG,23.452654294173342,29.792044432542095,351.78981441260015,469.05308588346685,586.3163573543336,703.5796288252003,820.842900296067,938.1061717669337,446.88066648813145,595.8408886508419,744.8011108135523,893.7613329762629,1042.7215551389734,1191.6817773016837,163.61573345505744,366.8789786346096,570.1422238141618,773.4054689937138,976.668714173266,263.79424916294295,402.41161139099904,541.0289736190553,679.6463358471115,818.2636980751674
.SOX,2013-06-07,471.47,21.95572,16.92115,14.25213,15.765793397260277,LSEG,21.473675197169577,29.904616159814093,322.10512795754363,429.4735039433915,536.8418799292394,644.2102559150873,751.5786319009352,858.947007886783,448.5692423972114,598.0923231962819,747.6154039953524,897.1384847944228,1046.6615655934934,1196.1846463925638,149.80953001270584,335.9210401112773,522.0325502098488,708.1440603084202,894.2555704069918,264.7910177579929,403.9321572626047,543.0732967672164,682.2144362718283,821.3555757764399
.SOX,2013-06-14,465.53,21.62166,16.60107,14.01444,15.431771506849314,LSEG,21.5307242829644,30.166983731801423,322.960864244466,430.614485659288,538.26810707411,645.921728488932,753.5753499037539,861.228971318576,452.5047559770213,603.3396746360285,754.1745932950356,905.0095119540426,1055.8444306130498,1206.679349272057,150.20752880201894,336.8134811145817,523.4194334271444,710.0253857397071,896.6313380522698,267.1141566353471,407.47604823857404,547.837939841801,688.199831445028,828.561723048255
.SOX,2013-06-21,460.85,21.16751,16.22259,13.66596,15.01782189041096,LSEG,21.771573510535724,30.68687346027573,326.57360265803584,435.43147021071445,544.2893377633931,653.1472053160717,762.0050728687503,870.8629404214289,460.303101904136,613.7374692055146,767.1718365068932,920.606203808272,1074.0405711096505,1227.4749384110291,151.88779588509095,340.58117911191476,529.2745623387386,717.9679455655623,906.6613287923863,271.71753056226714,414.4983814609445,557.2792323596218,700.0600832582992,842.8409341569766
.SOX,2013-06-28,468.43,21.50692,16.47792,13.88044,15.204087342465757,LSEG,21.780431600619707,30.80947836254875,326.7064740092956,435.60863201239414,544.5107900154927,653.4129480185912,762.3151060216898,871.2172640247883,462.1421754382312,616.189567250975,770.2369590637187,924.2843508764624,1078.3317426892063,1232.37913450195,151.9495937049847,340.71974965501414,529.4899056050435,718.2600615550729,907.0302175051024,272.8031381046444,416.1544489523795,559.5057598001147,702.8570706478498,846.2083814955848
.SOX,2013-07-05,476.12,21.69016,16.79467,14.09016,15.416481342465756,LSEG,21.950967627716903,30.883830714891783,329.2645144157535,439.01935255433807,548.7741906929226,658.529028831507,768.2838669700916,878.0387051086761,463.25746072337677,617.6766142978356,772.0957678722946,926.5149214467535,1080.9340750212125,1235.3532285956712,153.13932586937136,343.3875109521807,533.63569603499,723.8838811177993,914.1320662006087,273.4614924852657,417.1587522986913,560.8560121121169,704.5532719255425,848.250531738968
.SOX,2013-07-12,489.61,22.47923,17.35717,14.39927,15.793129726027397,LSEG,21.780550312443975,31.001454967669446,326.70825468665964,435.6110062488795,544.5137578110994,653.4165093733193,762.3192609355391,871.222012497759,465.02182451504166,620.0290993533889,775.0363741917362,930.0436490300833,1085.0509238684306,1240.0581987067778,151.95042188937498,340.7216067101812,529.4927915309875,718.2639763517936,907.0351611725999,274.50299876775983,418.7475444074738,562.9920900471878,707.2366356869019,851.4811813266159
.SOX,2013-07-19,486.17,22.02425,17.00181,14.1204,15.422955205479452,LSEG,22.07430445985675,31.522493161834124,331.11456689785126,441.486089197135,551.8576114964188,662.2291337957025,772.6006560949863,882.97217839427,472.83739742751186,630.4498632366825,788.0623290458531,945.6747948550237,1103.2872606641943,1260.899726473365,153.99977629001302,345.3169169134811,536.6340575369492,727.9511981604173,919.2683387838854,279.1165418069462,425.78539035943,572.4542389119138,719.1230874643976,865.7919360168812
.SOX,2013-07-26,473.12,22.95682,16.37518,13.85653,14.94679493150685,LSEG,20.609126176883382,31.65360882838464,309.13689265325075,412.18252353766763,515.2281544220846,618.2737853065015,721.3194161909183,824.3650470753353,474.80413242576964,633.0721765676928,791.340220709616,949.6082648515393,1107.8763089934625,1266.1443531353857,143.77806678096746,322.3965640513989,501.01506132183033,679.6335585922617,858.2520558626932,280.277508080661,427.5564157341628,574.8353233876646,722.1142310411665,869.3931386946682
.SOX,2013-08-02,483.38,24.07835,16.61699,14.09467,15.138150328767123,LSEG,20.075295857066617,31.931245859108024,301.12943785599924,401.50591714133236,501.8823964266654,602.2588757119985,702.6353549973317,803.0118342826647,478.9686878866204,638.6249171821605,798.2811464777006,957.9373757732408,1117.5936050687808,1277.249834364321,140.05383846029216,314.04564905295376,488.0374596456153,662.0292702382768,836.0210808309384,282.73585068367834,431.30655665410484,579.8772626245315,728.4479685949581,877.0186745653845
.SOX,2013-08-09,471.76,23.32601,15.91562,13.2576,14.306243506849317,LSEG,20.224633359927395,32.975812258063286,303.36950039891093,404.4926671985479,505.6158339981849,606.7390007978219,707.8621675974589,808.9853343970958,494.6371838709493,659.5162451612657,824.3953064515822,989.2743677418986,1154.153429032215,1319.0324903225314,141.0956806652908,316.38179360333913,491.6679065413874,666.9540194794357,842.240132417484,291.98498461059523,445.4158820063903,598.8467794021853,752.2776767979803,905.7085741937753
.SOX,2013-08-16,462.46,20.86566,15.46641,13.19944,14.05033010958904,LSEG,22.163689046979584,32.91452915290447,332.45533570469377,443.2737809395917,554.0922261744896,664.9106714093875,775.7291166442855,886.5475618791834,493.71793729356705,658.2905830580894,822.8632288226117,987.4358745871341,1152.0085203516564,1316.5811661161788,154.62336134773133,346.71519472110003,538.8070280944687,730.8988614678374,922.9906948412062,291.4423521387504,444.58810957359054,597.7338670084308,750.879624443271,904.0253818781111
.SOX,2013-08-23,463.82,20.96962,15.64542,13.22861,14.089391643835617,LSEG,22.11866500203628,32.91980319128472,331.7799750305442,442.3733000407256,552.966625050907,663.5599500610884,774.1532750712698,884.7466000814512,493.79704786927084,658.3960638256945,822.9950797821181,987.5940957385417,1152.1931116949652,1316.792127651389,154.30925437953445,346.0108661015927,537.7124778236509,729.4140895457091,921.1157012677675,291.4890512163422,444.6593478629916,597.8296445096411,750.9999411562906,904.1702378029398
.SOX,2013-08-30,457.7,20.82435,16.00244,13.07503,14.06152706849315,LSEG,21.979077378165467,32.54980755436882,329.686160672482,439.58154756330936,549.4769344541367,659.372321344964,769.2677082357914,879.1630951266187,488.24711331553226,650.9961510873763,813.7451888592204,976.4942266310645,1139.2432644029086,1301.9923021747527,153.3354314947386,343.8272426944767,534.3190538942148,724.8108650939529,915.3026762936911,288.21291750034976,439.66168679961277,591.1104560988758,742.5592253981389,894.0079946974018
.SOX,2013-09-06,475.1,22.27586,16.88136,13.80198,14.780632273972603,LSEG,21.328020556782093,32.14341519317881,319.92030835173136,426.56041113564186,533.2005139195523,639.8406167034627,746.4807194873732,853.1208222712837,482.15122789768213,642.8683038635762,803.5853798294703,964.3024557953643,1125.0195317612583,1285.7366077271524,148.79338102934526,333.64250800874987,518.4916349881545,703.340761967559,888.1898889469637,284.61450826635394,434.17240239371176,583.7302965210696,733.2881906484274,882.8460847757852
.SOX,2013-09-13,488.23,22.85171,17.14945,14.15865,15.051793013698632,LSEG,21.365140726886523,32.43666715026323,320.47711090329784,427.30281453773046,534.128518172163,640.9542218065957,747.7799254410284,854.6056290754609,486.5500072539485,648.7333430052647,810.9166787565808,973.100014507897,1135.2833502592132,1297.4666860105294,149.05234719076273,334.22319324479326,519.3940392988238,704.5648853528543,889.735731406885,287.21111354498163,438.133459610215,589.0558056754485,739.9781517406819,890.9004978059152
.SOX,2013-09-20,493.15,22.49294,17.0156,14.15843,14.956872027397258,LSEG,21.924657248007595,32.9714661659652,328.86985872011394,438.4931449601519,548.1164312001898,657.7397174402279,767.3630036802658,876.9862899203038,494.57199248947796,659.4293233193039,824.28665414913,989.1439849789559,1154.0013158087818,1318.8586466386078,152.9557734228285,342.97592746511936,532.9960815074103,723.016235549701,913.036389591992,291.9465020517899,445.3571778134502,598.7678535751107,752.1785293367711,905.5892050984314
.SOX,2013-09-27,490.81,22.20151,16.90405,14.04831,14.79158479452055,LSEG,22.107054880501373,33.18170478810475,331.6058232075206,442.1410976100275,552.6763720125343,663.2116464150412,773.746920817548,884.282195220055,497.7255718215713,663.6340957620951,829.5426197026188,995.4511436431426,1161.3596675836664,1327.2681915241901,154.22825721279125,345.82924446179356,537.4302317107959,729.0312189597981,920.6322062088004,293.80806410732225,448.19694474865895,602.5858253899958,756.9747060313325,911.3635866726692
.SOX,2013-10-04,497.72,22.51035,17.10221,14.21538,14.911382849315068,LSEG,22.110717958627923,33.3785273324172,331.66076937941887,442.2143591725585,552.7679489656981,663.3215387588377,773.8751285519774,884.428718345117,500.677909986258,667.570546648344,834.4631833104299,1001.355819972516,1168.248456634602,1335.141093296688,154.25381241037618,345.8865474154324,537.5192824204886,729.1520174255448,920.7847524306011,295.55083323526196,450.8554960070054,606.160158778749,761.4648215504924,916.7694843222358
.SOX,2013-10-11,497.38,22.1777,17.16486,14.03402,14.728809150684931,LSEG,22.427032559733423,33.76919307674446,336.4054883960013,448.54065119466844,560.6758139933356,672.8109767920026,784.9461395906698,897.0813023893369,506.5378961511669,675.3838615348891,844.2298269186115,1013.0757923023338,1181.921757686056,1350.7677230697782,156.46055817199678,350.83477955688477,545.2090009417728,739.5832223266608,933.9574437115489,299.00999082788167,456.13235547349694,613.2547201191123,770.3770847647277,927.4994494103429
.SOX,2013-10-18,506.44,22.3641,17.39952,14.29838,14.927104273972605,LSEG,22.645221582804584,33.927544867697186,339.67832374206876,452.9044316560917,566.1305395701146,679.3566474841375,792.5827553981604,905.8088633121833,508.9131730154578,678.5508973539437,848.1886216924297,1017.8263460309156,1187.4640703694015,1357.1017947078874,157.98273798984792,354.2479951754478,550.5132523610476,746.7785095466475,943.0437667322474,300.4121199060846,458.27126874976517,616.1304175934458,773.9895664371264,931.8487152808069
.SOX,2013-10-25,496.3,22.08691,17.09691,14.09609,14.646925452054797,LSEG,22.470322919774656,33.884244282159216,337.0548437966198,449.40645839549313,561.7580729943664,674.1096875932396,786.461302192113,898.8129167909863,508.26366423238824,677.6848856431843,847.1061070539804,1016.5273284647765,1185.9485498755726,1355.3697712863686,156.76257021382523,351.5119874702167,546.2614047266082,741.0108219829997,935.7602392393912,300.0287140113946,457.6863925275253,615.3440710436561,773.0017495597868,930.6594280759175
.SOX,2013-11-01,505.4,22.35363,17.47251,14.39176,14.898184657534248,LSEG,22.609303276470087,33.92359617078657,339.1395491470513,452.18606552940173,565.2325819117522,678.2790982941026,791.325614676453,904.3721310588035,508.8539425617985,678.4719234157313,848.0899042696642,1017.707885123597,1187.32586597753,1356.9438468314627,157.73215654342962,353.68611116108445,549.6400657787393,745.5940203963941,941.5479750140489,300.37715609085984,458.21793231324455,616.0587085356293,773.8994847580141,931.7402609803987
.SOX,2013-11-08,500.98,22.07227,17.49922,14.24923,14.721146356164384,LSEG,22.69725769030553,34.03131711887491,340.45886535458294,453.9451538061106,567.4314422576383,680.9177307091659,794.4040191606936,907.8903076122212,510.46975678312367,680.6263423774982,850.7829279718727,1020.9395135662473,1191.0960991606219,1361.2526847549964,158.3457641014394,355.06201621258094,551.7782683237224,748.494520434864,945.2107725460054,301.33097336528107,459.67295700612686,618.0149406469727,776.3569242878185,934.6989079286642
.SOX,2013-11-15,508.94,22.40886,17.38853,14.48795,14.853502547945205,LSEG,22.71155248415136,34.26397230937329,340.6732872622704,454.23104968302715,567.7888121037839,681.3465745245408,794.9043369452976,908.4620993660543,513.9595846405994,685.2794461874657,856.5993077343321,1027.9191692811987,1199.239030828065,1370.5588923749315,158.445490688901,355.2856352238948,552.1257797588886,748.9659242938824,945.8060688288763,303.39102337058864,462.81551240607337,622.2400014415582,781.664490477043,941.0889795125277
.SOX,2013-11-22,504.61,22.16261,17.16858,14.35009,14.651243726027396,LSEG,22.768527714019243,34.44144466067266,341.52791571028865,455.37055428038485,569.213192850481,683.0558314205773,796.8984699906734,910.7411085607697,516.6216699100898,688.8288932134532,861.0361165168165,1033.2433398201797,1205.4505631235431,1377.6577864269063,158.84297422772246,356.1769208702532,553.5108675127839,750.8448141553146,948.1787607978454,304.962455830157,465.212693808828,625.4629317874991,785.7131697661702,945.9634077448411
.SOX,2013-11-29,510.25,22.37798,17.36846,14.58063,14.825042493150685,LSEG,22.801432479607186,34.41811382569328,342.0214871941078,456.0286495921437,570.0358119901797,684.0429743882156,798.0501367862515,912.0572991842874,516.2717073853993,688.3622765138657,860.452845642332,1032.5434147707986,1204.6339838992649,1376.7245530277314,159.07253192674912,356.6916628964517,554.3107938661543,751.9299248358568,949.5490558055594,304.75587248843084,464.89755602362476,625.0392395588187,785.1809230940128,945.3226066292066
.SOX,2013-12-06,515.63,22.64899,17.60941,14.68928,14.88928890410959,LSEG,22.7661365915213,34.630935252903924,341.4920488728195,455.322731830426,569.1534147880325,682.984097745639,796.8147807032454,910.645463660852,519.4640287935589,692.6187050580785,865.7733813225981,1038.9280575871178,1212.0827338516374,1385.237410116157,158.82629273588043,356.1395156124588,553.4527384890372,750.7659613656156,948.079184242194,306.6403040427653,467.77220981438035,628.9041155859954,790.0360213576106,951.1679271292256
.SOX,2013-12-13,505.52,23.2208,17.92935,14.35594,14.532162958904111,LSEG,21.77013711844553,34.786287590469044,326.55205677668295,435.4027423689106,544.2534279611382,653.1041135533659,761.9547991455935,870.8054847378212,521.7943138570356,695.7257518093809,869.6571897617262,1043.5886277140712,1217.5200656664165,1391.4515036187618,151.87777500035787,340.558709072645,529.2396431449322,717.9205772172193,906.6015112895064,308.015874401372,469.8706084199038,631.7253424384356,793.5800764569675,955.4348104754991
.SOX,2013-12-20,522.09,24.2296,18.55557,14.84277,14.954662602739726,LSEG,21.54761118631756,34.91151982956487,323.2141677947634,430.95222372635124,538.690279657939,646.4283355895268,754.1663915211146,861.9044474527025,523.672797443473,698.2303965912973,872.7879957391217,1047.345594886946,1221.9031940347704,1396.4607931825947,150.32533905254564,337.0776495015283,523.829959950511,710.5822703994936,897.3345808484763,309.12474574983145,471.5621642729021,633.9995827959729,796.4370013190436,958.8744198421142
.SOX,2013-12-27,529.96,24.57571,18.83726,15.07284,15.11409391780822,LSEG,21.564382066682917,35.06396102088352,323.46573100024375,431.28764133365837,539.1095516670729,646.9314620004875,754.7533723339021,862.5752826673167,525.9594153132527,701.2792204176703,876.5990255220879,1051.9188306265055,1227.238635730923,1402.5584408353407,150.44233987715364,337.3400028958208,524.237665914488,711.1353289331552,898.0329919518224,310.4745393061771,473.62124100326224,636.7679427003475,799.9146443974327,963.0613460945177
.SOX,2014-01-03,526.68,24.41149,15.00553,,15.00553,LSEG,21.575086158198452,35.099060146492654,323.62629237297676,431.501723163969,539.3771539549613,647.2525847459535,755.1280155369458,863.003446327938,526.4859021973898,701.9812029298531,877.4765036623163,1052.9718043947796,1228.4671051272428,1403.9624058597062,150.51701619149813,337.5074511561828,524.4978861208675,711.4883210855522,898.4787560502369,310.7853252110284,474.0953372247139,637.4053492383994,800.7153612520849,964.0253732657703
.SOX,2014-01-10,533.7,23.67001,15.14063,,15.14063,LSEG,22.547518991331224,35.24952396300551,338.21278486996835,450.9503798266245,563.6879747832805,676.4255697399367,789.1631646965928,901.900759653249,528.7428594450827,704.9904792601102,881.2380990751377,1057.4857188901653,1233.7333387051929,1409.9809585202204,157.30112298099388,352.7195955955927,548.1380682101915,743.5565408247903,938.9750134393892,312.1176100628811,476.12770485883436,640.1377996547876,804.1478944507409,968.157989246694
.SOX,2014-01-17,538.14,23.72714,15.25427,,15.25427,LSEG,22.680356756018636,35.27799101497482,340.20535134027955,453.60713512037273,567.0089189004659,680.4107026805591,793.8124864606523,907.2142702407455,529.1698652246223,705.5598202994964,881.9497753743706,1058.3397304492446,1234.7296855241188,1411.1196405989929,158.2278559651261,354.7976283342892,551.3674007034522,747.9371730726152,944.5069454417783,312.3696721399612,476.5122193314971,640.654766523033,804.797313714569,968.9398609061047
.SOX,2014-01-24,528.89,22.93789,15.07355,13.66945,14.981225616438357,LSEG,23.057482619369086,35.30352012185626,345.8622392905363,461.1496523873817,576.4370654842271,691.7244785810726,807.011891677918,922.2993047747634,529.5528018278438,706.0704024371252,882.5880030464065,1059.1056036556877,1235.623204264969,1412.1408048742503,160.85884706587694,360.697154666244,560.535462266611,760.373769866978,960.212077467345,312.59572012390663,476.85704994762995,641.1183797713534,805.3797095950767,969.6410394188
.SOX,2014-01-31,529.18,22.83105,15.07764,13.30432,14.927029260273972,LSEG,23.17808423178084,35.45112632748248,347.6712634767126,463.5616846356168,579.452105794521,695.3425269534252,811.2329481123294,927.1233692712336,531.7668949122371,709.0225265496496,886.2781581870619,1063.5337898244743,1240.7894214618866,1418.0450530992991,161.7002154254282,362.5837725231534,563.4673296208786,764.3508867186038,965.234443816329,313.9027022034052,478.85081882750166,643.7989354515981,808.7470520756946,973.695168699791
.SOX,2014-02-07,535.31,23.1201,15.26808,13.34186,15.06754202739726,LSEG,23.153446568137678,35.5273606688236,347.3016985220652,463.0689313627536,578.836164203442,694.6033970441304,810.3706298848188,926.1378627255071,532.910410032354,710.547213376472,888.18401672059,1065.820820064708,1243.4576234088258,1421.094426752944,161.52833256061336,362.1983559830907,562.8683794055681,763.5384028280455,964.2084262505228,314.5777206929905,479.8805428604352,645.1833650278799,810.4861871953245,975.7890093627691
.SOX,2014-02-14,559.12,23.43319,15.89346,14.01737,15.662161232876713,LSEG,23.860174393669833,35.698776923988085,357.9026159050475,477.2034878733967,596.5043598417458,715.805231810095,835.1061037784442,954.4069757467934,535.4816538598212,713.9755384797617,892.4694230997021,1070.9633077196424,1249.457192339583,1427.9510769595233,166.45876772915074,373.25397380577414,580.0491798823975,786.844385959021,993.6395920356445,316.0955293290453,482.195922444926,648.2963155608068,814.3967086766876,980.4971017925683
.SOX,2014-02-21,561.21,23.3271,15.92986,14.03926,15.660514246575342,LSEG,24.05828414162069,35.83598796078654,360.87426212431035,481.1656828324138,601.4571035405172,721.7485242486207,842.0399449567241,962.3313656648276,537.5398194117981,716.7197592157308,895.8996990196634,1075.0796388235963,1254.259578627529,1433.4395184314617,167.8408659475016,376.3530815261241,584.8652971047466,793.3775126833689,1001.8897282619914,317.31046717968775,484.0492801271663,650.788093074645,817.5269060221235,984.2657189696021
.SOX,2014-02-28,563.83,23.42415,15.98839,14.0851,15.68073490410959,LSEG,24.07045719908727,35.95686066041663,361.056857986309,481.4091439817454,601.7614299771817,722.113715972618,842.4660019680545,962.8182879634908,539.3529099062495,719.1372132083326,898.9215165104158,1078.705819812499,1258.490123114582,1438.2744264166652,167.9257903957454,376.5435093913107,585.1612283868759,793.7789473824412,1002.3966663780066,318.3807368993579,485.68195014890523,652.9831633984526,820.2843766479999,987.5855898975472
.SOX,2014-03-07,574.39,23.59888,15.74883,14.15552,15.460724630136983,LSEG,24.339714427125354,37.1515574942952,365.09571640688034,486.7942885425071,608.4928606781339,730.1914328137607,851.8900049493874,973.5885770850142,557.273362414428,743.0311498859039,928.78893735738,1114.546724828856,1300.304512300332,1486.0622997718078,169.80424382370012,380.7556047717957,591.7069657198912,802.6583266679867,1013.6096876160823,328.9592037442212,501.8191400330496,674.679076321878,847.5390126107064,1020.3989488995348
.SOX,2014-03-14,562.48,23.16165,15.40828,13.81996,15.090616,LSEG,24.28497106207891,37.273494998481176,364.27456593118364,485.6994212415782,607.1242765519728,728.5491318623673,849.9739871727618,971.3988424831564,559.1024249772177,745.4698999696235,931.8373749620295,1118.2048499544353,1304.5723249468413,1490.939799939247,169.42233072714725,379.8992330535526,590.376135379958,800.8530377063634,1011.3299400327688,330.03890179698084,503.466192744037,676.8934836910933,850.3207746381496,1023.7480655852057
.SOX,2014-03-21,582.54,23.7453,15.94776,14.30106,15.586839452054797,LSEG,24.532854922868946,37.37383719078497,367.9928238430342,490.65709845737894,613.3213730717237,735.9856476860684,858.6499223004131,981.3141969147579,560.6075578617745,747.4767438156994,934.3459297696243,1121.215115723549,1308.0843016774738,1494.9534876313987,171.15167441618587,383.77697655012764,596.4022786840694,809.0275808180111,1021.6528829519528,330.9273837317496,504.8215499900597,678.7157162483697,852.6098825066799,1026.5040487649899
.SOX,2014-03-28,577.48,23.57998,15.81046,14.19787,15.426089232876713,LSEG,24.49026674322879,37.435281961759365,367.35400114843185,489.8053348645758,612.2566685807197,734.7080022968637,857.1593360130076,979.6106697291516,561.5292294263904,748.7056392351873,935.8820490439841,1123.0584588527809,1310.2348686615778,1497.4112784703746,170.85456108475066,383.1107531174917,595.3669451502327,807.6231371829738,1019.8793292157148,331.4714476767696,505.65150609983067,679.8315645228919,854.011622945953,1028.191681369014
.SOX,2014-04-04,579.19,22.34574,15.85856,14.2348,15.44038619178082,LSEG,25.91948174461889,37.51136744936553,388.7922261692833,518.3896348923778,647.9870436154722,777.5844523385666,907.1818610616612,1036.7792697847556,562.670511740483,750.2273489873106,937.7841862341382,1125.341023480966,1312.8978607277936,1500.4546979746212,180.82537538083264,405.46851839992854,630.1116614190244,854.7548044381202,1079.397947457216,332.1451481380022,506.6792195130674,681.2132908881326,855.7473622631978,1030.281433638263
.SOX,2014-04-11,560.34,21.42091,15.33268,13.87707,14.929894767123288,LSEG,26.158552554489983,37.531409881997924,392.37828831734976,523.1710510897997,653.9638138622496,784.7565766346995,915.5493394071494,1046.3421021795994,562.9711482299689,750.6281976399584,938.2852470499481,1125.9422964599378,1313.5993458699272,1501.256395279917,182.49323546242996,409.2083959185532,635.9235563746765,862.6387168307997,1089.353877286923,332.32261425583215,506.9499396924112,681.5772651289903,856.2045905655694,1030.8319160021483
.SOX,2014-04-17,578.41,22.13225,15.78511,14.35036,15.36451205479452,LSEG,26.134261089586463,37.64584244115362,392.01391634379695,522.6852217917293,653.3565272396615,784.0278326875939,914.6991381355263,1045.3704435834586,564.6876366173043,752.9168488230723,941.1460610288404,1129.3752732346086,1317.6044854403767,1505.8336976461446,182.32376782789126,408.8283950998162,635.3330223717412,861.837649643666,1088.3422769155911,333.3358596237565,508.49562047406107,683.6553813243656,858.8151421746703,1033.9749030249748
.SOX,2014-04-25,572.19,21.4658,15.34886,14.093,14.95317808219178,LSEG,26.655889834061625,38.265444098565204,399.8383475109244,533.1177966812324,666.3972458515407,799.6766950218488,932.9561441921569,1066.235593362465,573.981661478478,765.3088819713041,956.6361024641301,1147.963322956956,1339.2905434497823,1530.6177639426082,185.96287274744608,416.98843611688125,648.0139994863165,879.0395628557516,1110.0651262251868,338.8221348059481,516.8647977537237,694.9074607014993,872.9501236492749,1050.9927865970503
.SOX,2014-05-02,575.49,21.6717,15.41489,14.15373,14.993351589041096,LSEG,26.554908013676823,38.383012402686255,398.32362020515234,531.0981602735365,663.8727003419206,796.6472404103047,929.4217804786888,1062.196320547073,575.7451860402938,767.6602480537251,959.5753100671564,1151.4903720805876,1343.405434094019,1535.3204961074503,185.2583804370814,415.4087382857217,645.5590961343621,875.7094539830024,1105.8598118316427,339.86314568995095,518.4528341443441,697.0425225987374,875.6322110531306,1054.2218995075236
.SOX,2014-05-09,575.97,21.6435,15.32589,14.04878,14.87452783561644,LSEG,26.611684801441545,38.72190138505531,399.1752720216232,532.2336960288309,665.2921200360386,798.3505440432464,931.4089680504541,1064.4673920576618,580.8285207758297,774.4380277011062,968.0475346263828,1161.6570415516594,1355.266548476936,1548.8760554022124,185.6544795590326,416.2969196251981,646.9393596913636,877.5817997575291,1108.2242398236947,342.8638449154123,523.0303266956383,703.1968084758645,883.3632902560906,1063.5297720363167
.SOX,2014-05-16,576.01,21.56022,15.3407,14.08621,14.873273589041094,LSEG,26.716332208112902,38.72785614758105,400.7449831216935,534.326644162258,667.9083052028226,801.489966243387,935.0716272839516,1068.653288324516,580.9178422137157,774.5571229516211,968.1964036895263,1161.8356844274315,1355.4749651653367,1549.1142459032421,186.3845445649777,417.9339596461175,649.4833747272572,881.0327898083971,1112.5822048895368,342.91657147847104,523.1107597652406,703.3049480520101,883.4991363387796,1063.693324625549
.SOX,2014-05-23,589.91,21.50259,15.71192,14.45977,15.221351643835614,LSEG,27.43436953408868,38.755428151408836,411.51554301133024,548.6873906817736,685.8592383522171,823.0310860226605,960.2029336931039,1097.3747813635473,581.3314222711325,775.1085630281767,968.8857037852209,1162.662844542265,1356.4399852993092,1550.2171260563534,191.3938796391242,429.1664963761271,666.93911311313,904.7117298501329,1142.4843465871359,343.1607083340043,523.4831845081862,703.8056606823683,884.1281368565503,1064.4506130307323
.SOX,2014-05-30,599.59,21.80436,15.90684,14.62878,15.3816098630137,LSEG,27.49862871462405,38.98096527865797,412.4794307193608,549.972574292481,687.4657178656013,824.9588614387216,962.4520050118417,1099.945148584962,584.7144791798695,779.6193055731594,974.5241319664492,1169.428958359739,1364.333784753029,1559.2386111463188,191.84217912892342,430.1717276913975,668.5012762538715,906.8308248163455,1145.1603733788197,345.15773130689115,526.5295937269401,707.9014561469892,889.2733185670382,1070.645180987087
.SOX,2014-06-06,617.25,22.44064,16.38639,14.97483,15.779225835616437,LSEG,27.505900009981893,39.117888699378405,412.5885001497284,550.1180001996379,687.6475002495473,825.1770002994568,962.7065003493663,1100.2360003992758,586.768330490676,782.3577739875681,977.9472174844601,1173.536660981352,1369.126104478244,1564.7155479751361,191.89290679105576,430.28547538838626,668.6780439857167,907.0706125830471,1145.4631811803777,346.3701224552581,528.3790664777625,710.3880105002671,892.3969545227716,1074.405898545276
.SOX,2014-06-13,627.49,22.74498,16.51811,14.95175,15.81432084931507,LSEG,27.58806558634037,39.67859296513369,413.8209837951056,551.7613117268074,689.7016396585093,827.6419675902112,965.582295521913,1103.5226234536149,595.1788944770053,793.5718593026738,991.9648241283422,1190.3577889540106,1388.7507537796791,1587.1437186053477,192.4661289462977,431.5708234072163,670.6755178681349,909.7802123290535,1148.884906789972,351.3348895131983,535.9526959951088,720.5705024770193,905.18830895893,1089.8061154408404
.SOX,2014-06-20,635.42,22.99447,16.65675,15.11209,15.933087369863014,LSEG,27.633600600492205,39.88053195527434,414.50400900738305,552.6720120098441,690.8400150123051,829.0080180147661,967.1760210172272,1105.3440240196883,598.2079793291151,797.6106391054868,997.0132988818585,1196.4159586582302,1395.818618434602,1595.2212782109737,192.78380065393847,432.28314531648044,671.7824899790224,911.2818346415644,1150.7811793041064,353.12296231234757,538.6803568848867,724.2377514574259,909.7951460299652,1095.3525406025042
.SOX,2014-06-27,629.27,21.97095,16.40053,14.88738,15.662610273972604,LSEG,28.64100095808329,40.17657267803513,429.61501437124934,572.8200191616658,716.0250239520823,859.2300287424987,1002.4350335329151,1145.6400383233315,602.648590170527,803.5314535607026,1004.4143169508782,1205.297180341054,1406.1800437312295,1607.0629071214053,199.81185582938625,448.04230032014163,696.272744810897,944.5031893016524,1192.7336337924078,355.7442607720476,542.6790829391953,729.613905106343,916.5487272734907,1103.4835494406384
.SOX,2014-07-03,650.55,22.73598,16.96894,15.41842,16.187308,LSEG,28.613237696373762,40.188893669039956,429.19856544560645,572.2647539274752,715.3309424093441,858.3971308912129,1001.4633193730816,1144.5295078549505,602.8334050355993,803.7778733807991,1004.722341725999,1205.6668100711986,1406.6112784163984,1607.5557467615981,199.61816745745483,447.60798883574444,695.597810214034,943.5876315923236,1191.5774529706132,355.8533572316216,542.8455068935974,729.8376565555732,916.829806217549,1103.8219558795247
.SOX,2014-07-11,643.88,22.49012,16.7588,15.23498,15.95722893150685,LSEG,28.629460403056985,40.350364262098616,429.44190604585475,572.5892080611397,715.7365100764247,858.8838120917095,1002.0311141069944,1145.1784161222795,605.2554639314792,807.0072852419723,1008.7591065524654,1210.5109278629584,1412.2627491734515,1614.0145704839447,199.7313439883203,447.86176693625174,695.9921898841832,944.1226128321146,1192.253035780046,357.28310180501774,545.0265469256813,732.7699920463448,920.5134371670083,1108.2568822876717
.SOX,2014-07-18,643.44,22.11534,16.61354,14.97847,15.722090876712327,LSEG,29.094736956338906,40.925854267454206,436.4210543450836,581.8947391267782,727.3684239084727,872.8421086901672,1018.3157934718618,1163.7894782535564,613.8878140118131,818.5170853490841,1023.1463566863551,1227.7756280236263,1432.4048993608972,1637.0341706981683,202.97731195296026,455.14026874289425,707.3032255328282,959.4661823227622,1211.629139112696,362.37878948792587,552.799892622682,743.2209957574382,933.6420988921944,1124.0632020269506
.SOX,2014-07-25,616.65,20.62305,15.62204,14.1661,14.800331397260273,LSEG,29.901008822652322,41.66460759886428,448.5151323397848,598.0201764530465,747.525220566308,897.0302646795697,1046.5353087928313,1196.040352906093,624.9691139829642,833.2921519772856,1041.615189971607,1249.9382279659285,1458.2612659602498,1666.5843039545712,208.60220886724352,467.7530926520574,726.9039764368712,986.054860221685,1245.205744006499,368.92009553414925,562.7784934262063,756.6368913182635,950.4952892103206,1144.3536871023778
.SOX,2014-08-01,609.76,20.3533,15.46319,14.07484,14.653002191780825,LSEG,29.958778183390407,41.6133152796515,449.3816727508561,599.1755636678081,748.9694545847602,898.7633455017123,1048.5572364186642,1198.3511273356162,624.1997291947725,832.26630559303,1040.3328819912876,1248.399458389545,1456.4660347878025,1664.53261118606,209.00523260220473,468.6568011960079,728.3083697898111,987.9599383836143,1247.6115069774175,368.46592667490233,562.0856700493773,755.7054134238523,949.3251567983273,1142.9449001728021
.SOX,2014-08-08,606.23,20.19486,15.31477,13.94733,14.490559589041094,LSEG,30.01902464290419,41.83620351407816,450.28536964356283,600.3804928580838,750.4756160726047,900.5707392871257,1050.6658625016466,1200.7609857161676,627.5430527111723,836.7240702815632,1045.905087851954,1255.0861054223446,1464.2671229927355,1673.4481405631263,209.42553763624372,469.5992599580534,729.7729822798631,989.9467046016726,1250.1204269234825,370.43949497367976,565.0962997421067,759.7531045105337,954.4099092789606,1149.0667140473874
.SOX,2014-08-15,624.6,20.66929,15.81373,14.39635,14.9322361369863,LSEG,30.21874481416633,41.828966155504425,453.281172212495,604.3748962833266,755.4686203541582,906.56234442499,1057.6560684958215,1208.7497925666532,627.4344923325664,836.5793231100885,1045.7241538876106,1254.8689846651328,1464.013815442655,1673.158646220177,210.81887085545821,472.7235601556472,734.6282494558361,996.532938756025,1258.437628056214,370.37541163843895,564.9985421970525,759.6216727556662,954.2448033142798,1148.8679338728934
.SOX,2014-08-22,639.72,20.98639,16.24735,14.73407,15.277192410958904,LSEG,30.482612779043944,41.874186224237434,457.23919168565914,609.6522555808789,762.0653194760986,914.4783833713183,1066.891447266538,1219.3045111617578,628.1127933635615,837.4837244847487,1046.854655605936,1256.225586727123,1465.5965178483102,1674.9674489694974,212.65972648174312,476.85134919966777,741.0429719175924,1005.2345946355169,1269.4262173534416,370.77581363520454,565.6093455532057,760.4428774712069,955.2764093892081,1150.1099413072093
.SOX,2014-08-29,645.25,21.18236,16.36702,14.74375,15.295217068493152,LSEG,30.461667160788505,42.186390497795564,456.92500741182755,609.2333432157701,761.5416790197127,913.8500148236551,1066.1583506275977,1218.4666864315402,632.7958574669335,843.7278099559113,1054.659762444889,1265.591714933867,1476.5236674228447,1687.4556199118226,212.51360090249963,476.5236887593595,740.5337766162194,1004.5438644730792,1268.5539523299392,373.54023257648305,569.8263983670922,766.1125641577015,962.3987299483107,1158.6848957389197
.SOX,2014-09-05,651.24,21.68088,16.61196,14.92703,15.467130849315067,LSEG,30.03752615207501,42.10477084241121,450.56289228112513,600.7505230415002,750.9381538018753,901.1257845622503,1051.3134153226254,1201.5010460830003,631.5715626361682,842.0954168482242,1052.6192710602804,1263.1431252723364,1473.6669794843924,1684.1908336964484,209.55461206658492,469.88868625081534,730.2227604350458,990.5568346192761,1250.8909088035066,372.81752971673785,568.7239330052818,764.6303362938257,960.5367395823698,1156.4431428709136
.SOX,2014-09-12,639.89,21.2392,16.32504,14.66477,15.165125342465752,LSEG,30.12778259068138,42.19483753346664,451.91673886022073,602.5556518136276,753.1945647670345,903.8334777204415,1054.4723906738484,1205.1113036272552,632.9225630019996,843.8967506693327,1054.870938336666,1265.8451260039992,1476.8193136713323,1687.7935013386655,210.18427953263765,471.3006027697626,732.4169260068875,993.5332492440124,1254.6495724811373,373.61502702160914,569.9404954457124,766.2659638698157,962.591432293919,1158.9169007180221
.SOX,2014-09-19,649.54,21.63126,16.51348,14.80579,15.28768608219178,LSEG,30.027839339918245,42.487790271716264,450.41759009877364,600.5567867983649,750.6959834979561,900.8351801975473,1050.9743768971387,1201.1135735967298,637.316854075744,849.7558054343253,1062.1947567929067,1274.633708151488,1487.0726595100693,1699.5116108686507,209.48703272754761,469.7371516865088,729.98727064547,990.2373896044311,1250.4875085633923,376.20898286112094,573.8975110082854,771.58603915545,969.2745673026145,1166.9630954497788
.SOX,2014-09-26,643.34,21.44919,16.86487,14.25766,14.943391945205478,LSEG,29.99367342076787,43.05180526342367,449.905101311518,599.8734684153574,749.8418355191967,899.810202623036,1049.7785697268755,1199.7469368307147,645.777078951355,861.0361052684733,1076.2951315855917,1291.55415790271,1506.8131842198284,1722.0722105369466,209.24867668260546,469.20268094538176,729.1566852081581,989.1106894709344,1249.0646937337108,381.20306480776236,581.5158596642689,781.8286545207754,982.1414493772821,1182.4542442337886
.SOX,2014-10-03,623.12,20.80724,16.32106,13.80347,14.417348109589042,LSEG,29.947268354668857,43.220153613795325,449.2090253200329,598.9453670933772,748.6817088667215,898.4180506400658,1048.15439241341,1197.8907341867543,648.3023042069299,864.4030722759065,1080.5038403448832,1296.6046084138598,1512.7053764828363,1728.806144551813,208.92493512096456,468.4767484756354,728.0285618303062,987.580375184977,1247.132188539648,382.69370861989375,583.7897999808347,784.8858913417756,985.9819827027166,1187.0780740636574
.SOX,2014-10-10,561.4,18.77252,14.81128,12.43361,12.967771479452054,LSEG,29.905414936300506,43.291941170428586,448.58122404450756,598.1082987260102,747.6353734075127,897.1624480890151,1046.6895227705177,1196.2165974520203,649.3791175564288,865.8388234085717,1082.2985292607148,1298.7582351128576,1515.2179409650005,1731.6776468171433,208.63294779799273,467.8220191989086,727.0110905998245,986.2001620007403,1245.3892334016562,383.3293529659604,584.7594597303703,786.1895664947801,987.6196732591901,1189.0497800235999
.SOX,2014-10-17,575.33,19.62032,15.09069,12.73932,13.222478219178084,LSEG,29.32317107977852,43.51151050984774,439.8475661966778,586.4634215955704,733.0792769944629,879.6951323933556,1026.3109877922482,1172.9268431911407,652.672657647716,870.2302101969548,1087.7877627461935,1305.345315295432,1522.902867844671,1740.4604203939095,204.5709659668695,458.7137524450626,712.8565389232557,966.9993254014487,1221.1421118796418,385.27353404297344,587.7252599421612,790.176985841349,992.6287117405369,1195.0804376397246
.SOX,2014-10-24,612.05,20.94613,16.02616,13.62143,14.069434493150684,LSEG,29.220194852223297,43.50210381930842,438.30292278334946,584.4038970444659,730.5048713055825,876.6058455666989,1022.7068198278154,1168.8077940889318,652.5315572896262,870.0420763861683,1087.5525954827103,1305.0631145792524,1522.5736336757946,1740.0841527723367,203.8525598202327,457.102855328036,710.3531508358394,963.6034463436426,1216.853741851446,385.1902423147556,587.5982004680671,790.0061586213787,992.4141167746905,1194.822074928002
.SOX,2014-10-31,640.86,22.18018,16.51948,14.29254,14.664713534246577,LSEG,28.89336335412968,43.70081955596313,433.4004503119452,577.8672670825936,722.334083853242,866.8009006238904,1011.2677173945387,1155.7345341651871,655.512293339447,874.0163911192626,1092.5204888990781,1311.024586678894,1529.5286844587094,1748.0327822385252,201.5724436932454,451.9901032829084,702.4077628725714,952.8254224622343,1203.2430820518973,386.94977475189285,590.2823237405414,793.61487272919,996.9474217178387,1200.2799707064871
.SOX,2014-11-07,637.48,21.71118,16.57335,14.20596,14.556204,LSEG,29.361831093473505,43.79438485473273,440.4274664021026,587.2366218694701,734.0457773368377,880.8549328042052,1027.6640882715726,1174.4732437389403,656.915772820991,875.8876970946546,1094.8596213683184,1313.831545641982,1532.8034699156456,1751.7753941893093,204.84067473487278,459.3185260523698,713.796377369867,968.2742286873639,1222.752080004861,387.7782505482592,591.5461431045803,795.3140356609016,999.0819282172228,1202.8498207735438
.SOX,2014-11-14,645.56,22.06341,16.60664,14.41666,14.698657424657537,LSEG,29.259303072371853,43.91965751355286,438.8895460855778,585.186061447437,731.4825768092963,877.7790921711556,1024.0756075330148,1170.372122894874,658.7948627032929,878.3931502710573,1097.9914378388216,1317.5897254065858,1537.1880129743502,1756.7863005421145,204.125395467894,457.71464040295115,711.3038853380083,964.8931302730654,1218.4823752081227,388.8874797939704,593.2382449209962,797.5890100480219,1001.9397751750478,1206.2905403020734
.SOX,2014-11-21,662.95,22.58954,17.03054,14.76675,15.014836575342466,LSEG,29.347653825620178,44.152994717818245,440.2148073843027,586.9530765124035,733.6913456405044,880.4296147686053,1027.1678838967061,1173.906153024807,662.2949207672737,883.0598943563649,1103.8248679454562,1324.5898415345473,1545.3548151236387,1766.1197887127298,204.7417680589326,459.0967455457962,713.4517230326599,967.8067005195234,1222.161678006387,390.95356870372416,596.3900125205147,801.8264563373052,1007.2629001540959,1212.6993439708863
.SOX,2014-11-28,685.74,23.35438,17.53259,15.18541,15.397620794520549,LSEG,29.362372283057827,44.53545188254213,440.4355842458674,587.2474456611566,734.0593070764456,880.8711684917348,1027.6830299070239,1174.4948913223132,668.0317782381319,890.7090376508426,1113.3862970635532,1336.0635564762638,1558.7408158889743,1781.4180753016851,204.84445030456592,459.3269920912008,713.8095338778356,968.2920756644705,1222.7746174511053,394.34004326520545,601.5559958182724,808.7719483713395,1015.9879009244065,1223.2038534774736
.SOX,2014-12-05,703.12,23.96381,17.74314,15.4396,15.603687780821918,LSEG,29.340910314344843,45.06114258862487,440.11365471517263,586.8182062868968,733.522757858621,880.2273094303453,1026.9318610020696,1173.6364125737937,675.917138829373,901.2228517724974,1126.5285647156218,1351.834277658746,1577.1399906018703,1802.4457035449948,204.69472244398696,458.9912541801677,713.2877859163484,967.5843176525291,1221.8808493887097,398.9947820635794,608.6566848833356,818.3185877030919,1027.9804905228482,1237.6423933426045
.SOX,2014-12-12,671.33,22.7705,16.94784,14.71393,14.830215726027395,LSEG,29.482444390768762,45.267716424502126,442.23666586153143,589.6488878153752,737.061109769219,884.4733317230629,1031.8855536769067,1179.2977756307505,679.0157463675318,905.3543284900425,1131.692910612553,1358.0314927350637,1584.3700748575743,1810.708656980085,205.68212461316222,461.2053267004496,716.728528787737,972.2517308750242,1227.7749329623116,400.82389419636166,611.4469502629007,822.0700063294398,1032.693062395979,1243.316118462518
.SOX,2014-12-19,686.09,23.22294,17.54461,15.02371,15.10658890410959,LSEG,29.543632287729288,45.41660624744719,443.1544843159393,590.8726457545857,738.5908071932322,886.3089686318787,1034.0271300705251,1181.7452915091715,681.2490937117079,908.3321249489438,1135.4151561861797,1362.4981874234159,1589.5812186606518,1816.6642498978877,206.1089975169365,462.16251273406857,718.2160279512007,974.2695431683327,1230.3230583854647,402.1422420909054,613.4580574128887,824.773872734872,1036.0896880568553,1247.4055033788384
.SOX,2014-12-26,697.0,23.62773,18.22977,15.25273,15.293511369863014,LSEG,29.499236701959944,45.574883566208975,442.48855052939916,589.9847340391989,737.4809175489986,884.9771010587983,1032.473284568598,1179.9694680783978,683.6232534931346,911.4976713241795,1139.3720891552243,1367.2465069862692,1595.120924817314,1822.995342648359,205.7992749483647,461.46801534547285,717.1367557425809,972.805496139689,1228.4742365367972,403.5437117536145,615.5959647671085,827.6482177806026,1039.7004707940966,1251.7527238075907
.SOX,2015-01-02,686.73,23.20187,15.11497,,15.11497,LSEG,29.59804532996694,45.433765333308635,443.9706799495041,591.9609065993388,739.9511332491735,887.9413598990081,1035.931586548843,1183.9218131986777,681.5064799996295,908.6753066661727,1135.844133332716,1363.012959999259,1590.1817866658023,1817.3506133323453,206.48860614048778,463.01371708433743,719.538828028187,976.0639389720367,1232.5890499158863,402.29417755748244,613.6898312143521,825.085484871222,1036.4811385280918,1247.8767921849615
.SOX,2015-01-09,685.52,22.51011,15.1477,,15.1477,LSEG,30.45387161590947,45.255715389134984,456.80807423864206,609.0774323181894,761.3467903977368,913.6161484772841,1065.8855065568314,1218.1548646363788,678.8357308370248,905.1143077826997,1131.3928847283746,1357.6714616740496,1583.9500386197244,1810.2286155653994,212.45921585178996,476.40174002352575,740.3442641952615,1004.2867883669973,1268.2293125387332,400.71763079033656,611.2848480617112,821.8520653330859,1032.4192826044605,1242.986499875835
.SOX,2015-01-16,663.86,21.75024,14.68325,12.70376,14.596477835616437,LSEG,30.521962056510638,45.480834998436045,457.8294308476596,610.4392411302127,763.049051412766,915.6588616953192,1068.2686719778724,1220.8784822604255,682.2125249765406,909.6166999687209,1137.0208749609012,1364.4250499530813,1591.8292249452616,1819.2333999374418,212.9342438482162,477.46690522782177,741.9995666074274,1006.5322279870329,1271.0648893666385,402.71095684225935,614.3256177188482,825.9402785954371,1037.554939472026,1249.1696003486147
.SOX,2015-01-23,680.54,22.32956,15.13896,13.39197,15.02887569863014,LSEG,30.477089561997637,45.28216306040978,457.1563434299646,609.5417912399528,761.9272390499409,914.3126868599292,1066.6981346699174,1219.0835824799055,679.2324459061467,905.6432612081956,1132.0540765102444,1358.4648918122934,1584.8757071143423,1811.286522416391,212.62119416055134,476.76494737054816,740.908700580545,1005.0524537905418,1269.1962070005386,400.95181222094766,611.6420860498367,822.3323598787259,1033.0226337076151,1243.7129075365042
.SOX,2015-01-30,653.14,21.01237,14.64635,13.18734,14.526431369863014,LSEG,31.083595044252505,44.962178484870314,466.2539256637876,621.67190088505,777.0898761063127,932.5078513275752,1087.9258265488377,1243.3438017701,674.4326772730548,899.2435696974063,1124.0544621217578,1348.8653545461095,1573.676246970461,1798.4871393948126,216.85243545541397,486.25274815739726,755.6530608593805,1025.0533735613637,1294.453686263347,398.1185024412417,607.31994196353,816.5213814858183,1025.7228210081066,1234.9242605303948
.SOX,2015-02-06,671.84,21.38074,14.93381,13.39456,14.777776438356163,LSEG,31.42267292900059,45.46286126349963,471.34009393500884,628.4534585800118,785.5668232250148,942.6801878700177,1099.7935525150206,1256.9069171600236,681.9429189524944,909.2572252699927,1136.5715315874909,1363.8858379049889,1591.200144222487,1818.5144505399853,219.21798760638012,491.557075184674,763.8961627629678,1036.2352503412617,1308.5743379195555,402.5518080492673,614.0828401661074,825.6138722829477,1037.144904399788,1248.6759365166279
.SOX,2015-02-13,705.08,22.33493,15.66224,14.24364,15.491230684931509,LSEG,31.568489357253416,45.51478280456046,473.5273403588012,631.3697871450684,789.2122339313354,947.0546807176024,1104.8971275038696,1262.7395742901367,682.7217420684069,910.2956560912093,1137.8695701140116,1365.4434841368138,1593.017398159616,1820.5913121824185,220.23526529099215,493.838138197607,767.4410111042218,1041.0438840108366,1314.6467569174515,403.0115483658655,614.7841626635111,826.5567769611569,1038.3293912588026,1250.1020055564481
.SOX,2015-02-20,711.25,22.37581,15.78969,14.30869,15.582755753424657,LSEG,31.78655878826286,45.643402954813496,476.79838182394286,635.7311757652571,794.6639697065715,953.5967636478857,1112.5295575892,1271.4623515305143,684.6510443222024,912.8680590962699,1141.0850738703375,1369.3020886444049,1597.5191034184722,1825.7361181925398,221.75661078354057,497.2494829911066,772.7423551986726,1048.2352274062387,1323.7280996138047,404.1504180409578,616.5214802228304,828.8925424047031,1041.2636045865759,1253.6346667684484
.SOX,2015-02-27,714.65,22.46193,15.75528,14.25314,15.516583780821918,LSEG,31.816054987260667,46.057174059362744,477.24082480891,636.3210997452134,795.4013746815167,954.48164961782,1113.5619245541234,1272.6421994904267,690.8576108904412,921.1434811872549,1151.4293514840685,1381.7152217808823,1612.001092077696,1842.2869623745098,221.96238886616732,497.7109034864664,773.4594181067655,1049.2079327270644,1324.9564473473636,407.81416250458597,622.1104319077581,836.4067013109303,1050.7029707141025,1264.9992401172747
.SOX,2015-03-06,712.42,22.39176,15.69934,14.24399,15.44016808219178,LSEG,31.81616809040468,46.14068941527155,477.2425213560702,636.3233618080936,795.404202260117,954.4850427121404,1113.5658831641638,1272.6467236161873,692.1103412290732,922.813788305431,1153.5172353817889,1384.2206824581465,1614.9241295345043,1845.627576610862,221.96317792200858,497.7126728028702,773.4621676837319,1049.2116625645936,1324.9611574454552,408.5536508822777,623.2385031625944,837.9233554429112,1052.608207723228,1267.2930600035447
.SOX,2015-03-13,707.79,22.03478,15.84109,14.33602,15.544199479452056,LSEG,32.12149156923736,45.534027077793915,481.8223735385603,642.4298313847471,803.0372892309339,963.6447470771207,1124.2522049233075,1284.8596627694942,683.0104061669088,910.6805415558783,1138.350676944848,1366.0208123338175,1593.690947722787,1821.3610831117567,224.09324492012524,502.4889665503599,780.8846881805946,1059.2804098108293,1337.676131441064,403.18194716544434,615.0441018234254,826.9062564814064,1038.7684111393876,1250.6305657973685
.SOX,2015-03-20,730.91,22.75184,16.41788,14.83437,16.075147698630136,LSEG,32.12531382077229,45.46832251266254,481.87970731158435,642.5062764154459,803.1328455193072,963.7594146231687,1124.3859837270302,1285.0125528308918,682.0248376899381,909.3664502532508,1136.7080628165634,1364.0496753798761,1591.391287943189,1818.7329005065017,224.11991057939323,502.548759515439,780.9776084514847,1059.4064573875303,1337.835306323576,402.60016478845256,614.1566071773251,825.7130495661977,1037.2694919550704,1248.825934343943
.SOX,2015-03-27,694.32,21.62406,15.69988,14.15352,15.335532164383562,LSEG,32.10867894373212,45.27524656839383,481.63018415598185,642.1735788746424,802.7169735933031,963.2603683119637,1123.8037630306244,1284.3471577492849,679.1286985259075,905.5049313678767,1131.8811642098458,1358.257397051815,1584.6336298937842,1811.0098627357534,224.00385857207147,502.2885336739773,780.5732087758832,1058.857883877789,1337.142558979695,400.89057000501583,611.548662562113,822.2067551192102,1032.8648476763074,1243.5229402334044
.SOX,2015-04-02,689.17,21.4388,15.58176,14.08118,15.203531616438354,LSEG,32.145922346399985,45.32959955533331,482.1888351959998,642.9184469279996,803.6480586599996,964.3776703919996,1125.1072821239995,1285.8368938559993,679.9439933299997,906.5919911066662,1133.2399888833327,1359.8879866599993,1586.5359844366658,1813.1839822133325,224.26368445648654,502.8711466848662,781.4786089132458,1060.0860711416253,1338.693533370005,401.37183960744034,612.2828274532723,823.1938152991042,1034.104803144936,1245.015790990768
.SOX,2015-04-10,709.05,21.84092,16.15761,14.53153,15.712108630136983,LSEG,32.46429179723198,45.127615693796166,486.9643769584797,649.2858359446395,811.6072949307995,973.9287539169594,1136.2502129031193,1298.571671889279,676.9142354069425,902.5523138759233,1128.1903923449042,1353.828470813885,1579.4665492828658,1805.1046277518467,226.48476572746668,507.8515236385623,789.218281549658,1070.5850394607535,1351.9517973718491,399.58336949361956,609.5545604697767,819.5257514459338,1029.496942422091,1239.468133398248
.SOX,2015-04-17,696.09,21.58824,16.05723,14.46808,15.591369589041095,LSEG,32.24394392502585,44.64585333730205,483.6591588753878,644.8788785005171,806.0985981256463,967.3183177507756,1128.5380373759049,1289.7577570010342,669.6878000595308,892.917066746041,1116.1463334325513,1339.3756001190616,1562.6048668055716,1785.834133492082,224.94752485596229,504.4045363046221,783.8615477532819,1063.3185592019418,1342.7755706506016,395.3175951391909,603.0472270565464,810.7768589739019,1018.5064908912574,1226.2361228086127
.SOX,2015-04-24,693.73,21.69288,16.19259,14.63186,15.70512912328767,LSEG,31.979617275345646,44.17219333595498,479.6942591301847,639.5923455069129,799.4904318836411,959.3885182603694,1119.2866046370975,1279.1846910138258,662.5829000393247,883.4438667190996,1104.3048333988745,1325.1658000786495,1546.0267667584242,1766.8877334381991,223.103469248581,500.2695718761107,777.4356745036404,1054.60177713117,1331.7678797586998,391.12356324934234,596.6493350009969,802.1751067526516,1007.7008785043063,1213.2266502559607
.SOX,2015-05-01,705.5,21.70842,16.46507,14.84594,15.928317315068494,LSEG,32.498910560971275,44.292186427789424,487.4836584145691,649.9782112194255,812.4727640242819,974.9673168291382,1137.4618696339946,1299.956422438851,664.3827964168414,885.8437285557885,1107.3046606947355,1328.7655928336828,1550.22652497263,1771.687457111577,226.72628100968015,508.39307840344964,790.0598757972192,1071.7266731909885,1353.3934705847582,392.186044464315,598.2701238511955,804.3542032380761,1010.4382826249569,1216.5223620118372
.SOX,2015-05-08,702.13,21.42929,16.48234,14.86793,15.916190739726026,LSEG,32.764967948074805,44.11419864726289,491.4745192211221,655.2993589614961,819.1241987018701,982.9490384422442,1146.773878182618,1310.5987179229921,661.7129797089433,882.2839729452578,1102.8549661815723,1323.4259594178866,1543.996952654201,1764.5679458905156,228.5824109805592,512.5551174295819,796.5278238786045,1080.500530327627,1364.4732367766499,390.61004812641715,595.8659803647769,801.1219126031367,1006.3778448414967,1211.6337770798564
.SOX,2015-05-15,709.52,21.66019,16.65439,15.02446,16.051539178082194,LSEG,32.7568687070612,44.20261459840713,491.35303060591804,655.137374141224,818.9217176765301,982.7060612118361,1146.490404747142,1310.274748282448,663.039218976107,884.0522919681426,1105.0653649601782,1326.078437952214,1547.0915109442496,1768.1045839362853,228.52590721590008,512.4284178571788,796.3309284984576,1080.2334391397364,1364.1359497810154,391.39292892195755,597.0602456812504,802.7275624405434,1008.3948791998363,1214.0621959591292
.SOX,2015-05-22,720.2,21.95418,16.94844,15.32854,16.318232328767124,LSEG,32.80468685234429,44.13468232894149,492.07030278516436,656.0937370468857,820.1171713086072,984.1406055703287,1148.16403983205,1312.1874740937715,662.0202349341223,882.6936465788298,1103.3670582235372,1324.0404698682446,1544.713881512952,1765.3872931576595,228.85950702148355,513.1764556733514,797.4934043252191,1081.8103529770867,1366.1273016289547,390.7914212926909,596.1426606500178,801.4939000073448,1006.8451393646718,1212.1963787219986
.SOX,2015-05-29,745.41,22.67961,17.57026,15.90778,16.891603780821917,LSEG,32.86696728912005,44.129024672382506,493.0045093368007,657.339345782401,821.6741822280012,986.0090186736014,1150.3438551192016,1314.678691564802,661.9353700857376,882.5804934476502,1103.2256168095626,1323.8707401714753,1544.5158635333878,1765.1609868953003,229.2940019496546,514.1507327315726,799.0074635134906,1083.8641942954084,1368.7209250773265,390.74132546031603,596.0662406950948,801.3911559298739,1006.7160711646528,1212.0409863994316
.SOX,2015-06-05,726.29,22.04834,17.12605,15.46405,16.415715753424656,LSEG,32.94080189256878,44.24357797791917,494.11202838853166,658.8160378513755,823.5200473142195,988.2240567770633,1152.9280662399071,1317.632075702751,663.6536696687876,884.8715595583835,1106.0894494479794,1327.3073393375753,1548.5252292271712,1769.743119116767,229.80910367955255,515.3057561059585,800.8024085323644,1086.2990609587703,1371.7957133851762,391.755639979469,597.613552440536,803.4714649016031,1009.3293773626701,1215.187289823737
.SOX,2015-06-12,714.13,21.77335,16.94048,15.31936,16.216527780821917,LSEG,32.79835211393745,44.03717057387269,491.97528170906173,655.967042278749,819.9588028484362,983.9505634181235,1147.9423239878106,1311.934084557498,660.5575586080904,880.7434114774538,1100.9292643468173,1321.1151172161808,1541.3009700855443,1761.4868229549077,228.81531318066362,513.0773589004459,797.3394046202282,1081.6014503400104,1365.8634960597926,389.9280015206381,594.8255351141839,799.7230687077299,1004.6206023012759,1209.5181358948216
.SOX,2015-06-19,723.37,22.5727,17.50477,15.73815,16.681960684931507,LSEG,32.04623283878313,43.36240887160261,480.693492581747,640.9246567756627,801.1558209695784,961.386985163494,1121.6181493574097,1281.8493135513254,650.4361330740392,867.2481774320522,1084.0602217900653,1300.8722661480783,1517.6843105060914,1734.4963548641044,223.56820787196378,501.3116650041873,779.0551221364108,1056.7985792686343,1334.5420364008578,383.9533106256481,585.7112917284953,787.4692728313427,989.22725393419,1190.9852350370372
.SOX,2015-06-26,698.36,21.96932,17.10282,15.42108,16.287291287671234,LSEG,31.787966127308447,42.87760239964689,476.8194919096267,635.759322546169,794.6991531827111,953.6389838192534,1112.5788144557957,1271.518645092338,643.1640359947033,857.5520479929378,1071.9400599911723,1286.3280719894067,1500.716083987641,1715.1040959858756,221.76642898182533,497.2714985423172,772.7765681028092,1048.281637663301,1323.786707223793,379.660582090402,579.162840378195,778.6650986659882,978.1673569537815,1177.6696152415745
.SOX,2015-07-02,685.51,21.58848,16.82772,15.23842,16.03089287671233,LSEG,31.753509279022886,42.76181029166647,476.3026391853433,635.0701855804577,793.8377319755722,952.6052783706866,1111.372824765801,1270.1403711609155,641.427154374997,855.2362058333294,1069.0452572916618,1282.854308749994,1496.6633602083266,1710.472411666659,221.52604329097446,496.73247668375024,771.938910076526,1047.1453434693017,1322.3517768620777,378.63529857040544,577.598795692901,776.5622928153967,975.5257899378923,1174.4892870603878
.SOX,2015-07-10,658.88,20.74496,16.19946,14.60149,15.363262,LSEG,31.760967483186278,42.8867254883761,476.41451224779416,635.2193496637256,794.0241870796569,952.8290244955883,1111.6338619115197,1270.438699327451,643.3008823256415,857.734509767522,1072.1681372094026,1286.601764651283,1501.0353920931634,1715.469019535044,221.5780749087668,496.84914826776765,772.1202216267684,1047.3912949857693,1322.6623683447701,379.7413626607592,579.2860691429983,778.8307756252375,978.3754821074766,1177.9201885897155
.SOX,2015-07-17,667.05,20.99168,16.35578,14.82898,15.527543287671232,LSEG,31.776875409686124,42.95914605690607,476.65313114529187,635.5375081937225,794.421885242153,953.3062622905837,1112.1906393390143,1271.075016387445,644.387190853591,859.1829211381214,1073.9786514226519,1288.774381707182,1503.5701119917126,1718.3658422762428,221.6890553986241,497.09800213962586,772.5069488806276,1047.9158956216293,1323.3248423626312,380.3826120232383,580.2642792066274,780.1459463900165,980.0276135734057,1179.9092807567947
.SOX,2015-07-24,642.48,20.84834,15.85509,14.60218,15.15140082191781,LSEG,30.816842012361658,42.40399997012799,462.2526301854249,616.3368402472331,770.4210503090414,924.5052603708498,1078.5894704326581,1232.6736804944662,636.0599995519199,848.0799994025598,1060.0999992531997,1272.1199991038397,1484.1399989544798,1696.1599988051196,214.99145236937477,482.0798268897131,749.1682014100514,1016.2565759303898,1283.3449504507282,375.4670599714494,572.7657259655563,770.0643919596631,967.3630579537701,1164.661723947877
.SOX,2015-07-31,646.29,21.0041,16.07951,14.70687,15.282250602739726,LSEG,30.769706866754582,42.2902370076392,461.54560300131874,615.3941373350916,769.2426716688645,923.0912060026375,1076.9397403364103,1230.7882746701832,634.353555114588,845.804740152784,1057.25592519098,1268.707110229176,1480.158295267372,1691.609480305568,214.662617461254,481.3424735027059,748.0223295441579,1014.7021855856096,1281.3820416270617,374.45974356051175,571.2290896613447,767.9984357621776,964.7677818630106,1161.5371279638434
.SOX,2015-08-07,636.82,20.38896,16.01714,14.70011,15.226922000000002,LSEG,31.233569539593976,41.821978204130815,468.5035430939096,624.6713907918795,780.8392384898494,937.0070861878193,1093.1749338857892,1249.342781583759,627.3296730619622,836.4395640826162,1045.5494551032705,1254.6593461239245,1463.7692371445785,1672.8791281652325,217.89872159203023,488.59885742852526,759.2989932650203,1029.9991291015153,1300.6992649380104,370.31353668420536,564.904153482678,759.4947702811507,954.0853870796235,1148.676003878096
.SOX,2015-08-14,631.04,20.21135,15.94121,14.63603,15.13307115068493,LSEG,31.22206087173791,41.69940084973689,468.33091307606867,624.4412174347582,780.5515217934477,936.6618261521373,1092.7721305108269,1248.8824348695164,625.4910127460533,833.9880169947378,1042.4850212434221,1250.9820254921067,1459.4790297407912,1667.9760339894756,217.8184322094835,488.4188228680223,759.0192135265611,1029.6196041851,1300.2199948436387,369.2281730650706,563.2484580901246,757.2687431151787,951.2890281402327,1145.3093131652865
.SOX,2015-08-21,578.59,18.22611,14.87538,13.49691,13.995425178082192,LSEG,31.745117306984326,41.341366384932144,476.1767596047649,634.9023461396865,793.6279326746081,952.3535192095298,1111.0791057444515,1269.804692279373,620.1204957739822,826.8273276986429,1033.5341596233036,1240.2409915479643,1446.947823472625,1653.6546553972858,221.46749730965394,496.60119780624586,771.7348983028378,1046.8685987994297,1322.0022992960216,366.0579497851114,558.4123607809311,750.7667717767508,943.1211827725705,1135.4755937683901
.SOX,2015-08-28,613.91,19.36225,15.78038,14.30709,14.811641369863016,LSEG,31.706542369817555,41.447803431773046,475.5981355472633,634.1308473963511,792.6635592454388,951.1962710945267,1109.7289829436145,1268.2616947927022,621.7170514765957,828.956068635461,1036.1950857943261,1243.4341029531913,1450.6731201120567,1657.912137270922,221.19838207184938,495.9977550841078,770.7971280963662,1045.5965011086246,1320.395874120883,367.0003987304362,559.8500433685739,752.6996880067117,945.5493326448494,1138.398977282987
.SOX,2015-09-04,597.62,18.70296,15.37317,13.96564,14.420677095890412,LSEG,31.953230932429946,41.44188209930233,479.2984639864492,639.064618648599,798.8307733107487,958.5969279728984,1118.3630826350482,1278.129237297198,621.628231489535,828.8376419860467,1036.0470524825582,1243.25646297907,1450.4658734755817,1657.6752839720934,222.91938685026494,499.85680006711254,776.7942132839601,1053.7316265008076,1330.6690397176553,366.94796817446365,559.7700618504704,752.5921555264772,945.414249202484,1138.2363428784906
.SOX,2015-09-11,615.81,19.09797,15.85652,14.40837,14.848766301369864,LSEG,32.244788320434054,41.472132263485676,483.6718248065108,644.8957664086811,806.1197080108514,967.3436496130216,1128.567591215192,1289.7915328173622,622.0819839522851,829.4426452697135,1036.8033065871418,1244.1639679045702,1451.5246292219986,1658.885290539427,224.9534157189881,504.4177455099018,783.8820753008155,1063.3464050917291,1342.810734882643,367.2158188540593,560.1786614462928,753.1415040385265,946.10434663076,1139.0671892229934
.SOX,2015-09-18,610.75,18.21294,15.22203,13.66594,14.109319068493152,LSEG,33.533850108768824,43.286993301032986,503.00775163153236,670.6770021753765,838.3462527192206,1006.0155032630647,1173.684753806909,1341.354004350753,649.3048995154948,865.7398660206597,1082.1748325258247,1298.6097990309895,1515.0447655361545,1731.4797320413195,233.94646133854857,524.5830396539706,815.2196179693926,1105.8561962848146,1396.4927746002365,383.2855419581216,584.6926271200422,786.0997122819629,987.5067974438836,1188.913882605804
.SOX,2015-09-25,592.88,17.71601,14.83263,13.34859,13.742978712328766,LSEG,33.465774742732705,43.140574718938474,501.98662114099056,669.3154948546542,836.6443685683176,1003.9732422819811,1171.3021159956447,1338.6309897093083,647.1086207840771,862.8114943787695,1078.514367973462,1294.2172415681541,1509.9201151628465,1725.622988757539,233.47153850872678,523.5181102669496,813.5646820251725,1103.6112537833953,1393.6578255416182,381.98907571477326,582.714899888477,783.440724062181,984.1665482358848,1184.8923724095885
.SOX,2015-10-02,608.46,17.74824,15.80826,13.65037,14.182452465753425,LSEG,34.282835931900856,42.902311956924045,514.2425389785128,685.6567186380171,857.0708982975214,1028.4850779570256,1199.89925761653,1371.3134372760342,643.5346793538607,858.0462391384809,1072.557798923101,1287.0693587077214,1501.5809184923417,1716.0924782769619,239.17170634758077,536.2997157434122,833.4277251392436,1130.555734535075,1427.6837439309065,379.87937335609826,579.4966010498795,779.1138287436609,978.7310564374422,1178.3482841312234
.SOX,2015-10-09,629.51,18.34332,16.29428,14.20464,14.679818410958903,LSEG,34.31821502323462,42.88268303987009,514.7732253485193,686.3643004646924,857.9553755808655,1029.5464506970386,1201.1375258132118,1372.7286009293848,643.2402455980513,857.6536607974017,1072.0670759967522,1286.4804911961025,1500.893906395453,1715.3073215948034,239.41852599984443,536.8531646081225,834.2878032164006,1131.7224418246785,1429.1570804329567,379.7055687201709,579.2314663707397,778.7573640213085,978.2832616718773,1177.809159322446
.SOX,2015-10-16,652.63,19.06663,16.87395,14.72638,15.173545260273974,LSEG,34.228911978676884,43.01104249569531,513.4336796801532,684.5782395735376,855.7227994669221,1026.8673593603064,1198.0119192536908,1369.1564791470753,645.1656374354296,860.2208499139061,1075.2760623923828,1290.3312748708593,1505.3864873493358,1720.4416998278123,238.7955098178887,535.4561624025152,832.1168149871419,1128.7774675717685,1425.4381201563951,380.8421300712741,580.9652626388291,781.0883952063842,981.2115277739393,1181.3346603414943
.SOX,2015-10-23,683.71,20.30475,17.77424,15.5813,15.99585578082192,LSEG,33.672416552777065,42.742946008536016,505.086248291656,673.4483310555413,841.8104138194267,1010.172496583312,1178.5345793471972,1346.8966621110826,641.1441901280402,854.8589201707204,1068.5736502134005,1282.2883802560805,1496.0031102987605,1709.7178403414407,234.91316003645673,526.7506883479354,818.5882166594141,1110.4257449708928,1402.2632732823715,378.468264400741,577.343989192815,776.2197139848892,975.0954387769633,1173.9711635690371
.SOX,2015-10-30,662.52,20.02033,16.52009,15.30846,15.51427112328767,LSEG,33.09236161441894,42.70390756582341,496.3854242162841,661.8472322883788,827.3090403604735,992.7708484325682,1158.2326565046628,1323.6944645767576,640.5586134873511,854.0781513164682,1067.5976891455853,1281.1172269747021,1494.6367648038192,1708.1563026329363,230.86644903337543,517.6766636909625,804.4868783485496,1091.2970930061365,1378.1073076637238,378.1225977343536,576.8166832311935,775.5107687280333,974.2048542248732,1172.8989397217128
.SOX,2015-11-06,676.47,20.72526,17.24472,15.52052,15.78033095890411,LSEG,32.63988003045559,42.867922210357655,489.5982004568339,652.7976006091119,815.9970007613898,979.1964009136678,1142.3958010659458,1305.5952012182238,643.0188331553649,857.3584442071531,1071.6980552589414,1286.0376663107297,1500.3772773625178,1714.7168884143061,227.7097442396898,510.59831855811814,793.4868928765464,1076.3754671949748,1359.2640415134033,379.57486866207074,579.0320866603939,778.4893046587173,977.9465226570405,1177.4037406553637
.SOX,2015-11-13,643.71,19.6601,16.67946,14.82294,15.06708509589041,LSEG,32.74194943057258,42.722928549436126,491.12924145858875,654.8389886114517,818.5487357643145,982.2584829171775,1145.9682300700404,1309.6779772229033,640.8439282415419,854.4585709887225,1068.0732137359032,1281.6878564830838,1495.3024992302644,1708.917141977445,228.42182397079333,512.1950298213746,795.968235671956,1079.7414415225373,1363.5146473731188,378.2910194115507,577.0736063397491,775.8561932679476,974.638780196146,1173.4213671243442
.SOX,2015-11-20,665.76,20.39206,17.27295,15.37348,15.586845123287672,LSEG,32.64800123185201,42.712941248470806,489.7200184777801,652.9600246370401,816.2000307963002,979.4400369555602,1142.6800431148201,1305.9200492740802,640.6941187270621,854.2588249694161,1067.8235312117702,1281.3882374541242,1494.952943696478,1708.5176499388322,227.76640120935915,510.7253616653174,793.6843221212757,1076.643282577234,1359.6022430331923,378.20258665678364,576.9387043566373,775.6748220564912,974.410939756345,1173.1470574561986
.SOX,2015-11-27,670.51,20.49584,17.58369,15.48705,15.682353452054794,LSEG,32.714443516342826,42.75570003251941,490.71665274514237,654.2888703268566,817.8610879085707,981.4333054902847,1145.0055230719988,1308.5777406537131,641.3355004877911,855.1140006503881,1068.8925008129852,1282.6710009755823,1496.4495011381791,1710.2280013007762,228.22993096479905,511.7647441235408,795.2995572822826,1078.8343704410242,1362.3691835997663,378.5811951594247,577.516262275802,776.4513293921792,975.3863965085565,1174.3214636249336
.SOX,2015-12-04,691.49,21.17437,18.21448,15.87177,16.045066356164384,LSEG,32.656933830853056,43.09673669466223,489.85400746279583,653.1386766170612,816.4233457713264,979.7080149255917,1142.9926840798569,1306.2773532341223,646.4510504199335,861.9347338932447,1077.4184173665558,1292.902100839867,1508.3857843131782,1723.8694677864894,227.8287188352826,510.86509778034093,793.9014767253993,1076.9378556704576,1359.974234615516,381.6009110581005,582.1227642923737,782.644617526647,983.1664707609203,1183.6883239951935
.SOX,2015-12-11,660.78,20.25864,17.39428,15.18398,15.305092328767122,LSEG,32.617194441482745,43.17386565241505,489.25791662224117,652.3438888296549,815.4298610370686,978.5158332444823,1141.601805451896,1304.6877776593099,647.6079847862258,863.4773130483011,1079.3466413103763,1295.2159695724515,1511.085297834527,1726.9546260966022,227.55147988154528,510.24343908018415,792.935398278823,1075.6273574774618,1358.3193166761007,382.2838509464722,583.1645722234978,784.0452935005233,984.9260147775489,1185.8067360545742
.SOX,2015-12-18,653.72,19.9789,17.18942,15.06566,15.141300767123289,LSEG,32.72052014875694,43.174626147011075,490.8078022313541,654.4104029751388,818.0130037189235,981.6156044627082,1145.218205206493,1308.8208059502776,647.6193922051662,863.4925229402215,1079.365653675277,1295.2387844103323,1511.1119151453877,1726.985045880443,228.27232414797146,511.85980324417017,795.4472823403689,1079.0347614365676,1362.6222405327665,382.29058476097777,583.174844491201,784.0591042214244,984.9433639516477,1185.8276236818708
.SOX,2015-12-24,674.39,20.31245,18.4654,15.96183,16.00984367123288,LSEG,33.20082018663431,42.12345940715028,498.01230279951466,664.0164037326862,830.0205046658577,996.0246055990293,1162.0287065322009,1328.0328074653723,631.8518911072542,842.4691881430056,1053.086485178757,1263.7037822145085,1474.3210792502598,1684.9383762860111,231.62310235798077,519.3733232544997,807.1235441510188,1094.8737650475377,1382.6239859440568,372.9830079844156,568.9763660153178,764.96972404622,960.9630820771223,1156.9564401080243
.SOX,2015-12-31,663.48,19.98244,18.16962,15.7041,15.7041,LSEG,33.20315236777891,42.24883947504155,498.0472855166837,664.0630473555782,830.0788091944728,996.0945710333674,1162.110332872262,1328.1260947111564,633.7325921256232,844.976789500831,1056.2209868760388,1267.4651842512465,1478.7093816264542,1689.953579001662,231.63937264976687,519.4098064698147,807.1802402898627,1094.9506741099106,1382.7211079299586,374.09318828588056,570.6699186437949,767.2466490017093,963.8233793596238,1160.400109717538
.SOX,2016-01-08,600.48,18.70335,14.28135,,14.28135,LSEG,32.10547843033467,42.04644518900524,481.5821764550201,642.1095686066934,802.6369607583667,963.1643529100402,1123.6917450617134,1284.2191372133868,630.6966778350786,840.9289037801047,1051.161129725131,1261.3933556701572,1471.6255816151834,1681.8578075602095,223.9815304236074,502.2384668000263,780.4954031764452,1058.752339552864,1337.009275929283,372.30108406017996,567.9361079123892,763.5711317645984,959.2061556168076,1154.8411794690167
.SOX,2016-01-15,574.29,17.89799,13.66886,,13.66886,LSEG,32.086843271227664,42.01447670105627,481.30264906841495,641.7368654245533,802.1710817806916,962.6052981368299,1123.0395144929682,1283.4737308491067,630.217150515844,840.2895340211253,1050.3619175264066,1260.434301031688,1470.5066845369693,1680.5790680422506,223.85152359422682,501.94694976941156,780.0423759445963,1058.1378021197809,1336.2332282949658,372.01801844867185,567.5042983137424,762.990578178813,958.4768580438837,1153.9631379089542
.SOX,2016-01-22,598.42,18.53512,14.25362,11.65595,14.097475901639344,LSEG,32.28573648295776,42.448733672274756,484.2860472443664,645.7147296591552,807.143412073944,968.5720944887328,1130.0007769035215,1291.4294593183104,636.7310050841213,848.9746734454951,1061.218341806869,1273.4620101682426,1485.7056785296165,1697.9493468909902,225.23908759053475,505.0583135179073,784.8775394452799,1064.6967653726524,1344.515991300025,375.8631554256168,573.3699597973473,770.8767641690778,968.3835685408084,1165.8903729125386
.SOX,2016-01-29,613.68,18.70616,14.84579,12.96827,14.69702475409836,LSEG,32.806305516471575,41.75538996958356,492.0945827470736,656.1261103294315,820.1576379117894,984.1891654941472,1148.220693076505,1312.252220658863,626.3308495437534,835.1077993916713,1043.884749239589,1252.6616990875068,1461.4386489354247,1670.2155987833426,228.8707995137994,513.20177706488,797.5327546159607,1081.8637321670412,1366.194709718122,369.72392983881906,564.004722803306,758.285515767793,952.5663087322799,1146.847101696767
.SOX,2016-02-05,586.25,17.36236,14.28079,12.15344,14.071542459016394,LSEG,33.76557103988168,41.66209935459905,506.48356559822514,675.3114207976336,844.139275997042,1012.9671311964503,1181.7949863958588,1350.6228415952671,624.9314903189858,833.241987091981,1041.5524838649762,1249.8629806379715,1458.1734774109668,1666.483974183962,235.5630455266478,528.2079401649573,820.8528348032669,1113.4977294415762,1406.142624079886,368.89788623548355,562.7446136896606,756.5913411438377,950.4380685980149,1144.2847960521917
.SOX,2016-02-12,571.9,17.11945,13.82391,11.76492,13.582006803278688,LSEG,33.4064470529135,42.107179615161414,501.0967057937025,668.12894105827,835.1611763228375,1002.193411587405,1169.2256468519724,1336.25788211654,631.6076942274212,842.1435923032283,1052.6794903790353,1263.2153884548425,1473.7512865306494,1684.2871846064565,233.05764320450206,522.5900241760278,812.1224051475534,1101.654786119079,1391.1871670906048,372.838858242898,568.7564691451254,764.6740800473527,960.5916909495802,1156.5093018518075
.SOX,2016-02-19,605.46,18.09488,14.5039,12.72095,14.260327595628414,LSEG,33.460293740549815,42.457650144419354,501.90440610824726,669.2058748109963,836.5073435137454,1003.8088122164945,1171.1102809192435,1338.4117496219926,636.8647521662903,849.153002888387,1061.441253610484,1273.7295043325805,1486.0177550546773,1698.306005776774,233.433300696453,523.432368821332,813.431436946211,1103.43050507109,1393.429573195969,375.94210650532176,573.4903977193487,771.0386889333759,968.5869801474029,1166.13527136143
.SOX,2016-02-26,624.65,18.66805,14.94545,13.10269,14.658462786885243,LSEG,33.460913164470846,42.61360888120323,501.91369746706266,669.2182632894169,836.5228291117711,1003.8273949341253,1171.1319607564797,1338.4365265788338,639.2041332180484,852.2721776240645,1065.3402220300807,1278.4082664360967,1491.476310842113,1704.544355248129,233.43762206229448,523.4420587102733,813.4464953582522,1103.450932006231,1393.4553686542097,377.32304623785535,575.5969871721743,773.8709281064934,972.1448690408124,1170.4188099751314
.SOX,2016-03-04,650.62,19.41979,15.50424,13.70898,15.19031475409836,LSEG,33.50293695245932,42.831238886900756,502.54405428688983,670.0587390491864,837.573423811483,1005.0881085737797,1172.6027933360763,1340.1174780983729,642.4685833035113,856.6247777380152,1070.780972172519,1284.9371666070226,1499.0933610415266,1713.2495554760303,233.73079795650457,524.0994531451283,814.4681083337522,1104.836763522376,1395.2054187109998,379.2500554459108,578.536592122015,777.8231287981192,977.1096654742236,1176.3962021503276
.SOX,2016-03-11,659.14,19.64898,15.73542,13.89596,15.378584863387978,LSEG,33.54576166294637,42.86090078217953,503.18642494419555,670.9152332589274,838.6440415736593,1006.3728498883911,1174.101658203123,1341.8304665178548,642.9135117326929,857.2180156435905,1071.522519554488,1285.8270234653858,1500.1315273762834,1714.436031287181,234.02956142815475,524.7693767216557,815.5091920151566,1106.2490073086574,1396.9888226021585,379.51269728680666,578.937245763059,778.3617942393114,977.7863427155637,1177.210891191816
.SOX,2016-03-18,675.03,19.73412,15.87481,13.98043,15.471089672131146,LSEG,34.20623772430693,43.63170366829206,513.093565864604,684.1247544861386,855.1559431076732,1026.187131729208,1197.2183203507425,1368.2495089722772,654.4755550243809,872.6340733658412,1090.7925917073017,1308.9511100487618,1527.109628390222,1745.2681467316825,238.63732453477522,535.101460236176,831.5655959375767,1128.0297316389774,1424.4938673403783,386.33778675171703,589.3487511623516,792.3597155729861,995.3706799836208,1198.3816443942553
.SOX,2016-03-24,666.14,19.5229,15.75384,13.83016,15.312339672131149,LSEG,34.12095539084869,43.5034759065848,511.8143308627304,682.4191078169738,853.0238847712174,1023.6286617254608,1194.2334386797042,1364.8382156339476,652.552138598772,870.069518131696,1087.58689766462,1305.104277197544,1522.621656730468,1740.139036263392,238.0423585507759,533.7673555756853,829.4923526005946,1125.2173496255039,1420.9423466504134,385.20239148879693,587.6167337329831,790.0310759771694,992.4454182213557,1194.8597604655417
.SOX,2016-04-01,681.59,19.91541,16.32398,14.3859,15.836812349726774,LSEG,34.224251471599125,43.03833277482506,513.3637720739869,684.4850294319825,855.6062867899781,1026.7275441479737,1197.8488015059693,1368.970058863965,645.5749916223758,860.7666554965011,1075.9583193706264,1291.1499832447516,1506.341647118877,1721.5333109930023,238.7629961299182,535.383256280455,832.0035164309919,1128.6237765815285,1425.2440367320655,381.083772389873,581.3338820272965,781.58399166472,981.8341013021435,1182.084210939567
.SOX,2016-04-08,671.31,20.48382,16.07658,14.14669,15.554560573770493,LSEG,32.77269571788855,43.158403403052326,491.5904357683283,655.453914357771,819.3173929472139,983.1808715366566,1147.0443501260993,1310.907828715542,647.3760510457848,863.1680680610465,1078.9600850763081,1294.7521020915697,1510.5441191068314,1726.336136122093,228.63632320346534,512.6760059337498,796.7156886640342,1080.7553713943187,1364.7950541246032,382.1469401523759,582.9557181887948,783.7644962252137,984.5732742616327,1185.3820522980516
.SOX,2016-04-15,673.49,20.6041,16.16415,14.25351,15.610795245901638,LSEG,32.68718361879432,43.142581104368396,490.3077542819148,653.7436723758865,817.179590469858,980.6155085638296,1144.0514266578014,1307.487344751773,647.1387165655259,862.8516220873679,1078.56452760921,1294.2774331310518,1509.9903386528938,1725.7032441747358,228.03975427625184,511.33830696018896,794.636859644126,1077.9354123280632,1361.2339650120005,382.00684129441373,582.7420008414094,783.4771603884053,984.2123199354011,1184.9474794823968
.SOX,2016-04-22,669.03,20.33663,16.04542,14.20948,15.478586065573772,LSEG,32.89778099911342,43.222940206922566,493.46671498670133,657.9556199822684,822.4445249778355,986.9334299734027,1151.4223349689698,1315.911239964537,648.3441031038385,864.4588041384513,1080.5735051730642,1296.688206207677,1512.8029072422898,1728.9176082769027,229.50897155172177,514.632763563073,799.7565555744243,1084.8803475857753,1370.0041395971268,382.7183825640867,583.8274394732556,784.9364963824246,986.0455532915936,1187.1546102007624
.SOX,2016-04-29,645.34,19.7949,15.47255,13.82402,14.932048360655738,LSEG,32.60132660432738,43.21845097290189,489.01989906491076,652.0265320865476,815.0331651081846,978.0397981298215,1141.0464311514584,1304.0530641730952,648.2767645935284,864.3690194580379,1080.4612743225473,1296.5535291870567,1512.6457840515661,1728.7380389160758,227.44077907207804,509.9952123415098,792.5496456109415,1075.1040788803732,1357.658512149805,382.6786325522847,583.7668018120752,784.8549710718659,985.9431403316565,1187.031309591447
.SOX,2016-05-06,637.5,19.42588,15.28401,13.41945,14.637017868852457,LSEG,32.817046126095704,43.55395379796582,492.25569189143556,656.3409225219141,820.4261531523925,984.5113837828711,1148.5966144133497,1312.6818450438282,653.3093069694872,871.0790759593164,1088.8488449491454,1306.6186139389745,1524.3883829288036,1742.1581519186327,228.94573059406704,513.369796592196,797.7938625903251,1082.217928588454,1366.6419945865832,385.64934898063126,588.2985563469448,790.9477637132584,993.596971079572,1196.2461784458853
.SOX,2016-05-13,633.26,18.99015,15.18614,13.35553,14.515916666666666,LSEG,33.346761347330066,43.62521599853035,500.201420209951,666.9352269466013,833.6690336832517,1000.402840419902,1167.1366471565523,1333.8704538932027,654.3782399779552,872.504319970607,1090.6303999632587,1308.7564799559104,1526.8825599485622,1745.008639941214,232.6412502293904,521.6563375054757,810.6714247815609,1099.686512057646,1388.7015993337313,386.2803415509527,589.2611199274796,792.2418983040067,995.2226766805337,1198.2034550570606
.SOX,2016-05-20,665.08,19.96199,15.86152,13.95156,15.12571573770492,LSEG,33.31731956583487,43.97015067142304,499.7597934875231,666.3463913166975,832.9329891458718,999.5195869750462,1166.1061848042204,1332.692782633395,659.5522600713456,879.4030134284608,1099.253766785576,1319.1045201426912,1538.9552734998065,1758.8060268569216,232.4358517865047,521.1957682842416,809.9556847819783,1098.7156012797152,1387.475517777452,389.33457246323616,593.9202737447906,798.505975026345,1003.0916763078995,1207.677377589454
.SOX,2016-05-27,695.71,20.89797,16.65076,14.57059,15.809598360655736,LSEG,33.290793316288614,44.0055455002175,499.3618997443292,665.8158663257723,832.2698329072153,998.7237994886584,1165.1777660701014,1331.6317326515446,660.0831825032625,880.11091000435,1100.1386375054376,1320.166365006525,1540.1940925076126,1760.2218200087,232.25079333977695,520.7808078614908,809.3108223832046,1097.8408369049184,1386.3708514266323,389.6479766778152,594.3983641330598,799.1487515883043,1003.899139043549,1208.6495264987934
.SOX,2016-06-03,705.6,21.11725,16.84244,14.72406,15.945311857923496,LSEG,33.413441617634874,44.25125116943858,501.2016242645231,668.2688323526975,835.3360404408718,1002.4032485290462,1169.4704566172206,1336.537664705395,663.7687675415788,885.0250233887716,1106.2812792359646,1327.5375350831575,1548.7937909303503,1770.0500467775432,233.10644027551723,522.6994428682058,812.2924454608943,1101.8854480535829,1391.4784506462713,391.8235824061839,597.7171969343145,803.6108114624451,1009.5044259905758,1215.3980405187062
.SOX,2016-06-10,699.04,22.27427,16.68342,14.61339,15.767177213114753,LSEG,31.38329561417725,44.33513941979136,470.74943421265874,627.665912283545,784.5823903544313,941.4988684253175,1098.4153464962037,1255.33182456709,665.0270912968704,886.7027883958272,1108.378485494784,1330.0541825937407,1551.7298796926975,1773.4055767916543,218.94327463933178,490.941080557262,762.9388864751922,1034.9366923931225,1306.9344983110527,392.56637258513626,598.8503050054195,805.1342374257028,1011.4181698459862,1217.7021022662693
.SOX,2016-06-17,689.09,21.9749,16.4536,14.40898,15.509499508196722,LSEG,31.35804941091882,44.43018935819419,470.3707411637823,627.1609882183764,783.9512352729705,940.7414823275647,1097.5317293821588,1254.3219764367527,666.4528403729129,888.6037871638838,1110.7547339548548,1332.9056807458257,1555.0566275367967,1777.2075743277676,218.76714634224135,490.54614439567985,762.3251424491184,1034.104140502557,1305.8831385559954,393.4079941526233,600.134177918603,806.8603616845827,1013.5865454505624,1220.312729216542
.SOX,2016-06-24,675.4,21.56155,16.12628,14.09782,15.150845683060108,LSEG,31.32427863488478,44.57836969161086,469.86417952327173,626.4855726976956,783.1069658721195,939.7283590465435,1096.3497522209673,1252.9711453953912,668.6755453741629,891.5673938322172,1114.4592422902715,1337.3510907483258,1560.24293920638,1783.1347876644345,218.5315469844523,490.01785503177,761.5041630790877,1032.9904711264053,1304.4767791737231,394.7200598580459,602.1357017442564,809.5513436304669,1016.9669855166774,1224.3826274028877
.SOX,2016-07-01,685.01,21.97359,16.24238,14.56565,15.404015,LSEG,31.174241441657916,44.4695749776925,467.61362162486876,623.4848288331583,779.3560360414479,935.2272432497375,1091.098450458027,1246.9696576663166,667.0436246653876,889.39149955385,1111.7393744423125,1334.0872493307752,1556.4351242192377,1778.7829991077,217.48482344060804,487.67076495327296,757.8567064659378,1028.0426479786026,1298.2285894912677,393.7567349027554,600.6661733190474,807.5756117353394,1014.4850501516315,1221.3944885679234
.SOX,2016-07-08,701.07,23.32249,16.66603,14.94965,15.775013060109288,LSEG,30.059826373599048,44.441801558492216,450.89739560398573,601.196527471981,751.4956593399762,901.7947912079715,1052.0939230759666,1202.393054943962,666.6270233773832,888.8360311698443,1111.0450389623054,1333.2540467547665,1555.4630545472276,1777.6720623396886,209.71018793680838,470.2375372760955,730.7648866153827,991.2922359546698,1251.819585293957,393.51081461080577,600.2910279878993,807.0712413649928,1013.8514547420864,1220.63166811918
.SOX,2016-07-15,723.64,24.07199,17.20563,15.43019,16.24999699453552,LSEG,30.061494708164968,44.531700543904265,450.92242062247453,601.2298941632994,751.5373677041242,901.8448412449491,1052.1523147857738,1202.4597883265988,667.975508158564,890.6340108780853,1113.2925135976066,1335.951016317128,1558.6095190366493,1781.2680217561706,209.72182695131937,470.2636356815847,730.80544441185,991.3472531421152,1251.8890618723806,394.30682696272675,601.5053251692825,808.7038233758383,1015.902321582394,1223.1008197889496
.SOX,2016-07-22,742.37,24.89528,17.40535,15.86688,16.54784213114754,LSEG,29.819708796205546,44.86204268305519,447.2956319430832,596.3941759241109,745.4927199051386,894.5912638861664,1043.689807867194,1192.7883518482217,672.9306402458279,897.2408536611039,1121.55106707638,1345.8612804916559,1570.1714939069318,1794.4817073222077,208.03502515787935,466.48128476662026,724.9275443753612,983.373803984102,1241.8200635928429,397.2318479951542,605.9673725063518,814.7028970175494,1023.438421528747,1232.1739460399444
.SOX,2016-07-29,766.78,25.63702,17.88263,16.25341,16.943380218579232,LSEG,29.90909239841448,45.25543251158283,448.6363859762172,598.1818479682896,747.7273099603619,897.2727719524344,1046.8182339445068,1196.3636959365792,678.8314876737425,905.1086502316566,1131.3858127895708,1357.662975347485,1583.940137905399,1810.2173004633132,208.65860334441763,467.87954716684857,727.1004909892795,986.3214348117104,1245.5423786341414,400.71512604543244,611.2810271352271,821.8469282250218,1032.4128293148165,1242.978730404611
.SOX,2016-08-05,773.78,26.13514,18.03463,16.34478,17.02810732240437,LSEG,29.606881769143,45.441339154699556,444.103226537145,592.13763538286,740.172044228575,888.20645307429,1036.240861920005,1184.27527076572,681.6200873204933,908.8267830939911,1136.0334788674888,1363.2401746409867,1590.4468704144845,1817.6535661879823,206.55025291440032,463.1519489338763,719.7536449533524,976.3553409728283,1232.9570369923044,402.361240109421,613.7921334808922,825.2230268523633,1036.6539202238346,1248.0848135953056
.SOX,2016-08-12,779.84,26.52562,18.13349,16.38714,17.05991418032787,LSEG,29.39950131231617,45.711836047759796,440.99251968474255,587.9900262463234,734.9875328079042,881.9850393694851,1028.982545931066,1175.9800524926468,685.677540716397,914.2367209551959,1142.795901193995,1371.355081432794,1599.9142616715928,1828.4734419103918,205.103478271225,459.90781591442914,714.7121535576333,969.5164912008374,1224.3208288440417,404.75636022168135,617.4458300527773,830.1352998838734,1042.8247697149695,1255.5142395460655
.SOX,2016-08-19,797.06,26.65576,18.44757,16.45334,17.18346792349727,LSEG,29.901979909783098,46.38528168752668,448.52969864674645,598.0395981956619,747.5494977445775,897.0593972934929,1046.5692968424084,1196.0791963913239,695.7792253129002,927.7056337505336,1159.632042188167,1391.5584506258003,1623.4848590634338,1855.4112675010672,208.6089835858386,467.7682837451522,726.9275839044658,986.0868840637794,1245.246184223093,410.71939801509683,626.5422969198452,842.3651958245937,1058.188094729342,1274.0109936340905
.SOX,2016-08-26,801.4,26.80364,18.64246,16.52512,17.259825409836065,LSEG,29.898924175970127,46.431524130209134,448.4838626395519,597.9784835194025,747.4731043992532,896.9677252791038,1046.4623461589545,1195.956967038805,696.472861953137,928.6304826041827,1160.7881032552284,1392.945723906274,1625.1033445573196,1857.2609652083654,208.58766548159412,467.7204817144643,726.8532979473346,985.9861141802047,1245.1189304130748,411.1288526423044,627.166909840138,843.2049670379716,1059.2430242358053,1275.2810814336387
.SOX,2016-09-02,806.95,26.58715,18.47235,16.37535,17.062890983606557,LSEG,30.35112827061193,47.292689191725486,455.26692405917896,607.0225654122386,758.7782067652983,910.5338481183579,1062.2894894714175,1214.0451308244772,709.3903378758823,945.8537838345097,1182.3172297931371,1418.7806757517646,1655.244121710392,1891.7075676690195,211.74243439125144,474.79448597409265,737.846537556934,1000.8985891397751,1263.9506407226165,418.7540557841179,638.7989688907714,858.843881997425,1078.8887951040786,1298.9337082107322
.SOX,2016-09-09,768.37,23.22559,17.5617,15.62621,16.22377931693989,LSEG,33.08290553652243,47.360728039348665,496.24358304783647,661.6581107304487,827.0726384130608,992.4871660956729,1157.901693778285,1323.3162214608974,710.4109205902299,947.2145607869733,1184.0182009837167,1420.8218411804598,1657.6254813772032,1894.4291215739465,230.80047939508893,517.5287385922916,804.2569977894942,1090.9852569866969,1377.7135161838996,419.35650711179727,639.7179935106234,860.0794799094496,1080.4409663082758,1300.8024527071018
.SOX,2016-09-16,801.55,24.04377,18.01938,15.94195,16.54361005464481,LSEG,33.33711809753628,48.45073096817557,500.05677146304424,666.7423619507257,833.427952438407,1000.1135429260885,1166.7991334137698,1333.4847239014514,726.7609645226336,969.0146193635114,1211.2682742043892,1453.5219290452671,1695.775583886145,1938.0292387270229,232.57397480000364,521.5054844041301,810.4369940082565,1099.368503612383,1388.3000132165096,429.0079596949313,654.4410460357137,879.8741323764963,1105.3072187172788,1330.7403050580613
.SOX,2016-09-23,804.59,24.17916,18.00323,15.86843,16.445875901639344,LSEG,33.276176674458505,48.92351157287996,499.1426501168776,665.5235334891701,831.9044168614627,998.2853002337552,1164.6661836060478,1331.0470669783401,733.8526735931994,978.4702314575992,1223.087789321999,1467.7053471863987,1712.3229050507987,1956.9404629151984,232.1488214033093,520.5521540571737,808.9554867110379,1097.358819364902,1385.7621520187665,433.1942049497406,660.8270597718403,888.45991459394,1116.0927694160398,1343.7256242381393
.SOX,2016-09-30,835.6,25.1068,19.10976,16.43255,17.10550989071038,LSEG,33.28182006468367,48.849756911005365,499.2273009702551,665.6364012936734,832.0455016170918,998.4546019405102,1164.8637022639284,1331.2728025873469,732.7463536650805,976.9951382201073,1221.243922775134,1465.492707330161,1709.7414918851878,1953.9902764402145,232.1881921039252,520.6404358019977,809.0926795000702,1097.5449231981427,1385.9971668962153,432.54114283124346,659.8308296406803,887.1205164501172,1114.410203259554,1341.699890068991
.SOX,2016-10-07,837.02,25.16832,18.63378,16.09125,16.681728278688524,LSEG,33.25688802430992,50.175856243224004,498.8533203646488,665.1377604861984,831.4222006077481,997.7066407292976,1163.9910808508473,1330.2755209723969,752.6378436483601,1003.5171248644801,1254.3964060806002,1505.2756872967202,1756.1549685128402,2007.0342497289603,232.01425554130356,520.2504142124213,808.4865728835391,1096.7227315546568,1384.9588902257747,444.2831157075993,677.7429192373155,911.2027227670318,1144.6625262967482,1378.1223298264642
.SOX,2016-10-14,809.39,24.36817,18.00757,15.54986,16.073634262295084,LSEG,33.21505061726014,50.35513355549193,498.2257592589021,664.3010123452028,830.3762654315035,996.4515185178042,1162.5267716041049,1328.6020246904056,755.327003332379,1007.1026711098386,1258.8783388872982,1510.654006664758,1762.4296744422177,2014.2053422196773,231.72237992012882,519.5959354069687,807.4694908938086,1095.3430463806483,1383.2166018674882,445.87053022991415,680.1644808820337,914.4584315341533,1148.7523821862728,1383.0463328383923
.SOX,2016-10-21,814.53,24.24378,17.98812,15.8807,16.289516448087433,LSEG,33.59748356073187,50.00332591797927,503.962253410978,671.9496712146373,839.9370890182967,1007.924506821956,1175.9119246256153,1343.8993424292746,750.049888769689,1000.0665183595854,1250.0831479494816,1500.099777539378,1750.1164071292744,2000.1330367191708,234.390395478566,525.5784824541911,816.7665694298162,1107.9546564054413,1399.1427433810663,442.7554425158911,675.4124915168295,908.0695405177679,1140.7265895187063,1373.3836385196446
.SOX,2016-10-28,818.88,24.08142,17.86204,15.92523,16.263907158469948,LSEG,34.00463926130602,50.34952499550774,510.0695889195903,680.0927852261203,850.1159815326505,1020.1391778391805,1190.1623741457106,1360.1855704522407,755.2428749326161,1006.9904999101549,1258.7381248876936,1510.4857498652323,1762.233374842771,2013.9809998203098,237.23088755013498,531.9477771915043,826.6646668328735,1121.3815564742429,1416.0984461156122,445.8208691241359,680.0887240917963,914.3565790594566,1148.624434027117,1382.8922889947771
.SOX,2016-11-04,802.88,23.01343,17.82725,15.46942,15.836623032786886,LSEG,34.88745484701759,50.69767704502286,523.3118227052638,697.7490969403517,872.1863711754397,1046.6236454105276,1221.0609196456155,1395.4981938807034,760.4651556753429,1013.9535409004571,1267.4419261255714,1520.9303113506858,1774.4186965758,2027.9070818009143,243.38978614429712,545.7580042278975,848.1262223114977,1150.494440395098,1452.8626584786984,448.90358836162676,684.7913361455505,920.6790839294744,1156.5668317133982,1392.454579497322
.SOX,2016-11-11,837.24,23.58946,18.36079,15.89573,16.232486830601093,LSEG,35.49212232920974,51.57804892973363,532.3818349381461,709.8424465841948,887.3030582302436,1064.7636698762922,1242.224281522341,1419.6848931683896,773.6707339460045,1031.5609785946726,1289.4512232433408,1547.341467892009,1805.231712540677,2063.1219571893453,247.60820476567557,555.2170524660038,862.8259001663321,1170.4347478666602,1478.0435955669886,456.6988587009047,696.6828285052632,936.6667983096218,1176.6507681139803,1416.634737918339
.SOX,2016-11-18,872.63,24.02652,18.97532,16.36413,16.670909153005464,LSEG,36.31945034070685,52.34447575660147,544.7917551106027,726.389006814137,907.9862585176713,1089.5835102212054,1271.1807619247397,1452.778013628274,785.167136349022,1046.8895151320294,1308.6118939150367,1570.334272698044,1832.0566514810514,2093.7790302640587,253.37999834226207,568.1592658311355,882.9385333200089,1197.7178008088822,1512.4970682977555,463.4852002623148,707.0352249348377,950.5852496073609,1194.135274279884,1437.6852989524068
.SOX,2016-11-25,890.97,24.22569,19.23681,16.67263,16.92484442622951,LSEG,36.77789982452512,52.64272908879488,551.6684973678769,735.5579964905024,919.447495613128,1103.3369947357537,1287.2264938583792,1471.1159929810049,789.6409363319232,1052.8545817758977,1316.068227219872,1579.2818726638463,1842.4955181078208,2105.7091635517954,256.57833775434534,575.330969138961,894.0836005235766,1212.836231908192,1531.588863292808,466.1260903161832,711.0638374821386,956.0015846480942,1200.9393318140499,1445.877078980005
.SOX,2016-12-02,847.7,23.49017,18.23374,15.68681,15.888615928961748,LSEG,36.08743572311312,53.35266481297553,541.3115358466968,721.7487144622623,902.1858930778279,1082.6230716933935,1263.060250308959,1443.4974289245247,800.289972194633,1067.0532962595107,1333.8166203243884,1600.579944389266,1867.3432684541438,2134.1065925190214,251.76136527183283,564.5297710684792,877.2981768651257,1190.0665826617721,1502.8349884584186,472.41223028681316,720.6531887399367,968.8941471930603,1217.135105646184,1465.3760640993075
.SOX,2016-12-09,892.51,24.38459,19.39348,16.27757,16.464865136612023,LSEG,36.6013945692751,54.206942637833954,549.0209185391266,732.027891385502,915.0348642318775,1098.0418370782531,1281.0488099246286,1464.055782771004,813.1041395675093,1084.1388527566792,1355.1735659458488,1626.2082791350185,1897.2429923241884,2168.2777055133583,255.34696170478756,572.5698288877334,889.7926960706791,1207.0155632536248,1524.2384304365708,479.97645025484337,732.1922194652458,984.4079886756482,1236.6237578860507,1488.839527096453
.SOX,2016-12-16,900.85,24.7368,19.70606,16.44343,16.577144344262294,LSEG,36.417402412599856,54.34289412529629,546.2610361889979,728.3480482519972,910.4350603149963,1092.5220723779958,1274.609084440995,1456.6960965039943,815.1434118794443,1086.8578825059258,1358.5723531324072,1630.2868237588887,1902.00129438537,2173.7157650118515,254.06335383308164,569.6915681300773,885.3197824270729,1200.9479967240684,1516.5762110210642,481.18023540087177,734.0285639720686,986.8768925432655,1239.7252211144626,1492.5735496856591
.SOX,2016-12-23,927.92,25.39545,20.0893,16.56751,16.64448901639344,LSEG,36.53882880594752,55.749383419705815,548.0824320892127,730.7765761189503,913.470720148688,1096.1648641784254,1278.859008208163,1461.5531522379006,836.2407512955872,1114.9876683941163,1393.7345854926455,1672.4815025911744,1951.2284196897035,2229.9753367882327,254.9104762167223,571.5910883554593,888.2717004941962,1204.9523126329332,1521.6329247716703,493.6340227941668,753.0265090325054,1012.4189952708441,1271.8114815091828,1531.2039677475213
.SOX,2016-12-30,906.47,24.8881,19.669,16.19125,16.200752049180327,LSEG,36.42182408460268,55.95234080789864,546.3273612690402,728.4364816920537,910.545602115067,1092.6547225380805,1274.7638429610938,1456.8729633841074,839.2851121184797,1119.046816157973,1398.8085201974661,1678.5702242369593,1958.3319282764526,2238.093632315946,254.09420130555816,569.760738062312,885.427274819066,1201.09381157582,1516.760348332574,495.4311130190967,755.7679257825815,1016.1047385460665,1276.4415513095514,1536.7783640730363
.SOX,2017-01-06,908.65,24.91677,16.20209,,16.20209,LSEG,36.46740729235772,56.08227086752389,547.0111093853658,729.3481458471545,911.685182308943,1094.0222187707316,1276.3592552325201,1458.696291694309,841.2340630128583,1121.6454173504778,1402.0567716880971,1682.4681260257166,1962.8794803633361,2243.2908347009557,254.41220923235932,570.4738138828264,886.5354185332936,1202.5970231837607,1518.658627834228,496.5815813127429,757.5229367480194,1018.464292183296,1279.4056476185726,1540.3470030538492
.SOX,2017-01-13,924.67,25.33319,16.47165,,16.47165,LSEG,36.50033809401816,56.13705973597059,547.5050714102724,730.0067618803632,912.508452350454,1095.0101428205448,1277.5118332906356,1460.0135237607265,842.0558960395588,1122.7411947194119,1403.4264933992647,1684.1117920791175,1964.7970907589706,2245.4823894388237,254.64194857014826,570.9889632014178,887.3359778326874,1203.682992463957,1520.0300070952264,497.0667104366307,758.2629892438409,1019.4592680510511,1280.6555468582615,1541.8518256654716
.SOX,2017-01-20,930.01,25.48956,16.55371,,16.55371,LSEG,36.485918156296144,56.181363573482926,547.2887723444421,729.7183631259229,912.1479539074036,1094.5775446888842,1277.007135470365,1459.4367262518458,842.7204536022439,1123.6272714696586,1404.534089337073,1685.4409072044878,1966.3477250719025,2247.254542939317,254.54134892555493,570.7633865158508,886.9854241061466,1203.2074616964424,1519.4294992867383,497.45899964585453,758.8614167429846,1020.2638338401148,1281.666250937245,1543.068668034375
.SOX,2017-01-27,962.26,25.91673,17.02838,14.43248,16.836354520547943,LSEG,37.12891248240036,57.153702651343494,556.9336872360054,742.5782496480072,928.222812060009,1113.8673744720109,1299.5119368840126,1485.1564992960143,857.3055397701524,1143.07405302687,1428.8425662835873,1714.611079540305,2000.3795927970223,2286.14810605374,259.0271519802274,580.8219964569682,902.6168409337091,1224.4116854104498,1546.2065298871908,506.06859532354633,771.9951422926455,1037.9216892617446,1303.848236230844,1569.774783199943
.SOX,2017-02-03,964.02,25.28843,17.02802,14.72205,16.813217315068492,LSEG,38.12099050830755,57.337033236108674,571.8148576246133,762.419810166151,953.0247627076888,1143.6297152492266,1334.2346677907642,1524.839620332302,860.0554985416301,1146.7406647221735,1433.4258309027168,1720.1109970832601,2006.7961632638037,2293.481329444347,265.9483120253733,596.3414582758847,926.7346045263961,1257.1277507769075,1587.5208970274189,507.691899627695,774.4714529130749,1041.251006198455,1308.0305594838348,1574.8101127692146
.SOX,2017-02-10,963.05,24.22182,16.91701,16.23369,16.84025350684932,LSEG,39.759605182434676,57.18738138997168,596.3940777365201,795.1921036486935,993.9901295608669,1192.7881554730402,1391.5861813852136,1590.384207297387,857.8107208495751,1143.7476277994335,1429.684534749292,1715.6214416991502,2001.5583486490086,2287.495255598867,277.3799878772677,621.9749439563861,966.5699000355046,1311.164856114623,1655.7598121937415,506.3668043836628,772.4500528481017,1038.5333013125405,1304.6165497769796,1570.6997982414182
.SOX,2017-02-17,976.8,23.8096,16.94298,16.08468,16.830107671232874,LSEG,41.0254687185001,58.03884437825735,615.3820307775015,820.509374370002,1025.6367179625024,1230.764061555003,1435.8914051475035,1641.018748740004,870.5826656738602,1160.776887565147,1450.9711094564339,1741.1653313477204,2031.3595532390073,2321.553775130294,286.21119258055853,641.7773388314882,997.3434850824179,1352.9096313333475,1708.4757775842772,513.9061003253508,783.9510625868481,1053.9960248483453,1324.0409871098427,1594.08594937134
.SOX,2017-02-24,973.44,23.32771,16.86009,16.02832,16.734754794520548,LSEG,41.72891381108562,58.16876386612686,625.9337071662843,834.5782762217124,1043.2228452771406,1251.8674143325686,1460.5119833879967,1669.1565524434247,872.5314579919029,1163.3752773225372,1454.2190966531714,1745.0629159838059,2035.90673531444,2326.7505546450743,291.1187260019391,652.7816035878839,1014.4444811738286,1376.1073587597734,1737.7702363457183,515.0564750111758,785.7059307558669,1056.355386500558,1327.0048422452492,1597.65429798994
.SOX,2017-03-03,973.97,23.16604,16.58071,15.6455,16.421852410958905,LSEG,42.04300778208101,59.30938700618415,630.6451167312152,840.8601556416203,1051.0751945520253,1261.2902334624305,1471.5052723728354,1681.7203112832406,889.6408050927623,1186.187740123683,1482.7346751546038,1779.2816101855246,2075.8285452164455,2372.375480247366,293.3099796994359,657.6950975501732,1022.0802154009104,1386.4653332516475,1750.8504511023848,525.1561452600772,801.1127282591275,1077.0693112581778,1353.025894257228,1628.9824772562781
.SOX,2017-03-10,991.93,23.63968,16.79373,15.91151,16.626954164383562,LSEG,41.9603818664212,59.65794998850743,629.405727996318,839.207637328424,1049.00954666053,1258.811455992636,1468.613365324742,1678.415274656848,894.8692498276115,1193.1589997701487,1491.4487497126859,1789.738499655223,2088.0282495977604,2386.3179995402975,292.7335460206078,656.402548264886,1020.0715505091642,1383.7405527534424,1747.4095549977208,528.24250311028,805.8208909267001,1083.3992787431205,1360.9776665595407,1638.556054375961
.SOX,2017-03-17,1004.6,24.1994,17.02718,16.08676,16.831366520547945,LSEG,41.51342595270957,59.68618167595434,622.7013892906435,830.2685190541913,1037.8356488177392,1245.402778581287,1452.969908344835,1660.5370381083826,895.292725139315,1193.7236335190867,1492.1545418988585,1790.58545027863,2089.0163586584017,2387.4472670381733,289.61539066272263,649.4106433376061,1009.2058960124896,1369.001148687373,1728.7964013622566,528.4924811475215,806.2022262480649,1083.9119713486084,1361.621716449152,1639.3314615496952
.SOX,2017-03-24,1004.35,24.84001,16.47361,15.6352,16.2829578630137,LSEG,40.43275344897204,61.68105380173918,606.4913017345807,808.6550689794409,1010.8188362243011,1212.9826034691614,1415.1463707140215,1617.3101379588818,925.2158070260878,1233.6210760347835,1542.0263450434795,1850.4316140521755,2158.8368830608715,2467.242152069567,282.0761576997545,632.5052636975612,982.934369695368,1333.3634756931747,1683.7925816909815,546.156116007796,833.1476649363614,1120.139213864927,1407.1307627934923,1694.1223117220577
.SOX,2017-03-31,1011.4,24.99662,16.53723,15.63812,16.315531643835616,LSEG,40.46147039079683,61.990011853651744,606.9220558619525,809.2294078159366,1011.5367597699209,1213.844111723905,1416.151463677889,1618.4588156318732,929.8501778047762,1239.8002370730349,1549.7502963412935,1859.7003556095524,2169.650414877811,2479.6004741460697,282.2764993515059,632.9544939703499,983.6324885891937,1334.3104832080376,1684.9884778268815,548.8917912150367,837.3208698939424,1125.749948572848,1414.179027251754,1702.6081059306593
.SOX,2017-04-07,999.35,24.65232,16.30286,15.38634,16.059291671232877,LSEG,40.53776683087028,62.228772006809166,608.0665024630542,810.7553366174056,1013.4441707717571,1216.1330049261085,1418.82183908046,1621.5106732348113,933.4315801021374,1244.5754401361833,1555.7193001702292,1866.863160204275,2178.007020238321,2489.1508802723665,282.80877590519765,634.1480288110761,985.4872817169545,1336.8265346228327,1688.1657875287112,551.0058977334667,840.5458871694635,1130.0858766054603,1419.6258660414574,1709.165855477454
.SOX,2017-04-13,960.01,23.71575,15.66775,14.77008,15.414434904109587,LSEG,40.47984988878699,62.27993474766014,607.1977483318049,809.5969977757397,1011.9962472196746,1214.3954966636097,1416.7947461075446,1619.1939955514795,934.1990212149021,1245.5986949532028,1556.9983686915036,1868.3980424298043,2179.797716168105,2491.1973899064055,282.4047225797373,633.2420115948312,984.0793006099251,1334.916589625019,1685.753878640113,551.4589192385353,841.2369602858332,1131.015001333131,1420.7930423804291,1710.571083427727
.SOX,2017-04-21,992.94,24.14907,16.08648,15.17388,15.8089495890411,LSEG,41.11711134217592,62.80872706990694,616.7566701326388,822.3422268435183,1027.927783554398,1233.5133402652775,1439.098896976157,1644.6844536870367,942.1309060486042,1256.174541398139,1570.2181767476736,1884.2618120972083,2198.305447446743,2512.349082796278,286.8505306657231,643.2109399817824,999.5713492978417,1355.931758613901,1712.2921679299604,556.1411213588387,848.379543970157,1140.6179665814752,1432.8563891927936,1725.0948118041115
.SOX,2017-04-28,1005.53,23.8773,16.13134,15.43336,15.905691671232876,LSEG,42.11238289086287,63.21825047184884,631.6857433629431,842.2476578172574,1052.8095722715716,1263.3714867258861,1473.9334011802005,1684.4953156345148,948.2737570777326,1264.3650094369768,1580.456261796221,1896.5475141554653,2212.6387665147095,2528.7300188739537,293.7939700897982,658.7803593177026,1023.7667485456071,1388.7531377735115,1753.739527001416,559.7672544553615,853.9111204435645,1148.0549864317677,1442.1988524199708,1736.3427184081736
.SOX,2017-05-05,1011.03,24.2584,16.36536,15.44419,16.049890821917806,LSEG,41.677522012993435,62.99295186602345,625.1628301949015,833.5504402598688,1041.9380503248358,1250.325660389803,1458.7132704547703,1667.1008805197375,944.8942779903518,1259.859037320469,1574.8237966505862,1889.7885559807037,2204.7533153108207,2519.718074640938,290.7601948679806,651.9776617330406,1013.1951285981006,1374.4125954631606,1735.6300623282207,557.7723434751588,850.8679330174841,1143.9635225598097,1437.059112102135,1730.1547016444604
.SOX,2017-05-12,1045.24,24.43365,16.91912,16.07131,16.612514739726024,LSEG,42.77870887075816,62.91883055492406,641.6806330613724,855.5741774151631,1069.4677217689539,1283.3612661227448,1497.2548104765356,1711.1483548303263,943.7824583238609,1258.3766110984811,1572.9707638731015,1887.5649166477217,2202.159069422342,2516.7532221969623,298.4425447267344,669.203955379596,1039.9653660324575,1410.7267766853188,1781.4881873381805,557.1160348538182,849.866750426425,1142.6174659990318,1435.3681815716388,1728.1188971442455
.SOX,2017-05-19,1060.77,24.29915,17.0099,16.14971,16.682320794520546,LSEG,43.65461343298016,63.586476549978535,654.8192014947025,873.0922686596033,1091.365335824504,1309.638402989405,1527.9114701543058,1746.1845373192066,953.797148249678,1271.7295309995707,1589.6619137494633,1907.594296499356,2225.526679249249,2543.4590619991413,304.5532290691966,682.9060705917424,1061.258912114288,1439.6117536368338,1817.9645951593795,563.0277195779341,858.884879454695,1154.742039331456,1450.599199208217,1746.456359084978
.SOX,2017-05-26,1084.85,24.89715,17.41076,16.50587,17.048804,LSEG,43.57326039325786,63.63202955468312,653.5989058988679,871.4652078651573,1089.3315098314465,1307.1978117977358,1525.0641137640253,1742.9304157303145,954.4804433202469,1272.6405910936624,1590.800738867078,1908.9608866404938,2227.1210344139095,2545.2811821873247,303.98567551657936,681.6334333990492,1059.281191281519,1436.9289491639888,1814.5767070464588,563.431069562873,859.5001798939912,1155.5692902251096,1451.638400556228,1747.7075108873462
.SOX,2017-06-02,1103.4,25.25412,17.70673,16.7288,17.296803178082193,LSEG,43.69188077034559,63.79213480316315,655.3782115551838,873.8376154069118,1092.2970192586397,1310.7564231103677,1529.2158269620957,1747.6752308138236,956.8820220474472,1275.842696063263,1594.8033700790788,1913.7640440948944,2232.7247181107105,2551.685392126526,304.81322193228493,683.4890580224,1062.164894112515,1440.8407302026299,1819.5165662927448,564.848724665579,861.6627777371466,1158.4768308087143,1455.2908838802823,1752.1049369518498
.SOX,2017-06-09,1090.05,25.0451,17.51197,16.54005,17.08592287671233,LSEG,43.523483635521515,63.79813416375124,652.8522545328227,870.4696727104304,1088.087090888038,1305.7045090656454,1523.321927243253,1740.9393454208607,956.9720124562687,1275.9626832750248,1594.9533540937812,1913.9440249125373,2232.9346957312937,2551.9253665500496,303.6384115939593,680.8547562476707,1058.0711009013821,1435.2874455550934,1812.5037902088047,564.9018461230665,861.7438132084462,1158.585780293826,1455.4277473792058,1752.2697144645854
.SOX,2017-06-16,1067.23,24.67431,17.16866,16.24126,16.744342739726026,LSEG,43.25267859567299,63.73675076944001,648.7901789350949,865.0535719134598,1081.3169648918247,1297.5803578701898,1513.8437508485547,1730.1071438269196,956.0512615416001,1274.7350153888,1593.4187692360001,1912.1025230832001,2230.7862769304,2549.4700307776,301.7491599697135,676.6184478459638,1051.4877357222142,1426.3570235984646,1801.226311474715,564.3583256389296,860.9146861348288,1157.471046630728,1454.0274071266274,1750.5837676225265
.SOX,2017-06-23,1088.48,25.02726,17.53381,16.5634,17.071203589041097,LSEG,43.49177656683153,63.76117502920254,652.376648502473,869.8355313366307,1087.2944141707883,1304.753297004946,1522.2121798391036,1739.6710626732613,956.4176254380382,1275.2235005840507,1594.0293757300635,1912.8352508760763,2231.641126022089,2550.4470011681015,303.4172095400532,680.3587502591558,1057.3002909782585,1434.241831697361,1811.1833724164637,564.574590732116,861.2445931927458,1157.9145956533757,1454.5845981140058,1751.2546005746353
.SOX,2017-06-30,1034.91,22.21204,16.43049,15.51703,15.977513945205477,LSEG,46.5922985912145,64.77290544381313,698.8844788682175,931.84597182429,1164.8074647803626,1397.768957736435,1630.7304506925075,1863.69194364858,971.593581657197,1295.4581088762625,1619.3226360953283,1943.187163314394,2267.0516905334594,2590.916217752525,325.04777547727474,728.8614203310182,1132.6750651847617,1536.488710038505,1940.3023548922486,573.5329777834588,874.9103913677786,1176.2878049520987,1477.6652185364187,1779.0426321207385
.SOX,2017-07-07,1054.9,22.58103,16.75218,15.78239,16.252671726027398,LSEG,46.716203822412005,64.90625158635667,700.7430573361801,934.3240764482401,1167.9050955603002,1401.4861146723601,1635.06713378442,1868.6481528964803,973.5937737953501,1298.1250317271335,1622.6562896589169,1947.1875475907002,2271.7188055224838,2596.250063454267,325.9121912925172,730.7997179795074,1135.6872446664975,1540.5747713534874,1945.4622980404777,574.7136938511559,876.7115445654125,1178.7093952796693,1480.7072459939259,1782.7050967081823
.SOX,2017-07-14,1104.32,23.86326,17.69559,16.67116,17.148291780821918,LSEG,46.276996521011796,64.39825109781692,694.1549478151769,925.5399304202359,1156.924913025295,1388.3098956303538,1619.694878235413,1851.0798608404718,965.9737664672539,1287.9650219563384,1609.9562774454232,1931.9475329345078,2253.9387884235925,2575.930043912677,322.8480935637043,723.9290276036804,1125.0099616436567,1526.0908956836327,1927.171829723609,570.2155934353827,869.8498034840451,1169.4840135327076,1469.11822358137,1768.7524336300326
.SOX,2017-07-21,1107.54,23.9651,17.786,16.86678,17.27728098630137,LSEG,46.21470388189492,64.10383675985445,693.2205582284238,924.2940776378985,1155.367597047373,1386.4411164568476,1617.5146358663221,1848.588155275797,961.5575513978167,1282.076735197089,1602.5959189963612,1923.1151027956334,2243.6342865949055,2564.153470394178,322.41351350678974,722.9545596594985,1123.4956058122073,1524.0366519649158,1924.5776981176248,567.6086958321829,865.873045580627,1164.1373953290713,1462.4017450775154,1760.6660948259596
.SOX,2017-07-28,1092.99,22.77166,17.23172,16.21499,16.649537616438355,LSEG,47.99781834086755,65.64686811007132,719.9672751130133,959.9563668173511,1199.9454585216888,1439.9345502260267,1679.9236419303643,1919.9127336347021,984.7030216510699,1312.9373622014264,1641.1717027517832,1969.4060433021398,2297.640383852496,2625.8747244028527,334.85328157652197,750.8485115888122,1166.8437416011025,1582.8389716133927,1998.834201625683,581.2714975706473,886.7153121620152,1192.1591267533831,1497.6029413447513,1803.046755936119
.SOX,2017-08-04,1079.45,22.08595,16.99224,16.02377,16.41911802739726,LSEG,48.87496349489155,65.74348257919875,733.1244524233733,977.499269897831,1221.8740873722888,1466.2489048467467,1710.6237223212042,1954.998539795662,986.1522386879814,1314.8696515839752,1643.5870644799688,1972.3044773759627,2301.0218902719566,2629.7393031679503,340.9726208172765,764.5700338602837,1188.167446903291,1611.7648599462982,2035.3622729893054,582.1269723065102,888.0203177413835,1193.913663176257,1499.8070086111302,1805.7003540460034
.SOX,2017-08-11,1066.22,21.44681,16.53453,15.63073,15.982345342465752,LSEG,49.71461956346888,66.71236149346676,745.7192934520332,994.2923912693776,1242.865489086722,1491.4385869040664,1740.0116847214108,1988.5847825387552,1000.6854224020013,1334.2472298693351,1667.809037336669,2001.3708448040027,2334.9326522713363,2668.4944597386702,346.83042018561497,777.7050998097501,1208.579779433885,1639.4544590580201,2070.329138682155,590.7059298969452,901.1073056456936,1211.5086813944422,1521.9100571431904,1832.3114328919387
.SOX,2017-08-18,1071.89,21.31992,16.70019,15.66893,16.05035493150685,LSEG,50.27645507112597,66.78294683040808,754.1468260668896,1005.5291014225195,1256.9113767781494,1508.2936521337792,1759.675927489409,2011.058202845039,1001.7442024561212,1335.6589366081616,1669.573670760202,2003.4884049122425,2337.4031390642826,2671.3178732163233,350.7500246582417,786.4941108370052,1222.2381970157687,1657.982283194532,2093.7263693732957,591.330929164871,902.0607265914581,1212.7905240180455,1523.5203214446328,1834.25011887122
.SOX,2017-08-25,1080.5,21.52762,16.76025,15.77395,16.119830547945206,LSEG,50.19133559585315,67.02924058576603,752.8700339377972,1003.826711917063,1254.7833898963286,1505.7400678755944,1756.6967458548602,2007.653423834126,1005.4386087864905,1340.5848117153207,1675.7310146441507,2010.877217572981,2346.023420501811,2681.1696234306414,350.15619484250385,785.1625538303525,1220.1689128182013,1655.17527180605,2090.181630793899,593.5117421136193,905.3875028787838,1217.2632636439484,1529.1390244091133,1841.0147851742777
.SOX,2017-09-01,1119.34,24.73532,17.33441,16.30752,16.64794106849315,LSEG,45.2526993788639,67.23594199395579,678.7904906829585,905.053987577278,1131.3174844715975,1357.580981365917,1583.8444782602367,1810.107975154556,1008.5391299093369,1344.7188398791159,1680.8985498488948,2017.0782598186738,2353.2579697884526,2689.4376797582318,315.70215920223274,707.9055496375668,1100.1089400729009,1492.3123305082347,1884.5157209435688,595.3419838379764,908.1794914223956,1221.0169990068148,1533.8545065912342,1846.6920141756532
.SOX,2017-09-08,1093.49,24.10003,16.93099,15.94136,16.25044991780822,LSEG,45.37297256476444,67.28982923738549,680.5945884714665,907.4594512952888,1134.324314119111,1361.189176942933,1588.0540397667553,1814.9189025905775,1009.3474385607824,1345.7965847477099,1682.2457309346373,2018.6948771215648,2355.1440233084923,2691.5931694954197,316.5412363181642,709.7870297910214,1103.0328232638785,1496.2786167367356,1889.5244102095928,595.8191295052429,908.9073653523324,1221.9956011994218,1535.0838370465115,1848.1720728936007
.SOX,2017-09-15,1146.68,25.43479,17.73371,16.61229,16.94103504109589,LSEG,45.08313219806415,67.68653728761917,676.2469829709622,901.662643961283,1127.0783049516037,1352.4939659419244,1577.9096269322451,1803.325287922566,1015.2980593142876,1353.7307457523834,1692.1634321904794,2030.5961186285751,2369.028805066671,2707.461491504767,314.5191861234307,705.252944379269,1095.9867026351073,1486.7204608909456,1877.454219146784,599.3317888155244,914.2658403676268,1229.1998919197292,1544.1339434718316,1859.0679950239337
.SOX,2017-09-22,1149.59,25.49127,17.75915,16.61106,16.92560520547945,LSEG,45.09740001184719,67.92017100976896,676.4610001777079,901.9480002369438,1127.4350002961799,1352.9220003554158,1578.4090004146517,1803.8960004738876,1018.8025651465344,1358.4034201953793,1698.0042752442241,2037.605130293069,2377.2059853419137,2716.8068403907587,314.61872448645056,705.4761413309834,1096.3335581755164,1487.190975020049,1878.048391864582,601.4005032487752,917.4216131383896,1233.4427230280041,1549.4638329176187,1865.484942807233
.SOX,2017-09-29,1171.74,24.18709,18.7153,16.04869,16.728127616438357,LSEG,48.44485219180976,70.04609403197985,726.6727828771463,968.8970438361952,1211.121304795244,1453.3455657542927,1695.5698267133416,1937.7940876723903,1050.6914104796977,1400.921880639597,1751.1523507994962,2101.3828209593953,2451.613291119295,2801.843761279194,337.9719806578161,757.8416357184558,1177.7112907790954,1597.580945839735,2017.4506009003749,620.2245308744108,946.137202328591,1272.0498737827713,1597.9625452369517,1923.8752166911318
.SOX,2017-10-06,1191.45,24.53821,18.99803,16.2876,16.926221863013698,LSEG,48.55488644037198,70.39078239920126,728.3232966055797,971.0977288074396,1213.8721610092996,1456.6465932111594,1699.4210254130194,1942.1954576148792,1055.8617359880188,1407.8156479840252,1759.7695599800313,2111.7234719760377,2463.677383972044,2815.6312959680504,338.73962657362006,759.5629441989788,1180.3862618243375,1601.209579449696,2022.032897075055,623.2765808682357,950.793029208662,1278.3094775490883,1605.8259258895148,1933.342374229941
.SOX,2017-10-13,1219.21,25.26354,19.55514,16.74564,17.35372356164384,LSEG,48.25966590588651,70.25639169997876,723.8949885882976,965.1933181177301,1206.4916476471626,1447.7899771765951,1689.0883067060277,1930.3866362354602,1053.8458754996814,1405.1278339995752,1756.4097924994692,2107.6917509993627,2458.9737094992565,2810.2556679991503,336.68004203043955,754.9446947332498,1173.20934743606,1591.47400013887,2009.7386528416803,622.0866157526776,948.9777668169675,1275.8689178812574,1602.7600689455473,1929.651220009837
.SOX,2017-10-20,1231.34,25.27244,19.59801,16.82386,17.371089589041095,LSEG,48.72264015662912,70.88444243456183,730.8396023494367,974.4528031325824,1218.066003915728,1461.6792046988735,1705.2924054820191,1948.9056062651648,1063.2666365184275,1417.6888486912367,1772.1110608640458,2126.533273036855,2480.9554852096644,2835.3776973824733,339.9099481492057,762.1871807272028,1184.4644133051997,1606.7416458831967,2029.018878461194,627.6477034565012,957.4610687505135,1287.2744340445258,1617.0877993385382,1946.9011646325505
.SOX,2017-10-27,1263.55,25.27227,19.03584,17.00687,17.368193424657534,LSEG,49.99748736460951,72.75080194616814,749.9623104691427,999.9497472921903,1249.9371841152379,1499.9246209382854,1749.912057761333,1999.8994945843806,1091.262029192522,1455.0160389233629,1818.7700486542035,2182.524058385044,2546.2780681158847,2910.0320778467258,348.8038267848818,782.1301106707542,1215.4563945566267,1648.7826784424992,2082.1089623283715,644.1734208219909,982.670642407031,1321.167863992071,1659.6650855771113,1998.1623071621511
.SOX,2017-11-03,1299.97,26.36801,19.97881,17.2831,17.711459397260274,LSEG,49.30102802600575,73.39711374665647,739.5154203900863,986.020560520115,1232.5257006501438,1479.0308407801726,1725.5359809102013,1972.04112104023,1100.956706199847,1467.9422749331295,1834.9278436664117,2201.913412399694,2568.8989811329766,2935.884549866259,343.9450289670335,771.2351267767152,1198.525224586397,1625.8153223960785,2053.1054202057603,649.8962014965773,991.4006029736659,1332.9050044507546,1674.4094059278434,2015.913807404932
.SOX,2017-11-10,1303.06,25.86894,19.90148,17.11927,17.508017150684932,LSEG,50.371603938932175,74.4264749563044,755.5740590839827,1007.4320787786435,1259.2900984733044,1511.1481181679653,1763.006137862626,2014.864157557287,1116.397124344566,1488.529499126088,1860.66187390761,2232.794248689132,2604.9266234706542,2977.058998252176,351.41382380004706,787.982561525832,1224.551299251617,1661.1200369774017,2097.688774703187,659.0107007727643,1005.304546491733,1351.598392210702,1697.892237929671,2044.1860836486396
.SOX,2017-11-17,1306.93,25.62148,20.07037,16.9442,17.321053369863012,LSEG,51.00915325734501,75.45326326826832,765.1372988601752,1020.1830651469003,1275.2288314336254,1530.2745977203504,1785.3203640070753,2040.3661302938006,1131.7989490240248,1509.0652653653663,1886.331581706708,2263.5978980480495,2640.8642143893912,3018.1305307307325,355.8616401553926,797.9559930971405,1240.0503460388884,1682.1446989806363,2124.2390519223845,668.1024182753047,1019.1737369768113,1370.245055678318,1721.3163743798248,2072.3876930813312
.SOX,2017-11-24,1341.69,26.29513,21.01745,17.33844,17.711380739726025,LSEG,51.02427711899504,75.75298728634041,765.3641567849255,1020.4855423799007,1275.606927974876,1530.728313569851,1785.8496991648262,2040.9710847598014,1136.2948092951062,1515.0597457268082,1893.8246821585103,2272.5896185902125,2651.3545550219146,3030.1194914536163,355.9671506739677,798.1925815380724,1240.418012402177,1682.6434432662816,2124.8688741303863,670.756330546497,1023.2222145949916,1375.6880986434862,1728.153982691981,2080.619866740475
.SOX,2017-12-01,1258.65,24.50158,19.59767,16.10775,16.39459273972603,LSEG,51.37015653684375,76.77226387881798,770.5523480526563,1027.403130736875,1284.2539134210938,1541.1046961053125,1797.9554787895313,2054.80626147375,1151.5839581822697,1535.4452775763596,1919.3065969704496,2303.1679163645395,2687.0292357586295,3070.890555152719,358.38015322491503,803.6033075889227,1248.8264619529302,1694.049616316938,2139.2727706809455,679.7815353796465,1036.989941645774,1394.1983479119017,1751.4067541780296,2108.615160444157
.SOX,2017-12-08,1238.24,24.06163,19.50629,15.66389,15.90601383561644,LSEG,51.46118529792038,77.8472854856543,771.9177794688057,1029.2237059584077,1286.5296324480096,1543.8355589376115,1801.1414854272134,2058.4474119168153,1167.7092822848144,1556.945709713086,1946.1821371413573,2335.418564569629,2724.6549919979,3113.891419426172,359.0152087423947,805.0273058481928,1251.039402953991,1697.051500059789,2143.0635971655875,689.300335549653,1051.5106361911476,1413.7209368326423,1775.931237474137,2138.1415381156316
.SOX,2017-12-15,1250.89,24.35105,19.66212,15.7998,15.969107178082192,LSEG,51.36903747477008,78.33186827857621,770.5355621215513,1027.3807494954017,1284.225936869252,1541.0711242431025,1797.916311616953,2054.7614989908034,1174.9780241786432,1566.6373655715242,1958.2967069644053,2349.9560483572864,2741.615389750167,3133.2747311430485,358.37234616991526,803.5858016663321,1248.799257162749,1694.0127126591658,2139.226168155583,693.5910835144516,1058.0560662301502,1422.5210489458489,1786.9860316615475,2151.451014377246
.SOX,2017-12-22,1271.17,23.04478,19.83209,15.37346,15.483398821917808,LSEG,55.1608650635849,82.0988992546373,827.4129759537735,1103.217301271698,1379.0216265896224,1654.825951907547,1930.6302772254714,2206.434602543396,1231.4834888195596,1641.9779850927462,2052.4724813659327,2462.9669776391192,2873.461473912306,3283.9559701854923,384.8257549950815,862.9028331414661,1340.9799112878507,1819.056989434235,2297.1340675806196,726.9463341134382,1108.9386771455906,1490.9310201777432,1872.9233632098958,2254.915706242048
.SOX,2017-12-29,1253.05,22.71939,19.54985,15.14833,15.17244791780822,LSEG,55.15332938076242,82.5872006144288,827.2999407114363,1103.0665876152484,1378.8332345190606,1654.5998814228726,1930.3665283266848,2206.133175230497,1238.8080092164319,1651.744012288576,2064.68001536072,2477.6160184328637,2890.552021505008,3303.488024577152,384.7731828530707,862.7849495286969,1340.796716204323,1818.808482879949,2296.820249555575,731.2700082024422,1115.5343351737947,1499.7986621451473,1884.0629891165,2268.327316087852
.SOX,2018-01-05,1325.71,23.99891,16.05213,,16.05213,LSEG,55.24042550265825,82.58779364483095,828.6063825398737,1104.808510053165,1381.0106375664561,1657.2127650797474,1933.4148925930388,2209.61702010633,1238.8169046724643,1651.7558728966192,2064.6948411207736,2477.6338093449285,2890.5727775690834,3303.5117457932383,385.380802599916,864.1474279860762,1342.9140533722364,1821.6806787583964,2300.4473041445567,731.275259201917,1115.542345443794,1499.8094316856711,1884.0765179275484,2268.343604169425
.SOX,2018-01-12,1322.1,23.88579,16.01138,,16.01138,LSEG,55.35090110061254,82.57252029494022,830.2635165091881,1107.0180220122509,1383.7725275153134,1660.5270330183762,1937.281538521439,2214.0360440245017,1238.5878044241033,1651.4504058988043,2064.3130073735056,2477.1756088482066,2890.0382103229076,3302.9008117976086,386.15152755758817,865.8756406665311,1345.599753775474,1825.323866884417,2305.04797999336,731.1400210219475,1115.336042940628,1499.5320648593085,1883.7280867779891,2267.9241086966695
.SOX,2018-01-19,1372.03,24.79725,16.59973,,16.59973,LSEG,55.32992569740596,82.65375400684228,829.9488854610894,1106.5985139481193,1383.248142435149,1659.8977709221788,1936.5473994092088,2213.1970278962385,1239.8063101026341,1653.0750801368456,2066.343850171057,2479.6126202052683,2892.8813902394795,3306.150160273691,386.0051941858038,865.5475142886656,1345.0898343915276,1824.6321544943894,2304.1744745972514,731.859306537463,1116.4332952282243,1501.0072839189856,1885.5812726097472,2270.1552613005083
.SOX,2018-01-26,1381.27,27.97045,16.36837,14.40904,16.22880128767123,LSEG,49.38318832911162,85.1122627922821,740.7478249366743,987.6637665822324,1234.5797082277904,1481.4956498733486,1728.4115915189066,1975.3275331644647,1276.6839418842314,1702.2452558456419,2127.8065698070523,2553.367883768463,2978.9291977298735,3404.4905116912837,344.5182143338129,772.5203923040069,1200.522570274201,1628.524748244395,2056.526926214589,753.628221409488,1149.6412371741992,1545.6542529389108,1941.667268703622,2337.6802844683334
.SOX,2018-02-02,1317.98,26.29264,15.60091,13.95173,15.45180605479452,LSEG,50.127336014945634,85.29617802127704,751.9100402241845,1002.5467202989126,1253.1834003736408,1503.820080448369,1754.4567605230973,2005.0934405978253,1279.4426703191557,1705.923560425541,2132.404450531926,2558.8853406383114,2985.3662307446966,3411.847120851082,349.7097064305887,784.1613835328726,1218.6130606351564,1653.0647377374403,2087.5164148397243,755.2567024575815,1152.125444789651,1548.994187121721,1945.862929453791,2342.7316717858603
.SOX,2018-02-09,1255.81,25.78437,14.54468,14.13957,14.500284383561644,LSEG,48.704311953326766,86.60588763511828,730.5646792999015,974.0862390665353,1217.6077988331692,1461.129358599803,1704.6509183664368,1948.1724781330706,1299.0883145267742,1732.1177527023656,2165.1471908779567,2598.1766290535484,3031.20606722914,3464.235505404731,339.7820827746254,761.9004655254422,1184.018848276259,1606.1372310270758,2028.2556137778927,766.853552247029,1169.816152701742,1572.7787531564552,1975.7413536111683,2378.703954065881
.SOX,2018-02-16,1318.32,24.81156,15.20208,14.84633,15.15627109589041,LSEG,53.13329754356437,86.98181707487797,796.9994631534655,1062.6659508712874,1328.3324385891092,1593.998926306931,1859.6654140247529,2125.3319017425747,1304.7272561231696,1739.6363414975594,2174.545426871949,2609.454512246339,3044.363597620729,3479.272682995119,370.6805779606752,831.1848070482467,1291.6890361358182,1752.1932652233897,2212.6974943109617,770.1822269381599,1174.8939637249348,1579.6057005117098,1984.3174372984847,2389.0291740852595
.SOX,2018-02-23,1351.09,24.80922,15.59421,15.2053,15.536672630136986,LSEG,54.459188962813016,86.96134829920062,816.8878344421953,1089.1837792562603,1361.4797240703253,1633.7756688843906,1906.0716136984556,2178.3675585125206,1304.4202244880094,1739.2269659840124,2174.0337074800154,2608.8404489760187,3043.647190472022,3478.453931968025,379.9305628161647,851.9262414109743,1323.921920005784,1795.9175986005935,2267.913277195403,770.0009857573704,1174.61748478029,1579.2339838032096,1983.8504828261296,2388.466981849049
.SOX,2018-03-02,1363.78,24.8238,15.76361,15.26545,15.680355863013698,LSEG,54.93840588467519,86.9737914058978,824.0760882701279,1098.7681176935039,1373.4601471168799,1648.1521765402558,1922.8442059636318,2197.5362353870078,1304.606871088467,1739.475828117956,2174.344785147445,2609.213742176934,3044.082699206423,3478.951656235912,383.27378474623146,859.4228178168653,1335.571850887499,1811.7208839581326,2287.8699170287664,770.1111634927678,1174.785558194253,1579.4599528957388,1984.1343475972244,2388.8087422987096
.SOX,2018-03-09,1431.16,26.25361,16.51033,15.93596,16.40332408219178,LSEG,54.512884132886875,87.24816950691931,817.6932619933032,1090.2576826577374,1362.8221033221719,1635.3865239866063,1907.9509446510406,2180.515365315475,1308.7225426037896,1744.9633901383863,2181.204237672983,2617.4450852075793,3053.6859327421757,3489.9267802767727,380.30516325688376,852.7662158082094,1325.227268359535,1797.6883209108603,2270.149373462186,772.5406498380105,1178.4916796057084,1584.4427093734064,1990.3937391411046,2396.3447689088025
.SOX,2018-03-16,1422.54,26.0844,16.37031,15.82538,16.25833808219178,LSEG,54.53604453236417,87.49602774948741,818.0406679854626,1090.7208906472833,1363.4011133091044,1636.0813359709252,1908.761558632746,2181.4417812945667,1312.4404162423111,1749.9205549897483,2187.400693737185,2624.8808324846223,3062.3609712320595,3499.8411099794967,380.4667400959084,853.1285229312505,1325.7903057665926,1798.4520886019345,2271.113871437277,774.7353155698352,1181.839587971454,1588.9438603730728,1996.0481327746918,2403.1524051763104
.SOX,2018-03-23,1323.92,23.12046,15.04374,14.52821,14.927922301369865,LSEG,57.261836485952266,88.68749269136471,858.927547289284,1145.2367297190453,1431.5459121488066,1717.855094578568,2004.1642770083292,2290.4734594380907,1330.3123903704707,1773.7498538272941,2217.187317284118,2660.6247807409413,3104.062244197765,3547.4997076545883,399.48302900453785,895.7691449844775,1392.0552609644171,1888.3413769443566,2384.6274929242963,785.2851655627808,1197.933123554833,1610.5810815468853,2023.2290395389377,2435.8769975309897
.SOX,2018-03-29,1328.9,23.20554,15.09074,14.58634,14.969131232876713,LSEG,57.26649756911497,88.7760271004463,858.9974635367245,1145.3299513822994,1431.6624392278743,1717.994927073449,2004.3274149190238,2290.659902764599,1331.6404065066945,1775.520542008926,2219.4006775111575,2663.280813013389,3107.1609485156205,3551.041084017852,399.515546711523,895.8420601184582,1392.1685735253934,1888.4950869323286,2384.821600339264,786.0690952464803,1199.1289889242857,1612.1888826020913,2025.2487762798967,2438.308669957702
.SOX,2018-04-06,1265.25,21.91174,14.38976,13.91231,14.26418410958904,LSEG,57.743018126356006,88.70118264594193,866.1452718953401,1154.86036252712,1443.5754531589002,1732.2905437906802,2021.0056344224602,2309.72072505424,1330.5177396891288,1774.0236529188385,2217.5295661485484,2661.0354793782576,3104.5413926079673,3548.047305837677,402.83995765032125,903.2964562454852,1403.752954840649,1904.2094534358127,2404.6659520309768,785.4063835374972,1198.1180385811838,1610.8296936248705,2023.5413486685575,2436.2530037122438
.SOX,2018-04-13,1329.4,23.02579,15.10945,14.70543,14.99543887671233,LSEG,57.7352612005929,88.6536240072664,866.0289180088935,1154.705224011858,1443.3815300148226,1732.057836017787,2020.7341420207515,2309.410448023716,1329.804360108996,1773.072480145328,2216.34060018166,2659.608720217992,3102.876840254324,3546.144960290656,402.78584202305933,903.1751116434791,1403.564381263899,1903.9536508843184,2404.3429205047382,784.9852746267264,1197.4756473391758,1609.9660200516253,2022.4563927640747,2434.946765476524
.SOX,2018-04-20,1270.83,20.75293,14.4101,14.06466,14.305994794520547,LSEG,61.2361724344466,88.83199094177992,918.542586516699,1224.723448688932,1530.904310861165,1837.085173033398,2143.266035205631,2449.446897377864,1332.4798641266989,1776.6398188355984,2220.799773544498,2664.9597282533978,3109.1196829622972,3553.2796376711967,427.20969409980836,957.9412256046514,1488.6727571094946,2019.4042886143375,2550.1358201191806,786.5646281911328,1199.8849121917099,1613.205196192287,2026.5254801928643,2439.845764193441
.SOX,2018-04-27,1258.11,19.93463,14.01032,13.94419,13.98912216438356,LSEG,63.11178085572694,89.93487834448685,946.6767128359041,1262.2356171145389,1577.7945213931735,1893.3534256718083,2208.912329950443,2524.4712342290777,1349.0231751673027,1798.697566889737,2248.371958612171,2698.0463503346054,3147.72074205704,3597.395133779474,440.2947395566251,987.2820965050835,1534.269453453542,2081.256810402,2628.244167350459,796.3301666041513,1214.7819998323735,1633.233833060596,2051.6856662888185,2470.137499517041
.SOX,2018-05-04,1296.73,20.1329,14.52443,14.29883,14.44778780821918,LSEG,64.40850548107824,89.75284086483505,966.1275822161736,1288.1701096215647,1610.212637026956,1932.255164432347,2254.297691837738,2576.3402192431295,1346.2926129725258,1795.056817296701,2243.8210216208763,2692.5852259450517,3141.3494302692266,3590.113634593402,449.34124440016416,1007.5672633843576,1565.793282368551,2124.019301352744,2682.2453203369378,794.7183121249129,1212.3231556370347,1629.9279991491564,2047.5328426612784,2465.1376861733997
.SOX,2018-05-11,1350.46,20.72319,15.04302,14.83202,14.967291232876711,LSEG,65.16660803669706,90.22741516738976,977.4991205504558,1303.3321607339412,1629.1652009174263,1954.9982411009116,2280.831281284397,2606.6643214678825,1353.4112275108464,1804.5483033477954,2255.6853791847443,2706.822455021693,3157.9595308586418,3609.0966066955907,454.63009162896344,1019.4265560604458,1584.2230204919283,2149.0194849234103,2713.8159493548933,798.9204397129646,1218.7333974802295,1638.5463552474946,2058.3593130147597,2478.172270782024
.SOX,2018-05-18,1345.2,20.15017,14.9655,14.76984,14.891524438356164,LSEG,66.75874198579963,90.33326343239666,1001.3811297869945,1335.1748397159927,1668.9685496449908,2002.762259573989,2336.555969502987,2670.3496794319854,1354.9989514859499,1806.6652686479333,2258.3315858099168,2709.9979029718997,3161.664220133883,3613.3305372958666,465.73749809023695,1044.3329257092475,1622.9283533282583,2201.5237809472687,2780.1192085662797,799.8576752778457,1220.1631271847757,1640.468579091706,2060.774030998636,2481.0794829055662
.SOX,2018-05-25,1390.84,20.58522,15.47505,15.11553,15.332226986301368,LSEG,67.56498108837312,90.7135017791382,1013.4747163255968,1351.2996217674622,1689.1245272093279,2026.9494326511935,2364.774338093059,2702.5992435349244,1360.702526687073,1814.270035582764,2267.837544478455,2721.405053374146,3174.972562269837,3628.540071165528,471.3621664306764,1056.9452370825036,1642.528307734331,2228.1113783861583,2813.6944490379856,803.2245032714318,1225.2991401284787,1647.3737769855259,2069.4484138425732,2491.52305069962
.SOX,2018-06-01,1411.31,20.76845,15.62071,15.21042,15.449849506849317,LSEG,67.95451754945601,91.3478153540803,1019.3177632418402,1359.0903509891202,1698.8629387364003,2038.6355264836805,2378.4081142309606,2718.1807019782404,1370.2172303112045,1826.956307081606,2283.6953838520076,2740.434460622409,3197.1735373928104,3653.912614163212,474.0797391620239,1063.0389072142696,1651.9980752665151,2240.9572433187604,2829.9164113710062,808.841045419608,1233.8670364471623,1658.8930274747167,2083.9190185022712,2508.9450095298253
.SOX,2018-06-08,1412.29,21.27898,15.58336,15.20848,15.42005610958904,LSEG,66.37019255622215,91.58786388084283,995.5528883433323,1327.403851124443,1659.2548139055539,1991.1057766866645,2322.956739467775,2654.807702248886,1373.8179582126425,1831.7572776168568,2289.696597021071,2747.635916425285,3205.575235829499,3663.5145552337135,463.02681131225216,1038.2546960946208,1613.4825808769897,2188.7104656593583,2763.9383504417274,810.9665598677143,1237.1094562376293,1663.2523526075445,2089.3952489774597,2515.5381453473747
.SOX,2018-06-15,1422.04,21.28905,15.65174,15.29243,15.48832778082192,LSEG,66.79678050453167,91.81365607207833,1001.9517075679751,1335.9356100906334,1669.9195126132918,2003.9034151359501,2337.8873176586085,2671.871220181267,1377.204841081175,1836.2731214415667,2295.3414018019585,2754.40968216235,3213.4779625227416,3672.5462428831333,466.0028710439257,1044.9279770295007,1623.8530830150755,2202.77818900065,2781.703294986225,812.9658413097346,1240.159310695262,1667.3527800807897,2094.5462494663175,2521.739718851845
.SOX,2018-06-22,1371.0,19.78921,14.9508,14.60217,14.785558931506849,LSEG,69.2801784406755,92.72561195360076,1039.2026766101326,1385.60356881351,1732.0044610168875,2078.405353220265,2424.8062454236424,2771.20713762702,1390.8841793040115,1854.5122390720153,2318.140298840019,2781.768358608023,3245.3964183760268,3709.0244781440306,483.32811575551887,1083.7767353375145,1684.2253549195102,2284.6739745015057,2885.1225940835016,821.0407727761084,1252.4774191967413,1683.9140656173743,2115.3507120380073,2546.78735845864
.SOX,2018-06-29,1313.7,19.16988,14.33085,13.97989,14.15777383561644,LSEG,68.52938046560543,92.79001171039688,1027.9407069840813,1370.5876093121085,1713.2345116401357,2055.8814139681626,2398.52831629619,2741.175218624217,1391.8501756559533,1855.8002342079376,2319.750292759922,2783.7003513119066,3247.6504098638907,3711.600468415875,478.0902284005604,1072.0317110515823,1665.973193702604,2259.9146763536255,2853.8561590046475,821.6110017017793,1253.3472893382213,1685.0835769746634,2116.8198646111055,2548.5561522475473
.SOX,2018-07-06,1349.19,19.64507,14.72886,14.37596,14.548059178082193,LSEG,68.67829944103025,92.74020565111957,1030.1744916154537,1373.565988820605,1716.9574860257562,2060.3489832309074,2403.7404804360585,2747.13197764121,1391.1030847667935,1854.8041130223914,2318.505141277989,2782.206169533587,3245.907197789185,3709.608226044783,479.12915077940437,1074.3613084147576,1669.593466050111,2264.825623685464,2860.0577813208174,821.1699929606513,1252.6745413965282,1684.1790898324055,2115.6836382682823,2547.1881867041593
.SOX,2018-07-13,1340.83,19.64321,14.67008,14.33696,14.493024438356166,LSEG,68.25921018000622,92.51554123178448,1023.8881527000933,1365.1842036001244,1706.4802545001555,2047.7763054001866,2389.0723563002175,2730.368407200249,1387.7331184767672,1850.3108246356896,2312.888530794612,2775.4662369535345,3238.043943112457,3700.6216492713793,476.20540509307415,1067.8053323570955,1659.4052596211168,2251.005186885138,2842.6051141491594,819.1806973973232,1249.6399201501897,1680.0991429030562,2110.558365655923,2541.017588408789
.SOX,2018-07-20,1359.19,19.85238,14.84554,14.524,14.668472767123289,LSEG,68.46483897648544,92.66063492624652,1026.9725846472816,1369.2967795297088,1711.6209744121359,2053.945169294563,2396.26936417699,2738.5935590594177,1389.9095238936977,1853.2126985249304,2316.515873156163,2779.8190477873954,3243.122222418628,3706.4253970498607,477.63995940549523,1071.022063473492,1664.4041675414887,2257.7862716094855,2851.1683756774823,820.4654323968147,1251.5997516590123,1682.73407092121,2113.868390183408,2545.0027094456054
.SOX,2018-07-27,1372.24,19.21108,14.78828,14.30639,14.513668712328766,LSEG,71.42961249445632,94.54811372636186,1071.444187416845,1428.5922498891264,1785.740312361408,2142.88837483369,2500.036437305971,2857.1844997782528,1418.221705895428,1890.9622745272372,2363.7028431590466,2836.443411790856,3309.183980422665,3781.9245490544745,498.32348578107707,1117.4011669435129,1736.4788481059488,2355.5565292683846,2974.6342104308205,837.1781509218828,1277.0945909655459,1717.0110310092089,2156.927471052872,2596.843911096535
.SOX,2018-08-03,1381.64,19.21572,14.84119,14.2901,14.516575342465751,LSEG,71.9015472748354,95.17671815874156,1078.523209122531,1438.0309454967078,1797.5386818708848,2157.046418245062,2516.554154619239,2876.0618909934155,1427.6507723811235,1903.5343631748312,2379.417953968539,2855.301544762247,3331.1851355559547,3807.0687263496625,501.61590438180906,1124.7838259822656,1747.9517475827224,2371.1196691831788,2994.2875907836356,842.7441413538444,1285.585371889769,1728.426602425694,2171.2678329616188,2614.1090634975435
.SOX,2018-08-10,1354.8,18.94718,14.57995,13.99439,14.223801178082192,LSEG,71.50404440133043,95.24880044637047,1072.5606660199564,1430.0808880266086,1787.6011100332607,2145.121332039913,2502.641554046565,2860.161776053217,1428.732006695557,1904.9760089274093,2381.2200111592615,2857.464013391114,3333.7080156229663,3809.9520178548187,498.84275455479076,1118.5655341673364,1738.2883137798822,2358.011093392428,2977.7338730049737,843.3823954013659,1286.5590126744146,1729.7356299474634,2172.912247220512,2616.088864493561
.SOX,2018-08-17,1323.41,18.17037,14.15719,13.679,13.85717490410959,LSEG,72.83340955632715,95.5035935649134,1092.5011433449074,1456.6681911265432,1820.8352389081788,2185.002286689815,2549.1693344714504,2913.3363822530864,1432.553903473701,1910.071871298268,2387.589839122835,2865.107806947402,3342.625774771969,3820.143742596536,508.11697367456105,1139.3613095273479,1770.605645380135,2401.849981232922,3033.0943170857086,845.6384661302516,1290.0005928464757,1734.3627195627,2178.7248462789244,2623.0869729951482
.SOX,2018-08-24,1375.88,18.66034,14.83368,14.21439,14.433262356164382,LSEG,73.73284731146377,95.32702767038444,1105.9927096719566,1474.6569462292755,1843.3211827865944,2211.9854193439132,2580.649655901232,2949.313892458551,1429.9054150557665,1906.5405534076888,2383.175691759611,2859.810830111533,3336.4459684634553,3813.0811068153776,514.3918356222941,1153.4315636150445,1792.471291607795,2431.5110196005453,3070.550747593296,844.075059910161,1287.6156552737966,1731.1562506374325,2174.6968460010685,2618.237441364704
.SOX,2018-08-31,1401.2,18.95523,15.08713,14.42643,14.647266712328769,LSEG,73.9215509387119,95.66289926437909,1108.8232640806787,1478.431018774238,1848.0387734677975,2217.6465281613573,2587.2542828549167,2956.862037548476,1434.9434889656864,1913.257985287582,2391.572481609477,2869.8869779313727,3348.2014742532683,3826.515970575164,515.7083127250801,1156.383527736506,1797.0587427479322,2437.733957759358,3078.409172770784,847.0490416103293,1292.152390900178,1737.2557401900272,2182.3590894798763,2627.462438769725
.SOX,2018-09-07,1360.77,17.97771,14.61057,13.93855,14.150282328767124,LSEG,75.69206534091384,96.16557241643109,1135.3809801137077,1513.8413068182767,1892.301633522846,2270.7619602274153,2649.2222869319844,3027.6826136365535,1442.4835862464663,1923.3114483286217,2404.1393104107774,2884.9671724929326,3365.7950345750883,3846.6228966572435,528.060177417043,1184.0803720846998,1840.1005667523566,2496.120761420013,3152.14095608767,851.4999710193591,1298.9421737758805,1746.3843765324018,2193.8265792889233,2641.2687820454444
.SOX,2018-09-14,1377.31,17.99739,14.80458,14.13568,14.333601095890412,LSEG,76.52831882845234,96.08960028857568,1147.9247824267852,1530.566376569047,1913.2079707113085,2295.8495648535704,2678.491158995832,3061.132753138094,1441.3440043286353,1921.7920057715137,2402.240007214392,2882.6880086572705,3363.1360101001487,3843.5840115430274,533.894238926744,1197.1622101376308,1860.4301813485176,2523.698152559404,3186.9661237702912,850.8272743042912,1297.9159915526254,1745.0047088009599,2192.093426049294,2639.182143297628
.SOX,2018-09-21,1383.09,18.48361,16.14717,13.7706,14.428226219178082,LSEG,74.82791510965662,95.86001626184573,1122.4187266448491,1496.5583021931322,1870.6978777414154,2244.8374532896983,2618.9770288379814,2993.1166043862645,1437.900243927686,1917.2003252369145,2396.500406546143,2875.800487855372,3355.1005691646005,3834.400650473829,522.0314963079015,1170.5621344364656,1819.0927725650297,2467.623410693594,3116.154048822158,848.7944179795712,1294.8149194407324,1740.8354209018937,2186.855922363055,2632.876423824216
.SOX,2018-09-28,1366.74,18.33189,15.98872,13.66929,14.266622657534246,LSEG,74.55532408278688,95.7998282290182,1118.3298612418032,1491.1064816557378,1863.883102069672,2236.6597224836064,2609.4363428975407,2982.2129633114755,1436.997423435273,1915.996564580364,2394.995705725455,2873.994846870546,3352.993988015637,3831.993129160728,520.1297848753649,1166.297887146223,1812.4659894170811,2458.634091687939,3104.802193958797,848.2614818474342,1294.001938534658,1739.7423952218817,2185.4828519091056,2631.223308596329
.SOX,2018-10-05,1315.84,17.66897,15.37844,13.15613,13.685831287671231,LSEG,74.47179999739656,96.14615088711226,1117.0769999609483,1489.4359999479311,1861.794999934914,2234.1539999218967,2606.5129999088795,2978.8719998958622,1442.1922633066838,1922.923017742245,2403.6537721778063,2884.3845266133676,3365.115281048929,3845.84603548449,519.5470851808703,1164.9912874430497,1810.435489705229,2455.8796919674082,3101.323894229588,851.3280027022516,1298.6798403557432,1746.031678009235,2193.383515662727,2640.735353316218
.SOX,2018-10-12,1253.58,16.90937,14.65945,12.58151,13.03694890410959,LSEG,74.13522798306501,96.15593412388374,1112.028419745975,1482.7045596613002,1853.3806995766251,2224.05683949195,2594.7329794072753,2965.4091193226004,1442.339011858256,1923.1186824776748,2403.8983530970936,2884.678023716512,3365.4576943359307,3846.2373649553497,517.1990150522374,1159.7261607198186,1802.2533063873998,2444.7804520549807,3087.307597722562,851.4146285665611,1298.811985972092,1746.2093433776233,2193.6067007831543,2641.004058188685
.SOX,2018-10-19,1225.94,16.493,13.28914,12.33175,12.523228,LSEG,74.3309282726005,97.89329077135704,1114.9639240890076,1486.61856545201,1858.2732068150126,2229.927848178015,2601.5824895410174,2973.23713090402,1468.3993615703557,1957.865815427141,2447.332269283926,2936.7987231407114,3426.2651769974964,3915.731630854282,518.5643038595548,1162.7875763464974,1807.0108488334401,2451.2341213203827,3095.457393807326,866.7980875093068,1322.2790726184496,1777.7600577275923,2233.2410428367352,2688.722027945878
.SOX,2018-10-26,1153.0,15.33767,12.45133,11.66702,12.590796383561644,LSEG,75.17439089509685,91.57482695100524,1127.6158634264527,1503.487817901937,1879.3597723774212,2255.2317268529055,2631.10368132839,3006.975635803874,1373.6224042650786,1831.4965390201046,2289.370673775131,2747.244808530157,3205.1189432851834,3662.993078040209,524.4486593738878,1175.9821896971412,1827.5157200203944,2479.0492503436476,3130.582780666901,810.8511241135254,1236.9333618458727,1663.01559957822,2089.0978373105672,2515.1800750429143
.SOX,2018-11-02,1239.16,15.6922,13.23424,12.54733,12.658364767123288,LSEG,78.96662035915934,97.89258113483871,1184.49930538739,1579.3324071831867,1974.1655089789833,2368.99861077478,2763.8317125705767,3158.6648143663733,1468.3887170225805,1957.851622696774,2447.3145283709678,2936.777434045161,3426.240339719355,3915.703245393548,550.9048718524308,1235.305507862837,1919.706143873243,2604.1067798836493,3288.5074158940556,866.7918040186603,1322.2694873086703,1777.7471705986802,2233.22485388869,2688.7025371787
.SOX,2018-11-09,1229.05,15.65564,13.09075,12.48825,12.574085616438358,LSEG,78.50525433645637,97.7446819984459,1177.5788150468456,1570.1050867291274,1962.6313584114093,2355.1576300936913,2747.683901775973,3140.2101734582548,1466.1702299766885,1954.893639968918,2443.6170499611476,2932.340459953377,3421.0638699456063,3909.787279937836,547.6861854193756,1228.0881800046411,1908.4901745899065,2588.8921691751716,3269.294163760437,865.4822281778706,1320.2717617100147,1775.0612952421593,2229.8508287743034,2684.6403623064475
.SOX,2018-11-16,1220.14,15.43575,13.17853,12.45329,12.542703150684932,LSEG,79.0463696289458,97.27887085754482,1185.695544434187,1580.927392578916,1976.1592407236449,2371.391088868374,2766.6229370131027,3161.854785157832,1459.1830628631722,1945.5774171508963,2431.9717714386206,2918.3661257263443,3404.7604800140684,3891.1548343017926,551.4612368209733,1236.5530566596221,1921.6448764982708,2606.7366963369195,3291.828516175568,861.3576941787366,1313.9798869701553,1766.6020797615743,2219.224272552993,2671.846465344412
.SOX,2018-11-23,1179.24,14.8885,12.62927,12.07749,12.134935589041095,LSEG,79.20475534808745,97.17727723787479,1188.0713302213117,1584.095106961749,1980.1188837021862,2376.1426604426233,2772.1664371830607,3168.190213923498,1457.659158568122,1943.545544757496,2429.4319309468697,2915.318317136244,3401.2047033256176,3887.091089514992,552.566203247422,1239.0307459710375,1925.495288694653,2611.9598314182685,3298.4243741418845,860.4581314554973,1312.6076262550162,1764.757121054535,2216.906615854054,2669.0561106535724
.SOX,2018-11-30,1239.6,15.57776,13.66536,12.73348,12.812625972602738,LSEG,79.57498382309137,96.74831706245378,1193.6247573463706,1591.4996764618274,1989.3745955772843,2387.2495146927413,2785.124433808198,3182.999352923655,1451.2247559368068,1934.9663412490756,2418.7079265613443,2902.4495118736136,3386.1910971858824,3869.9326824981513,555.1490752210545,1244.8223737785831,1934.495672336112,2624.1689708936406,3313.842269451169,856.659895062147,1306.8135104532425,1756.967125844338,2207.120741235434,2657.274356626529
.SOX,2018-12-07,1157.86,13.17203,12.88566,11.81545,12.440625260273972,LSEG,87.9029276428918,93.0708847647181,1318.5439146433769,1758.0585528578358,2197.573191072295,2637.0878292867537,3076.6024675012127,3516.1171057156716,1396.0632714707715,1861.4176952943621,2326.7721191179526,2792.126542941543,3257.4809667651334,3722.8353905887243,613.2483683397735,1375.0996329924315,2136.9508976450893,2898.8021622977467,3660.653426950405,824.0979977400182,1257.141140365855,1690.1842829916923,2123.2274256175297,2556.270568243366
.SOX,2018-12-14,1177.57,13.3352,12.76308,12.0347,12.068624547945204,LSEG,88.30538724578558,97.57284231702214,1324.5808086867837,1766.1077449157117,2207.6346811446397,2649.1616173735674,3090.688553602495,3532.2154898314234,1463.592634755332,1951.4568463404428,2439.3210579255533,2927.185269510664,3415.049481095775,3902.9136926808856,616.0560984281268,1381.3954648500667,2146.7348312720064,2912.074197693946,3677.413564115886,863.960670305593,1317.9506627582718,1771.940655210951,2225.93064766363,2679.9206401163087
.SOX,2018-12-21,1101.29,12.37258,11.93534,11.51077,12.039579013698628,LSEG,89.01053781830467,91.4724674963263,1335.15806727457,1780.2107563660934,2225.263445457617,2670.31613454914,3115.3688236406633,3560.421512732187,1372.0870124448945,1829.449349926526,2286.8116874081575,2744.174024889789,3201.5363623714206,3658.898699853052,620.9755300059686,1392.4264090913623,2163.8772881767563,2935.3281672621497,3706.779046347544,809.9447802889888,1235.550756728197,1661.1567331674053,2086.7627096066135,2512.3686860458215
.SOX,2018-12-28,1147.37,13.98828,12.89182,12.00323,12.010533479452054,LSEG,82.02366552571152,95.53031111923143,1230.3549828856728,1640.4733105142304,2050.591638142788,2460.7099657713457,2870.8282933999035,3280.946621028461,1432.9546667884715,1910.6062223846286,2388.2577779807857,2865.909333576943,3343.5608891731,3821.212444769257,572.232124659587,1283.1280525640216,1994.0239804684563,2704.919908372891,3415.815836277325,845.8750372456294,1290.3614762396878,1734.8479152337466,2179.3343542278053,2623.8207932218634
.SOX,2019-01-04,1143.96,13.91683,11.98269,,12.389156739726026,LSEG,82.19975382324854,92.33558215724838,1232.9963073487281,1643.995076464971,2054.9938455812135,2465.9926146974562,2876.991383813699,3287.990152929942,1385.0337323587257,1846.7116431449676,2308.38955393121,2770.0674647174515,3231.745375503693,3693.4232862899353,573.460591834048,1285.8826701838252,1998.3047485336022,2710.726826883379,3423.1489052331563,817.5872461974635,1247.2091497029826,1676.8310532085018,2106.4529567140207,2536.07486021954
.SOX,2019-01-11,1213.04,14.79186,12.76778,,12.76778,LSEG,82.00726615854936,95.00790270509047,1230.1089923782404,1640.145323170987,2050.181653963734,2460.2179847564807,2870.2543155492276,3280.290646341974,1425.1185405763572,1900.1580541018095,2375.197567627262,2850.2370811527144,3325.2765946781665,3800.316108203619,572.1177156697653,1282.8715108950387,1993.625306120312,2704.3791013455852,3415.1328965708585,841.2493615664475,1283.3051222450943,1725.3608829237412,2167.4166436023884,2609.472404281035
.SOX,2019-01-18,1228.33,14.84439,12.90714,,12.90714,LSEG,82.74708492568573,95.16670617968039,1241.206273885286,1654.9416985137145,2068.677123142143,2482.412547770572,2896.1479723990005,3309.883397027429,1427.5005926952058,1903.3341235936077,2379.1676544920097,2855.0011853904116,3330.8347162888135,3806.6682471872155,577.2790073807383,1294.4447831676418,2011.6105589545455,2728.776334741449,3445.9421105283527,842.6554900863874,1285.4501365709461,1728.2447830555052,2171.0394295400642,2613.834076024623
.SOX,2019-01-25,1281.16,15.43686,13.57636,,13.57636,LSEG,82.99356216225321,94.36697317985087,1244.9034324337981,1659.8712432450643,2074.8390540563305,2489.8068648675962,2904.7746756788624,3319.7424864901286,1415.504597697763,1887.3394635970176,2359.1743294962716,2831.009195395526,3302.8440612947807,3774.678927194035,578.998537858403,1298.3005222952606,2017.6025067321184,2736.9044911689757,3456.206475605834,835.5742383549548,1274.6478619612715,1713.7214855675882,2152.7951091739046,2591.8687327802213
.SOX,2019-02-01,1287.4,16.36394,13.9498,12.41329,13.815092273972605,LSEG,78.67298462350755,93.18794072953385,1180.0947693526132,1573.459692470151,1966.8246155876886,2360.1895387052264,2753.554461822764,3146.919384940302,1397.8191109430077,1863.758814590677,2329.6985182383464,2795.6382218860153,3261.5779255336847,3727.517629181354,548.8563435428134,1230.7120500206977,1912.567756498582,2594.423462976466,3276.2791694543507,825.134472105466,1258.7222564094718,1692.3100407134777,2125.8978250174837,2559.4856093214894
.SOX,2019-02-08,1302.42,16.53403,14.38742,12.44041,14.179383315068494,LSEG,78.77208399887988,91.85307788498196,1181.5812599831982,1575.4416799775977,1969.302099971997,2363.1625199663963,2757.0229399607956,3150.8833599551954,1377.7961682747293,1837.0615576996393,2296.326947124549,2755.5923365494587,3214.8577259743683,3674.1231153992785,549.5477031127411,1232.2623000335059,1914.9768969542708,2597.6914938750356,3280.4060907958005,813.314902535093,1240.6917949727485,1668.068687410404,2095.44557984806,2522.822472285715
.SOX,2019-02-15,1351.18,17.35616,15.01863,13.61504,14.841739205479453,LSEG,77.8501696227737,91.03919569622643,1167.7525443416057,1557.003392455474,1946.2542405693425,2335.5050886832114,2724.75593679708,3114.006784910948,1365.5879354433964,1820.7839139245286,2275.979892405661,2731.175870886793,3186.371849367925,3641.5678278490573,543.1160346569089,1217.8404354355007,1892.5648362140923,2567.289236992684,3242.0136377712756,806.1083665292813,1229.6984022970246,1653.2884380647683,2076.8784738325116,2500.468509600255
.SOX,2019-02-22,1364.78,17.37423,15.2036,13.7286,14.98942191780822,LSEG,78.55197036070088,91.04954196923163,1178.2795554105132,1571.0394072140175,1963.799259017522,2356.5591108210265,2749.3189626245307,3142.078814428035,1365.7431295384745,1820.9908393846326,2276.238549230791,2731.486259076949,3186.733968923107,3641.9816787692653,548.012096357856,1228.8189769134135,1909.6258574689712,2590.4327380245286,3271.2396185800862,806.1999778091053,1229.8381530416013,1653.4763282740978,2077.1145035065942,2500.7526787390902
.SOX,2019-03-01,1363.13,17.36383,15.26384,13.78474,15.0207002739726,LSEG,78.503993646563,90.7500965425686,1177.559904698445,1570.07987293126,1962.599841164075,2355.11980939689,2747.6397776297053,3140.15974586252,1361.251448138529,1815.001930851372,2268.752413564215,2722.502896277058,3176.2533789899007,3630.003861702744,547.6773903082136,1228.0684585430677,1908.4595267779218,2588.850595012776,3269.24166324763,803.548532331078,1225.7934384554649,1648.0383445798518,2070.2832507042385,2492.528156828625
.SOX,2019-03-08,1318.21,16.78478,14.89786,13.48293,14.638133123287671,LSEG,78.53603085652597,90.05315014541519,1178.0404628478896,1570.7206171305193,1963.4007714131492,2356.080925695779,2748.761079978409,3141.4412342610385,1350.7972521812278,1801.0630029083038,2251.3287536353796,2701.5945043624556,3151.8602550895316,3602.1260058166076,547.90089556865,1228.5696290597216,1909.2383625507932,2589.907096041865,3270.5758295329365,797.3774066146073,1216.379538601539,1635.3816705884713,2054.383802575403,2473.385934562335
.SOX,2019-03-15,1392.36,17.67598,15.6966,14.22996,15.39925380821918,LSEG,78.77130433503545,90.41736809720243,1181.5695650255318,1575.426086700709,1969.2826083758864,2363.1391300510636,2756.995651726241,3150.852173401418,1356.2605214580365,1808.3473619440485,2260.434202430061,2712.521042916073,3164.607883402085,3616.694723888097,549.5422638447524,1232.250103449216,1914.9579430536796,2597.665782658143,3280.373622262607,800.6023817028705,1221.299158441933,1641.995935180996,2062.6927119200586,2483.389488659121
.SOX,2019-03-22,1400.37,17.79069,16.01049,14.54181,15.684563753424658,LSEG,78.71364179804155,89.28332480361368,1180.7046269706232,1574.272835960831,1967.8410449510388,2361.4092539412463,2754.9774629314543,3148.545671921662,1339.2498720542053,1785.6664960722737,2232.083120090342,2678.4997441084106,3124.916368126479,3571.3329921445475,549.1399853578571,1231.3480659905792,1913.5561466233014,2595.7642272560233,3277.9723078887455,790.560972835215,1205.9812372367094,1621.4015016382039,2036.8217660396986,2452.2420304411926
.SOX,2019-03-29,1395.51,17.70166,15.91452,14.4618,15.564275178082193,LSEG,78.83497931832382,89.66109786886669,1182.5246897748573,1576.6995863664763,1970.8744829580955,2365.0493795497146,2759.2242761413336,3153.3991727329526,1344.9164680330005,1793.2219573773339,2241.5274467216673,2689.832936066001,3138.138425410334,3586.4439147546677,549.9864877250341,1233.2461959400866,1916.5059041551392,2599.765612370192,3283.025320585244,793.905971944895,1211.0839507571864,1628.2619295694776,2045.439908381769,2462.61788719406
.SOX,2019-04-05,1477.65,18.74046,16.85587,15.3329,16.459480547945205,LSEG,78.84811792239893,89.77500812955299,1182.721768835984,1576.9623584479787,1971.202948059973,2365.443537671968,2759.6841272839624,3153.9247168959573,1346.6251219432947,1795.5001625910597,2244.3752032388247,2693.2502438865895,3142.1252845343547,3591.0003251821195,550.0781482388234,1233.451728225827,1916.8253082128308,2600.1988881998345,3283.5724681868383,794.9145926106481,1212.6225766699038,1630.3305607291595,2048.0385447884155,2465.746528847671
.SOX,2019-04-12,1497.12,18.9769,17.15845,15.57811,16.716820739726028,LSEG,78.8917051784011,89.5576989972877,1183.3755776760165,1577.8341035680219,1972.2926294600275,2366.751155352033,2761.209681244038,3155.6682071360437,1343.3654849593156,1791.1539799457541,2238.9424749321925,2686.730969918631,3134.5194649050695,3582.3079598915083,550.3822315536854,1234.1335805979713,1917.8849296422572,2601.636278686543,3285.3876277308286,792.9904245827717,1209.6873058702492,1626.384187157727,2043.0810684452044,2459.777949732682
.SOX,2019-04-18,1558.13,19.58876,17.59389,15.76413,17.052481561643834,LSEG,79.5420434984144,91.37262482105265,1193.130652476216,1590.840869968288,1988.5510874603601,2386.261304952432,2783.971522444504,3181.681739936576,1370.58937231579,1827.4524964210532,2284.3156205263163,2741.17874463158,3198.041868736843,3654.9049928421064,554.9192694466349,1244.3070754877463,1933.6948815288574,2623.0826875699686,3312.47049361108,809.0607213376849,1234.2021466342026,1659.3435719307201,2084.484997227238,2509.6264225237555
.SOX,2019-04-26,1547.4,19.54525,17.3554,15.97103,16.91543583561644,LSEG,79.17013085020658,91.47857702500689,1187.5519627530987,1583.4026170041316,1979.2532712551645,2375.1039255061974,2770.95457975723,3166.805234008263,1372.1786553751033,1829.5715405001376,2286.964425625172,2744.3573107502066,3201.750195875241,3659.1430810002753,552.3246479613877,1238.4891015047467,1924.6535550481058,2610.8180085914646,3296.982462134824,809.9988772320396,1235.6332802786287,1661.2676833252178,2086.902086371807,2512.5364894183963
.SOX,2019-05-03,1570.7,19.91217,17.63624,16.27264,17.176725479452053,LSEG,78.881407701923,91.44350603256578,1183.2211155288448,1577.6281540384598,1972.035192548075,2366.4422310576897,2760.849269567305,3155.2563080769196,1371.6525904884866,1828.8701206513156,2286.0876508141446,2743.305180976973,3200.522711139802,3657.740241302631,550.3103919595155,1233.9724931745432,1917.6345943895708,2601.2966956045984,3284.958796819626,809.6883404328834,1235.159564061762,1660.6307876906408,2086.1020113195195,2511.573234948398
.SOX,2019-05-10,1478.87,18.77037,16.66645,15.20241,16.14501109589041,LSEG,78.78747195713244,91.59919378292871,1181.8120793569865,1575.7494391426487,1969.686798928311,2363.624158713973,2757.5615184996354,3151.4988782852975,1373.9879067439306,1831.983875658574,2289.9798445732176,2747.975813487861,3205.9717824025047,3663.967751317148,549.6550560820165,1232.5030198401496,1915.3509835982825,2598.1989473564154,3281.0469111145485,811.0668807107703,1237.2624932057906,1663.4581057008108,2089.6537181958315,2515.8493306908513
.SOX,2019-05-17,1402.01,18.08045,15.87272,14.36242,15.305840273972604,LSEG,77.5428708909347,91.59967534641669,1163.1430633640205,1550.8574178186939,1938.5717722733673,2326.286126728041,2714.0004811827143,3101.7148356373878,1373.9951301962503,1831.9935069283338,2289.9918836604174,2747.9902603925007,3205.988637124584,3663.9870138566675,540.9721874501498,1213.0332420381708,1885.0942966261919,2557.1553512142127,3229.216405802234,811.0711447242395,1237.2689978530168,1663.4668509817943,2089.664704110572,2515.862557239349
.SOX,2019-05-24,1311.97,16.99187,15.10523,13.70192,14.551595369863014,LSEG,77.21163120951374,90.1598736532454,1158.174468142706,1544.2326241902747,1930.2907802378436,2316.348936285412,2702.407092332981,3088.4652483805494,1352.398104798681,1803.197473064908,2253.996841331135,2704.796209597362,3155.595577863589,3606.394946129816,538.6613179534476,1207.8515310693972,1877.041744185347,2546.2319573012965,3215.4221704172464,798.3223920344516,1217.8210905184108,1637.31978900237,2056.8184874863296,2476.3171859702884
.SOX,2019-05-31,1296.18,16.80531,15.01612,13.62031,14.438675315068494,LSEG,77.12919309432556,89.77139326952525,1156.9378964148834,1542.5838618865112,1928.229827358139,2313.875792829767,2699.5217583013946,3085.1677237730223,1346.5708990428786,1795.4278653905048,2244.2848317381313,2693.1417980857573,3141.9987644333837,3590.8557307810097,538.0861944509228,1206.5619196198174,1875.0376447887122,2543.5133699576068,3211.9890951265015,794.8825847607335,1212.5737494854516,1630.26491421017,2047.9560789348882,2465.647243659606
.SOX,2019-06-07,1378.81,17.89262,16.18473,14.63922,15.515714712328766,LSEG,77.0602628346212,88.86538748385206,1155.903942519318,1541.205256692424,1926.50657086553,2311.807885038636,2697.1091992117417,3082.410513384848,1332.9808122577808,1777.307749677041,2221.6346870963016,2665.9616245155617,3110.288561934822,3554.615499354082,537.6053075177291,1205.4836167991582,1873.3619260805872,2541.2402353620164,3209.1185446434456,786.8603385362387,1200.3360110191356,1613.8116835020326,2027.2873559849297,2440.763028467826
.SOX,2019-06-14,1356.55,17.6014,15.91988,14.39777,15.231802876712326,LSEG,77.07057393161907,89.0603700021623,1156.058608974286,1541.4114786323812,1926.7643482904766,2312.117217948572,2697.470087606667,3082.8229572647624,1335.9055500324346,1781.207400043246,2226.5092500540577,2671.811100064869,3117.1129500756806,3562.414800086492,537.6772421344625,1205.6449172936664,1873.6125924528703,2541.580267612074,3209.547942771278,788.586815117395,1202.9697083997892,1617.3526016821834,2031.7354949645778,2446.118388246972
.SOX,2019-06-21,1410.5,18.51679,16.78989,15.1689,16.026026219178082,LSEG,76.17411009143594,88.01308451074901,1142.611651371539,1523.4822018287186,1904.3527522858983,2285.223302743078,2666.093853200258,3046.9644036574373,1320.1962676612352,1760.2616902149803,2200.3271127687253,2640.3925353224704,3080.4579578762155,3520.5233804299605,531.4231274876637,1191.6211853124655,1851.8192431372674,2512.017300962069,3172.215358786871,779.3136049323012,1188.8236553103377,1598.3337056883743,2007.8437560664108,2417.353806444447
.SOX,2019-06-28,1458.96,19.87529,17.46788,15.89807,16.69802797260274,LSEG,73.4057213756378,87.37319175616342,1101.085820634567,1468.1144275127558,1835.1430343909449,2202.171641269134,2569.200248147323,2936.2288550255116,1310.5978763424514,1747.4638351232684,2184.3297939040854,2621.195752684903,3058.06171146572,3494.9276702465368,512.1096653719256,1148.314205566129,1784.5187457603322,2420.723285954535,3056.927826148739,773.6476618271571,1180.1803990520011,1586.7131362768453,1993.2458735016894,2399.7786107265333
.SOX,2019-07-05,1461.7,19.91685,17.53454,15.98128,16.743015726027398,LSEG,73.39011942149487,87.3020741256161,1100.8517913224232,1467.8023884298975,1834.7529855373718,2201.7035826448464,2568.6541797523205,2935.604776859795,1309.5311118842415,1746.041482512322,2182.5518531404027,2619.062223768483,3055.5725943965635,3492.082965024644,512.0008194759172,1148.07013813867,1784.139456801423,2420.2087754641757,3056.278094126929,773.0179493549246,1179.2197882294824,1585.4216271040405,1991.6234659785985,2397.8253048531565
.SOX,2019-07-12,1504.28,20.46103,18.02742,16.42072,17.177849863013698,LSEG,73.51927053525652,87.57091323978354,1102.7890580288479,1470.3854107051304,1837.9817633814132,2205.5781160576958,2573.1744687339783,2940.770821410261,1313.563698596753,1751.4182647956707,2189.2728309945883,2627.127397193506,3064.981963392424,3502.8365295913413,512.9018328085488,1150.0904991652756,1787.2791655220021,2424.4678318787287,3061.6564982354557,775.3983906310514,1182.8510925994126,1590.303794567774,1997.7564965361355,2405.2091985044967
.SOX,2019-07-19,1523.91,20.72786,18.26132,16.57821,17.33906794520548,LSEG,73.51989062064294,87.88880721938602,1102.7983593096442,1470.397812412859,1837.9972655160734,2205.5967186192884,2573.196171722503,2940.795624825718,1318.3321082907903,1757.7761443877205,2197.2201804846504,2636.6642165815806,3076.108252678511,3515.552288775441,512.9061587890553,1150.1001994017768,1787.294240014498,2424.4882806272194,3061.682321239941,778.2131891875096,1187.1449982718814,1596.0768073562535,2005.0086164406255,2413.940425524997
.SOX,2019-07-26,1593.86,21.64273,19.02303,17.31667,18.05531350684932,LSEG,73.64412899851358,88.27650649186268,1104.6619349777036,1472.8825799702715,1841.1032249628395,2209.323869955407,2577.544514947975,2945.765159940543,1324.1475973779402,1765.5301298372535,2206.912662296567,2648.2951947558804,3089.6777272151935,3531.060259674507,513.7728987777832,1152.0437085930466,1790.3145184083098,2428.585328223573,3066.8561380388364,781.6460800962075,1192.3817885608362,1603.1174970254651,2013.853205490094,2424.588913954723
.SOX,2019-08-02,1488.43,19.67967,18.0132,16.33963,17.031983616438357,LSEG,75.63287392522334,87.39029073298587,1134.49310887835,1512.6574785044668,1890.8218481305835,2268.9862177567,2647.150587382817,3025.3149570089336,1310.854360994788,1747.8058146597175,2184.7572683246467,2621.708721989576,3058.6601756545056,3495.611629319435,527.6472328193455,1183.1544177828932,1838.661602746441,2494.1687877099885,3149.6759726735368,773.7990650570545,1180.411360939556,1587.0236568220578,1993.6359527045595,2400.248248587061
.SOX,2019-08-09,1464.34,19.6029,17.91981,16.17123,16.861080739726027,LSEG,74.70017191333935,86.84733930191676,1120.5025787000902,1494.0034382667868,1867.5042978334836,2241.0051574001805,2614.5060169668773,2988.0068765335736,1302.7100895287515,1736.9467860383352,2171.183482547919,2605.420179057503,3039.6568755670864,3473.8935720766704,521.1403052087117,1168.5637980091878,1815.987290809664,2463.41078361014,3110.8342764106164,768.9914908264531,1173.0775251976586,1577.1635595688645,1981.2495939400703,2385.3356283112757
.SOX,2019-08-16,1479.25,19.92255,18.04252,16.33866,16.97819101369863,LSEG,74.25003325377524,87.12647883431671,1113.7504988066287,1485.000665075505,1856.2508313443811,2227.5009976132574,2598.7511638821334,2970.00133015101,1306.8971825147507,1742.5295766863342,2178.161970857918,2613.7943650295015,3049.426759201085,3485.0591533726683,517.9999456563452,1161.5221041525629,1805.0442626487804,2448.566421144998,3092.088579641216,771.4631373604085,1176.8479609356405,1582.2327845108723,1987.6176080861044,2393.0024316613362
.SOX,2019-08-23,1446.38,19.7018,17.51932,16.00948,16.54723123287671,LSEG,73.4135967272026,87.40918523736306,1101.2039509080391,1468.271934544052,1835.339918180065,2202.4079018160783,2569.475885452091,2936.543869088104,1311.137778560446,1748.1837047472613,2185.2296309340763,2622.275557120892,3059.3214833077072,3496.3674094945227,512.1646071881623,1148.43740274894,1784.7101983097177,2420.982993870495,3057.255789431273,773.9663668213483,1180.6665756486398,1587.3667844759311,1994.0669933032227,2400.767202130514
.SOX,2019-08-30,1504.92,20.54273,18.25281,16.68618,17.214112849315068,LSEG,73.25803337725804,87.42361649266633,1098.8705006588707,1465.1606675451608,1831.450834431451,2197.7410013177414,2564.0311682040315,2930.3213350903216,1311.354247389995,1748.4723298533265,2185.5904123166583,2622.70849477999,3059.8265772433215,3496.944659706653,511.07933081472305,1146.0038648549023,1780.9283988950815,2415.8529329352605,3050.77746697544,774.0941486580673,1180.8615036843485,1587.6288587106296,1994.3962137369108,2401.1635687631915
.SOX,2019-09-06,1568.34,21.35625,18.97691,17.36459,17.876998547945206,LSEG,73.43705004389815,87.72949193869381,1101.5557506584723,1468.741000877963,1835.9262510974538,2203.1115013169447,2570.2967515364353,2937.482001755926,1315.9423790804071,1754.5898387738762,2193.237298467345,2631.8847581608143,3070.5322178542833,3509.1796775477524,512.3282275428123,1148.8042920897767,1785.2803566367409,2421.7564211837052,3058.2324857306694,776.8025288702713,1184.9930708011861,1593.183612732101,2001.374154663016,2409.5646965939304
.SOX,2019-09-13,1605.65,21.96119,19.4087,17.76157,18.253452657534247,LSEG,73.11306900946626,87.9641802635764,1096.696035141994,1462.261380189325,1827.8267252366566,2193.392070283988,2558.957415331319,2924.52276037865,1319.4627039536458,1759.283605271528,2199.10450658941,2638.9254079072916,3078.7463092251737,3518.567210543056,510.0679974678194,1143.736130954647,1777.4042644414747,2411.0723979283025,3044.74053141513,778.8805813043664,1188.1630884615886,1597.445595618811,2006.7281027760337,2416.0106099332556
.SOX,2019-09-20,1563.0,21.51137,18.86218,17.27395,17.7177841369863,LSEG,72.65924950386703,88.21644895973193,1089.8887425580056,1453.1849900773407,1816.4812375966758,2179.777485116011,2543.073732635346,2906.3699801546813,1323.246734395979,1764.3289791946386,2205.4112239932983,2646.493468791958,3087.575713590618,3528.657958389277,506.9019587613487,1136.6368561940894,1766.3717536268302,2396.106651059571,3025.8415484923116,781.1142994850823,1191.5705703735239,1602.0268412619655,2012.4831121504074,2422.939383038849
.SOX,2019-09-27,1542.87,21.22908,19.38846,16.87991,17.532820273972604,LSEG,72.67719562034718,87.99896285313457,1090.1579343052076,1453.5439124069435,1816.9298905086794,2180.3158686104152,2543.701846712151,2907.087824813887,1319.9844427970186,1759.9792570626914,2199.9740713283645,2639.968885594037,3079.96369985971,3519.958514125383,507.0271585350604,1136.9175942633121,1766.808029991564,2396.6984657198154,3026.5889014480676,779.1885644344674,1188.632909119387,1598.077253804307,2007.521598489227,2416.9659431741466
.SOX,2019-10-04,1574.39,22.84069,19.79357,17.24619,17.860352849315067,LSEG,68.92917858435976,88.14999419568449,1033.9376787653964,1378.5835716871952,1723.229464608994,2067.875357530793,2412.5212504525916,2757.1671433743904,1322.2499129352673,1762.9998839136897,2203.749854892112,2644.4998258705346,3085.249796848957,3525.9997678273794,480.87939083878365,1078.2859082792738,1675.692425719764,2273.098943160254,2870.5054606007443,780.5258744568875,1190.6729425270867,1600.820010597286,2010.9670786674853,2421.114146737684
.SOX,2019-10-11,1591.13,23.11163,20.01645,17.45235,18.021369452054795,LSEG,68.84542544164994,88.29129241443854,1032.681381624749,1376.9085088329987,1721.1356360412485,2065.362763249498,2409.589890457748,2753.8170176659974,1324.3693862165783,1765.8258482887709,2207.2823103609635,2648.7387724331566,3090.195234505349,3531.6516965775418,480.2950931425933,1076.9757253435005,1673.6563575444075,2270.3369897453144,2867.017621946222,781.7770023413362,1192.581507212006,1603.3860120826762,2014.190516953346,2424.995021824016
.SOX,2019-10-18,1590.09,23.12858,19.33938,17.42174,17.81052180821918,LSEG,68.75000540456871,89.27812543179994,1031.2500810685306,1375.0001080913742,1718.7501351142178,2062.500162137061,2406.250189159905,2750.0002161827483,1339.171881476999,1785.5625086359987,2231.953135794998,2678.343762953998,3124.734390112998,3571.1250172719974,479.62940220810356,1075.4830326483996,1671.3366630886956,2267.190293528992,2863.043923969288,790.5149348942193,1205.9110074948558,1621.3070800954922,2036.7031526961289,2452.099225296765
.SOX,2019-10-25,1648.67,23.97001,19.9012,18.0961,18.42744712328767,LSEG,68.78053033770117,89.46817152531642,1031.7079550655176,1375.6106067540234,1719.5132584425291,2063.415910131035,2407.3185618195407,2751.2212135080467,1342.0225728797463,1789.3634305063283,2236.7042881329107,2684.0451457594927,3131.3860033860747,3578.7268610126566,479.84235717944654,1075.960546031322,1672.0787348831977,2268.196923735073,2864.315112586949,792.1977018039911,1208.4780268514394,1624.7583518988877,2041.038676946336,2457.3190019937842
.SOX,2019-11-01,1689.93,26.24425,20.33236,18.45866,18.76666547945205,LSEG,64.39239071415643,90.049561646971,965.8858607123465,1287.8478142831286,1609.809767853911,1931.771721424693,2253.733674995475,2575.6956285662573,1350.743424704565,1800.9912329394201,2251.239041174275,2701.48684940913,3151.734657643985,3601.9824658788402,449.22882090317756,1007.315173827455,1565.4015267517325,2123.48787967601,2681.574232600288,797.3456321838578,1216.331067492258,1635.3165028006583,2054.3019381090585,2473.2873734174586
.SOX,2019-11-08,1736.78,26.17571,20.96647,19.00343,19.28847416438356,LSEG,66.35082677795559,90.04237376157978,995.2624016693338,1327.0165355591118,1658.7706694488897,1990.5248033386677,2322.2789372284456,2654.0330711182237,1350.6356064236968,1800.8474752315956,2251.0593440394946,2701.2712128473936,3151.483081655292,3601.694950463191,462.8917073715524,1037.9517497047675,1613.0117920379826,2188.071834371198,2763.1318767044127,797.2819869098942,1216.2339781988621,1635.18596948783,2054.137960776798,2473.089952065766
.SOX,2019-11-15,1742.93,26.30003,21.18137,18.89268,19.181117643835616,LSEG,66.27102706726951,90.86696783595083,994.0654060090427,1325.4205413453903,1656.7756766817379,1988.1308120180854,2319.485947354433,2650.8410826907807,1363.0045175392625,1817.3393567190167,2271.674195898771,2726.009035078525,3180.343874258279,3634.6787134380334,462.33499050574983,1036.7034118414017,1611.0718331770536,2185.4402545127055,2759.8086758483573,804.5833715196499,1227.372060077146,1650.160748634642,2072.9494371921382,2495.738125749634
.SOX,2019-11-22,1690.79,25.74332,20.57353,18.30384,18.54635482191781,LSEG,65.67878579763604,91.16562344649253,985.1817869645406,1313.5757159527207,1641.969644940901,1970.3635739290812,2298.7575029172613,2627.1514319054413,1367.4843516973879,1823.3124689298506,2279.1405861623134,2734.9687033947757,3190.7968206272385,3646.6249378597013,458.20326245066525,1027.4387516718969,1596.6742408931286,2165.90973011436,2735.1452193355917,807.2278235551433,1231.406106339435,1655.5843891237269,2079.7626719080185,2503.9409546923102
.SOX,2019-11-29,1716.84,26.25677,21.19208,18.64799,18.871033506849315,LSEG,65.38656506493373,90.97752909912784,980.798475974006,1307.7313012986747,1634.6641266233432,1961.596951948012,2288.529777272681,2615.4626025973494,1364.6629364869175,1819.5505819825567,2274.438227478196,2729.325872973835,3184.2135184694744,3639.1011639651133,456.16460580599966,1022.8674292703931,1589.5702527347867,2156.2730761991797,2722.9758996635737,805.5623384204386,1228.8654499038569,1652.1685613872755,2075.471672870694,2498.7747843541124
.SOX,2019-12-06,1724.21,26.4615,21.34898,18.81968,18.9929197260274,LSEG,65.15919354533945,90.78172418310113,977.3879031800917,1303.183870906789,1628.9798386334862,1954.7758063601834,2280.571774086881,2606.367741813578,1361.725862746517,1815.6344836620226,2269.5431045775285,2723.451725493034,3177.3603464085395,3631.268967324045,454.5783649703748,1019.3105682928245,1584.0427716152744,2148.774974937724,2713.507178260174,803.8285799023673,1226.220644108303,1648.6127083142392,2071.004772520175,2493.3968367261105
.SOX,2019-12-13,1796.04,27.67611,22.94985,19.50529,19.675158712328766,LSEG,64.89495814260023,91.28465118172454,973.4243721390035,1297.8991628520046,1622.3739535650059,1946.848744278007,2271.3235349910083,2595.798325704009,1369.2697677258682,1825.6930236344908,2282.1162795431137,2738.5395354517364,3194.962791360359,3651.3860472689817,452.7349459406273,1015.1770312756455,1577.6191166106637,2140.061201945682,2702.5032872807,808.2817570009057,1233.0138557788327,1657.7459545567601,2082.4780533346875,2507.210152112614
.SOX,2019-12-20,1853.87,30.0253,24.34634,20.12951,20.256592547945207,LSEG,61.74359623384279,91.51934095589306,926.1539435076418,1234.8719246768558,1543.5899058460698,1852.3078870152835,2161.0258681844975,2469.7438493537115,1372.7901143383958,1830.3868191178613,2287.9835238973264,2745.5802286767916,3203.176933456257,3660.7736382357225,430.74969925527535,965.879053149554,1501.0084070438327,2036.1377609381111,2571.26711483239,810.3598222677317,1236.1838930152496,1662.0079637627675,2087.8320345102857,2513.6561052578036
.SOX,2019-12-27,1858.59,30.13644,25.33855,20.20392,20.26018991780822,LSEG,61.67251340901579,91.7360601030864,925.0877011352369,1233.4502681803158,1541.8128352253948,1850.1754022704738,2158.537969315553,2466.9005363606316,1376.040901546296,1834.721202061728,2293.40150257716,2752.081803092592,3210.762103608024,3669.442404123456,430.25379510838246,964.7670769167627,1499.2803587251428,2033.793640533523,2568.3069223419034,812.2787662610704,1239.11119467925,1665.94362309743,2092.77605151561,2519.6084799337896
.SOX,2020-01-03,1853.98,30.10507,20.18126,,20.18126,LSEG,61.58364687409795,91.86641468372143,923.7547031114693,1231.672937481959,1539.5911718524487,1847.5094062229387,2155.4276405934284,2463.345874963918,1377.9962202558215,1837.3282936744286,2296.660367093036,2755.992440511643,3215.32451393025,3674.656587348857,429.63382420411665,963.3769032009648,1497.119982197813,2030.863061194661,2564.6061401915094,813.4329934844295,1240.87193979912,1668.3108861138103,2095.7498324285007,2523.1887787431906
.SOX,2020-01-10,1866.35,30.26508,20.22795,,20.22795,LSEG,61.66677900735765,92.26589941145791,925.0016851103647,1233.335580147153,1541.6694751839411,1850.0033702207295,2158.3372652575176,2466.671160294306,1383.9884911718686,1845.3179882291581,2306.6474852864476,2767.9769823437373,3229.306479401027,3690.6359764583162,430.2137894731373,964.6773714447495,1499.1409534163618,2033.6045353879738,2568.0681173595863,816.9702389408104,1246.267920373012,1675.5656018052139,2104.8632832374155,2534.160964669617
.SOX,2020-01-17,1916.62,30.92562,20.73196,,20.73196,LSEG,61.97515199371912,92.44760263863137,929.6272799057868,1239.5030398743825,1549.378799842978,1859.2545598115737,2169.1303197801694,2479.006079748765,1386.7140395794704,1848.9520527726272,2311.190065965784,2773.428079158941,3235.6660923520976,3697.9041055452544,432.36513113828073,969.5013698227459,1506.637608507211,2043.7738471916762,2580.9100858761417,818.5791337748403,1248.7222497026887,1678.865365630537,2109.0084815583855,2539.1515974862336
.SOX,2020-01-24,1924.03,30.9886,20.5711,16.49198,20.30361672131148,LSEG,62.088316348592706,94.76291965167279,931.3247452288906,1241.7663269718541,1552.2079087148177,1862.6494904577812,2173.0910722007447,2483.5326539437083,1421.4437947750919,1895.2583930334558,2369.0729912918196,2842.8875895501837,3316.7021878085475,3790.5167860669117,433.1546140126439,971.2716437718307,1509.3886735310173,2047.505703290204,2585.6227330493907,839.0801542540627,1279.9960500693824,1720.9119458847024,2161.827841700022,2602.7437375153418
.SOX,2020-01-31,1789.93,28.21875,18.97496,16.26777,18.7456624863388,LSEG,63.43052048726467,95.48502227138891,951.4578073089701,1268.6104097452935,1585.763012181617,1902.9156146179403,2220.0682170542636,2537.220819490587,1432.2753340708337,1909.7004454277783,2387.125556784723,2864.5506681416673,3341.975779498612,3819.4008908555566,442.51840336632,992.268264339314,1542.018125312308,2091.767986285302,2641.517847258296,845.4740262428726,1289.7497438599376,1734.0254614770026,2178.3011790940677,2622.5768967111326
.SOX,2020-02-07,1864.36,29.40391,19.79536,16.84669,19.48921393442623,LSEG,63.4051729854975,95.66111831256305,951.0775947824625,1268.1034597099501,1585.1293246374375,1902.155189564925,2219.1810544924124,2536.2069194199003,1434.9167746884457,1913.222366251261,2391.527957814076,2869.8335493768914,3348.1391409397065,3826.444732502522,442.34156836756597,991.8717435258217,1541.4019186840774,2090.932093842333,2640.462269000589,847.0332721371005,1292.128334958273,1737.2233977794456,2182.3184606006184,2627.4135234217906
.SOX,2020-02-14,1956.56,30.52813,20.58829,18.2807,20.304569918032787,LSEG,64.09039793790186,96.36057340285501,961.3559690685279,1281.807958758037,1602.2599484475463,1922.7119381370558,2243.1639278265648,2563.615917516074,1445.4086010428252,1927.2114680571003,2409.014335071375,2890.8172020856505,3372.6200690999253,3854.4229361142006,447.1219903088556,1002.5909835538264,1558.0599767987972,2113.528970043768,2668.997963288739,853.2266111267948,1301.576120611834,1749.9256300968734,2198.275139581913,2646.6246490669523
.SOX,2020-02-21,1891.05,29.57504,19.90692,17.61545,19.58135595628416,LSEG,63.94074192291878,96.57400663272828,959.1111288437818,1278.8148384583756,1598.5185480729695,1918.2222576875636,2237.9259673021575,2557.629676916751,1448.6100994909243,1931.4801326545658,2414.350165818207,2897.2201989818486,3380.09023214549,3862.9602653091315,446.07792602724885,1000.2498563946222,1554.4217867619955,2108.593717129369,2662.765647496742,855.1164598999572,1304.4590382361068,1753.8016165722563,2203.144194908406,2652.4867732445555
.SOX,2020-02-28,1705.54,26.66652,17.95107,15.81828,17.607259590163935,LSEG,63.95810176955973,96.86572696143911,959.3715265433959,1279.1620353911946,1598.9525442389934,1918.7430530867919,2238.5335619345906,2558.3240707823893,1452.9859044215866,1937.3145392287822,2421.6431740359776,2905.971808843173,3390.300443650369,3874.6290784575644,446.1990357321547,1000.5214232170806,1554.8438107020065,2109.1661981869324,2663.4885856718583,857.6995033447295,1308.3994072100402,1759.0993110753511,2209.799214940662,2660.4991188059726
.SOX,2020-03-06,1699.89,25.45286,18.04883,15.87201,17.65628868852459,LSEG,66.78581503218106,96.27674478979353,1001.7872254827159,1335.7163006436213,1669.6453758045266,2003.5744509654319,2337.5035261263374,2671.4326012872425,1444.1511718469028,1925.5348957958704,2406.918619744838,2888.3023436938056,3369.686067642773,3851.069791591741,465.9263712252348,1044.7564398872319,1623.5865085492292,2202.416577211226,2781.2466458732233,852.4843490074227,1300.4438180825757,1748.403287157729,2196.362756232882,2644.322225308035
.SOX,2020-03-13,1544.26,23.22849,16.4984,14.58311,16.116388606557376,LSEG,66.48129086307375,95.81923330960618,997.2193629461062,1329.625817261475,1662.0322715768439,1994.4387258922125,2326.8451802075815,2659.25163452295,1437.2884996440926,1916.3846661921234,2395.4808327401543,2874.576999288185,3353.673165836216,3832.769332384247,463.80188055316347,1039.992650052177,1616.1834195511904,2192.3741890502038,2768.5649585492174,848.4333045189277,1294.2640497760083,1740.094795033089,2185.92554029017,2631.75628554725
.SOX,2020-03-20,1298.54,19.57038,14.02063,12.37813,13.661613606557378,LSEG,66.35231405828604,95.05026546620522,995.2847108742906,1327.0462811657208,1658.807851457151,1990.5694217485811,2322.3309920400116,2654.0925623314415,1425.7539819930782,1901.0053093241045,2376.2566366551305,2851.5079639861565,3326.7592913171825,3802.010618648209,462.9020832743849,1037.9750158085412,1613.0479483426977,2188.1208808768542,2763.1938134110105,841.6244634761549,1283.8773309433511,1726.1301984105478,2168.3830658777442,2610.6359333449404
.SOX,2020-03-27,1488.75,22.98957,16.18176,14.35621,15.747817786885248,LSEG,64.75762704565592,94.53690791620843,971.3644056848389,1295.1525409131184,1618.9406761413982,1942.7288113696777,2266.5169465979575,2590.305081826237,1418.0536187431264,1890.7381583241686,2363.422697905211,2836.107237486253,3308.7917770672952,3781.476316648337,451.77686555147864,1013.0287075955316,1574.2805496395845,2135.5323916836373,2696.7842337276907,837.0789288533075,1276.9432301507152,1716.807531448123,2156.6718327455305,2596.536134042938
.SOX,2020-04-03,1443.04,22.24562,16.05761,14.22819,15.587758961748634,LSEG,64.86849995639591,92.57520619488203,973.0274993459386,1297.3699991279182,1621.7124989098977,1946.0549986918772,2270.397498473857,2594.7399982558363,1388.6280929232305,1851.5041238976405,2314.3801548720508,2777.256185846461,3240.132216820871,3703.008247795281,452.5503623328441,1014.7631355941841,1576.975908855524,2139.188682116864,2701.401455378204,819.7090019981468,1250.4458357696442,1681.1826695411416,2111.9195033126393,2542.6563370841363
.SOX,2020-04-09,1601.73,24.71445,18.04537,15.8698,17.45095196721311,LSEG,64.8094535787768,91.7846775929092,972.1418036816519,1296.189071575536,1620.2363394694198,1944.2836073633039,2268.330875257188,2592.378143151072,1376.770163893638,1835.693551858184,2294.6169398227303,2753.540327787276,3212.4637157518223,3671.387103716368,452.13842958268134,1013.839450179252,1575.5404707758225,2137.2414913723933,2698.942511968964,812.7092507903558,1239.767888195725,1666.8265256010943,2093.8851630064637,2520.9438004118324
.SOX,2020-04-17,1705.64,26.23491,19.65684,17.19771,18.93119508196721,LSEG,65.01413574508166,90.09679487296059,975.212036176225,1300.2827149016332,1625.3533936270414,1950.42407235245,2275.494751077858,2600.5654298032664,1351.4519230944088,1801.9358974592117,2252.4198718240145,2702.9038461888176,3153.3878205536207,3603.8717949184233,453.5663797986814,1017.0413727922205,1580.5163657857597,2143.9913587792985,2707.4663517728377,797.7638597215375,1216.9690632707855,1636.1742668200336,2055.3794703692815,2474.5846739185295
.SOX,2020-04-24,1702.56,25.68769,19.90629,17.58579,19.17717114754098,LSEG,66.27921778875407,88.78056032880079,994.188266831311,1325.5843557750813,1656.9804447188517,1988.376533662622,2319.7726226063924,2651.1687115501627,1331.708404932012,1775.6112065760158,2219.5140082200196,2663.416809864024,3107.3196115080277,3551.2224131520315,462.39213247724746,1036.831542478337,1611.2709524794263,2185.710362480516,2760.1497724816054,786.1092348069849,1199.19022083239,1612.2712068577953,2025.3521928832006,2438.4331789086054
.SOX,2020-05-01,1644.4,24.57061,19.42723,17.04748,18.63398,LSEG,66.92548536646018,88.24738461670562,1003.8822804969027,1338.5097073292036,1673.1371341615045,2007.7645609938054,2342.3919878261063,2677.019414658407,1323.7107692505842,1764.9476923341124,2206.1846154176405,2647.4215385011685,3088.6584615846964,3529.895384668225,466.90077113316624,1046.9413571653845,1626.9819431976027,2207.022529229821,2787.063115262039,781.3882198742053,1191.9884291613089,1602.5886384484124,2013.1888477355162,2423.7890570226195
.SOX,2020-05-08,1775.61,26.77494,21.08987,18.21274,20.07579959016393,LSEG,66.31611499409522,88.44529414758425,994.7417249114283,1326.3222998819042,1657.9028748523804,1989.4834498228565,2321.0640247933325,2652.6445997638084,1326.6794122137637,1768.905882951685,2211.132353689606,2653.3588244275275,3095.5852951654488,3537.81176590337,462.64954314124356,1037.408739790003,1612.1679364387626,2186.927133087522,2761.6863297362816,783.1406137462852,1194.6616627291105,1606.1827117119358,2017.703760694761,2429.224809677586
.SOX,2020-05-15,1700.89,25.84965,20.47563,17.63063,19.41847153005465,LSEG,65.79934351142086,87.59134298327615,986.9901526713129,1315.986870228417,1644.9835877855214,1973.9803053426258,2302.97702289973,2631.973740456834,1313.8701447491421,1751.826859665523,2189.783574581904,2627.7402894982843,3065.697004414665,3503.653719331046,459.0443245546451,1029.3246828055378,1599.6050410564305,2169.885399307323,2740.1657575582162,775.579286200586,1183.1270443226247,1590.6748024446633,1998.2225605667022,2405.7703186887406
.SOX,2020-05-22,1802.31,27.21434,21.74282,18.62323,20.523963797814208,LSEG,66.22648206790979,87.81490835566301,993.3972310186468,1324.5296413581957,1655.6620516977446,1986.7944620372937,2317.9268723768423,2649.0592827163914,1317.2236253349452,1756.2981671132602,2195.3727088915753,2634.4472506698903,3073.5217924482054,3512.5963342265204,462.024225564154,1036.0065771179889,1609.988928671824,2183.9712802256586,2757.9536317794937,777.5588502308815,1186.1468203556906,1594.7347904804997,2003.3227606053088,2411.910730730118
.SOX,2020-05-29,1852.49,27.90906,22.22564,19.05251,20.9251768852459,LSEG,66.3759367029918,88.5292396885863,995.6390505448769,1327.5187340598359,1659.3984175747948,1991.2781010897538,2323.157784604713,2655.0374681196718,1327.9385953287945,1770.584793771726,2213.2309922146574,2655.877190657589,3098.5233891005205,3541.169587543452,463.06688493355745,1038.3445540131977,1613.6222230928379,2188.899892172478,2764.1775612521183,783.8839112064295,1195.7955446451438,1607.7071780838585,2019.618811522573,2431.5304449612872
.SOX,2020-06-05,2003.76,30.23367,23.92444,20.44791,22.43314161202186,LSEG,66.27577796542728,89.32141715390368,994.1366694814092,1325.5155593085456,1656.894449135682,1988.2733389628183,2319.6522287899547,2651.031118617091,1339.8212573085552,1786.4283430780736,2233.035428847592,2679.6425146171105,3126.249600386629,3572.856686156147,462.3681348005023,1036.7777319862287,1611.187329171955,2185.5969263576812,2760.0065235434076,790.898262307455,1206.4957639955755,1622.093265683696,2037.6907673718167,2453.2882690599367
.SOX,2020-06-12,1903.85,28.77546,22.77453,19.48484,21.3004612568306,LSEG,66.16227855262782,89.38069354669378,992.4341782894173,1323.2455710525564,1654.0569638156956,1984.8683565788347,2315.679749341974,2646.491142105113,1340.7104032004067,1787.6138709338757,2234.5173386673446,2681.4208064008135,3128.3242741342824,3575.2277418677513,461.5763144189383,1035.0022165958944,1608.4281187728507,2181.854020949807,2755.279923126763,791.4231263047734,1207.2964310593657,1623.169735813958,2039.0430405685502,2454.916345323142
.SOX,2020-06-19,1966.79,29.73847,23.53582,20.10136,21.93119524590164,LSEG,66.13622018886647,89.68001871067838,992.0433028329971,1322.7244037773294,1653.4055047216618,1984.0866056659943,2314.7677066103265,2645.4488075546587,1345.2002806601758,1793.6003742135676,2242.0004677669594,2690.4005613203517,3138.8006548737435,3587.2007484271353,461.3945201432894,1034.5945754921738,1607.7946308410583,2180.9946861899425,2754.194741538827,794.0735069145259,1211.3395212152514,1628.6055355159767,2045.8715498167023,2463.1375641174277
.SOX,2020-06-26,1921.92,29.01304,22.95465,19.6029,21.32456393442623,LSEG,66.24331679823969,90.12704812675047,993.6497519735954,1324.8663359647937,1656.0829199559923,1987.2995039471907,2318.5160879383893,2649.7326719295875,1351.905721901257,1802.5409625350094,2253.1762031687617,2703.811443802514,3154.4466844362664,3605.0819250700188,462.1416718333863,1036.2699293420721,1610.398186850758,2184.5264443594438,2758.6547018681295,798.0317377581156,1217.377704599009,1636.7236714399023,2056.069638280796,2475.4156051216887
.SOX,2020-07-02,1993.61,30.11531,23.71751,20.26257,21.980600273224045,LSEG,66.19921893548496,90.69861492493187,992.9882840322745,1323.9843787096993,1654.9804733871242,1985.976568064549,2316.9726627419736,2647.9687574193986,1360.479223873978,1813.9722984986374,2267.465373123297,2720.958447747956,3174.4515223726157,3627.944596997275,461.8340263077279,1035.5800893502105,1609.3261523926933,2183.072215435176,2756.8182784776586,803.0926873251765,1225.0980581583146,1647.1034289914533,2069.1087998245916,2491.1141706577296
.SOX,2020-07-10,2069.79,31.36147,24.68269,21.11837,22.812882786885247,LSEG,65.99786298282574,90.7289981426586,989.9679447423861,1319.9572596565147,1649.9465745706434,1979.9358894847721,2309.925204398901,2639.9145193130294,1360.934972139879,1814.579962853172,2268.224953566465,2721.869944279758,3175.5149349930507,3629.159925706344,460.4292811788123,1032.4301999889894,1604.4311187991664,2176.4320376093433,2748.4329564195205,803.3617161300147,1225.5084549550952,1647.6551937801758,2069.8019326052563,2491.9486714303366
.SOX,2020-07-17,2068.99,30.9519,24.35506,20.98458,22.52247661202186,LSEG,66.84533098129678,91.86334325664842,1002.6799647194517,1336.9066196259357,1671.1332745324196,2005.3599294389035,2339.5865843453876,2673.8132392518714,1377.9501488497262,1837.2668651329684,2296.5835814162106,2755.9002976994525,3215.217013982695,3674.533730265937,466.3415799067213,1045.687470991437,1625.0333620761528,2204.3792531608688,2783.7251442455845,813.4057974724063,1240.8304529545187,1668.2551084366314,2095.679763918744,2523.1044194008564
.SOX,2020-07-24,2038.71,30.43947,23.713,20.71949,22.02812825136612,LSEG,66.97587047343465,92.55030553372437,1004.6380571015198,1339.5174094686931,1674.3967618358663,2009.2761142030397,2344.155466570213,2679.0348189373863,1388.2545830058655,1851.0061106744874,2313.757638343109,2776.509166011731,3239.260693680353,3702.012221348975,467.2522791599096,1047.729550960139,1628.2068227603684,2208.6840945605977,2789.1613663608273,819.4885185993448,1250.1094937907026,1680.7304689820605,2111.3514441734187,2541.972419364776
.SOX,2020-07-31,2136.41,31.96062,24.80663,21.70928,23.00407385245901,LSEG,66.84507371884526,92.87094162982916,1002.6761057826789,1336.901474376905,1671.1268429711315,2005.3522115653577,2339.577580159584,2673.80294875381,1393.0641244474375,1857.4188325965833,2321.773540745729,2786.128248894875,3250.4829570440206,3714.8376651931667,466.33978513397744,1045.6834465350034,1625.0271079360296,2204.3707693370557,2783.714430738082,822.3275972808372,1254.440438194193,1686.5532791075486,2118.6661200209046,2550.77896093426
.SOX,2020-08-07,2178.86,32.06014,25.37561,22.26201,23.504047158469945,LSEG,67.96164957483032,92.70148180479734,1019.4247436224548,1359.2329914966062,1699.041239370758,2038.8494872449096,2378.6577351190613,2718.4659829932125,1390.52222707196,1854.029636095947,2317.5370451199333,2781.04445414392,3244.551863167907,3708.059272191894,474.1294952172661,1063.1504762568222,1652.1714572963783,2241.192438335934,2830.2134193754905,820.8271118942511,1252.1514847988828,1683.475857703515,2114.8002306081466,2546.1246035127783
.SOX,2020-08-14,2200.81,32.1061,25.83784,22.43098,23.72484213114754,LSEG,68.54803292832203,92.76394708273448,1028.2204939248304,1370.9606585664405,1713.7008232080507,2056.440987849661,2399.181152491271,2741.921317132881,1391.4592062410172,1855.2789416546896,2319.0986770683617,2782.9184124820345,3246.738147895707,3710.557883309379,478.22035594731227,1072.3234987692815,1666.4266415912507,2260.5297844132197,2854.632927235189,821.3802119384421,1252.995225254748,1684.6102385710542,2116.22525188736,2547.840265203666
.SOX,2020-08-21,2198.33,32.27586,26.1983,22.73878,23.986475737704914,LSEG,68.11065607546941,91.64872839340848,1021.6598411320412,1362.2131215093882,1702.7664018867351,2043.3196822640823,2383.8729626414292,2724.4262430187764,1374.7309259011272,1832.9745678681695,2291.218209835212,2749.4618518022544,3207.7054937692965,3665.949135736339,475.16902820938856,1065.4814428109137,1655.7938574124387,2246.1062720139635,2836.4186866154887,811.5054859031288,1237.9315745932033,1664.357663283278,2090.7837519733525,2517.209840663427
.SOX,2020-08-28,2264.14,33.30063,26.98225,23.41712,24.634719043715847,LSEG,67.99090587775666,91.90849694620596,1019.8635881663499,1359.818117555133,1699.7726469439165,2039.7271763326999,2379.681705721483,2719.636235110266,1378.6274541930893,1838.1699389241192,2297.712423655149,2757.2549083861786,3216.7973931172087,3676.3398778482383,474.3335996824339,1063.6081439647758,1652.8826882471176,2242.1572325294596,2831.4317768118017,813.8056117134444,1241.440359703827,1669.07510769421,2096.7098556845926,2524.344603674975
.SOX,2020-09-04,2212.73,32.42638,26.30822,22.84098,23.95883333333333,LSEG,68.23857612228068,92.3554986678539,1023.5786418342102,1364.7715224456135,1705.9644030570169,2047.1572836684204,2388.3501642798237,2729.543044891227,1385.3324800178084,1847.109973357078,2308.8874666963475,2770.664960035617,3232.442453374886,3694.219946714156,476.06145309316094,1067.4825457791464,1658.9036384651322,2250.3247311511177,2841.745823837103,817.7635973362054,1247.4781690092675,1677.1927406823295,2106.9073123553917,2536.6218840284537
.SOX,2020-09-11,2136.37,31.2058,25.1388,21.65554,22.711938524590163,LSEG,68.46067077274097,94.0637452715433,1026.9100615911145,1369.2134154548194,1711.5167693185242,2053.820123182229,2396.123477045934,2738.4268309096387,1410.9561790731495,1881.274905430866,2351.5936317885826,2821.912358146299,3292.2310845040156,3762.549810861732,477.6108802358504,1070.9568586436535,1664.3028370514567,2257.64881545926,2850.994793867063,832.8893008180776,1270.5520560666116,1708.2148113151457,2145.87756656368,2583.5403218122137
.SOX,2020-09-18,2160.97,31.80278,24.92045,21.38333,22.388413278688525,LSEG,67.9490912429668,96.52180228676687,1019.236368644502,1358.981824859336,1698.7272810741702,2038.472737289004,2378.218193503838,2717.963649718672,1447.827034301503,1930.4360457353373,2413.0450571691717,2895.654068603006,3378.2630800368406,3860.8720914706746,474.04188293027084,1062.9540213946284,1651.8661598589858,2240.7782983233433,2829.690436787701,854.6542154817497,1303.7538957935492,1752.8535761053488,2201.9532564171486,2651.0529367289478
.SOX,2020-09-25,2177.84,32.33291,24.76983,21.29494,22.21588079234973,LSEG,67.35675817611221,98.0307744876792,1010.3513726416832,1347.135163522244,1683.9189544028052,2020.7027452833663,2357.486536163927,2694.270327044488,1470.461617315188,1960.615489753584,2450.76936219198,2940.923234630376,3431.077107068772,3921.230979507168,469.90951445856336,1053.6879252055455,1637.4663359525275,2221.2447466995095,2805.023157446492,868.015439806208,1324.1361134788206,1780.2567871514334,2236.3774608240465,2692.4981344966586
.SOX,2020-10-02,2221.12,32.76042,25.64212,21.61302,22.603782295081967,LSEG,67.79888658326114,98.26320086631084,1016.983298748917,1355.9777316652228,1694.9721645815284,2033.966597497834,2372.9610304141397,2711.9554633304456,1473.9480129946626,1965.2640173262168,2456.580021657771,2947.896025989325,3439.2120303208794,3930.5280346524337,472.99399106874216,1060.6043115729701,1648.2146320771983,2235.8249525814263,2823.4352730856544,870.0734637922967,1327.2755782364916,1784.4776926806867,2241.679807124882,2698.8819215690764
.SOX,2020-10-09,2398.04,35.16427,27.46415,23.19222,24.16099101092896,LSEG,68.19535852727783,99.25255130947538,1022.9303779091675,1363.9071705455567,1704.8839631819458,2045.860755818335,2386.837548454724,2727.8143410911134,1488.7882696421307,1985.0510261895076,2481.3137827368846,2977.5765392842613,3473.839295831638,3970.1020523790153,475.7599486913197,1066.8064761575674,1657.853003623815,2248.8995310900627,2839.9460585563106,878.8336869419554,1340.6390822741455,1802.4444776063358,2264.249872938526,2726.055268270716
.SOX,2020-10-16,2399.76,34.80782,27.31626,23.1242,23.994682404371584,LSEG,68.94312829703212,100.01215934255453,1034.1469244554817,1378.8625659406423,1723.578207425803,2068.2938489109633,2413.009490396124,2757.7251318812846,1500.182390138318,2000.2431868510905,2500.3039835638633,3000.364780276636,3500.4255769894085,4000.486373702181,480.976709992588,1078.5041290517836,1676.0315481109792,2273.5589671701746,2871.0863862293704,885.5596513583274,1350.8993748602775,1816.2390983622277,2281.578821864178,2746.918545366128
.SOX,2020-10-23,2360.23,34.1991,26.27017,22.49879,23.20978786885246,LSEG,69.01438926755382,101.6911491538201,1035.2158390133075,1380.2877853510765,1725.3597316888456,2070.431678026615,2415.503624364384,2760.575570702153,1525.3672373073016,2033.8229830764021,2542.278728845503,3050.734474614603,3559.1902203837035,4067.6459661528042,481.47385695993677,1079.6188920868576,1677.7639272137785,2275.9089623406994,2874.0539974676203,900.4262999905792,1373.5780801431697,1846.7298602957603,2319.881640448351,2793.0334206009416
.SOX,2020-10-30,2246.15,32.07516,24.65019,21.01358,21.629617759562844,LSEG,70.02770991633402,103.8460330167849,1050.4156487450102,1400.5541983266803,1750.6927479083504,2100.8312974900205,2450.9698470716908,2801.1083966533606,1557.6904952517734,2076.920660335698,2596.1508254196224,3115.380990503547,3634.6111555874713,4153.841320671396,488.54321461539485,1095.4706605046524,1702.3981063939102,2309.325552283168,2916.2529981724256,919.5067619558957,1402.6848535846368,1885.862945213378,2369.0410368421194,2852.21912847086
.SOX,2020-11-06,2529.27,34.66288,27.46633,23.24043,23.87546961748634,LSEG,72.96768185447948,105.93592672822521,1094.5152278171922,1459.3536370895895,1824.192046361987,2189.0304556343845,2553.8688649067817,2918.707274179179,1589.0389009233782,2118.7185345645044,2648.39816820563,3178.0778018467563,3707.7574354878825,4237.437069129009,509.05371457686255,1141.4617832301171,1773.8698518833717,2406.277920536626,3038.6859891898807,938.0117673336925,1430.9137822155965,1923.8157970975005,2416.717811979405,2909.6198268613084
.SOX,2020-11-13,2508.82,33.79754,27.37226,22.73603,23.344060163934422,LSEG,74.23084638704475,107.47145022681273,1113.4626958056713,1484.6169277408949,1855.7711596761187,2226.9253916113425,2598.0796235465664,2969.2338554817898,1612.071753402191,2149.4290045362545,2686.7862556703185,3224.143506804382,3761.5007579384455,4298.858009072509,517.8660898789377,1161.2219565453458,1804.577823211754,2447.933689878162,3091.2895565445706,951.6080906507825,1451.6546376071922,1951.701184563602,2451.747731520012,2951.7942784764214
.SOX,2020-11-20,2555.5,34.17419,27.84436,23.03958,23.57782038251366,LSEG,74.77865605592993,108.38576079302352,1121.6798408389488,1495.5731211185985,1869.4664013982483,2243.3596816778977,2617.2529619575475,2991.146242237197,1625.7864118953528,2167.7152158604704,2709.644019825588,3251.5728237907056,3793.5016277558234,4335.430431720941,521.6878441095746,1169.7915559299533,1817.895267750332,2465.9989795707106,3114.1026913910896,959.7038717194985,1464.00455166206,1968.305231604622,2472.6059115471835,2976.906591489745
.SOX,2020-11-27,2631.56,34.97883,28.79453,23.61892,24.0997143715847,LSEG,75.23293374878462,109.19465514922446,1128.4940062317692,1504.6586749756923,1880.8233437196154,2256.9880124635383,2633.1526812074617,3009.3173499513846,1637.919827238367,2183.8931029844894,2729.8663787306114,3275.839654476734,3821.8129302228563,4367.786205968979,524.8570793260403,1176.8979982916787,1828.9389172573171,2480.9798362229553,3133.0207551885937,966.8662428628863,1474.9305719310264,1982.994900999167,2491.0592300673075,2999.1235591354475
.SOX,2020-12-04,2793.03,37.03766,30.43909,24.90746,25.31553106557377,LSEG,75.41054159469037,110.32871452569297,1131.1581239203556,1508.2108318938074,1885.2635398672594,2262.316247840711,2639.368955814163,3016.4216637876148,1654.9307178853946,2206.5742905138595,2758.2178631423244,3309.8614357707893,3861.505008399254,4413.148581027719,526.0961475189512,1179.6763867967097,1833.2566260744682,2486.8368653522266,3140.4171046299853,976.9077941367201,1490.2487103733579,2003.5896266099958,2516.9305428466337,3030.271459083271
.SOX,2020-12-11,2704.08,35.67869,30.365,23.86494,24.22013453551913,LSEG,75.78977815609261,111.64595291716621,1136.8466723413892,1515.7955631218522,1894.7444539023152,2273.6933446827784,2652.6422354632414,3031.5911262437044,1674.6892937574933,2232.919058343324,2791.1488229291554,3349.3785875149865,3907.6083521008172,4465.838116686648,528.7418637508327,1185.6089315979486,1842.4759994450646,2499.343067292181,3156.2101351392967,988.5713076372482,1508.041112130111,2027.5109166229743,2546.9807211158372,3066.4505256087004
.SOX,2020-12-18,2764.74,36.60663,30.74834,24.4234,24.64805633879781,LSEG,75.52566297416614,112.16868226839048,1132.884944612492,1510.5132594833228,1888.1415743541534,2265.769889224984,2643.398204095815,3021.0265189666457,1682.5302340258572,2243.37364536781,2804.217056709762,3365.0604680517145,3925.903879393667,4486.74729073562,526.8992834328236,1181.4772752416295,1836.0552670504355,2490.6332588592413,3145.2112506680473,993.1998250602088,1515.1018011346482,2037.0037772090877,2558.9057532835272,3080.8077293579668
.SOX,2020-12-24,2750.24,36.2918,31.61358,24.20156,24.343319945355194,LSEG,75.78130596994362,112.97719481868606,1136.7195895491543,1515.6261193988723,1894.5326492485904,2273.4391790983086,2652.3457089480266,3031.2522387977447,1694.657922280291,2259.543896373721,2824.4298704671514,3389.315844560582,3954.201818654012,4519.087792747442,528.6827581616168,1185.476397899965,1842.270037638313,2499.063677376661,3155.857317115009,1000.3588154956242,1526.022664217106,2051.686512938588,2577.3503616600697,3103.0142103815515
.SOX,2020-12-31,2795.5,36.76518,32.00896,24.47751,24.47751,LSEG,76.03661943175581,114.20687806888854,1140.5492914763372,1520.7323886351162,1900.9154857938952,2281.0985829526744,2661.281680111453,3041.4647772702324,1713.1031710333282,2284.137561377771,2855.1719517222136,3426.2063420666564,3997.240732411099,4568.275122755542,530.4639339207175,1189.4703655305113,1848.476797140305,2507.4832287500985,3166.4896603598927,1011.2470702587342,1542.6324279187868,2074.0177855788397,2605.4031432388924,3136.788500898945
.SOX,2021-01-08,2936.47,38.53794,25.39844,,25.39844,LSEG,76.19685951039416,115.61615595288528,1142.9528926559124,1523.9371902078833,1904.921487759854,2285.9057853118247,2666.8900828637957,3047.8743804157666,1734.2423392932792,2312.3231190577058,2890.403898822132,3468.4846785865584,4046.565458350985,4624.6462381154115,531.5818371510493,1191.9770633076482,1852.3722894642474,2512.767515620846,3173.1627417774457,1023.7255492739166,1561.668039438531,2099.610529603145,2637.55301976776,3175.495509932374
.SOX,2021-01-15,2992.77,38.99778,25.56465,,25.56465,LSEG,76.74206070191688,117.06673081775028,1151.1309105287532,1534.8412140383377,1918.551517547922,2302.2618210575065,2685.9721245670908,3069.6824280766755,1756.0009622662542,2341.334616355006,2926.668270443757,3512.0019245325084,4097.33557862126,4682.669232710012,535.3853935294726,1200.505857267909,1865.6263210063455,2530.7467847447815,3195.867248483218,1036.5696932264452,1581.2614637882878,2125.95323435013,2670.645004911973,3215.336775473815
.SOX,2021-01-22,3074.4,40.37565,26.37516,19.79373,25.97847106849316,LSEG,76.14490416872546,118.34414703984062,1142.173562530882,1522.8980833745093,1903.6226042181365,2284.347125061764,2665.071645905391,3045.7961667490185,1775.1622055976093,2366.8829407968124,2958.6036759960157,3550.3244111952185,4142.045146394422,4733.765881593625,531.2193744964002,1191.1643057217932,1851.1092369471864,2511.0541681725795,3170.9990993979723,1047.8806005372173,1598.5159735119264,2149.1513464866357,2699.786719461345,3250.4220924360543
.SOX,2021-01-29,2887.08,34.95815,23.89918,20.18463,23.60405136986301,LSEG,82.5867501569734,122.31290106774392,1238.8012523546008,1651.7350031394678,2064.668753924335,2477.6025047092016,2890.536255494069,3303.4700062789357,1834.6935160161588,2446.2580213548786,3057.822526693598,3669.3870320323176,4280.951537371037,4892.516042709757,576.1604435520064,1291.936604116906,2007.7127646818055,2723.488925246705,3439.265085811605,1083.0220119054006,1652.1233285626793,2221.224645219958,2790.3259618772368,3359.427278534515
.SOX,2021-02-05,2985.01,36.18427,24.259,20.99158,23.93673391780822,LSEG,82.49468622691575,124.70414761887132,1237.4202934037362,1649.893724538315,2062.3671556728937,2474.8405868074724,2887.314017942051,3299.78744907663,1870.5622142830698,2494.0829523774264,3117.603690471783,3741.1244285661396,4364.645166660496,4988.165904754853,575.5181662535738,1290.4964123072723,2005.474658360971,2720.4529044146693,3435.4311504683683,1104.1953519877316,1684.4227358776486,2264.6501197675657,2844.877503657483,3425.1048875474
.SOX,2021-02-12,3219.87,39.11852,26.20707,22.55398,25.77670597260274,LSEG,82.31062933873777,124.91394375302646,1234.6594400810666,1646.2125867747554,2057.765733468444,2469.318880162133,2880.872026855822,3292.425173549511,1873.709156295397,2498.278875060529,3122.8485938256613,3747.418312590794,4371.988031355926,4996.557750121058,574.2341067872567,1287.6171389295814,2001.0001710719064,2714.383203214231,3427.766235356556,1106.0529960246172,1687.2565259721866,2268.460055919756,2849.6635858673258,3430.867115814895
.SOX,2021-02-19,3223.46,38.74213,25.8778,22.38312,25.399076712328768,LSEG,83.20296276947086,126.9124872730246,1248.044441542063,1664.059255389417,2080.0740692367713,2496.088883084126,2912.10369693148,3328.118510778834,1903.6873090953688,2538.249745460492,3172.812181825615,3807.3746181907377,4441.93705455586,5076.499490920984,580.4594059335514,1301.5762573117686,2022.6931086899856,2743.8099600682026,3464.92681144642,1123.7491393178752,1714.2515554720424,2304.75397162621,2895.2563877803773,3485.758803934544
.SOX,2021-02-26,3067.62,36.56043,24.25718,22.34251,23.958176739726028,LSEG,83.90546828907647,128.04062818826503,1258.582024336147,1678.1093657815293,2097.6367072269118,2517.164048672294,2936.6913901176763,3356.2187315630586,1920.6094228239754,2560.8125637653006,3201.015704706626,3841.2188456479507,4481.4219865892765,5121.625127530601,585.3603844925136,1312.5658239631694,2039.7712634338252,2766.976702904481,3494.1821423751367,1133.7382854592113,1729.4897511791532,2325.2412168990954,2920.9926826190376,3516.7441483389794
.SOX,2021-03-05,2920.75,34.99605,22.86898,21.037,22.547756109589045,LSEG,83.45941899157191,129.53617139569252,1251.8912848735786,1669.1883798314382,2086.4854747892978,2503.782569747157,2921.079664705017,3338.3767596628763,1943.0425709353879,2590.72342791385,3238.404284892313,3886.0851418707757,4533.765998849238,5181.4468558277,582.2485540765231,1305.5881015852885,2028.927649094054,2752.2671966028192,3475.606744111585,1146.980602494129,1749.6905787312357,2352.4005549683425,2955.1105312054497,3557.820507442556
.SOX,2021-03-12,2965.09,35.37749,23.19076,21.41247,22.844846054794523,LSEG,83.81289910618305,129.79251393894629,1257.1934865927458,1676.2579821236611,2095.3224776545762,2514.3869731854916,2933.451468716407,3352.5159642473222,1946.8877090841943,2595.8502787789257,3244.812848473657,3893.7754181683886,4542.73798786312,5191.700557557851,584.714582334495,1311.1177282872181,2037.520874239941,2763.9240201926636,3490.327166145387,1149.2503926348916,1753.1530875272463,2357.055782419601,2960.958477311956,3564.86117220431
.SOX,2021-03-19,3011.37,35.80488,23.44643,21.63373,23.059058493150687,LSEG,84.1050158525877,130.59379683235886,1261.5752377888155,1682.100317051754,2102.6253963146924,2523.150475577631,2943.6755548405695,3364.200634103508,1958.906952485383,2611.8759366471772,3264.8449208089714,3917.813904970766,4570.78288913256,5223.7518732943545,586.7525135263336,1315.6874239906858,2044.6223344550383,2773.5572449193905,3502.492155383743,1156.3453679298395,1763.9762970940924,2371.6072262583452,2979.2381554225985,3586.869084586851
.SOX,2021-03-26,3106.28,36.94728,24.32509,22.42284,23.8821002739726,LSEG,84.07330661418108,130.0672873978891,1261.0995992127162,1681.4661322836216,2101.832665354527,2522.1991984254323,2942.565731496338,3362.9322645672432,1951.0093109683364,2601.345747957782,3251.682184947227,3902.018621936673,4552.3550589261185,5202.691495915564,586.5312963355575,1315.1913840604511,2043.8514717853448,2772.5115595102384,3501.1716472351322,1151.683379684701,1756.8645491770508,2362.0457186694007,2967.2268881617506,3572.4080576541
.SOX,2021-04-01,3240.17,38.46106,25.35884,23.30446,24.846652109589044,LSEG,84.24546801362209,130.40670371641434,1263.6820202043314,1684.9093602724417,2106.136700340552,2527.3640404086627,2948.591380476773,3369.8187205448835,1956.1005557462152,2608.1340743282867,3260.1675929103585,3912.2011114924303,4564.234630074502,5216.268148656573,587.7323677916437,1317.8845716883827,2048.0367755851216,2778.1889794818603,3508.3411833785995,1154.6887482186314,1761.449164643083,2368.2095810675346,2974.969997491986,3581.730413916437
.SOX,2021-04-09,3294.53,39.01852,25.39111,23.46286,24.86810520547945,LSEG,84.43503238974722,132.480137621184,1266.5254858462083,1688.7006477949444,2110.8758097436803,2533.0509716924166,2955.226133641153,3377.401295589889,1987.2020643177602,2649.60275242368,3312.0034405296005,3974.4041286355205,4636.804816741441,5299.20550484736,589.0548498462387,1320.8500008387869,2052.645151831335,2784.4403028238835,3516.235453816432,1173.0480099113354,1789.4557648822963,2405.8635198532575,3022.271274824219,3638.6790297951798
.SOX,2021-04-16,3253.08,38.61484,25.13149,23.14705,24.555186876712327,LSEG,84.24429571636189,132.48036011019568,1263.6644357454284,1684.8859143272377,2106.107392909047,2527.3288714908567,2948.5503500726663,3369.7718286544755,1987.205401652935,2649.6072022039134,3312.0090027548918,3974.41080330587,4636.812603856849,5299.214404407827,587.7241893452449,1317.866232987096,2048.0082766289474,2778.1503202707986,3508.2923639126498,1173.0499799447082,1789.458770119547,2405.867560294386,3022.276350469225,3638.6851406440633
.SOX,2021-04-23,3196.98,37.98097,24.39761,22.61331,23.845210273972604,LSEG,84.17320568695324,134.07220834993225,1262.5980853042986,1683.4641137390647,2104.330142173831,2525.196170608597,2946.0621990433633,3366.9282274781294,2011.0831252489838,2681.444166998645,3351.8052087483065,4022.1662504979677,4692.527292247629,5362.88833399729,587.2282349361132,1316.7541440502362,2046.2800531643593,2775.805962278482,3505.3318713926055,1187.1450318010347,1810.9604235791737,2434.7758153573127,3058.591207135452,3682.4065989135906
.SOX,2021-04-30,3108.99,34.04252,23.02403,21.40301,22.49109191780822,LSEG,91.32667029350353,138.23206144732941,1369.900054402553,1826.5334058700705,2283.166757337588,2739.800108805106,3196.4334602726235,3653.066811740141,2073.4809217099414,2764.6412289465884,3455.8015361832354,4146.961843419883,4838.12215065653,5529.282457893177,637.1338594195773,1428.6585688386076,2220.183278257638,3011.7079876766684,3803.2326970956988,1223.9785336756959,1867.1490209029926,2510.3195081302897,3153.489995357587,3796.660482584883
.SOX,2021-05-07,3112.03,33.4555,22.81687,20.94766,22.16648734246576,LSEG,93.01998176682459,140.39346658403946,1395.2997265023687,1860.3996353364917,2325.4995441706146,2790.5994530047374,3255.6993618388606,3720.7992706729833,2105.901998760592,2807.8693316807894,3509.8366646009863,4211.803997521184,4913.771330441381,5615.738663361579,648.9471235047483,1455.1476977896382,2261.348272074528,3067.548846359418,3873.7494206443075,1243.1167383889165,1896.3438794801439,2549.5710205713717,3202.7981616625993,3856.0253027538265
.SOX,2021-05-14,2981.42,32.01669,21.81462,20.03116,21.159870301369864,LSEG,93.12080667926635,140.899729418804,1396.8121001889954,1862.416133585327,2328.020166981659,2793.6242003779907,3259.2282337743222,3724.832267170654,2113.49594128206,2817.9945883760797,3522.4932354700995,4226.99188256412,4931.490529658139,5635.989176752159,649.6505211582838,1456.7249410489117,2263.79936093954,3070.8737808301676,3877.9482007207957,1247.5994527148234,1903.182149461456,2558.764846208089,3214.3475429547216,3869.930239701354
.SOX,2021-05-21,3052.1,32.4117,22.34398,20.40477,21.594860520547943,LSEG,94.16661267381839,141.3345549092973,1412.4991901072758,1883.332253476368,2354.16531684546,2824.9983802145516,3295.8314435836437,3766.664506952736,2120.0183236394596,2826.6910981859464,3533.363872732433,4240.036647278919,4946.709421825406,5653.382196371893,656.9465104609889,1473.0848903458461,2289.2232702307033,3105.36165011556,3921.5000300004176,1251.4496236569794,1909.0554901346516,2566.661356612324,3224.2672230899966,3881.8730895676686
.SOX,2021-05-28,3186.56,33.58807,23.21587,21.20542,22.40067383561644,LSEG,94.8717803672554,142.2528636140159,1423.0767055088309,1897.4356073451079,2371.794509181385,2846.1534110176617,3320.512312853939,3794.8712146902158,2133.7929542102383,2845.057272280318,3556.3215903503974,4267.585908420477,4978.850226490556,5690.114544560636,661.8660614816667,1484.1161024163096,2306.3661433509524,3128.616184285595,3950.866225220238,1259.5808063225245,1921.459408451064,2583.338010579604,3245.216612708144,3907.0952148366837
.SOX,2021-06-04,3214.14,33.68152,23.46724,21.43754,22.60531260273973,LSEG,95.42740351385567,142.18516047464217,1431.411052707835,1908.5480702771133,2385.6850878463915,2862.82210541567,3339.9591229849484,3817.0961405542266,2132.7774071196327,2843.7032094928436,3554.6290118660545,4265.554814239265,4976.480616612476,5687.406418985687,665.7423258701372,1492.8079310670691,2319.873536264001,3146.9391414609327,3974.004746657865,1258.9813275302076,1920.5449183604865,2582.1085091907657,3243.6721000210446,3905.235690851323
.SOX,2021-06-11,3210.06,33.5513,23.39654,21.41082,22.515206739726032,LSEG,95.67617350147387,142.5729746614381,1435.142602522108,1913.5234700294773,2391.904337536847,2870.285205044216,3348.6660725515853,3827.0469400589545,2138.594619921572,2851.4594932287623,3564.324366535953,4277.189239843144,4990.054113150334,5702.918986457525,667.4778515584115,1496.6995365897321,2325.9212216210526,3155.142906652373,3984.3645916836936,1262.415235950028,1925.7832608375263,2589.1512857250245,3252.519310612523,3915.887335500021
.SOX,2021-06-18,3152.81,33.02869,23.05329,21.15766,22.17558734246576,LSEG,95.4567074867335,142.17481374044323,1431.8506123010027,1909.1341497346702,2386.4176871683376,2863.7012246020054,3340.9847620356727,3818.2682994693405,2132.6222061066483,2843.4962748088647,3554.3703435110806,4265.2444122132965,4976.118480915513,5686.992549617729,665.9467629012473,1493.2663444945858,2320.5859260879242,3147.905507681263,3975.2250892746015,1258.8897121667344,1920.4051613864037,2581.9206106060733,3243.4360598257426,3904.9515090454115
.SOX,2021-06-25,3241.484,33.93694,23.68133,21.72522,22.73810983561644,LSEG,95.5149167838939,142.55731999863136,1432.7237517584085,1910.298335677878,2387.8729195973474,2865.447503516817,3343.0220874362863,3820.596671355756,2138.35979997947,2851.146399972627,3563.932999965784,4276.71959995894,4989.506199952098,5702.292799945254,666.3528558205962,1494.1769351348337,2322.001014449071,3149.8250937633084,3977.649173077546,1262.2766214272701,1925.5718078068317,2588.8669941863936,3252.1621805659556,3915.457366945517
.SOX,2021-07-02,3315.833,34.52362,24.23094,22.28686,23.25623687671233,LSEG,96.04534518686047,142.57822611534866,1440.680177802907,1920.9069037372094,2401.1336296715117,2881.360355605814,3361.5870815401167,3841.813807474419,2138.67339173023,2851.5645223069732,3564.4556528837165,4277.34678346046,4990.237914037203,5703.1290446139465,670.0533509162977,1502.4746326269044,2334.8959143375114,3167.3171960481177,3999.738477758725,1262.4617350529845,1925.8541940705602,2589.246653088136,3252.6391121057122,3916.0315711232874
.SOX,2021-07-09,3278.39,34.0539,23.87539,21.9487,22.872455479452054,LSEG,96.27061804962133,143.3335394595132,1444.05927074432,1925.4123609924268,2406.7654512405334,2888.11854148864,3369.4716317367465,3850.8247219848536,2150.0030918926977,2866.670789190264,3583.33848648783,4300.0061837853955,5016.673881082962,5733.341578380528,671.6249506254742,1505.9986635006437,2340.372376375813,3174.7460892509825,4009.119802126152,1269.14967206106,1936.0564767846115,2602.963281508163,3269.8700862317146,3936.776890955266
.SOX,2021-07-16,3145.448,32.4891,22.81993,20.96214,21.817232383561645,LSEG,96.81548580908674,144.17264044773896,1452.232287136301,1936.3097161817348,2420.3871452271683,2904.464574272602,3388.5420033180358,3872.6194323634695,2162.5896067160843,2883.4528089547794,3604.316011193474,4325.179213432169,5046.042415670863,5766.905617909559,675.4261808394501,1514.5222414537482,2353.618302068046,3192.7143626823436,4031.810423296642,1276.5795084276815,1947.3905086452407,2618.2015088628,3289.0125090803595,3959.8235092979185
.SOX,2021-07-23,3280.062,31.40596,22.46186,20.5964,21.419246739726027,LSEG,104.44074946284081,153.13619754501016,1566.6112419426122,2088.8149892568163,2611.0187365710203,3133.2224838852244,3655.4262311994285,4177.6299785136325,2297.0429631751526,3062.7239509002034,3828.404938625254,4594.085926350305,5359.766914075356,6125.447901800407,728.6232769910413,1633.8072019541014,2538.991126917161,3444.1750518802214,4349.358976843281,1355.947502781269,2068.4644236454524,2780.981344509636,3493.49826537382,4206.015186238003
.SOX,2021-07-30,3356.526,30.20847,22.6033,20.64224,21.469646136986302,LSEG,111.1120821412008,156.3382078392819,1666.681232118012,2222.241642824016,2777.80205353002,3333.362464236024,3888.922874942028,4444.483285648032,2345.0731175892283,3126.764156785638,3908.4551959820474,4690.146235178457,5471.837274374866,6253.528313571276,775.165343215236,1738.169449760589,2701.173556305942,3664.177662851295,4627.181769396648,1384.299766530808,2111.7151016956295,2839.1304368604515,3566.545772025273,4293.9611071900945
.SOX,2021-08-06,3412.049,29.92348,22.65741,20.71319,21.496204630136987,LSEG,114.02580849553594,158.72797355196448,1710.387127433039,2280.516169910719,2850.6452123883987,3420.774254866078,3990.903297343758,4561.032339821438,2380.919603279467,3174.5594710392897,3968.199338799112,4761.839206558934,5555.479074318757,6349.1189420785795,795.4927427740278,1783.7500026264026,2772.0072624787776,3760.2645223311524,4748.521782183528,1405.459994499717,2143.994506805442,2882.5290191111676,3621.063531416893,4359.598043722618
.SOX,2021-08-13,3335.04,29.1005,22.21982,20.15991,20.950012465753424,LSEG,114.60421642239824,159.19035873853176,1719.0632463359736,2292.0843284479647,2865.105410559956,3438.1264926719473,4011.147574783938,4584.168656895929,2387.8553810779763,3183.8071747706354,3979.758968463294,4775.710762155953,5571.662555848611,6367.614349541271,799.5279635214425,1792.7982624429526,2786.0685613644623,3779.3388602859723,4772.609159207483,1409.5541933181553,2150.2401059764284,2890.9260186347014,3631.6119312929745,4372.297843951247
.SOX,2021-08-20,3256.498,27.80134,21.49202,19.59456,20.28596323287672,LSEG,117.13456977253615,160.52962152284258,1757.0185465880422,2342.691395450723,2928.364244313404,3514.0370931760845,4099.709942038766,4685.382790901446,2407.9443228426385,3210.5924304568516,4013.2405380710643,4815.888645685277,5618.536753299491,6421.184860913703,817.1807892566572,1832.3815625265554,2847.5823357964537,3862.7831090663512,4877.98388233625,1421.4127222425163,2168.3299989453653,2915.2472756482152,3662.1645523510647,4409.081829053914
.SOX,2021-08-27,3436.45,29.41106,22.68311,20.69719,21.38274046575342,LSEG,116.8420995367049,160.71139270028624,1752.6314930505735,2336.8419907340976,2921.0524884176225,3505.262986101147,4089.4734837846713,4673.683981468195,2410.6708905042938,3214.227854005725,4017.784817507156,4821.3417810085875,5624.898744510018,6428.45570801145,815.1403919715963,1827.8063370507143,2840.4722821298324,3853.13822720895,4865.804172288068,1423.0222187435634,2170.7852461032157,2918.548273462868,3666.311300822521,4414.074328182173
.SOX,2021-09-03,3430.888,29.05382,22.64673,20.62794,21.28612084931507,LSEG,118.08732896397099,161.17957913925858,1771.3099344595648,2361.7465792794196,2952.183224099275,3542.6198689191297,4133.056513738985,4723.493158558839,2417.6936870888785,3223.5915827851713,4029.4894784814646,4835.387374177757,5641.28526987405,6447.183165570343,823.8276443186613,1847.2859445489003,2870.7442447791395,3894.2025450093784,4917.660845239618,1427.167784866648,2177.109204828669,2927.0506247906906,3676.992044752712,4426.9334647147325
.SOX,2021-09-10,3416.656,28.88972,22.49461,20.45475,21.080679643835616,LSEG,118.26545913217574,162.07522991314437,1773.981886982636,2365.3091826435148,2956.636478304393,3547.963773965272,4139.291069626151,4730.6183652870295,2431.1284486971654,3241.504598262887,4051.8807478286094,4862.256897394331,5672.6330469600525,6483.009196525774,825.0703564550242,1850.072503944491,2875.074651433958,3900.0767989234246,4925.078946412891,1435.0983424335982,2189.207074512607,2943.315806591616,3697.4245386706248,4451.533270749634
.SOX,2021-09-17,3421.156,29.0189,22.61516,20.54971,21.143880547945205,LSEG,117.89406214570505,161.80360044327213,1768.4109321855758,2357.8812429141008,2947.351553642626,3536.8218643711516,4126.292175099677,4715.7624858282015,2427.054006649082,3236.0720088654425,4045.0900110818034,4854.108013298164,5663.126015514525,6472.144017730885,822.4793324463049,1844.2625966582957,2866.0458608702866,3887.829125082277,4909.612389294269,1432.6931938974606,2185.5380798277984,2938.382965758137,3691.2278516884753,4444.072737618813
.SOX,2021-09-24,3453.924,29.27905,22.86992,20.80687,21.360784794520548,LSEG,117.9657126853501,161.69462092450826,1769.4856902802514,2359.314253707002,2949.1428171337525,3538.971380560503,4128.799943987254,4718.628507414004,2425.4193138676237,3233.8924184901653,4042.3655231127063,4850.838627735247,5659.311732357789,6467.7848369803305,822.9791972142508,1845.38345387445,2867.787710534649,3890.191967194848,4912.596223855047,1431.7282325839947,2184.0660551786114,2936.403877773228,3688.7417003678447,4441.079522962461
.SOX,2021-10-01,3261.182,27.17905,22.07963,19.39348,20.06317767123288,LSEG,119.98881491442857,162.54563725844733,1799.8322237164286,2399.7762982885715,2999.720372860714,3599.6644474328573,4199.608522005,4799.552596577143,2438.18455887671,3250.9127451689465,4063.6409314611833,4876.36911775342,5689.0973040456565,6501.825490337893,837.09322247183,1877.0316276874291,2916.9700329030284,3956.908438118627,4996.846843334227,1439.2635736158993,2195.561031800169,2951.858489984439,3708.155948168709,4464.453406352978
.SOX,2021-10-08,3246.274,26.94007,21.95029,19.29715,19.90773564383561,LSEG,120.49983537533495,163.06595878498123,1807.4975306300244,2409.996707506699,3012.495884383374,3614.9950612600487,4217.494238136724,4819.993415013398,2445.9893817747184,3261.319175699625,4076.6489696245308,4891.978763549437,5707.308557474344,6522.63835139925,840.6583194741984,1885.025719205049,2929.3931189358996,3973.7605186667497,5018.1279183976,1443.8707709073144,2202.5891974706396,2961.3076240339656,3720.026050597291,4478.744477160616
.SOX,2021-10-15,3314.407,27.54164,22.2511,19.77141,20.294522684931508,LSEG,120.34167173777597,163.31534628606545,1805.1250760666396,2406.833434755519,3008.541793444399,3610.2501521332792,4211.958510822159,4813.666869511038,2449.7301942909817,3266.306925721309,4082.8836571516363,4899.460388581963,5716.037120012291,6532.613851442618,839.5549023837259,1882.5515040020734,2925.5481056204208,3968.544707238768,5011.541308857116,1446.0789774890445,2205.9577620684577,2965.836546647871,3725.715331227284,4485.594115806697
.SOX,2021-10-22,3370.28,27.45117,22.49892,20.5411,20.916572328767124,LSEG,122.77363769923103,161.12965102627086,1841.6045654884654,2455.472753984621,3069.340942480776,3683.2091309769307,4297.077319473086,4910.945507969242,2416.944765394063,3222.593020525417,4028.2412756567714,4833.889530788126,5639.5377859194805,6445.186041050834,856.5213356722626,1920.5956919571415,2984.6700482420206,4048.7444045268994,5112.818760811779,1426.725695398517,2176.434808264627,2926.143921130737,3675.8530339968474,4425.562146862957
.SOX,2021-10-29,3451.267,26.78662,22.56771,20.72704,21.044744684931505,LSEG,128.84294472389573,163.99662013819452,1932.644170858436,2576.8588944779144,3221.073618097393,3865.288341716872,4509.50306533635,5153.717788955829,2459.949302072918,3279.9324027638904,4099.915503454863,4919.898604145836,5739.881704836808,6559.864805527781,898.8634137990509,2015.5402186746167,3132.217023550182,4248.893828425747,5365.570633301313,1452.1113303443065,2215.159967350293,2978.2086043562795,3741.2572413622665,4504.305878368253
.SOX,2021-11-05,3756.55,28.34233,24.5648,21.75659,22.187438657534244,LSEG,132.54203165371374,169.30976387057544,1988.130474805706,2650.8406330742746,3313.5507913428432,3976.260949611412,4638.971107879981,5301.681266148549,2539.6464580586317,3386.195277411509,4232.744096764386,5079.292916117263,5925.8417354701405,6772.390554823018,924.6698241756604,2073.4064720065235,3222.143119837386,4370.879767668249,5519.616415499112,1499.1566670532993,2286.9264664819857,3074.696265910673,3862.46606533936,4650.235864768046
.SOX,2021-11-12,3794.503,28.78838,24.88186,22.10086,22.4741997260274,LSEG,131.8067567539403,168.8381809477995,1977.1013513091045,2636.1351350788063,3295.1689188485075,3954.202702618209,4613.236486387911,5272.270270157613,2532.572714216992,3376.76361895599,4220.954523694987,5065.145428433984,5909.336333172982,6753.52723791198,919.5402324241882,2061.904281215626,3204.268330007064,4346.632378798501,5488.996427589939,1494.981026696914,2280.5566302564644,3066.1322338160153,3851.707837375566,4637.283440935117
.SOX,2021-11-19,3912.022,29.45682,25.83867,22.72221,23.080816356164384,LSEG,132.8053062075268,169.49235848649624,1992.0795931129019,2656.106124150536,3320.13265518817,3984.1591862258038,4648.185717263438,5312.212248301072,2542.3853772974435,3389.8471697299246,4237.308962162406,5084.770754594887,5932.232547027368,6779.694339459849,926.5065399129013,2077.5249780908184,3228.543416268735,4379.561854446652,5530.58029262457,1500.7734547066975,2289.3928361126564,3078.0122175186157,3866.6315989245754,4655.250980330534
.SOX,2021-11-26,3757.13,28.47092,24.68991,21.80461,22.081282602739726,LSEG,131.96377215769635,170.1499893640162,1979.4565823654452,2639.275443153927,3299.0943039424087,3958.9131647308905,4618.732025519373,5278.550886307854,2552.249840460243,3402.9997872803237,4253.749734100405,5104.499680920486,5955.249627740567,6805.9995745606475,920.6356389452176,2064.3605341513216,3208.0854293574257,4351.810324563529,5495.535219769634,1506.5964603736818,2298.2756874296415,3089.9549144856014,3881.6341415415613,4673.313368597521
.SOX,2021-12-03,3804.536,28.53733,24.85169,21.91121,22.13678106849315,LSEG,133.317868209815,171.8649151486131,1999.768023147225,2666.3573641963003,3332.946705245375,3999.53604629445,4666.125387343525,5332.714728392601,2577.973727229197,3437.2983029722623,4296.622878715328,5155.947454458394,6015.272030201459,6874.5966059445245,930.0823913663725,2085.54318453891,3241.0039777114475,4396.464770883985,5551.9255640565225,1521.7813047955626,2321.43979253019,3121.0982802648177,3920.7567679994454,4720.415255734072
.SOX,2021-12-10,3914.67,29.0564,26.05463,22.30278,22.518639863013696,LSEG,134.72660068005672,173.84131651884303,2020.8990102008509,2694.532013601134,3368.165017001418,4041.7980204017017,4715.431023801985,5389.064027202268,2607.6197477826454,3476.826330376861,4346.032912971075,5215.239495565291,6084.446078159506,6953.652660753722,939.9103107766636,2107.580533632488,3275.2507564883117,4442.920979344136,5610.59120219996,1539.2813899839066,2348.1357402336266,3156.9900904833466,3965.844440733067,4774.698790982787
.SOX,2021-12-17,3761.041,28.00586,25.00309,21.39699,21.53530616438356,LSEG,134.2947868767465,174.645346172057,2014.4218031511978,2685.89573753493,3357.369671918663,4028.8436063023955,4700.317540686128,5371.79147506986,2619.680192580855,3492.90692344114,4366.133654301425,5239.36038516171,6112.587116021995,6985.81384688228,936.8977932484378,2100.8255026184443,3264.7532119884513,4428.680921358457,5592.608630728465,1546.400686518073,2358.9960512501666,3171.59141598226,3984.186780714354,4796.782145446447
.SOX,2021-12-23,3932.388,28.84268,26.47994,22.41441,22.50351750684932,LSEG,136.3392028757383,174.7454814032123,2045.0880431360745,2726.7840575147657,3408.4800718934575,4090.176086272149,4771.87210065084,5453.568115029531,2621.1822210481846,3494.909628064246,4368.637035080307,5242.364442096369,6116.09184911243,6989.819256128492,951.1605124684708,2132.8070960110826,3314.453679553694,4496.100263096306,5677.746846638918,1547.2873359112416,2360.3486129992416,3173.4098900872423,3986.471167175243,4799.532444263243
.SOX,2021-12-31,3946.165,28.96093,26.58231,22.50317,22.50317,LSEG,136.25822789530585,175.36040477852674,2043.8734184295877,2725.164557906117,3406.455697382646,4087.7468368591753,4769.037976335705,5450.329115812234,2630.4060716779013,3507.208095570535,4384.010119463169,5260.812143355803,6137.614167248436,7014.41619114107,950.5955964189362,2131.540372946675,3312.4851494744134,4493.429926002152,5674.374702529891,1552.732187151683,2368.6545990789346,3184.5770110061862,4000.499422933438,4816.421834860689
.SOX,2022-01-07,3796.324,27.74432,21.55051,,21.55051,LSEG,136.83247598066922,176.15935771357616,2052.4871397100383,2736.649519613384,3420.8118995167306,4104.9742794200765,4789.1366593234225,5473.299039226768,2642.390365703642,3523.187154271523,4403.983942839404,5284.780731407284,6165.577519975165,7046.374308543046,954.6017963353027,2140.5235587472403,3326.445321159178,4512.3670835711155,5698.288845983053,1559.8065317840264,2379.446337079554,3199.086142375081,4018.725947670609,4838.365752966136
.SOX,2022-01-14,3900.61,28.63612,22.22987,,22.22987,LSEG,136.21293666879453,175.46706301026504,2043.1940500319179,2724.2587333758906,3405.323416719863,4086.3881000638357,4767.452783407808,5448.517466751781,2632.0059451539755,3509.341260205301,4386.676575256626,5264.011890307951,6141.347205359276,7018.682520410602,950.2796254780022,2130.8318647021424,3311.384103926283,4491.936343150423,5672.4885823745635,1553.676594583075,2370.095269288698,3186.513943994322,4002.932618699945,4819.351293405568
.SOX,2022-01-21,3434.785,25.09956,19.50933,,19.50933,LSEG,136.8464228058181,176.0585832522183,2052.696342087271,2736.9284561163618,3421.1605701454523,4105.392684174542,4789.624798203633,5473.8569122327235,2640.8787487832747,3521.1716650443664,4401.464581305458,5281.757497566549,6162.050413827641,7042.343330088733,954.6990953445099,2140.7417343490993,3326.7843733536884,4512.827012358277,5698.8696513628665,1558.9142223143328,2378.085141023543,3197.256059732754,4016.4269784419644,4835.597897151174
.SOX,2022-01-28,3303.395,23.80471,19.03041,,19.03041,LSEG,138.77064664933957,173.58506726865053,2081.5596997400935,2775.4129329867915,3469.266166233489,4163.119399480187,4856.9726327268845,5550.825865973583,2603.776009029758,3471.7013453730106,4339.626681716263,5207.552018059516,6075.4773544027685,6943.402690746021,968.1233027515025,2170.8431151787695,3373.5629276060367,4576.2827400333035,5779.002552460572,1537.012425908408,2344.6744915797726,3152.336557251137,3959.998622922502,4767.660688593866
.SOX,2022-02-04,3453.074,24.78893,19.65217,,19.65217,LSEG,139.29903388326966,175.70955268553038,2089.485508249045,2785.980677665393,3482.4758470817414,4178.97101649809,4875.466185914438,5571.961355330786,2635.6432902829556,3514.191053710608,4392.73881713826,5271.286580565911,6149.834343993563,7028.382107421216,971.8095577801812,2179.108881870943,3386.4082059617053,4593.707530052467,5801.006854143229,1555.8237242290859,2373.370662529674,3190.917600830263,4008.4645391308513,4826.01147743144
.SOX,2022-02-11,3365.246,23.88261,17.25247,,17.25247,LSEG,140.9077986032515,195.0587944798629,2113.6169790487725,2818.1559720650303,3522.6949650812876,4227.233958097545,4931.772951113803,5636.3119441300605,2925.8819171979435,3901.175889597258,4876.469861996573,5851.763834395887,6827.057806795202,7802.351779194516,983.0329876024442,2204.275413126937,3425.51783865143,4646.760264175923,5868.002689700416,1727.1519700151591,2634.7276696757267,3542.303369336295,4449.879068996863,5357.454768657431
.SOX,2022-02-18,3384.297,23.88584,17.37198,,17.37198,LSEG,141.68632964132723,194.813544570049,2125.2949446199086,2833.7265928265447,3542.1582410331807,4250.589889239817,4959.021537446453,5667.453185653089,2922.203168550735,3896.27089140098,4870.338614251225,5844.40633710147,6818.474059951715,7792.54178280196,988.4643526502774,2216.454276487215,3444.444200324152,4672.434124161089,5900.424047998027,1724.9803998175137,2631.414992976913,3537.8495861363126,4444.284179295712,5350.718772455111
.SOX,2022-02-25,3452.674,24.3487,17.53057,,17.53057,LSEG,141.8011639225092,196.95161081470823,2127.017458837638,2836.023278450184,3545.02909806273,4254.034917675276,4963.040737287822,5672.046556900368,2954.2741622206236,3939.0322162941648,4923.7902703677055,5908.548324441247,6893.306378514788,7878.0644325883295,989.2654856438269,2218.250673742034,3447.2358618402413,4676.221049938448,5905.206238036656,1743.9119498475088,2660.294604939166,3576.6772600308236,4493.0599151224815,5409.442570214138
.SOX,2022-03-04,3258.922,22.67063,,,17.27648152296535,LSEG,143.75083533188095,188.6334318517325,2156.2625299782144,2875.016706637619,3593.770883297024,4312.525059956429,5031.279236615833,5750.033413275238,2829.5014777759875,3772.6686370346497,4715.835796293312,5659.002955551975,6602.170114810638,7545.337274069299,1002.8672261393565,2248.750140726507,3494.6330553136586,4740.515969900809,5986.3988844879605,1670.2584690026586,2547.9380391482846,3425.6176092939113,4303.297179439538,5180.976749585164
.SOX,2022-03-11,3144.146,21.87312,,,17.022393045930702,LSEG,143.74474240529014,184.70646233560126,2156.171136079352,2874.894848105803,3593.6185601322536,4312.342272158704,5031.065984185155,5749.789696211606,2770.5969350340188,3694.129246712025,4617.661558390031,5541.1938700680375,6464.726181746044,7388.25849342405,1002.8247192810478,2248.6548267097446,3494.484934138441,4740.315041567137,5986.1451489958345,1635.4870394238926,2494.895082178753,3354.303124933614,4213.711167688475,5073.119210443336
.SOX,2022-03-18,3432.298,23.85976,,,16.768304568896053,LSEG,143.8529976831284,204.68962654499103,2157.794965246926,2877.0599536625678,3596.32494207821,4315.589930493852,5034.854918909494,5754.1199073251355,3070.3443981748655,4093.7925308998206,5117.240663624776,6140.688796349731,7164.136929074686,8187.585061799641,1003.5799543372473,2250.348306060394,3497.1166577835406,4743.885009506686,5990.6533612298335,1812.4283638251723,2764.814702109493,3717.2010403938143,4669.587378678136,5621.973716962456
.SOX,2022-03-25,3525.337,24.40851,,,16.514216091861403,LSEG,144.43065144082945,213.47286364609033,2166.4597716124417,2888.613028816589,3610.766286020736,4332.9195432248835,5055.07280042903,5777.226057633178,3202.092954691355,4269.457272921807,5336.821591152258,6404.18590938271,7471.550227613162,8538.914545843614,1007.6099136784725,2259.384768115883,3511.159622553294,4762.934476990705,6014.709331428116,1890.1997111911069,2883.4529715671556,3876.7062319432043,4869.959492319253,5863.212752695301
.SOX,2022-04-01,3366.637,22.93588,,,16.260127614826754,LSEG,146.78473204429042,207.04862100406527,2201.770980664356,2935.6946408858084,3669.618301107261,4403.541961328712,5137.4656215501645,5871.389281771617,3105.729315060979,4140.972420081305,5176.215525101632,6211.458630121958,7246.701735142285,8281.94484016261,1024.0329854432443,2296.2105651701586,3568.3881448970733,4840.565724623987,6112.743304350902,1833.3161271178215,2796.678469085538,3760.0408110532553,4723.403153020972,5686.765494988688
.SOX,2022-04-08,3120.161,21.3432,,,16.006039137792104,LSEG,146.1899340305109,194.9364844818441,2192.8490104576636,2923.798680610218,3654.7483507627726,4385.698020915327,5116.647691067881,5847.597361220436,2924.0472672276615,3898.729689636882,4873.412112046102,5848.094534455323,6822.7769568645435,7797.459379273764,1019.8834204489601,2286.905908859101,3553.9283972692424,4820.950885679384,6087.973374089524,1726.0689737083583,2633.0755855596663,3540.0821974109745,4447.088809262283,5354.09542111359
.SOX,2022-04-14,3028.223,20.61473,,,15.751950660757455,LSEG,146.8960786777222,192.2443172415564,2203.441180165833,2937.921573554444,3672.4019669430545,4406.882360331666,5141.3627537202765,5875.843147108888,2883.6647586233457,3844.8863448311276,4806.10793103891,5767.3295172466915,6728.551103454473,7689.772689662255,1024.809787116444,2297.952403796842,3571.0950204772407,4844.237637157638,6117.380253838037,1702.2311254069157,2596.711536769685,3491.191948132455,4385.672359495225,5280.152770857994
.SOX,2022-04-22,2989.83,20.49743,,,15.497862183722805,LSEG,145.8636521749312,192.91886613498073,2187.9547826239677,2917.273043498624,3646.59130437328,4375.9095652479355,5105.227826122592,5834.546086997248,2893.782992024711,3858.3773226996145,4822.971653374519,5787.565984049422,6752.160314724326,7716.754645399229,1017.6071388629132,2281.8017550852646,3545.9963713076163,4810.190987529968,6074.385603752319,1708.2039319817543,2605.8229056715254,3503.4418793612967,4401.060853051068,5298.679826740839
.SOX,2022-04-29,2919.739,19.65789,,,15.243773706688156,LSEG,148.5275886679598,191.53649589530275,2227.913830019397,2970.551773359196,3713.189716698995,4455.827660038794,5198.465603378593,5941.103546718392,2873.047438429541,3830.729917906055,4788.412397382569,5746.094876859082,6703.777356335596,7661.45983581211,1036.1918976589723,2323.4747481482555,3610.7575986375386,4898.040449126821,6185.323299616105,1695.9637072376368,2587.1507451574203,3478.337783077204,4369.524820996988,5260.711858916771
.SOX,2022-05-06,2982.064,19.39437,,,14.989685229653507,LSEG,153.7592610639067,198.94106876245138,2306.3889159586006,3075.185221278134,3843.9815265976677,4612.777831917201,5381.574137236735,6150.370442556268,2984.1160314367708,3978.8213752490274,4973.526719061285,5968.2320628735415,6962.937406685798,7957.642750498055,1072.6902788452799,2405.3158310849844,3737.9413833246895,5070.566935564394,6403.192487804099,1761.5276447607757,2687.166912422417,3612.8061800840587,4538.4454477457,5464.084715407342
.SOX,2022-05-13,2970.367,19.26608,,,14.735596752618857,LSEG,154.17599221014345,201.5776523928084,2312.639883152152,3083.519844202869,3854.3998052535862,4625.279766304304,5396.159727355021,6167.039688405738,3023.664785892126,4031.553047856168,5039.44130982021,6047.329571784252,7055.217833748294,8063.106095712336,1075.5975733156558,2411.8349182372885,3748.072263158921,5084.3096080805535,6420.546953002186,1784.8733268840751,2722.780173864125,3660.6870208441755,4598.5938678242255,5536.500714804275
.SOX,2022-05-20,2882.652,18.72129,,,14.481508275584208,LSEG,153.97720990380472,199.05744243920677,2309.658148557071,3079.5441980760943,3849.430247595118,4619.316297114142,5389.202346633165,6159.088396152189,2985.8616365881016,3981.148848784135,4976.436060980169,5971.723273176203,6967.010485372237,7962.29769756827,1074.210783042728,2408.725289424898,3743.2397958070687,5077.754302189239,6412.268808571409,1762.5580777930415,2688.7388125614852,3614.919547329929,4541.100282098373,5467.281016866817
.SOX,2022-05-27,3115.352,20.035,,,14.227419798549558,LSEG,155.4954829049164,218.96816458017219,2332.432243573746,3109.909658098328,3887.38707262291,4664.864487147492,5442.341901672074,6219.819316196656,3284.522468702583,4379.363291603444,5474.204114504305,6569.044937405166,7663.885760306027,8758.726583206888,1084.8029039833252,2432.4762235814105,3780.149543179496,5127.822862777582,6475.496182375667,1938.8579624606002,2957.6799320219684,3976.5019015833373,4995.323871144707,6014.1458407060745
.SOX,2022-06-03,3062.587,19.74333,,,13.973331321514909,LSEG,155.12008359278803,219.1737195327572,2326.8012538918206,3102.4016718557605,3878.002089819701,4653.602507783641,5429.2029257475815,6204.803343711521,3287.6057929913577,4383.474390655144,5479.34298831893,6575.211585982715,7671.080183646502,8766.948781310288,1082.183958041344,2426.603706360705,3771.0234546800657,5115.443202999426,6459.862951318787,1940.678052871034,2960.4564349869274,3980.234817102821,5000.013199218714,6019.791581334607
.SOX,2022-06-10,2831.976,18.25308,,,13.71924284448026,LSEG,155.15058280575113,206.42363664693093,2327.258742086267,3103.0116561150226,3878.764570143778,4654.517484172534,5430.27039820129,6206.023312230045,3096.354549703964,4128.472732938619,5160.590916173273,6192.709099407928,7224.827282642583,8256.945465877237,1082.3967335778002,2427.08081739303,3771.76490120826,5116.4489850234895,6461.13306883872,1827.7821907140226,2788.236585789544,3748.6909808650653,4709.145375940587,5669.599771016107
.SOX,2022-06-17,2578.544,16.61341,,,13.46515436744561,LSEG,155.20859353979708,191.49754467234968,2328.128903096956,3104.1718707959417,3880.214838494927,4656.257806193912,5432.300773892898,6208.343741591883,2872.463170085245,3829.9508934469936,4787.438616808742,5744.92634017049,6702.414063532238,7659.901786893987,1082.8014412360524,2427.9883018333694,3773.1751624306867,5118.362023028004,6463.548883625321,1695.6188128603426,2586.624617303735,3477.6304217471275,4368.63622619052,5259.642030633912
.SOX,2022-06-24,2718.47,17.5027,13.58267,12.80761,13.21106589041096,LSEG,155.317179635142,205.77219298960256,2329.75769452713,3106.34359270284,3882.92949087855,4659.51538905426,5436.10128722997,6212.68718540568,3086.5828948440385,4115.443859792051,5144.304824740064,6173.165789688077,7202.026754636089,8230.887719584101,1083.5589842164773,2429.686956290744,3775.8149283650114,5121.942900439278,6468.0708725135455,1822.0139699111164,2779.4373074295263,3736.860644947936,4694.283982466346,5651.7073199847555
.SOX,2022-07-01,2458.456,15.74138,12.73438,12.24616,12.490938794520549,LSEG,156.1779208684372,196.81915350337488,2342.6688130265584,3123.5584173687444,3904.4480217109303,4685.337626053117,5466.227230395302,6247.116834737489,2952.2873025506233,3936.3830700674976,4920.478837584372,5904.574605101247,6888.67037261812,7872.766140134995,1089.5638826997842,2443.151865660022,3796.739848620259,5150.327831580496,6503.915814540735,1742.7391039534166,2658.5054574969736,3574.2718110405303,4490.038164584088,5405.804518127644
.SOX,2022-07-08,2618.018,16.7577,13.89229,13.31469,13.59320397260274,LSEG,156.22776395328714,192.5975660540845,2343.416459299307,3124.555279065743,3905.6940988321785,4686.832918598614,5467.9717383650495,6249.110558131486,2888.9634908112675,3851.95132108169,4814.939151352112,5777.926981622535,6740.914811892957,7703.90264216338,1089.9116093486782,2443.9315803921954,3797.951551435712,5151.971522479229,6505.991493522746,1705.358974033738,2601.4829925921704,3497.6070111506033,4393.731029709036,5289.855048267468
.SOX,2022-07-15,2693.767,17.19951,14.31841,13.69965,13.986144356164385,LSEG,156.61882228040216,192.60254516197122,2349.2823342060324,3132.376445608043,3915.470557010054,4698.564668412065,5481.658779814075,6264.752891216086,2889.0381774295683,3852.0509032394243,4815.06362904928,5778.076354859137,6741.089080668993,7704.101806478849,1092.6397992674854,2450.049057665297,3807.4583160631087,5164.86757446092,6522.276832858732,1705.403061643417,2601.5502471517734,3497.6974326601307,4393.844618168488,5289.991803676844
.SOX,2022-07-22,2842.411,18.17212,15.28055,14.61753,14.911801890410958,LSEG,156.41603731430345,190.61485800906556,2346.2405597145516,3128.320746286069,3910.400932857586,4692.481119429103,5474.561306000621,6256.641492572138,2859.222870135983,3812.297160181311,4765.371450226639,5718.445740271966,6671.520030317294,7624.594320362622,1091.2250847304558,2446.8768136919048,3802.5285426533537,5158.180271614802,6513.832000576252,1687.8030462682104,2574.7018584165494,3461.6006705648892,4348.499482713229,5235.398294861568
.SOX,2022-07-29,2967.136,19.03371,16.18087,15.51307,15.796656301369865,LSEG,155.88847366067887,187.8331681966578,2338.327104910183,3117.7694732135774,3897.2118415169716,4676.654209820366,5456.09657812376,6235.538946427155,2817.497522949867,3756.663363933156,4695.829204916445,5634.995045899734,6574.160886883023,7513.326727866312,1087.5445753497559,2438.623930586276,3789.7032858227963,5140.782641059316,6491.861996295836,1663.1725185738176,2537.128596791771,3411.084675009725,4285.040753227679,5158.996831445632
.SOX,2022-08-05,3053.394,19.64631,16.68461,16.0079,16.282291999999998,LSEG,155.41819303472255,187.52851257058896,2331.272895520838,3108.363860694451,3885.454825868064,4662.545791041676,5439.636756215289,6216.727721388902,2812.9276885588342,3750.5702514117793,4688.212814264724,5625.8553771176685,6563.4979399706135,7501.140502823559,1084.2636968367995,2431.267148127526,3778.270599418253,5125.274050708979,6472.277501999706,1660.4749392816655,2533.0135062116906,3405.5520731417155,4278.090640071741,5150.629207001765
.SOX,2022-08-12,3067.842,19.65108,16.60761,15.84913,16.1421318630137,LSEG,156.11569440458234,190.05184854358149,2341.735416068735,3122.3138880916467,3902.8923601145584,4683.47083213747,5464.049304160382,6244.6277761832935,2850.7777281537224,3801.03697087163,4751.296213589537,5701.555456307445,6651.814699025352,7602.07394174326,1089.1297643097623,2442.1784329211614,3795.227101532561,5148.27577014396,6501.32443875536,1682.8178677734854,2567.0970917565496,3451.3763157396143,4335.655539722679,5219.9347637057435
.SOX,2022-08-19,2953.339,18.84752,16.14711,15.48574,15.728544328767123,LSEG,156.69642478161583,187.76937892455916,2350.4463717242375,3133.9284956323168,3917.4106195403956,4700.892743448475,5484.374867356554,6267.8569912646335,2816.5406838683875,3755.3875784911834,4694.234473113979,5633.081367736775,6571.928262359571,7510.775156982367,1093.1811874615362,2451.2630237276303,3809.3448599937246,5167.4266962598185,6525.508532525912,1662.607695197026,2536.26697268159,3409.9262501661537,4283.585527650718,5157.244805135281
.SOX,2022-08-26,2798.442,17.92797,15.28111,14.68639,14.89331997260274,LSEG,156.0936346948372,187.89913901990434,2341.4045204225577,3121.872693896744,3902.34086737093,4682.809040845115,5463.2772143193015,6243.745387793488,2818.487085298565,3757.982780398087,4697.478475497608,5636.97417059713,6576.469865696652,7515.965560796174,1088.9758663524358,2441.8333443150377,3794.69082227764,5147.5483002402425,6500.405778202845,1663.7566585385784,2538.019687879781,3412.2827172209836,4286.545746562187,5160.808775903389
.SOX,2022-09-02,2599.264,16.5762,14.33715,13.78843,13.96883109589041,LSEG,156.80698833266973,186.07598460866896,2352.104824990046,3136.139766653395,3920.1747083167434,4704.209649980092,5488.244591643441,6272.27953330679,2791.1397691300344,3721.519692173379,4651.899615216724,5582.279538260069,6512.659461303414,7443.039384346758,1093.9525260175978,2452.992612292578,3812.032698567558,5171.072784842538,6530.112871117518,1647.6135015924706,2513.393700693804,3379.1738997951375,4244.954098896471,5110.734297997804
.SOX,2022-09-09,2721.774,17.35725,15.03111,14.46894,14.642981671232876,LSEG,156.80905673421768,185.87566802375423,2352.135851013265,3136.1811346843533,3920.226418355442,4704.27170202653,5488.316985697618,6272.362269368707,2788.1350203563134,3717.5133604750845,4646.891700593856,5576.270040712627,6505.648380831398,7435.026720950169,1093.966956070252,2453.0249691012273,3812.0829821322027,5171.140995163178,6530.199008194153,1645.8397944126189,2510.687954201434,3375.5361139902498,4240.384273779066,5105.23243356788
.SOX,2022-09-16,2563.142,16.7881,14.39087,13.93126,14.064735780821918,LSEG,152.6761217767347,182.23890160062533,2290.1418266510204,3053.522435534694,3816.9030444183677,4580.283653302041,5343.6642621857145,6107.044871069388,2733.5835240093797,3644.7780320125066,4555.972540015633,5467.1670480187595,6378.361556021887,7289.556064025013,1065.13383654746,2388.371862593733,3711.6098886400064,5034.847914686279,6358.085940732553,1613.6379738849084,2461.5648723700506,3309.4917708551925,4157.418669340335,5005.345567825477
.SOX,2022-09-23,2408.895,15.75417,13.43448,13.05381,13.15706021917808,LSEG,152.90523080555815,183.0876320295875,2293.5784620833724,3058.104616111163,3822.6307701389537,4587.156924166745,5351.6830781945355,6116.209232222326,2746.3144804438125,3661.7526405917497,4577.190800739688,5492.628960887625,6408.067121035562,7323.505281183499,1066.7321989895925,2391.955904102911,3717.1796092162294,5042.403314329547,6367.627019442866,1621.153074325792,2473.0289724699473,3324.904870614103,4176.780768758259,5028.656666902414
.SOX,2022-09-30,2306.697,15.2089,13.20058,12.55459,12.717414876712327,LSEG,151.66757622181748,181.38096636478699,2275.0136433272623,3033.35152443635,3791.6894055454372,4550.027286654525,5308.365167763612,6066.7030488727,2720.7144954718046,3627.61932729574,4534.524159119675,5441.428990943609,6348.333822767545,7255.23865459148,1058.0977919863285,2372.594792823578,3687.0917936608275,5001.588794498077,6316.085795335327,1606.0413692987124,2449.9764397096283,3293.9115101205443,4137.84658053146,4981.781650942376
.SOX,2022-10-07,2356.749,15.55609,13.47389,12.80568,12.961290547945206,LSEG,151.50008774698526,181.82981017840254,2272.501316204779,3030.0017549397053,3787.5021936746316,4545.002632409558,5302.503071144484,6060.003509879411,2727.447152676038,3636.596203568051,4545.745254460064,5454.894305352076,6364.0433562440885,7273.192407136102,1056.929320848213,2369.9747055699668,3683.0200902917204,4996.0654750134745,6309.110859735229,1610.0156657613886,2456.0391307984823,3302.062595835576,4148.08606087267,4994.109525909763
.SOX,2022-10-14,2162.323,14.23468,12.08559,11.96227,13.350740739726028,LSEG,151.9052764094451,161.9627736134417,2278.5791461416766,3038.105528188902,3797.631910236127,4557.158292283353,5316.684674330579,6076.211056377804,2429.4416042016255,3239.2554722688337,4049.0693403360424,4858.883208403251,5668.697076470459,6478.5109445376675,1059.756090021735,2376.313229166186,3692.870368310637,5009.427507455088,6325.984646599539,1434.1025958942535,2187.688087761735,2941.273579629217,3694.8590714966986,4448.44456336418
.SOX,2022-10-21,2336.685,15.34391,13.42077,13.81733,13.740190931506849,LSEG,152.28745476218253,170.0620472923619,2284.311821432738,3045.7490952436506,3807.1863690545633,4568.623642865476,5330.060916676389,6091.498190487301,2550.9307093854286,3401.2409458472384,4251.551182309047,5101.861418770857,5952.171655232667,6802.481891694477,1062.422329446469,2382.2917935516853,3702.1612576569014,5022.030721762117,6341.900185867334,1505.8177755534975,2297.0878229699333,3088.3578703863695,3879.6279178028053,4670.897965219241
.SOX,2022-10-28,2433.657,16.3878,14.06718,14.81795,14.6863081369863,LSEG,148.5041921429356,165.70924273820924,2227.562882144034,2970.083842858712,3712.60480357339,4455.125764288068,5197.646725002746,5940.167685717424,2485.6386410731384,3314.184854764185,4142.731068455231,4971.277282146277,5799.823495837323,6628.36970952837,1036.0286735072784,2323.108747221588,3610.1888209358976,4897.268894650207,6184.348968364517,1467.275781172558,2238.292962527481,3009.310143882404,3780.3273252373274,4551.34450659225
.SOX,2022-11-04,2398.235,16.43528,14.21431,14.88019,14.776203260273974,LSEG,145.91993565062478,162.3038718239406,2188.799034759372,2918.3987130124956,3647.9983912656194,4377.598069518744,5107.197747771867,5836.797426024991,2434.558077359109,3246.077436478812,4057.5967955985147,4869.116154718218,5680.635513837921,6492.154872957624,1017.9997964291528,2282.6822193524417,3547.3646422757306,4812.047065199019,6076.729488122308,1437.1228567740704,2192.295421133577,2947.4679854930832,3702.64054985259,4457.813114212096
.SOX,2022-11-11,2754.895,18.85527,16.34554,17.16141,17.04964698630137,LSEG,146.10742779074496,161.58076482248785,2191.6114168611743,2922.1485558148993,3652.685694768624,4383.222833722349,5113.759972676074,5844.297111629799,2423.711472337318,3231.615296449757,4039.5191205621963,4847.422944674636,5655.326768787075,6463.230592899514,1019.3078216802836,2285.6152317102965,3551.9226417403092,4818.2300517703225,6084.537461800335,1430.7200914672246,2182.5281608060222,2934.33623014482,3686.144299483618,4437.952368822415
.SOX,2022-11-18,2724.029,18.64061,16.2827,16.32263,16.317925917808218,LSEG,146.13411256391288,166.93475713277934,2192.0116884586932,2922.6822512782574,3653.352814097822,4384.0233769173865,5114.693939736951,5845.364502556515,2504.02135699169,3338.695142655587,4173.3689283194835,5008.04271398338,5842.716499647277,6677.390285311174,1019.4939860555047,2286.032671979621,3552.571357903738,4819.1100438278545,6085.648729751972,1478.1271227206685,2254.8464160314347,3031.5657093422014,3808.285002652968,4585.004295963735
.SOX,2022-11-25,2751.271,18.65684,16.52689,16.60863,16.60056797260274,LSEG,147.46714877760652,165.7335462582151,2212.007231664098,2949.3429755521306,3686.678719440163,4424.014463328196,5161.350207216228,5898.685951104261,2486.003193873227,3314.6709251643024,4143.3386564553775,4972.006387746454,5800.674119037529,6629.341850328605,1028.7938160487274,2306.8858751364332,3584.9779342241386,4863.069993311844,6141.16205239955,1467.490977173171,2238.6212387110836,3009.7515002489963,3780.8817617869095,4552.012023324822
.SOX,2022-12-02,2771.235,18.7759,16.63957,16.70018,16.695364410958906,LSEG,147.59532166234376,165.98829062880174,2213.9298249351564,2951.906433246875,3689.883041558594,4427.859649870313,5165.836258182032,5903.81286649375,2489.824359432026,3319.7658125760345,4149.707265720043,4979.648718864052,5809.590172008061,6639.531625152069,1029.6880048378637,2308.890933346528,3588.0938618551927,4867.296790363856,6146.499718872522,1469.746616262309,2242.0621604273715,3014.377704592434,3786.693248757497,4559.008792922559
.SOX,2022-12-09,2721.016,18.27013,16.45442,16.26021,16.27191580821918,LSEG,148.93249254384068,167.2216125052451,2233.9873881576104,2978.6498508768136,3723.312313596017,4467.974776315221,5212.637239034424,5957.299701753627,2508.3241875786766,3344.432250104902,4180.540312631128,5016.648375157353,5852.756437683579,6688.864500209804,1039.0166800396814,2329.808816717427,3620.6009533951724,4911.393090072917,6202.185226750664,1480.66708931374,2258.7210723320954,3036.7750553504516,3814.8290383688072,4592.883021387162
.SOX,2022-12-16,2636.097,17.71832,15.79332,15.72691,15.729639178082191,LSEG,148.77804441956124,167.5878874369324,2231.6706662934184,2975.5608883912246,3719.451110489031,4463.341332586837,5207.231554684643,5951.121776782449,2513.818311553986,3351.757748738648,4189.69718592331,5027.636623107972,5865.576060292634,6703.515497477296,1037.9391839568173,2327.392724731551,3616.8462655062845,4906.2998062810175,6195.753347055752,1483.9102779713844,2263.668476522706,3043.426675074028,3823.1848736253496,4602.943072176671
.SOX,2022-12-23,2535.489,17.45175,15.67252,15.16635,15.1774441369863,LSEG,145.28565903132923,167.05638822423353,2179.2848854699387,2905.7131806265847,3632.141475783231,4358.569770939877,5084.998066096523,5811.4263612531695,2505.845823363503,3341.1277644846705,4176.409705605838,5011.691646727006,5846.973587848173,6682.255528969341,1013.5748118206849,2272.7599838843316,3531.945155947979,4791.130328011625,6050.315500075273,1479.2041076358084,2256.489329917998,3033.774552200188,3811.0597744823776,4588.3449967645665
.SOX,2022-12-30,2532.113,17.47437,15.68307,15.24747,15.248663424657536,LSEG,144.90439426428534,166.05475047114612,2173.5659139642803,2898.0878852857068,3622.6098566071337,4347.131827928561,5071.653799249987,5796.1757705714135,2490.8212570671917,3321.0950094229224,4151.368761778653,4981.642514134383,5811.916266490114,6642.190018845845,1010.9149459599598,2266.795711074615,3522.6764761892705,4778.557241303925,6034.438006418581,1470.335086256385,2242.9598568681495,3015.5846274799146,3788.2093980916793,4560.8341687034435
.SOX,2023-01-06,2636.101,18.2399,15.98087,,15.98087,LSEG,144.52387348614852,164.95353507036853,2167.8581022922276,2890.4774697229705,3613.096837153713,4335.716204584455,5058.3355720151985,5780.954939445941,2474.303026055528,3299.0707014073705,4123.838376759213,4948.606052111056,5773.373727462898,6598.141402814741,1008.2602704836231,2260.8430767722894,3513.4258830609556,4766.008689349621,6018.591495638288,1460.5843526176593,2228.0853535449924,2995.5863544723256,3763.087355399659,4530.588356326992
.SOX,2023-01-13,2800.663,19.29975,17.42119,,17.42119,LSEG,145.11395225326754,160.76186529163624,2176.709283799013,2902.279045065351,3627.8488063316886,4353.418567598026,5078.988328864364,5804.558090130702,2411.4279793745436,3215.237305832725,4019.046632290906,4822.855958749087,5626.665285207268,6430.47461166545,1012.3769119975186,2270.0739080751828,3527.770904152847,4785.467900230511,6043.164896308175,1423.4691293061676,2171.4669971277963,2919.4648649494247,3667.4627327710537,4415.460600592682
.SOX,2023-01-20,2794.693,19.01362,17.35827,,17.35827,LSEG,146.98374112872773,161.000664236701,2204.756116930916,2939.6748225745546,3674.593528218193,4409.512233861832,5144.430939505471,5879.349645149109,2415.009963550515,3220.01328473402,4025.016605917525,4830.01992710103,5635.023248284535,6440.02656946804,1025.4213578170493,2299.323741560411,3573.2261253037727,4847.128509047134,6121.030892790496,1425.5835793083115,2174.692538379239,2923.8014974501666,3672.910456521094,4422.019415592021
.SOX,2023-01-27,2945.268,20.10588,18.18243,16.13161,18.03072550684931,LSEG,146.4878930939606,163.34717085461617,2197.3183964094087,2929.7578618792118,3662.197327349015,4394.636792818817,5127.076258288621,5859.5157237584235,2450.2075628192424,3266.943417092323,4083.679271365404,4900.415125638485,5717.150979911566,6533.886834184646,1021.9621101398757,2291.566998196887,3561.1718862538987,4830.77677431091,6100.381662367921,1446.360768763382,2206.387627697227,2966.4144866310717,3726.4413455649164,4486.468204498761
.SOX,2023-02-03,3082.106,21.68594,19.87914,17.11284,19.62145726027397,LSEG,142.12462083727985,157.0783433216298,2131.8693125591976,2842.492416745597,3553.1155209319963,4263.738625118395,4974.361729304795,5684.984833491194,2356.175149824447,3141.566866432596,3926.958583040745,4712.350299648894,5497.742016257043,6283.133732865192,991.5220592362009,2223.3106358697682,3455.0992125033354,4686.887789136902,5918.67636577047,1390.8533108599631,2121.712371697481,2852.571432534999,3583.4304933725175,4314.289554210035
.SOX,2023-02-10,3011.151,21.09292,19.69541,16.9841,19.39085189041096,LSEG,142.75647942532376,155.2871950658885,2141.347191379856,2855.129588506475,3568.911985633094,4282.694382759712,4996.476779886331,5710.25917701295,2329.3079259883275,3105.74390131777,3882.179876647213,4658.615851976655,5435.051827306098,6211.48780263554,995.9301746258677,2233.195045136,3470.4599156461322,4707.724786156264,5944.9896566663965,1374.9935530533899,2097.5187028989167,2820.0438527444444,3542.5690025899717,4265.0941524354985
.SOX,2023-02-17,3005.868,20.71813,19.57056,17.13454,19.25020668493151,LSEG,145.0839433867825,156.14731047812094,2176.2591508017376,2901.67886773565,3627.098584669562,4352.518301603475,5077.9380185373875,5803.3577354713,2342.2096571718143,3122.946209562419,3903.6827619530236,4684.419314343629,5465.155866734233,6245.892419124838,1012.1675573275304,2269.604467723233,3527.0413781189354,4784.478288514638,6041.91519891034,1382.6094620547703,2109.136583967885,2835.6637058809997,3562.1908277941143,4288.717949707228
.SOX,2023-02-24,2935.113,20.15416,18.93558,17.08436,18.656629041095893,LSEG,145.63310998821086,157.3227936051405,2184.496649823163,2912.6621997642173,3640.8277497052713,4368.993299646326,5097.15884958738,5825.324399528435,2359.8419040771078,3146.45587210281,3933.0698401285126,4719.6838081542155,5506.2977761799175,6292.91174420562,1015.9987780991617,2278.1952941305594,3540.391810161957,4802.588326193354,6064.7848422247525,1393.0178007506245,2125.014247562874,2857.010694375124,3589.0071411873737,4321.003587999623
.SOX,2023-03-03,3028.337,20.62211,19.72211,17.75843,19.388553397260274,LSEG,146.84903727116188,156.19200349562558,2202.7355590674283,2936.9807454232377,3671.2259317790467,4405.471118134857,5139.716304490666,5873.9614908464755,2342.8800524343837,3123.840069912512,3904.8000873906394,4685.7601048687675,5466.720122346896,6247.680139825024,1024.4816061719514,2297.216516806146,3569.9514274403405,4842.686338074534,6115.42124870873,1383.0051972659662,2109.7402682579204,2836.475339249875,3563.2104102418302,4289.945481233784
.SOX,2023-03-10,2923.929,20.00638,19.07874,17.22851,18.728970493150687,LSEG,146.14982820480267,156.11797781780376,2192.24742307204,2922.9965640960536,3653.7457051200668,4384.49484614408,5115.243987168094,5845.993128192107,2341.7696672670563,3122.3595563560752,3902.949445445094,4683.539334534113,5464.129223623132,6244.7191127121505,1019.6036250788172,2286.2785178530103,3552.953410627203,4819.628303401396,6086.303196175589,1382.3497354313813,2108.7403774191416,2835.1310194069024,3561.521661394663,4287.9123033824235
.SOX,2023-03-17,3083.519,21.14699,20.06348,18.14999,19.665054684931505,LSEG,145.81361224457947,156.80195399419708,2187.204183668692,2916.2722448915893,3645.340306114487,4374.408367337384,5103.476428560281,5832.5444897831785,2352.0293099129563,3136.0390798839417,3920.048849854927,4704.0586198259125,5488.0683897968975,6272.078159767883,1017.2580389357221,2281.0189610224647,3544.7798831092073,4808.540805195949,6072.301727282692,1388.406016070515,2117.979083944258,2847.5521518180017,3577.1252196917453,4306.6982875654885
.SOX,2023-03-24,3121.263,21.33177,20.23099,18.41112,19.817156547945203,LSEG,146.31992563205023,157.50307025372098,2194.7988844807533,2926.3985126410043,3657.998140801256,4389.5977689615065,5121.197397121758,5852.797025282009,2362.5460538058146,3150.06140507442,3937.5767563430245,4725.092107611629,5512.607458880234,6300.12281014884,1020.790297383318,2288.9394179624046,3557.0885385414913,4825.2376591205775,6093.386779699665,1394.6140639161679,2127.449307594276,2860.2845512723848,3593.119794950493,4325.955038628601
.SOX,2023-03-31,3230.864,23.001,20.97757,19.07486,20.508408630136987,LSEG,140.46624059823486,157.53850326798462,2106.993608973523,2809.3248119646973,3511.6560149558713,4213.987217947046,4916.31842093822,5618.649623929395,2363.0775490197693,3150.7700653596926,3938.4625816996154,4726.155098039539,5513.847614379461,6301.540130719385,979.9524903611704,2197.3679497815756,3414.7834092019802,4632.198868622385,5849.6143280427905,1394.9278062447422,2127.9279137670937,2860.9280212894455,3593.9281288117973,4326.928236334148
.SOX,2023-04-06,3071.765,21.84345,19.87537,18.09825,19.40796309589041,LSEG,140.62636625624614,158.2734357450648,2109.3954938436923,2812.5273251249228,3515.6591564061537,4218.790987687385,4921.922818968615,5625.0546502498455,2374.101536175972,3165.468714901296,3956.83589362662,4748.203072351944,5539.570251077268,6330.937429802592,981.0695953443363,2199.8728576324097,3418.676119920483,4637.479382208556,5856.2826444966295,1401.4352804604111,2137.854904948752,2874.274529437093,3610.694153925434,4347.1137784137745
.SOX,2023-04-14,3070.453,21.83061,19.86268,18.08735,19.356832547945206,LSEG,140.64897865886476,158.62373104663445,2109.7346798829712,2812.979573177295,3516.224466471619,4219.4693597659425,4922.714253060267,5625.95914635459,2379.3559656995167,3172.474620932689,3965.593276165861,4758.711931399033,5551.830586632205,6344.949241865378,981.2273491232144,2200.2265922277834,3419.2258353323527,4638.225078436922,5857.224321541491,1404.5369771657886,2142.5864666610246,2880.635956156261,3618.685445651497,4356.734935146733
.SOX,2023-04-21,3021.437,21.41302,19.60281,17.85358,19.070852383561647,LSEG,141.10279633606095,158.43219480867904,2116.541945040914,2822.055926721219,3527.5699084015237,4233.083890081828,4938.597871762133,5644.111853442438,2376.4829221301857,3168.6438961735807,3960.8048702169763,4752.965844260371,5545.126818303766,6337.2877923471615,984.3933750739645,2207.3258383859225,3430.25830169788,4653.190765009837,5876.123228321795,1402.8410157424848,2139.9993193999517,2877.157623057419,3614.3159267148867,4351.474230372353
.SOX,2023-04-28,2994.97,21.53548,19.42401,17.78333,18.893598383561645,LSEG,139.07143003081427,158.517712676997,2086.071450462214,2781.4286006162856,3476.7857507703566,4172.142900924428,4867.500051078499,5562.857201232571,2377.7656901549553,3170.35425353994,3962.942816924925,4755.531380309911,5548.1199436948955,6340.70850707988,970.2216960912832,2175.548386420205,3380.875076749127,4586.201767078049,5791.528457406971,1403.5982354060777,2141.1544392934684,2878.7106431808593,3616.26684706825,4353.823050955641
.SOX,2023-05-05,3007.691,22.61139,19.86576,17.77704,19.15044493150685,LSEG,133.01663453684182,157.055933204542,1995.2495180526273,2660.3326907368364,3325.4158634210453,3990.4990361052546,4655.582208789464,5320.665381473673,2355.83899806813,3141.11866409084,3926.3983301135495,4711.67799613626,5496.9576621589695,6282.23732818168,927.9808566007697,2080.8308692126993,3233.680881824629,4386.530894436559,5539.380907048489,1390.6548800330952,2121.409670372327,2852.1644607115595,3582.919251050792,4313.674041390023
.SOX,2023-05-12,2972.848,22.57077,19.91119,17.85789,19.168626712328766,LSEG,131.7122986942847,155.08925311211473,1975.6844804142704,2634.245973885694,3292.8074673571173,3951.368960828541,4609.930454299964,5268.491947771388,2326.338796681721,3101.7850622422948,3877.2313278028682,4652.677593363442,5428.123858924016,6203.5701244845895,918.8812526550993,2060.426637106965,3201.97202155883,4343.517406010695,5485.062790462561,1373.2408720921408,2094.845031383679,2816.4491906752173,3538.053349966756,4259.657509258293
.SOX,2023-05-19,3203.486,24.28841,21.40786,19.18809,20.562522931506848,LSEG,131.89360686846112,155.7924584775281,1978.4041030269168,2637.8721373692224,3297.340171711528,3956.8082060538336,4616.276240396139,5275.744274738445,2336.8868771629213,3115.849169550562,3894.8114619382027,4673.773754325843,5452.736046713483,6231.698339101124,920.1461359185107,2063.2629112841046,3206.379686649698,4349.496462015291,5492.613237380886,1379.4674179673862,2104.3434733209397,2829.219528674493,3554.095584028047,4278.9716393816
.SOX,2023-05-26,3545.669,26.37964,23.3867,20.97566,22.422284,LSEG,134.4093020223172,158.13148205597608,2016.139530334758,2688.186040446344,3360.23255055793,4032.279060669516,4704.325570781102,5376.372080892688,2371.9722308396413,3162.6296411195217,3953.287051399402,4743.9444616792825,5534.601871959163,6325.259282239043,937.6966998156538,2102.6169075109647,3267.5371152062758,4432.457322901587,5597.3775305968975,1400.1783487008652,2135.937486595727,2871.6966244905893,3607.4557623854516,4343.2149002803135
.SOX,2023-06-02,3501.404,25.79646,23.0105,20.59781,21.999153232876715,LSEG,135.7319570204594,159.16085328081238,2035.9793553068907,2714.639140409188,3393.298925511485,4071.9587106137815,4750.6184957160785,5429.278280818376,2387.4127992121857,3183.2170656162475,3979.0213320203093,4774.8255984243715,5570.629864828433,6366.434131232495,946.9241060151643,2123.307713281505,3299.691320547846,4476.074927814186,5652.458535080527,1409.2929366567364,2149.841565392462,2890.3901941281883,3630.9388228639145,4371.48745159964
.SOX,2023-06-09,3524.971,26.0328,23.22519,20.78629,22.15608315068493,LSEG,135.40498909068558,159.09720937705677,2031.0748363602836,2708.0997818137116,3385.1247272671394,4062.149672720567,4739.174618173995,5416.199563627423,2386.4581406558514,3181.9441875411353,3977.4302344264192,4772.916281311703,5568.402328196987,6363.888375082271,944.6430380825033,2118.1928269826226,3291.742615882742,4465.292404782861,5638.842193682981,1408.7294004468256,2148.9819048235645,2889.2344092003036,3629.4869135770427,4369.739417953781
.SOX,2023-06-16,3673.144,26.85627,24.0283,21.48697,22.86555449315068,LSEG,136.7704450394638,160.64093267890271,2051.5566755919567,2735.408900789276,3419.261125986595,4103.113351183913,4786.9655763812325,5470.817801578552,2409.613990183541,3212.818653578054,4016.023316972568,4819.227980367082,5622.432643761595,6425.637307156108,954.169041994795,2139.553184645114,3324.937327295433,4510.321469945752,5695.705612596071,1422.3983290847332,2169.833517838719,2917.2687065927053,3664.7038953466913,4412.139084100677
.SOX,2023-06-23,3506.706,25.76491,22.98903,20.506,21.80533898630137,LSEG,136.10394913081396,160.81868767107892,2041.5592369622093,2722.078982616279,3402.598728270349,4083.1184739244186,4763.638219578488,5444.157965232558,2412.280315066184,3216.3737534215784,4020.467191776973,4824.560630132368,5628.654068487762,6432.747506843157,949.519281862287,2129.126930321724,3308.734578781161,4488.342227240598,5667.949875700035,1423.9722641935593,2172.234516971101,2920.496769748643,3668.759022526185,4417.021275303727
.SOX,2023-06-30,3673.059,26.78553,24.0141,21.22074,22.62889956164384,LSEG,137.12847944393857,162.3171727813872,2056.9271916590787,2742.5695888787714,3428.2119860984644,4113.8543833181575,4799.49678053785,5485.139177757543,2434.757591720808,3246.343455627744,4057.92931953468,4869.515183441616,5681.101047348552,6492.686911255488,956.6668429240841,2145.1540558719753,3333.641268819866,4522.128481767757,5710.615694715648,1437.2406303659675,2192.4750818390125,2947.7095333120583,3702.943984785104,4458.178436258149
.SOX,2023-07-07,3577.727,26.06755,23.36927,20.67748,21.98281378082192,LSEG,137.2483029667153,162.75109436269042,2058.7245445007293,2744.966059334306,3431.2075741678827,4117.449089001459,4803.690603835035,5489.932118668612,2441.2664154403565,3255.0218872538085,4068.7773590672605,4882.532830880713,5696.2883026941645,6510.043774507617,957.5027829980038,2147.0285017705637,3336.5542205431234,4526.079939315683,5715.605658088243,1441.0827976262462,2198.336213093195,2955.5896285601443,3712.8430440270936,4470.096459494042
.SOX,2023-07-14,3750.414,27.29909,24.49651,21.66985,22.98637657534247,LSEG,137.38238161052257,163.15812053749596,2060.7357241578384,2747.6476322104513,3434.5595402630643,4121.471448315677,4808.38335636829,5495.295264420903,2447.3718080624394,3263.162410749919,4078.953013437399,4894.743616124879,5710.534218812359,6526.324821499838,958.4381728848805,2149.12594606321,3339.8137192415397,4530.5014924198695,5721.189265598199,1444.6868189754896,2203.8340586422873,2962.9812983090856,3722.1285379758833,4481.275777642681
.SOX,2023-07-21,3698.849,26.82612,24.05851,21.29104,22.5269238630137,LSEG,137.88236986936613,164.19680833888876,2068.235548040492,2757.6473973873226,3447.059246734153,4136.471096080984,4825.882945427815,5515.294794774645,2462.9521250833313,3283.9361667777753,4104.920208472219,4925.904250166663,5746.888291861106,6567.8723335555505,961.9263045335839,2156.9474565597593,3351.9686085859353,4546.98976061211,5742.010912638287,1453.8839007435279,2217.8639797118894,2981.8440586802517,3745.8241376486135,4509.804216616975
.SOX,2023-07-28,3851.762,28.37499,25.14642,21.83229,23.24874008219178,LSEG,135.74496413919442,165.67616078904842,2036.1744620879163,2714.8992827838883,3393.6241034798604,4072.3489241758325,4751.073744871805,5429.798565567777,2485.1424118357263,3313.5232157809687,4141.90401972621,4970.284823671453,5798.665627616695,6627.046431561937,947.014849231061,2123.51118869101,3300.007528150959,4476.503867610908,5653.000207070857,1466.982856396634,2237.8461130170385,3008.7093696374436,3779.5726262578482,4550.435882878252
.SOX,2023-08-04,3699.203,24.53701,24.12048,21.02355,22.287776219178085,LSEG,150.760137441359,165.9745218016379,2261.402061620385,3015.20274882718,3769.003436033975,4522.80412324077,5276.604810447565,6030.40549765436,2489.6178270245687,3319.490436032758,4149.363045040947,4979.235654049137,5809.108263057326,6638.980872065516,1051.7671114685515,2358.399375589685,3665.0316397108186,4971.663903831952,6278.296167953085,1469.624699908708,2241.8761800412817,3014.127660173856,3786.37914030643,4558.630620439004
.SOX,2023-08-11,3514.546,23.47026,22.78228,20.02496,21.097670794520543,LSEG,149.7446555768875,166.58455022024484,2246.1698336533127,2994.89311153775,3743.6163894221877,4492.339667306625,5241.062945191063,5989.7862230755,2498.7682533036727,3331.691004404897,4164.6137555061205,4997.5365066073455,5830.45925770857,6663.382008809794,1044.6826762493324,2342.5137984355533,3640.344920621774,4938.176042807994,6236.007164994216,1475.0262086577584,2250.1160482209148,3025.205887784072,3800.295727347229,4575.385566910385
.SOX,2023-08-18,3462.736,23.28839,22.3833,19.74448,20.72048191780822,LSEG,148.68936839343553,167.11657642595424,2230.340525901533,2973.7873678687106,3717.234209835888,4460.681051803066,5204.127893770244,5947.574735737421,2506.7486463893138,3342.3315285190847,4177.914410648856,5013.4972927786275,5849.0801749083985,6684.663057038169,1037.3205421232556,2326.0055312187696,3614.690520314284,4903.375509409798,6192.060498505312,1479.7370452634134,2257.302313105372,3034.8675809473307,3812.4328487892894,4589.998116631248
.SOX,2023-08-25,3495.649,23.35775,22.40401,19.62517,20.59966731506849,LSEG,149.6569232909848,169.69443955257282,2244.853849364772,2993.1384658196957,3741.42308227462,4489.707698729544,5237.992315184468,5986.2769316393915,2545.416593288592,3393.8887910514563,4242.36098881432,5090.833186577184,5939.3053843400485,6787.777582102913,1044.0706183506566,2341.1413682175685,3638.2121180844806,4935.282867951392,6232.353617818305,1502.5627855200435,2292.1224160720185,3081.6820466239938,3871.241677175969,4660.801307727944
.SOX,2023-09-01,3682.836,24.30043,23.48542,20.56999,21.53647501369863,LSEG,151.55435521099832,171.00458629638652,2273.3153281649747,3031.0871042199665,3788.858880274958,4546.6306563299495,5304.402432384942,6062.174208439933,2565.0687944457977,3420.0917259277303,4275.114657409663,5130.137588891595,5985.160520373528,6840.183451855461,1057.30791385589,2370.823632583535,3684.33935131118,4997.855070038825,6311.3707887664705,1514.1635058855145,2309.81902845223,3105.474551018946,3901.130073585662,4696.785596152377
.SOX,2023-09-08,3565.993,23.34097,22.61649,19.79288,20.674774630136987,LSEG,152.77826928358164,172.480380743883,2291.6740392537245,3055.5653856716326,3819.4567320895408,4583.348078507449,5347.2394249253575,6111.130771343265,2587.205711158245,3449.6076148776597,4312.009518597075,5174.41142231649,6036.8133260359045,6899.215229755319,1065.8464611844727,2389.969795710898,3714.0931302373233,5038.216464763748,6362.339799290174,1527.2309571333694,2329.753102565326,3132.2752479972833,3934.7973934292404,4737.319538861197
.SOX,2023-09-15,3476.394,22.34213,21.87196,19.07375,19.8940471780822,LSEG,155.5981457452803,174.74543861693638,2333.9721861792045,3111.9629149056063,3889.9536436320077,4667.944372358409,5445.93510108481,6223.925829811213,2621.1815792540456,3494.9087723387274,4368.635965423409,5242.363158508091,6116.090351592773,6989.817544677455,1085.5191238070613,2434.082218260904,3782.6453127147465,5131.208407168589,6479.771501622431,1547.2869570593116,2360.34803506998,3173.4091130806496,3986.4701910913186,4799.531269101987
.SOX,2023-09-22,3365.289,21.86261,21.26383,18.52698,19.276801917808218,LSEG,153.92896822474538,174.57714274124965,2308.9345233711806,3078.5793644949076,3848.224205618634,4617.869046742361,5387.513887866088,6157.158728989815,2618.6571411187447,3491.542854824993,4364.428568531241,5237.314282237489,6110.199995943738,6983.085709649986,1073.8742284846217,2407.9706261053902,3742.0670237261593,5076.163421346928,6410.259818967697,1545.7967778853201,2358.0748035474203,3170.352829209521,3982.630854871622,4794.9088805337215
.SOX,2023-09-29,3434.294,22.19184,21.71846,18.87246,19.597605205479454,LSEG,154.75481077729472,175.240493110851,2321.322161659421,3095.0962155458947,3868.870269432368,4642.644323318842,5416.418377205316,6190.192431091789,2628.607396662765,3504.80986221702,4381.012327771275,5257.21479332553,6133.417258879785,7009.61972443404,1079.6356588651192,2420.889601859345,3762.143544853571,5103.397487847797,6444.651430842022,1551.6704269085408,2367.034910053455,3182.3993931983696,3997.763876343284,4813.128359488198
.SOX,2023-10-06,3475.213,22.40785,21.9955,19.12806,19.803676,LSEG,155.08908708332126,175.48322846728053,2326.336306249819,3101.781741666425,3877.2271770830316,4652.672612499638,5428.118047916244,6203.56348333285,2632.2484270092077,3509.6645693456103,4387.080711682013,5264.496854018415,6141.9129963548185,7019.329138691221,1081.9677131520732,2426.1188159260546,3770.2699187000358,5114.421021474017,6458.572124247998,1553.8197319432998,2370.313621796234,3186.807511649169,4003.301401502104,4819.795291355038
.SOX,2023-10-13,3452.97,22.43789,21.94389,19.09564,19.712110547945205,LSEG,153.89013851124147,175.16997947030782,2308.3520776686223,3077.8027702248296,3847.253462781037,4616.704155337245,5386.154847893452,6155.605540449659,2627.5496920546175,3503.3995894061563,4379.249486757695,5255.099384109235,6130.949281460774,7006.799178812313,1073.6033358182692,2407.363197818072,3741.1230598178745,5074.882921817677,6408.6427838174795,1551.0460624777966,2366.0824575361303,3181.1188525944644,3996.1552476527986,4811.191642711133
.SOX,2023-10-20,3316.141,21.86519,21.0588,18.34334,18.878992383561645,LSEG,151.66303151264637,175.65243592594683,2274.9454726896956,3033.2606302529275,3791.5757878161594,4549.890945379391,5308.206102942623,6066.521260505855,2634.7865388892023,3513.0487185189368,4391.310898148671,5269.573077778405,6147.835257408139,7026.0974370378735,1058.0660861540143,2372.52369817314,3686.9813101922655,5001.4389222113905,6315.896534230516,1555.31798274689,2372.599166390378,3189.8803500338663,4007.161533677355,4824.442717320842
.SOX,2023-10-27,3227.093,21.61179,20.39611,17.91154,18.353997671232875,LSEG,149.3209493521823,175.82507406863093,2239.8142402827348,2986.418987043646,3733.0237338045577,4479.6284805654695,5226.233227326381,5972.837974087292,2637.376111029464,3516.5014813726184,4395.626851715773,5274.752222058928,6153.877592402082,7033.002962745237,1041.7267206523645,2335.8855974220933,3630.0444741918213,4924.203350961549,6218.362227731279,1556.8466106102564,2374.931050438898,3193.015490267541,4011.099930096183,4829.184369924825
.SOX,2023-11-03,3454.566,25.90359,22.67847,19.5465,20.04418290410959,LSEG,133.36244126779337,172.34755921588214,2000.4366190169005,2667.2488253558677,3334.061031694834,4000.873238033801,4667.685444372768,5334.497650711735,2585.2133882382323,3446.951184317643,4308.6889803970535,5170.4267764764645,6032.164572555875,6893.902368635286,930.3933520568764,2086.2404581941905,3242.0875643315044,4397.934670468818,5553.781776606133,1526.0548862755606,2327.9590355206406,3129.8631847657207,3931.767334010801,4733.67148325588
.SOX,2023-11-10,3591.737,27.0472,23.69827,20.5095,20.95505416438356,LSEG,132.79515069951788,171.4019430264574,1991.9272604927683,2655.9030139903575,3319.878767487947,3983.8545209855365,4647.830274483125,5311.806027980715,2571.0291453968607,3428.0388605291478,4285.048575661434,5142.058290793721,5999.0680059260085,6856.0777210582955,926.43569075141,2077.3661115352847,3228.29653231916,4379.226953103035,5530.15737388691,1517.6819089442986,2315.186265413995,3112.6906218836916,3910.1949783533883,4707.699334823084
.SOX,2023-11-17,3748.65,27.80877,24.84177,21.22081,21.657309287671232,LSEG,134.8009998284714,173.0893690535222,2022.0149974270707,2696.019996569428,3370.024995711785,4044.0299948541415,4718.034993996499,5392.039993138856,2596.340535802833,3461.787381070444,4327.234226338055,5192.681071605666,6058.127916873277,6923.574762140888,940.4293510133724,2108.744388403009,3277.0594257926455,4445.374463182282,5613.689500571919,1532.6232562169062,2337.9789216276968,3143.334587038488,3948.6902524492784,4754.045917860069
.SOX,2023-11-24,3747.925,27.53383,25.05413,21.17888,21.57171356164384,LSEG,136.1207285728139,173.742572155422,2041.8109285922085,2722.4145714562783,3403.0182143203474,4083.621857184417,4764.2255000484865,5444.829142912557,2606.1385823313303,3474.8514431084404,4343.5643038855505,5212.277164662661,6080.990025439771,6949.702886216881,949.6363424165147,2129.389417648991,3309.142492881467,4488.895568113943,5668.64864334642,1538.4070560567168,2346.8019654237105,3155.196874790704,3963.591784157698,4771.986693524691
.SOX,2023-12-01,3738.265,27.46965,24.81317,20.97638,21.291732602739724,LSEG,136.08709976282915,175.5735463030837,2041.3064964424373,2721.7419952565833,3402.1774940707287,4082.6129928848745,4763.048491699021,5443.483990513167,2633.6031945462555,3511.470926061674,4389.338657577093,5267.206389092511,6145.074120607929,7022.941852123348,949.4017334745221,2128.863349115121,3308.3249647557195,4487.786580396318,5667.248196036917,1554.6194530143284,2371.533576537011,3188.4477000596935,4005.3618235823765,4822.275947105059
.SOX,2023-12-08,3774.173,27.79929,25.48157,21.21745,21.486147972602737,LSEG,135.76508608673097,175.65610200639483,2036.4762913009647,2715.3017217346196,3394.1271521682743,4072.9525826019294,4751.778013035584,5430.603443469239,2634.8415300959223,3513.1220401278965,4391.402550159871,5269.683060191845,6147.963570223819,7026.244080255793,947.1552285315634,2123.8259641304016,3300.49669972924,4477.167435328079,5653.838170926917,1555.3504441290331,2372.6486854270424,3189.9469267250524,4007.2451680230624,4824.5434093210715
.SOX,2023-12-15,4117.003,30.42258,28.21693,23.24775,23.46557706849315,LSEG,135.3272141941939,175.44861513454245,2029.9082129129088,2706.544283883878,3383.180354854848,4059.8164258258175,4736.452496796787,5413.088567767756,2631.729227018137,3508.972302690849,4386.215378363561,5263.458454036274,6140.701529708986,7017.944605381698,944.1004471853596,2116.9761640740085,3289.851880962657,4462.727597851306,5635.603314739955,1553.5132475010744,2369.8460873497725,3186.178927198471,4002.511767047169,4818.8446068958665
.SOX,2023-12-22,4132.855,30.35467,27.75178,23.20318,23.31533726027397,LSEG,136.15219668011545,177.25907002176626,2042.2829502017319,2723.043933602309,3403.804917002886,4084.5659004034637,4765.326883804041,5446.087867204618,2658.886050326494,3545.1814004353255,4431.476750544157,5317.772100652988,6204.06745076182,7090.362800870651,949.85587737371,2129.8816854717093,3309.9074935697085,4489.933301667707,5669.959109765708,1569.5439562595814,2394.30053760303,3219.057118946479,4043.813700289928,4868.570281633376
.SOX,2023-12-29,4175.474,30.63338,28.02791,23.42014,23.44538805479452,LSEG,136.3047107436398,178.09361867849856,2044.5706611545968,2726.094214872796,3407.6177685909947,4089.1413223091936,4770.664876027393,5452.188429745592,2671.4042801774785,3561.8723735699714,4452.340466962464,5342.808560354957,6233.27665374745,7123.744747139943,950.9198806226703,2132.2675221941277,3313.6151637655853,4494.9628053370425,5676.3104469085,1576.9334839165745,2405.5730795227446,3234.212675128915,4062.8522707350858,4891.491866341255
.SOX,2024-01-05,3933.486,28.78206,22.08649,,22.08649,LSEG,136.6645055982789,178.09466329869525,2049.9675839741835,2733.290111965578,3416.6126399569725,4099.935167948367,4783.257695939762,5466.580223931156,2671.419949480429,3561.893265973905,4452.366582467382,5342.839898960858,6233.313215454334,7123.78653194781,953.4299632042296,2137.895932826556,3322.361902448882,4506.827872071209,5691.293841693535,1576.9427335268547,2405.587189574762,3234.23164562267,4062.8761016705776,4891.520557718484
.SOX,2024-01-12,4052.425,29.76767,22.87372,,22.87372,LSEG,136.13510899576622,177.16510475777443,2042.0266349364933,2722.7021799153245,3403.3777248941556,4084.0532698729867,4764.728814851817,5445.404359830649,2657.4765713666166,3543.3020951554886,4429.127618944361,5314.953142733233,6200.778666522105,7086.604190310977,949.736666389197,2129.6143761896706,3309.492085990144,4489.369795790617,5669.247505591091,1568.7119389632105,2393.031315768209,3217.350692573208,4041.6700693782072,4865.9894461832055
.SOX,2024-01-19,4375.654,32.50465,24.88419,,24.88419,LSEG,134.6162472138602,175.8407245725097,2019.243708207903,2692.324944277204,3365.4061803465047,4038.487416415806,4711.568652485107,5384.649888554408,2637.6108685876457,3516.8144914501945,4396.018114312743,5275.221737175291,6154.42536003784,7033.628982900389,939.1404378622984,2105.8542315065474,3272.5680251507965,4439.281818795045,5605.995612439295,1556.9851883077042,2375.142447293492,3193.2997062792797,4011.456965265067,4829.614224250854
.SOX,2024-01-26,4342.102,34.02079,25.20992,,25.20992,LSEG,127.63083984822222,172.23783336083574,1914.4625977233334,2552.6167969644443,3190.7709962055555,3828.9251954466667,4467.0793946877775,5105.233593928889,2583.567500412536,3444.756667216715,4305.945834020893,5167.135000825072,6028.324167629251,6889.51333443343,890.4072524720559,1996.5787914004507,3102.7503303288454,4208.921869257239,5315.093408185634,1525.0833165126573,2326.4769298450647,3127.870543177472,3929.2641565098797,4730.657769842287
.SOX,2024-02-02,4336.726,33.81352,25.69266,,25.69266,LSEG,128.25420127806865,168.79240997234228,1923.8130191710297,2565.084025561373,3206.3550319517162,3847.6260383420595,4488.897044732403,5130.168051122746,2531.8861495851343,3375.8481994468457,4219.810249308557,5063.7722991702685,5907.73434903198,6751.696398893691,894.7560880568305,2006.3302763212464,3117.904464585662,4229.478652850078,5341.052841114493,1494.5757466856167,2279.93838560963,3065.301024533644,3850.663663457658,4636.026302381671
.SOX,2024-02-09,4567.301,35.74663,27.3334,,27.3334,LSEG,127.76871554045793,167.09597049763295,1916.530733106869,2555.3743108091585,3194.217888511448,3833.061466213738,4471.905043916027,5110.748621618317,2506.439557464494,3341.919409952659,4177.399262440824,5012.879114928988,5848.3589674171535,6683.838819905318,891.369132190565,1998.735634396194,3106.1021366018226,4213.4686388074515,5320.835141013081,1479.554589661814,2257.0239815917776,3034.493373521742,3811.9627654517058,4589.43215738167
.SOX,2024-02-16,4527.679,35.73216,27.33136,,27.33136,LSEG,126.71159538074384,165.6587524367613,1900.6739307111577,2534.231907614877,3167.789884518596,3801.3478614223154,4434.905838326034,5068.463815229754,2484.881286551419,3313.1750487352256,4141.468810919032,4969.762573102838,5798.056335286645,6626.350097470451,883.9942104391828,1982.1986932199316,3080.4031760006806,4178.607658781429,5276.812141562178,1466.8287137955394,2237.610972286385,3008.3932307772307,3779.1754892680765,4549.957747758922
.SOX,2024-02-23,4615.034,35.61988,27.71618,22.87831,27.002395901639343,LSEG,129.5634348010156,170.9120189486525,1943.451522015234,2591.268696020312,3239.0858700253902,3886.903044030468,4534.720218035546,5182.537392040624,2563.6802842297875,3418.24037897305,4272.800473716313,5127.360568459575,5981.920663202837,6836.4807579461,903.8898603127979,2026.811124743265,3149.732389173732,4272.6536536041995,5395.574918034667,1513.343866466414,2308.5686887634524,3103.793511060491,3899.0183333575296,4694.243155654568
.SOX,2024-03-01,4929.583,38.03925,29.65279,24.4264,28.781725,LSEG,129.59201351235893,171.27475854904455,1943.880202685384,2591.8402702471785,3239.8003378089734,3887.760405370768,4535.720472932562,5183.680540494357,2569.121378235668,3425.495170980891,4281.868963726114,5138.242756471336,5994.616549216559,6850.990341961782,904.0892376096696,2027.2581926229523,3150.427147636235,4273.596102649517,5396.7650576628,1516.5557514628854,2313.4683399921423,3110.3809285213997,3907.293517050657,4704.206105579914
.SOX,2024-03-08,4957.779,38.13008,29.73649,24.63555,28.7887743715847,LSEG,130.0227799154893,172.21222883644057,1950.3416987323396,2600.455598309786,3250.5694978872325,3900.6833974646793,4550.797297042126,5200.911196619572,2583.1834325466084,3444.2445767288114,4305.305720911015,5166.366865093217,6027.42800927542,6888.489153457623,907.0944480268753,2033.996838749239,3160.899229471603,4287.801620193966,5414.704010916331,1524.8566007428385,2326.1310805380763,3127.4055603333145,3928.6800401285523,4729.95451992379
.SOX,2024-03-15,4757.707,36.65926,28.53769,23.61613,27.52917360655738,LSEG,129.78186139054634,172.8241852805464,1946.7279208581951,2595.6372278109266,3244.5465347636587,3893.4558417163903,4542.3651486691215,5191.274455621853,2592.362779208196,3456.483705610928,4320.60463201366,5184.725558416392,6048.846484819124,6912.967411221856,905.4136974957404,2030.2280567062107,3155.042415916681,4279.856775127151,5404.671134337622,1530.2751812319636,2334.3969912355224,3138.518801239081,3942.64061124264,4746.762421246198
.SOX,2024-03-22,4908.262,37.74078,29.80852,24.12481,28.53512049180328,LSEG,130.05194911180956,172.00775449362126,1950.7792366771434,2601.0389822361913,3251.298727795239,3901.558473354287,4551.818218913335,5202.0779644723825,2580.116317404319,3440.1550898724254,4300.193862340531,5160.232634808638,6020.271407276744,6880.310179744851,907.297944799154,2034.4531438147271,3161.6083428303,4288.763541845873,5415.918740861446,1523.0460786130384,2323.369173748888,3123.692268884738,3924.015364020588,4724.338459156437
.SOX,2024-03-28,4905.208,37.40641,29.68392,23.99996,28.317284808743167,LSEG,131.1328192146747,173.22310500918792,1966.9922882201204,2622.656384293494,3278.3204803668673,3933.9845764402407,4589.648672513615,5245.312768586988,2598.346575137819,3464.4621001837586,4330.577625229698,5196.693150275638,6062.8086753215775,6928.924200367517,914.8385562980349,2051.36161457466,3187.884672851285,4324.40773112791,5460.930789404535,1533.807423892636,2339.78534016813,3145.763256443624,3951.7411727191184,4757.719088994612
.SOX,2024-04-05,4819.127,36.7093,29.20461,23.55709,27.723293278688523,LSEG,131.27809574140613,173.82952853240434,1969.171436121092,2625.5619148281226,3281.9523935351535,3938.342872242184,4594.733350949215,5251.123829656245,2607.442927986065,3476.5905706480867,4345.738213310108,5214.88585597213,6084.033498634152,6953.181141296173,915.852067399031,2053.6342316984305,3191.4163959978305,4329.19856029723,5466.980724596629,1539.1770130238501,2347.976515759167,3156.776018494484,3965.5755212298013,4774.375023965118
.SOX,2024-04-12,4745.049,36.27177,28.8524,23.24198,27.27351131147541,LSEG,130.8193396682875,173.98012840405727,1962.2900950243127,2616.3867933657502,3270.4834917071876,3924.5801900486254,4578.676888390063,5232.7735867315005,2609.701926060859,3479.6025680811454,4349.503210101431,5219.403852121718,6089.304494142005,6959.205136162291,912.651589089038,2046.4577322951202,3180.263875501202,4314.070018707284,5447.876161913367,1540.510502578643,2350.0107211378663,3159.51093969709,3969.011158256314,4778.511376815537
.SOX,2024-04-19,4306.87,33.11006,26.11532,20.93974,24.55981781420765,LSEG,130.07738433575778,175.36245718844506,1951.1607650363667,2601.5476867151556,3251.9346083939445,3902.3215300727334,4552.708451751522,5203.095373430311,2630.436857826676,3507.2491437689014,4384.061429711127,5260.873715653352,6137.686001595577,7014.498287537803,907.475391785311,2034.8510369003632,3162.2266820154155,4289.6023271304675,5416.97797224552,1552.7503602560703,2368.682321700802,3184.614283145534,4000.5462445902663,4816.478206034998
.SOX,2024-04-26,4735.288,36.13499,28.64682,22.95208,26.82637032786885,LSEG,131.04439768767057,176.51616458454302,1965.6659653150584,2620.8879537534112,3276.1099421917643,3931.331930630117,4586.553919068469,5241.7759075068225,2647.7424687681455,3530.3232916908605,4412.904114613575,5295.484937536291,6178.065760459006,7060.646583381721,914.221689959047,2049.9784022904687,3185.7351146218907,4321.491826953313,5457.248539284735,1562.9658853099654,2384.2658528474717,3205.5658203849785,4026.8657879224857,4848.1657554599915
.SOX,2024-05-03,4716.189,35.5155,28.63411,22.8447,26.67267054644809,LSEG,132.79241457954979,176.81727788701082,1991.8862186932467,2655.848291590996,3319.8103644887447,3983.7724373864935,4647.734510284243,5311.696583181992,2652.2591683051623,3536.3455577402165,4420.431947175271,5304.518336610325,6188.604726045379,7072.691115480433,926.4166024098608,2077.3233093480903,3228.2300162863194,4379.136723224548,5530.043430162778,1565.6320990274337,2388.333096018101,3211.034093008768,4033.735089999436,4856.436086990103
.SOX,2024-05-10,4808.028,36.80058,29.51539,23.35343,27.30987972677596,LSEG,130.65087561119964,176.05452854799543,1959.7631341679946,2613.0175122239925,3266.271890279991,3919.5262683359892,4572.780646391987,5226.035024447985,2640.8179282199317,3521.0905709599087,4401.363213699886,5281.635856439863,6161.90849917984,7042.1811419198175,911.4763118724163,2043.8223836294299,3176.168455386444,4308.514527143457,5440.860598900471,1558.878319855256,2378.030372709011,3197.1824255627657,4016.3344784165206,4835.486531270275
.SOX,2024-05-17,4983.025,38.09353,30.56032,24.16569,28.149230000000003,LSEG,130.81027145554637,177.0217160469398,1962.1540718331955,2616.2054291109275,3270.2567863886593,3924.308143666391,4578.359500944123,5232.410858221855,2655.325740704097,3540.4343209387957,4425.542901173495,5310.651481408194,6195.760061642893,7080.8686418775915,912.5883253637403,2046.3158747216967,3180.043424079653,4313.770973437609,5447.498522795566,1567.4423007751127,2391.0945140722765,3214.746727369441,4038.398940666605,4862.051153963769
.SOX,2024-05-24,5220.915,39.39323,31.63154,25.00609,29.00670325136612,LSEG,132.5333058497615,179.98994765991245,1987.9995877464223,2650.66611699523,3313.3326462440373,3975.9991754928446,4638.665704741652,5301.33223399046,2699.8492148986866,3599.798953198249,4499.748691497811,5399.698429797373,6299.6481680969355,7199.597906396498,924.6089492403238,2073.269970866754,3221.9309924931845,4370.592014119615,5519.2530357460455,1593.7245665477346,2431.187461337531,3268.650356127328,4106.113250917125,4943.576145706921
.SOX,2024-05-31,5123.357,38.72618,30.99173,24.51078,28.30018792349727,LSEG,132.2969887554104,181.03614766975258,1984.4548313311561,2645.9397751082083,3307.42471888526,3968.9096626623123,4630.394606439364,5291.879550216417,2715.5422150462887,3620.7229533950517,4525.903691743814,5431.084430092577,6336.26516844134,7241.445906790103,922.9603002543612,2069.573170789376,3216.1860413243908,4362.798911859406,5509.411782394421,1602.9881653146788,2445.318852445997,3287.649539577316,4129.980226708634,4972.310913839953
.SOX,2024-06-07,5287.244,37.50881,30.60493,24.11922,27.787367459016394,LSEG,140.9600571172479,190.27509560947647,2114.400856758719,2819.2011423449585,3524.0014279311977,4228.801713517438,4933.601999103677,5638.402284689917,2854.126434142147,3805.5019121895293,4756.877390236912,5708.252868284294,6659.628346331676,7611.003824379059,983.3975653167423,2205.092913355247,3426.7882613937522,4648.483609432256,5870.178957470762,1684.7946133526264,2570.112568311995,3455.430523271364,4340.748478230733,5226.066433190101
.SOX,2024-06-14,5598.312,41.05281,32.26064,25.22245,29.06845546448088,LSEG,136.36854578285872,192.59062480428824,2045.5281867428807,2727.3709156571745,3409.2136445714677,4091.0563734857615,4772.899102400055,5454.741831314349,2888.8593720643235,3851.812496085765,4814.765620107206,5777.718744128647,6740.671868150089,7703.62499217153,951.3652211214868,2133.2661185020756,3315.1670158826646,4497.067913263253,5678.9688106438425,1705.2975125995488,2601.3892346924094,3497.480956785271,4393.572678878132,5289.664400970993
.SOX,2024-06-21,5538.535,40.83663,31.93121,24.92893,28.62138912568306,LSEG,135.62664206130623,193.5103490497623,2034.3996309195934,2712.5328412261247,3390.6660515326557,4068.799261839187,4746.932472145718,5425.065682452249,2902.6552357464348,3870.2069809952463,4837.7587262440575,5805.3104714928695,6772.862216741681,7740.413961990493,946.1893838779811,2121.660230477878,3297.131077077775,4472.601923677672,5648.072770277569,1713.441229198829,2613.8122732151473,3514.1833172314664,4414.554361247786,5314.925405264104
.SOX,2024-06-28,5472.259,40.48458,31.80434,24.93487,28.42591213114754,LSEG,135.16897050679543,192.50953055623503,2027.5345576019315,2703.3794101359085,3379.224262669886,4055.069115203863,4730.91396773784,5406.758820271817,2887.6429583435256,3850.190611124701,4812.738263905876,5775.285916687051,6737.833569468226,7700.381222249402,942.996471633016,2114.5006966203073,3286.0049216075986,4457.50914659489,5629.013371582181,1704.579461969453,2600.2938661920193,3496.008270414586,4391.722674637153,5287.437078859719
.SOX,2024-07-05,5656.308,42.06011,32.74038,25.58713,29.085577404371584,LSEG,134.4815313131611,194.47122955000552,2017.2229696974164,2689.630626263222,3362.0382828290276,4034.4459393948327,4706.853595960639,5379.261252526444,2917.068443250083,3889.4245910001105,4861.780738750138,5834.136886500166,6806.493034250193,7778.849182000221,938.2006021991592,2103.7468183568726,3269.2930345145855,4434.8392506722985,5600.385466830012,1721.9493646734154,2626.7912237310343,3531.633082788653,4436.4749418462725,5341.316800903891
.SOX,2024-07-12,5775.193,39.97669,33.11222,25.75228,29.21104961748634,LSEG,144.4640114026449,197.70576804411883,2166.9601710396737,2889.280228052898,3611.6002850661225,4333.920342079347,5056.240399092571,5778.560456105796,2965.5865206617823,3954.1153608823765,4942.64420110297,5931.173041323565,6919.701881544159,7908.230721764753,1007.8426470208057,2259.906630953438,3511.97061488607,4764.034598818702,6016.098582751334,1750.589650014533,2670.481271605043,3590.3728931955525,4510.264514786063,5430.156136376572
.SOX,2024-07-19,5267.161,35.97973,29.82779,23.26429,26.223244918032787,LSEG,146.39245486277966,200.8584756182467,2195.886822941695,2927.8490972555933,3659.8113715694913,4391.77364588339,5123.735920197288,5855.698194511187,3012.8771342737004,4017.1695123649342,5021.461890456168,6025.754268547401,7030.046646638634,8034.3390247298685,1021.2962922755753,2290.074020884419,3558.851749493263,4827.629478102107,6096.407206710951,1778.5053618492989,2713.0660004920474,3647.6266391347963,4582.187277777545,5516.747916420293
.SOX,2024-07-26,5103.129,35.04523,29.05178,22.58942,25.37918196721312,LSEG,145.6155088723915,201.07539346983816,2184.2326330858723,2912.31017744783,3640.3877218097878,4368.465266171745,5096.542810533702,5824.62035489566,3016.1309020475724,4021.5078693967635,5026.884836745954,6032.261804095145,7037.638771444335,8043.015738793527,1015.8759851974163,2277.9199530406495,3539.9639208838826,4802.007888727116,6064.051856570349,1780.426065274677,2715.995986126167,3651.5659069776566,4587.135827829146,5522.705748680636
.SOX,2024-08-02,4607.758,33.04888,26.13363,20.33202,22.725580409836063,LSEG,139.4225159823873,202.75644964410566,2091.3377397358095,2788.450319647746,3485.5628995596826,4182.675479471619,4879.788059383555,5576.900639295492,3041.346744661585,4055.1289928821134,5068.911241102642,6082.69348932317,7096.475737543698,8110.257985764227,972.6710216453063,2181.0405602999895,3389.410098954673,4597.779637609356,5806.149176264039,1795.3110105591718,2738.702602500129,3682.0941944410865,4625.485786382044,5568.877378323001
.SOX,2024-08-09,4709.452,34.37125,27.2399,20.72436,23.287851147540984,LSEG,137.01718732952685,202.22784705051166,2055.257809942903,2740.343746590537,3425.429683238171,4110.515619885806,4795.60155653344,5480.687493181074,3033.417705757675,4044.556941010233,5055.696176262792,6066.83541151535,7077.974646767908,8089.113882020466,955.8904215988543,2143.4130701074937,3330.9357186161333,4518.458367124772,5705.9810156334115,1790.630488394993,2731.5625815473786,3672.4946746997643,4613.42676785215,5554.358861004535
.SOX,2024-08-16,5170.246,36.88175,29.41512,22.34823,24.993486639344265,LSEG,140.18440014370253,206.86373512453835,2102.766002155538,2803.6880028740507,3504.6100035925633,4205.532004311076,4906.454005029589,5607.376005748101,3102.9560268680752,4137.274702490767,5171.593378113459,6205.9120537361505,7240.230729358842,8274.549404981533,977.9862509706435,2192.9590101025206,3407.931769234398,4622.9045283662745,5837.877287498152,1831.6790514253134,2794.181150552319,3756.6832496793254,4719.185348806332,5681.687447933336
.SOX,2024-08-23,5228.653,37.41825,29.58709,22.55734,25.05424573770492,LSEG,139.73536977277132,208.6932911387245,2096.03054659157,2794.707395455426,3493.384244319283,4192.06109318314,4890.737942046996,5589.414790910852,3130.3993670808677,4173.86582277449,5217.332278468112,6260.798734161735,7304.265189855358,8347.73164554898,974.8536233131523,2185.9346536353682,3397.0156839575843,4608.0967142798,5819.177744602017,1847.8788914918987,2818.893606438514,3789.908321385129,4760.923036331745,5731.937751278359
.SOX,2024-08-30,5158.82,36.90067,29.76318,22.46435,24.91723549180328,LSEG,139.80288162789455,207.03821664714908,2097.043224418418,2796.057632557891,3495.0720406973637,4194.086448836836,4893.100856976309,5592.115265115782,3105.5732497072363,4140.764332942982,5175.955416178727,6211.146499414473,7246.337582650218,8281.528665885964,975.3246148501589,2186.9907678023474,3398.656920754536,4610.323073706724,5821.989226658913,1833.224001532854,2796.5379337811682,3759.851866029483,4723.165798277798,5686.479730526112
.SOX,2024-09-06,4528.215,32.88979,26.43351,19.97588,22.022560546448087,LSEG,137.6784406346164,205.61709844999538,2065.176609519246,2753.5688126923283,3441.96101586541,4130.353219038492,4818.745422211574,5507.1376253846565,3084.2564767499307,4112.341968999907,5140.427461249885,6168.512953499861,7196.598445749838,8224.683937999815,960.5036070897047,2153.7573123474986,3347.011017605292,4540.264722863086,5733.51842812088,1820.6406822296487,2777.3423909915964,3734.0440997535443,4690.745808515492,5647.447517277439
.SOX,2024-09-13,4980.486,35.35497,28.46938,21.56422,23.62067475409836,LSEG,140.8708874593869,210.85282498696822,2113.0633118908036,2817.417749187738,3521.772186484672,4226.126623781607,4930.481061078542,5634.835498375476,3162.792374804523,4217.056499739364,5271.320624674206,6325.584749609046,7379.848874543887,8434.112999478728,982.775479697355,2203.6979977695355,3424.620515841716,4645.543033913897,5866.465551986077,1867.0005268442262,2848.063188864885,3829.1258508855444,4810.188512906204,5791.251174926862
.SOX,2024-09-20,5000.065,37.21553,29.43795,22.44551,24.394222786885244,LSEG,134.3542601704181,204.9692274962792,2015.3139025562714,2687.085203408362,3358.8565042604523,4030.627805112543,4702.399105964633,5374.170406816724,3074.538412444188,4099.384549925584,5124.23068740698,6149.076824888376,7173.922962369772,8198.769099851168,937.312704347327,2101.755866446972,3266.1990285466172,4430.642190646262,5595.085352745908,1814.904096001838,2768.5913703945143,3722.278644787191,4675.965919179867,5629.653193572543
.SOX,2024-09-27,5217.228,39.9364,30.70889,23.36614,25.272045054644806,LSEG,130.63841507997716,206.44265189932122,1959.5762261996574,2612.7683015995435,3265.960376999429,3919.152452399315,4572.3445277992005,5225.536603199087,3096.639778489818,4128.853037986424,5161.06629748303,6193.279556979636,7225.492816476242,8257.706075972848,911.3893818844656,2043.6274587006435,3175.865535516821,4308.103612332999,5440.341689149177,1827.950561643997,2788.4934314844645,3749.0363013249325,4709.5791711654,5670.122041005868
.SOX,2024-10-04,5206.836,41.04801,30.71954,23.25358,25.048674207650272,LSEG,126.84746471266209,207.86872617831997,1902.7119706899314,2536.9492942532415,3171.1866178165524,3805.4239413798628,4439.661264943173,5073.898588506483,3118.0308926748,4157.374523566399,5196.718154457999,6236.0617853496,7275.405416241199,8314.749047132798,884.9420929311605,1984.3241499420867,3083.706206953013,4183.088263963939,5282.470320974866,1840.5777646723377,2807.755917812805,3774.934070953272,4742.112224093739,5709.290377234206
.SOX,2024-10-11,5335.944,41.36758,31.88507,24.35871,26.02437983606557,LSEG,128.98854610301112,205.03635566390125,1934.8281915451666,2579.7709220602223,3224.713652575278,3869.6563830903333,4514.599113605389,5159.541844120445,3075.5453349585187,4100.727113278025,5125.908891597531,6151.090669917037,7176.272448236544,8201.45422655605,899.8791912090285,2017.8179175903813,3135.7566439717343,4253.695370353087,5371.63409673444,1815.4984836953595,2769.4980941396298,3723.4977045839,4677.49731502817,5631.49692547244
.SOX,2024-10-18,5208.618,39.0014,30.91493,23.77844,25.2213368852459,LSEG,133.54951360720386,206.51633272647663,2003.242704108058,2670.990272144077,3338.7378401800966,4006.485408216116,4674.232976252135,5341.980544288154,3097.7449908971494,4130.326654529533,5162.908318161916,6195.489981794299,7228.071645426682,8260.653309059066,931.6984485989511,2089.16690344652,3246.6353582940887,4404.103813141657,5561.572267989226,1828.6029699915066,2789.488664304131,3750.374358616756,4711.260052929381,5672.145747242005
.SOX,2024-10-25,5212.833,39.19491,30.93538,23.80563,25.11080281420765,LSEG,132.99770301807044,207.59324337693369,1994.9655452710565,2659.9540603614087,3324.942575451761,3989.931090542113,4654.919605632465,5319.908120722817,3113.8986506540055,4151.864867538674,5189.831084423342,6227.797301308011,7265.763518192679,8303.729735077348,927.8487822397893,2080.5347161127675,3233.220649985746,4385.906583858724,5538.592517731703,1838.1384967357735,2804.034874825393,3769.9312529150134,4735.827631004633,5701.724009094253
.SOX,2024-11-01,5001.425,36.46621,29.58134,22.85733,23.95962672131148,LSEG,137.1523116879983,208.7438614204853,2057.284675319974,2743.0462337599656,3428.8077921999575,4114.569350639948,4800.33090907994,5486.092467519931,3131.1579213072796,4174.877228409706,5218.5965355121325,6262.315842614559,7306.035149716986,8349.754456819412,956.8331068378741,2145.5268729207205,3334.220639003567,4522.914405086413,5711.6081711692605,1848.326667056186,2819.576677001796,3790.826686947406,4762.076696893017,5733.326706838626
.SOX,2024-11-08,5290.517,37.8466,30.53353,23.43956,24.466828879781424,LSEG,139.78843542088325,216.23223123826673,2096.826531313249,2795.768708417665,3494.7108855220813,4193.653062626498,4892.595239730914,5591.53741683533,3243.483468574001,4324.644624765335,5405.805780956668,6486.966937148002,7568.1280933393355,8649.28924953067,975.2238319397834,2186.764780176087,3398.30572841239,4609.846676648694,5821.3876248849965,1914.6325863430934,2920.7247191205024,3926.816851897912,4932.908984675321,5939.00111745273
.SOX,2024-11-15,4833.592,34.71922,30.41471,22.25701,23.282294699453555,LSEG,139.21948707373033,207.608058500928,2088.292306105955,2784.3897414746066,3480.4871768432586,4176.58461221191,4872.682047580562,5568.779482949213,3114.12087751392,4152.16117001856,5190.2014625232,6228.24175502784,7266.28204753248,8304.32234003712,971.2546052607975,2177.8645002384264,3384.4743952160557,4591.084290193685,5797.6941851713145,1838.2696775454417,2804.2349879103817,3770.200298275322,4736.165608640262,5702.130919005202
.SOX,2024-11-22,4955.797,35.63041,31.16383,22.96738,23.84077221311476,LSEG,139.08896922600667,207.87065769932676,2086.3345383901,2781.779384520133,3477.2242306501666,4172.6690767802,4868.113922910234,5563.558769040266,3118.0598654899013,4157.413153986535,5196.766442483169,6236.119730979803,7275.473019476436,8314.82630797307,970.3440570082873,2175.8227588617015,3381.3014607151154,4586.78016256853,5792.258864421943,1840.5948673634566,2807.7820075456707,3774.9691477278852,4742.156287910099,5709.343428092313
.SOX,2024-11-29,4926.56,35.59069,30.27614,20.82927,21.655225846994536,LSEG,138.42271672732392,227.4998208196357,2076.340750909859,2768.454334546478,3460.567918183098,4152.681501819718,4844.795085456337,5536.908669092956,3412.4973122945353,4549.996416392713,5687.495520490892,6824.994624589071,7962.493728687249,9099.992832785427,965.6959950076752,2165.400312294951,3365.1046295822275,4564.808946869503,5764.51326415678,2014.401682090236,3072.92001039022,4131.438338690205,5189.956666990189,6248.474995290173
.SOX,2024-12-06,5061.295,36.01362,30.97306,21.60667,22.24645073770492,LSEG,140.53835743254913,227.51022442522688,2108.075361488237,2810.7671486509826,3513.458935813728,4216.150722976474,4918.8425101392195,5621.534297301965,3412.653366378403,4550.204488504538,5687.755610630672,6825.306732756806,7962.857854882941,9100.408977009076,980.4556081998927,2198.4961014263195,3416.536594652746,4634.577087879172,5852.617581105599,2014.4938010225815,3073.0605355461794,4131.627270069777,5190.194004593376,6248.760739116973
.SOX,2024-12-13,5149.78,35.88809,30.78824,21.8261,22.26686098360656,LSEG,143.49551620049994,231.27552661290702,2152.432743007499,2869.9103240099985,3587.3879050124983,4304.865486014998,5022.343067017498,5739.820648019997,3469.132899193605,4625.51053225814,5781.888165322675,6938.26579838721,8094.6434314517455,9251.02106451628,1001.086010826922,2244.7560844046943,3488.4261579824665,4732.096231560238,5975.7663051380105,2047.8337440305113,3123.91979510956,4200.005846188608,5276.091897267657,6352.177948346704
.SOX,2024-12-20,4964.912,33.0436,28.49631,21.64621,21.85208732240437,LSEG,150.25336222445497,227.20538897488328,2253.8004333668246,3005.0672444890997,3756.3340556113744,4507.600866733649,5258.867677855924,6010.134488978199,3408.0808346232493,4544.107779497665,5680.134724372082,6816.161669246499,7952.188614120914,9088.21555899533,1048.2316311015725,2350.4716940725752,3652.711757043578,4954.95182001458,6257.191882985583,2011.794629472817,3068.9430160164393,4126.091402560062,5183.239789103685,6240.388175647307
.SOX,2024-12-27,5122.968,33.86764,29.85235,22.19207,22.275788907103827,LSEG,151.26439279501022,229.97919496203644,2268.9658919251533,3025.2878559002047,3781.6098198752557,4537.931783850307,5294.253747825358,6050.575711800409,3449.6879244305464,4599.583899240729,5749.479874050911,6899.375848861093,8049.271823671275,9199.167798481458,1055.2850121931951,2366.2876379073773,3677.2902636215595,4988.292889335742,6299.295515049925,2036.3553496799032,3106.409788043574,4176.4642264072445,5246.518664770915,6316.573103134586
.SOX,2025-01-03,5163.647,34.1649,22.50997,,22.50997,LSEG,151.13894669675602,229.39377529157082,2267.08420045134,3022.77893393512,3778.4736674189007,4534.16840090268,5289.863134386461,6045.55786787024,3440.9066293735623,4587.875505831416,5734.8443822892705,6881.813258747125,8028.782135204979,9175.751011662833,1054.4098466312298,2364.325235877146,3674.2406251230623,4984.1560143689785,6294.071403614895,2031.1717395800533,3098.5023188712084,4165.832898162364,5233.16347745352,6300.494056744674
.SOX,2025-01-10,5037.47,33.83902,22.35343,,22.35343,LSEG,148.8657177424169,225.3555718294687,2232.9857661362535,2977.314354848338,3721.6429435604227,4465.971532272507,5210.300120984592,5954.628709696676,3380.33357744203,4507.111436589374,5633.889295736717,6760.66715488406,7887.445014031404,9014.222873178747,1038.5508305040926,2328.764232567693,3618.9776346312933,4909.191036694893,6199.4044387584945,1995.4153868173394,3043.956885912126,4092.498385006913,5141.0398841017,6189.581383196486
.SOX,2025-01-17,5309.737,35.28312,23.64862,,23.64862,LSEG,150.48944084310006,224.52629371185296,2257.341612646501,3009.788816862001,3762.2360210775014,4514.683225293002,5267.130429508502,6019.577633724002,3367.8944056777946,4490.525874237059,5613.157342796324,6735.788811355589,7858.420279914853,8981.051748474118,1049.8786163791524,2354.164763581876,3658.4509107845993,4962.737057987322,6267.023205190046,1988.072527253638,3032.7555350160283,4077.4385427784187,5122.121550540809,6166.804558303199
.SOX,2025-01-24,5341.94,35.48307,23.86602,,23.86602,LSEG,150.54898011925124,223.83036635350174,2258.2347017887687,3010.979602385025,3763.724502981281,4516.469403577537,5269.214304173794,6021.95920477005,3357.4554953025263,4476.607327070034,5595.7591588375435,6714.910990605053,7834.062822372561,8953.214654140069,1050.2939878000016,2355.096159599955,3659.8983313999092,4964.700503199862,6269.502674999816,1981.9104246364818,3023.3553996772366,4064.8003747179914,5106.245349758747,6147.6903247995015
.SOX,2025-01-31,5015.85,33.91593,22.85475,,22.85475,LSEG,147.89068145853585,219.46641289009946,2218.360221878038,2957.813629170717,3697.2670364633964,4436.720443756076,5176.173851048755,5915.627258341434,3291.996193351492,4389.328257801989,5486.660322252486,6583.992386702984,7681.324451153481,8778.656515603978,1031.748560930191,2313.511361337214,3595.274161744237,4877.03696215126,6158.799762558284,1943.2697120171497,2964.409947000453,3985.5501819837564,5006.69041696706,6027.830651950363
.SOX,2025-02-07,5009.342,32.27998,23.1673,,23.1673,LSEG,155.18417297656316,216.22467874978955,2327.7625946484472,3103.683459531263,3879.604324414079,4655.5251892968945,5431.446054179711,6207.366919062526,3243.370181246843,4324.493574995791,5405.616968744739,6486.740362493686,7567.863756242634,8648.987149991583,1082.6310729564204,2427.6062814793167,3772.581490002213,5117.556698525109,6462.531907048005,1914.5657126838632,2920.6227050051234,3926.679697326384,4932.736689647645,5938.793681968905
.SOX,2025-02-14,5160.943,33.5221,24.11428,,24.11428,LSEG,153.95643471023592,214.02019881995233,2309.346520653539,3079.1286942047186,3848.910867755898,4618.693041307078,5388.4752148582575,6158.257388409437,3210.302982299285,4280.403976399047,5350.504970498808,6420.60596459857,7490.706958698332,8560.807952798094,1074.0658464188903,2408.4002950041454,3742.7347435894003,5077.069192174655,6411.40364075991,1895.0461013593385,2890.8460200631557,3886.645938766973,4882.4458574707905,5878.245776174607
.SOX,2025-02-21,5136.593,33.62582,24.11291,,24.11291,LSEG,152.75740487518223,213.02252610738398,2291.3610731277336,3055.1480975036447,3818.935121879556,4582.722146255467,5346.509170631378,6110.2961950072895,3195.33789161076,4260.450522147679,5325.563152684599,6390.67578322152,7455.78841375844,8520.901044295359,1065.7009021598712,2389.6434056679045,3713.5859091759376,5037.528412683971,6361.470916192005,1886.2121885099455,2877.3701042086896,3868.5280199074336,4859.685935606178,5850.843851304921
.SOX,2025-02-28,4766.746,31.32496,22.42682,18.10658,21.72847983561644,LSEG,152.17085672256246,219.37779522829499,2282.562850838437,3043.4171344512492,3804.2714180640614,4565.125701676874,5325.979985289686,6086.8342689024985,3290.666928424425,4387.555904565899,5484.444880707375,6581.33385684885,7678.222832990325,8775.111809131799,1061.6088917207187,2380.4678051386877,3699.3267185566565,5018.185631974625,6337.044545392594,1942.485045170562,2963.212957107222,3983.9408690438822,5004.668780980543,6025.396692917202
.SOX,2025-03-07,4629.59,31.06196,21.74288,17.87471,21.04343008219178,LSEG,149.0437177821361,220.00168137597674,2235.6557667320417,2980.874355642722,3726.0929445534025,4471.311533464083,5216.530122374764,5961.748711285444,3300.0252206396513,4400.033627519535,5500.042034399418,6600.0504412793025,7700.058848159186,8800.06725503907,1039.7926348085598,2331.5487563128504,3623.3048778171415,4915.060999321432,6206.817120825723,1948.00925745695,2971.6400065022913,3995.270755547633,5018.9015045929755,6042.532253638316
.SOX,2025-03-14,4598.793,30.39306,21.25258,17.50066,20.502196,LSEG,151.31062814997898,224.30733761398045,2269.6594222496847,3026.21256299958,3782.7657037494746,4539.318844499369,5295.871985249264,6052.42512599916,3364.6100642097067,4486.146752279609,5607.683440349511,6729.220128419413,7850.7568164893155,8972.293504559218,1055.6075697775043,2367.010915520008,3678.4142612625124,4989.817607005016,6301.22095274752,1986.1337761360803,3029.798018073266,4073.4622600104526,5117.126501947639,6160.790743884824
.SOX,2025-03-21,4557.949,30.002,21.27158,17.55755,20.45754602739726,LSEG,151.92150523298446,222.80037859359473,2278.8225784947667,3038.4301046596893,3798.0376308246114,4557.6451569895335,5317.2526831544565,6076.860209319379,3342.005678903921,4456.0075718718945,5570.009464839868,6684.011357807842,7798.013250775815,8912.015143743789,1059.8693092264016,2376.567102955049,3693.264896683697,5009.962690412344,6326.660484140993,1972.790377558581,3009.4429931246855,4046.0956086907904,5082.748224256895,6119.400839822999
.SOX,2025-03-28,4284.909,28.58075,20.19215,16.66136,19.35056443835617,LSEG,149.92290265300946,221.43586631026474,2248.843539795142,2998.4580530601893,3748.0725663252365,4497.687079590284,5247.301592855331,5996.916106120379,3321.537994653971,4428.717326205295,5535.896657756619,6643.075989307942,7750.255320859266,8857.43465241059,1045.9262039852595,2345.3021866670924,3644.678169348925,4944.054152030757,6243.43013471259,1960.7082764436448,2991.0120463012495,4021.3158161588544,5051.619586016459,6081.923355874063
.SOX,2025-04-04,3597.655,23.97165,16.89178,13.99928,16.14686219178082,LSEG,150.07957316246484,222.8083052465328,2251.1935974369726,3001.591463249297,3751.989329061621,4502.387194873945,5252.785060686269,6003.182926498594,3342.124578697992,4456.166104930656,5570.20763116332,6684.249157395984,7798.2906836286475,8912.332209861312,1047.0192043763363,2347.7530442873076,3648.4868841982793,4949.22072410925,6249.954564020222,1972.8605642644618,3009.5500612108976,4046.239558157334,5082.929055103771,6119.618552050207
.SOX,2025-04-11,3990.904,26.30288,18.33095,15.19535,17.46329082191781,LSEG,151.7287840723145,228.53103923523398,2275.9317610847174,3034.57568144629,3793.219601807863,4551.863522169435,5310.507442531008,6069.15136289258,3427.9655885285097,4570.62078470468,5713.27598088085,6855.931177057019,7998.586373233189,9141.24156940936,1058.524804094496,2373.5522909981173,3688.5797779017385,5003.60726480536,6318.634751708981,2023.5326260333986,3086.8490398415756,4150.1654536497535,5213.481867457931,6276.7982812661085
.SOX,2025-04-17,3832.466,24.91808,17.83649,14.74522,16.93028208219178,LSEG,153.8026204266139,226.36752189918928,2307.0393063992087,3076.052408532278,3845.065510665348,4614.078612798417,5383.091714931487,6152.104817064556,3395.512828487839,4527.350437983786,5659.188047479732,6791.025656975678,7922.863266471625,9054.700875967572,1072.9927722791786,2405.9941184338168,3738.9954645884545,5071.996810743092,6404.998156897731,2004.3757188092166,3057.6256510459043,4110.875583282592,5164.12551551928,6217.375447755968
.SOX,2025-04-25,4251.613,27.56388,19.74545,16.51966,18.729105205479456,LSEG,154.24581009640153,227.0056659597455,2313.687151446023,3084.9162019280307,3856.145252410038,4627.374302892046,5398.603353374054,6169.832403856061,3405.0849893961827,4540.11331919491,5675.141648993637,6810.169978792365,7945.198308591092,9080.22663838982,1076.0846527108113,2412.9271065448247,3749.7695603788384,5086.612014212851,6423.454468046865,2010.0261780683447,3066.2452870795937,4122.464396090843,5178.683505102093,6234.902614113341
.SOX,2025-05-02,4397.053,27.47605,20.48147,17.14791,19.367238986301373,LSEG,160.03220987005045,227.0356142716097,2400.483148050757,3200.644197401009,4000.805246751261,4800.966296101514,5601.127345451766,6401.288394802018,3405.5342140741454,4540.712285432193,5675.890356790243,6811.068428148291,7946.246499506339,9081.424570864387,1116.4530490191542,2503.446005271579,3890.438961524004,5277.431917776428,6664.424874028854,2010.291355990585,3066.6498094500876,4123.0082629095905,5179.366716369093,6235.725169828595
.SOX,2025-05-09,4466.5,27.84795,20.46345,17.41837,19.387243643835617,LSEG,160.3888257483944,230.38344604598663,2405.832386225916,3207.776514967888,4009.72064370986,4811.664772451832,5613.608901193804,6415.553029935776,3455.7516906897995,4607.668920919733,5759.586151149666,6911.503381379599,8063.420611609532,9215.337841839466,1118.9409537042739,2509.0246859433105,3899.1084181823476,5289.192150421384,6679.275882660421,2039.9347989320486,3111.8701494654724,4183.805499998897,5255.740850532321,6327.676201065745
.SOX,2025-05-16,4922.193,30.47098,22.4351,19.15507,21.21295183561644,LSEG,161.53707560439474,232.03715532581668,2423.056134065921,3230.741512087895,4038.4268901098685,4846.112268131842,5653.7976461538165,6461.48302417579,3480.5573298872505,4640.743106516334,5800.928883145417,6961.114659774501,8121.300436403584,9281.486213032667,1126.9516351402694,2526.9872043475243,3927.0227735547787,5327.058342762033,6727.0939119692885,2054.5776005965777,3134.2073817281153,4213.837162859652,5293.46694399119,6373.096725122728
.SOX,2025-05-23,4702.378,28.84822,21.30822,18.13972,20.066862465753424,LSEG,163.00409522667255,234.33548757436236,2445.061428400088,3260.081904533451,4075.1023806668136,4890.122856800176,5705.14333293354,6520.163809066902,3515.032313615435,4686.709751487248,5858.387189359059,7030.06462723087,8201.742065102682,9373.419502974495,1137.1861906187758,2549.9363619954042,3962.6865333720325,5375.43670474866,6788.186876125289,2074.9282291412183,3165.2517629132785,4255.57529668534,5345.8988304574,6436.22236422946
.SOX,2025-05-30,4758.064,28.96801,21.61364,18.27854,20.24305095890411,LSEG,164.25235975822986,235.04678270382547,2463.785396373448,3285.0471951645973,4106.308993955747,4927.570792746896,5748.832591538045,6570.0943903291945,3525.701740557382,4700.935654076509,5876.169567595637,7051.403481114764,8226.637394633892,9401.871308153019,1145.8946171497303,2569.463448808658,3993.0322804675857,5416.601112126514,6840.169943785441,2081.2264059929225,3174.859476135845,4268.492546278768,5362.125616421691,6455.758686564613
.SOX,2025-06-06,5038.055,30.47409,22.90508,19.40801,21.40086084931507,LSEG,165.32257402928192,235.41366094912215,2479.838610439229,3306.4514805856384,4133.064350732048,4959.677220878458,5786.290091024867,6612.902961171277,3531.2049142368323,4708.273218982443,5885.341523728053,7062.409828473665,8239.478133219274,9416.546437964886,1153.3608890145638,2586.2052262534958,4019.0495634924273,5451.893900731359,6884.738237970291,2084.4749367029044,3179.8150294953475,4275.1551222877915,5370.4952150802355,6465.835307872679
.SOX,2025-06-13,5112.243,31.20314,23.20989,19.63003,21.601404958904112,LSEG,163.8374535383298,236.66252309633828,2457.561803074947,3276.749070766596,4095.9363384582452,4915.123606149894,5734.310873841543,6553.498141533192,3549.9378464450742,4733.250461926766,5916.563077408457,7099.8756928901485,8283.18830837184,9466.500923853531,1143.0000541449415,2562.972909687724,3982.9457652305064,5402.918620773288,6822.891476316071,2095.533011390556,3196.6838492973725,4297.834687204188,5398.985525111006,6500.136363017821
.SOX,2025-06-20,5211.477,31.73679,23.88115,20.20147,22.15724512328768,LSEG,164.20932929889884,235.20419488082658,2463.1399394834825,3284.186585977977,4105.233232472471,4926.279878966965,5747.326525461459,6568.373171955954,3528.062923212399,4704.083897616531,5880.1048720206645,7056.125846424798,8232.14682082893,9408.167795233063,1145.594418286265,2568.7903066230647,3991.9861949598644,5415.182083296664,6838.377971633464,2082.620215240728,3176.9856977163413,4271.351180191955,5365.716662667569,6460.082145143182
.SOX,2025-06-27,5544.987,33.16108,25.3865,21.49907,23.49071221917809,LSEG,167.2137035343843,236.05018648489545,2508.2055530157645,3344.274070687686,4180.342588359607,5016.411106031529,5852.479623703451,6688.548141375372,3540.7527972734315,4721.003729697909,5901.254662122386,7081.505594546863,8261.756526971341,9442.007459395818,1166.5542161814892,2615.788899495552,4065.023582809615,5514.2582661236775,6963.492949437741,2090.1110647021947,3188.4128035461363,4286.714542390078,5385.01628123402,6483.318020077962
.SOX,2025-07-03,5647.117,33.75619,25.73576,21.77411,23.738654246575344,LSEG,167.29130272107133,237.88698977384877,2509.36954081607,3345.8260544214268,4182.282568026783,5018.73908163214,5855.1955952374965,6691.6521088428535,3568.3048466077316,4757.739795476975,5947.174744346219,7136.609693215463,8326.044642084707,9515.47959095395,1167.0955812519865,2617.002813707458,4066.9100461629296,5516.8172786184,6966.724511073873,2106.3750759071527,3213.2231509188937,4320.071225930636,5426.919300942377,6533.767375954118
.SOX,2025-07-11,5696.293,33.99817,25.91549,21.88122,23.793353452054795,LSEG,167.5470473851975,239.40690039671847,2513.2057107779624,3350.94094770395,4188.676184629937,5026.411421555925,5864.146658481912,6701.8818954079,3591.103505950777,4788.138007934369,5985.172509917962,7182.207011901554,8379.241513885147,9576.276015868738,1168.8797652626045,2621.003526803253,4073.127288343902,5525.25104988455,6977.3748114251985,2119.8331547060934,3233.7531177126866,4347.673080719281,5461.593043725875,6575.513006732467
.SOX,2025-07-18,5732.623,32.72263,26.14253,22.38464,24.09370778082192,LSEG,175.18833296712396,237.93029500270796,2627.824994506859,3503.766659342479,4379.708324178099,5255.649989013718,6131.591653849338,7007.533318684958,3568.9544250406193,4758.605900054159,5948.257375067699,7137.908850081239,8327.560325094779,9517.211800108318,1222.188637228413,2740.539124547899,4258.889611867386,5777.240099186872,7295.590586506358,2106.758522916223,3213.8080898601047,4320.857656803987,5427.90722374787,6534.956790691752
.SOX,2025-07-25,5645.858,32.47588,25.70121,21.74389,23.467763643835617,LSEG,173.84772945336664,240.57929360827796,2607.7159418004994,3476.9545890673326,4346.193236334166,5215.431883600999,6084.670530867832,6953.909178134665,3608.6894041241694,4811.5858721655595,6014.482340206949,7217.378808248339,8420.275276289729,9623.171744331119,1212.8360145178003,2719.567543177536,4226.299071837272,5733.030600497007,7239.762129156743,2130.2141336841337,3249.589044733935,4368.963955783736,5488.338866833538,6607.713777883339
.SOX,2025-08-01,5527.608,31.12606,25.15139,21.58448,23.0698781369863,LSEG,177.58778335581184,239.602826125812,2663.8167503371774,3551.7556671162365,4439.694583895296,5327.633500674355,6215.572417453414,7103.511334232473,3594.0423918871797,4792.05652251624,5990.0706531453,7188.0847837743595,8386.09891440342,9584.11304503248,1238.9282279932727,2778.074658771202,4317.221089549131,5856.3675203270595,7395.513951104989,2121.5679829658643,3236.399555372781,4351.231127779698,5466.062700186615,6580.894272593531
.SOX,2025-08-08,5678.015,31.80745,25.54645,21.88874,23.34180287671233,LSEG,178.51210958438983,243.25520312164264,2677.6816437658476,3570.2421916877965,4462.802739609746,5355.363287531695,6247.923835453644,7140.484383375593,3648.8280468246394,4865.1040624328525,6081.380078041066,7297.656093649279,8513.932109257492,9730.208124865705,1245.3767225620988,2792.534252914033,4339.691783265967,5886.849313617901,7434.006843969835,2153.9080276196223,3285.73349469432,4417.558961769018,5549.384428843717,6681.209895918414
.SOX,2025-08-15,5752.736,32.03177,26.15752,22.34775,23.78815619178082,LSEG,179.59469614073777,241.83194164445834,2693.9204421110667,3591.8939228147556,4489.867403518444,5387.840884222133,6285.814364925822,7183.787845629511,3627.479124666875,4836.638832889167,6045.798541111459,7254.95824933375,8464.117957556042,9673.277665778334,1252.9293087736075,2809.469574822358,4366.009840871109,5922.550106919859,7479.090372968611,2141.305730600816,3266.5090018683472,4391.7122731358795,5516.915544403411,6642.118815670942
.SOX,2025-08-22,5754.46,31.98565,26.25853,22.13844,23.61715723287672,LSEG,179.9075522929814,243.65591265952165,2698.6132843947207,3598.1510458596276,4497.6888073245345,5397.226568789441,6296.764330254348,7196.302091719255,3654.8386898928247,4873.118253190433,6091.397816488041,7309.6773797856495,8527.956943083258,9746.236506380867,1255.1119269187948,2814.3637051052237,4373.615483291653,5932.867261478082,7492.119039664512,2157.4561181817376,3291.1460192091363,4424.8359202365355,5558.5258212639355,6692.215722291334
.SOX,2025-08-29,5668.939,31.71767,25.86346,21.71547,23.12465016438356,LSEG,178.73125611055292,245.14701669871158,2680.968841658294,3574.6251222110586,4468.281402763823,5361.937683316588,6255.593963869353,7149.250244422117,3677.205250480674,4902.940333974231,6128.67541746779,7354.410500961348,8580.145584454905,9805.880667948462,1246.905582330488,2795.962447125296,4345.019311920104,5894.0761767149115,7443.13304150972,2170.659128513324,3311.2868853561613,4451.914642198999,5592.542399041837,6733.1701558846735
.SOX,2025-09-05,5761.4,31.68467,25.95913,21.69845,23.06420221917808,LSEG,181.83556906226258,249.7983648100929,2727.5335359339388,3636.7113812452517,4545.889226556565,5455.0670718678775,6364.24491717919,7273.422762490503,3746.975472151393,4995.967296201858,6244.9591202523225,7493.950944302786,8742.94276835325,9991.934592403715,1268.5625953959216,2844.5244201454834,4420.486244895045,5996.448069644606,7572.409894394169,2211.844582751471,3374.1142785174343,4536.383974283398,5698.653670049362,6860.923365815324
.SOX,2025-09-12,6001.74,32.95848,26.87143,22.35712,23.71759698630137,LSEG,182.10002403023438,253.05008780891418,2731.500360453516,3642.0004806046877,4552.5006007558595,5463.000720907032,6373.500841058203,7284.000961209375,3795.7513171337127,5061.001756178283,6326.252195222854,7591.5026342674255,8856.753073311997,10122.003512356567,1270.4075462065125,2848.661391906861,4426.91523760721,6005.169083307557,7583.4229290079065,2240.637028630847,3418.036443534197,4595.435858437548,5772.835273340898,6950.234688244247
.SOX,2025-09-19,6232.245,39.8482,31.56153,26.8452,28.17610956164384,LSEG,156.39966171621302,221.1889823314699,2345.9949257431954,3127.9932343242604,3909.9915429053253,4691.989851486391,5473.988160067455,6255.986468648521,3317.8347349720484,4423.7796466293985,5529.724558286747,6635.669469944097,7741.614381601446,8847.559293258797,1091.1108415638305,2446.620643851741,3802.1304461396517,5157.640248427562,6513.150050715472,1958.5222373497515,2987.6772976585903,4016.8323579674297,5045.98741827627,6075.142478585108
.SOX,2025-09-26,6305.053,38.328,31.71113,25.21981,26.92711608219178,LSEG,164.50253078689207,234.15255390716868,2467.537961803381,3290.0506157378413,4112.563269672301,4935.075923606762,5757.588577541223,6580.101231475683,3512.2883086075303,4683.051078143373,5853.813847679217,7024.576617215061,8195.339386750904,9366.102156286746,1147.6399170987404,2573.376971360447,3999.114025622154,5424.851079883861,6850.588134145567,2073.30843935159,3162.7808135979417,4252.253187844294,5341.725562090646,6431.197936336997
.SOX,2025-10-03,6583.744,39.83951,32.74286,26.11158,27.728522246575345,LSEG,165.2566509979666,237.43580496119426,2478.849764969499,3305.133019959332,4131.416274949165,4957.699529938998,5783.982784928831,6610.266039918664,3561.537074417914,4748.716099223885,5935.895124029857,7123.074148835828,8310.253173641799,9497.43219844777,1152.9009817910596,2585.173966674341,4017.446951557623,5449.719936440904,6881.992921324187,2102.3800510219885,3207.1288391335256,4311.877627245063,5416.626415356602,6521.375203468138
.SOX,2025-10-10,6407.602,39.1508,31.92209,25.85055,27.214567205479447,LSEG,163.66465053076823,235.44750690394508,2454.9697579615236,3273.2930106153644,4091.616263269206,4909.939515923047,5728.2627685768875,6546.586021230729,3531.7126035591764,4708.950138078902,5886.187672598627,7063.425207118353,8240.662741638078,9417.900276157803,1141.7945065565625,2560.269685134803,3978.744863713043,5397.220042291283,6815.695220869523,2084.774626382138,3180.2721986986967,4275.769771015255,5371.267343331814,6466.764915648372
.SOX,2025-10-17,6777.981,41.25942,33.33128,26.85669,28.18708520547945,LSEG,164.27717597581352,240.46406184213717,2464.157639637203,3285.5435195162704,4106.929399395338,4928.315279274406,5749.701159153473,6571.087039032541,3606.9609276320575,4809.281236842743,6011.601546053429,7213.921855264115,8416.242164474801,9618.562473685486,1146.0677456830979,2569.851658537351,3993.6355713916037,5417.419484245856,6841.203397100109,2129.1938117220857,3248.0325687827412,4366.871325843397,5485.710082904053,6604.548839964708
.SOX,2025-10-24,6976.938,43.52442,34.29085,27.79085,29.001808904109588,LSEG,160.2993905490297,240.5690632287202,2404.4908582354456,3205.987810980594,4007.4847637257426,4808.981716470891,5610.47866921604,6411.975621961188,3608.5359484308033,4811.381264574404,6014.226580718006,7217.071896861607,8419.917213005207,9622.762529148808,1118.3170155539387,2507.625616388738,3896.934217223537,5286.242818058336,6675.551418893136,2130.123548585142,3249.450859402871,4368.778170220601,5488.105481038331,6607.432791856059
.SOX,2025-10-31,7228.66,44.61658,35.73767,28.61642,29.806546712328768,LSEG,162.01734870758807,242.5192045816578,2430.260230613821,3240.3469741517615,4050.4337176897016,4860.520461227642,5670.6072047655825,6480.693948303523,3637.7880687248667,4850.384091633156,6062.980114541445,7275.576137449733,8488.172160358023,9700.768183266311,1130.3022254424186,2534.5003030081316,3938.6983805738446,5342.896458139558,6747.094535705271,2147.3911139287898,3275.792103826454,4404.1930937241195,5532.594083621784,6660.995073519448
.SOX,2025-11-07,6947.364,45.52271,35.9862,26.69963,28.073533506849312,LSEG,152.61314627358522,247.47023734311887,2289.197194103778,3052.2629254717044,3815.32865683963,4578.394388207556,5341.460119575482,6104.525850943409,3712.053560146783,4949.404746862378,6186.7559335779715,7424.107120293566,8661.458307009161,9898.809493724755,1064.694492539389,2387.3867123423083,3710.078932145228,5032.771151948147,6355.463371751067,2191.2301318534587,3342.667442848603,4494.104753843748,5645.542064838893,6796.979375834037
.SOX,2025-11-14,6811.199,44.44527,35.85687,26.01071,27.27857169863013,LSEG,153.24913089739357,249.69045576319684,2298.7369634609036,3064.9826179478714,3831.2282724348393,4597.473926921807,5363.719581408775,6129.965235895743,3745.3568364479524,4993.809115263937,6242.261394079921,7490.713672895905,8739.16595171189,9987.618230527874,1069.1313929168612,2397.3356667882917,3725.539940659722,5053.7442145311525,6381.948488402583,2210.889099952421,3372.6567131078687,4534.424326263317,5696.191939418765,6857.959552574213
.SOX,2025-11-21,6406.432,41.38296,33.27966,24.10309,25.10874150684932,LSEG,154.80845256115077,255.14747516327782,2322.1267884172617,3096.1690512230152,3870.2113140287693,4644.253576834523,5418.295839640277,6192.3381024460305,3827.2121274491674,5102.949503265556,6378.686879081945,7654.424254898335,8930.161630714723,10205.899006531112,1080.0098868607804,2421.728741115243,3763.4475953697056,5105.166449624167,6446.885303878631,2259.2083866187486,3446.366591432965,4633.524796247181,5820.683001061398,7007.841205875614
.SOX,2025-11-28,7025.15,45.18165,38.72724,28.68177,29.589990575342465,LSEG,155.48679607761116,237.41643249640313,2332.3019411641676,3109.7359215522233,3887.169901940279,4664.603882328335,5442.037862716391,6219.471843104447,3561.246487446047,4748.328649928063,5935.4108124100785,7122.492974892094,8309.57513737411,9496.657299856126,1084.7423009657257,2432.340332168467,3779.9383633712077,5127.536394573948,6475.13442577669,2102.208517147716,3206.867168445203,4311.52581974269,5416.184471040177,6520.843122337664
.SOX,2025-12-05,7294.837,45.64791,39.94325,29.83069,30.551036739726023,LSEG,159.80659355488564,238.77543214480843,2397.0989033232845,3196.131871097713,3995.164838872141,4794.197806646569,5593.2307744209975,6392.263742195426,3581.6314821721267,4775.508642896169,5969.385803620211,7163.262964344253,8357.140125068296,9551.017285792337,1114.8790532393123,2499.9166016385097,3884.954150037707,5269.991698436905,6655.029246836102,2114.2418065272186,3225.223654171883,4336.205501816547,5447.187349461212,6558.169197105876
.SOX,2025-12-12,7033.565,43.84525,36.13226,25.76371,26.30344273972603,LSEG,160.41794721206972,267.4009280685232,2406.269208181046,3208.3589442413945,4010.448680301743,4812.538416362092,5614.6281524224405,6416.717888482789,4011.0139210278485,5348.018561370464,6685.023201713081,8022.027842055697,9359.032482398314,10696.037122740929,1119.1441174732338,2509.4802443084977,3899.8163711437614,5290.152497979025,6680.488624814289,2367.7068287485517,3611.8782849949357,4856.04974124132,6100.221197487704,7344.392653734087
.SOX,2025-12-19,7067.865,42.81764,34.14859,23.13461,23.49671345205479,LSEG,165.0689995992306,300.80228089864687,2476.034993988459,3301.3799919846124,4126.724989980765,4952.069987976918,5777.414985973071,6602.759983969225,4512.034213479703,6016.045617972937,7520.0570224661715,9024.068426959406,10528.07983145264,12032.091235945874,1151.5918454838022,2582.238462972113,4012.8850804604244,5443.531697948735,6874.178315437047,2663.45977080662,4063.0420930190517,5462.624415231484,6862.206737443917,8261.789059656348
.SOX,2025-12-26,7207.639,43.58568,34.6617,23.17027,23.327686849315068,LSEG,165.3671343432063,308.97358347433516,2480.5070151480945,3307.342686864126,4134.178358580157,4961.014030296189,5787.84970201222,6614.685373728252,4634.603752115027,6179.471669486703,7724.339586858379,9269.207504230055,10814.07542160173,12358.943338973406,1153.6717607971036,2586.90230054859,4020.1328403000766,5453.363380051563,6886.59391980305,2735.812731762948,4173.41474784278,5611.016763922613,7048.618780002445,8486.220796082276
.SOX,2026-01-02,7367.472,44.95365,23.97524,,23.97524,LSEG,163.8904071193329,307.29502603519296,2458.3561067899936,3277.808142386658,4097.260177983323,4916.712213579987,5736.1642491766515,6555.616284773316,4609.425390527895,6145.900520703859,7682.375650879824,9218.85078105579,10755.325911231754,12291.801041407718,1143.3694809435553,2563.801283119139,3984.233085294723,5404.664887470306,6825.09668964589,2720.9499115782505,4150.7418827620695,5580.533853945889,7010.325825129708,8440.117796313527
.SOX,2026-01-09,7638.779,46.39926,24.59527,,24.59527,LSEG,164.6314833469327,310.57918860008454,2469.4722502039904,3292.629666938654,4115.787083673317,4938.944500407981,5762.101917142644,6585.259333877308,4658.687829001268,6211.583772001691,7764.479715002113,9317.375658002537,10870.271601002958,12423.167544003381,1148.539545235808,2575.394226334089,4002.2489074323703,5429.103588530651,6855.958269628933,2750.0295942397165,4195.102220395174,5640.174846550632,7085.24747270609,8530.320098861546
.SOX,2026-01-16,7927.408,48.69446,25.8139,,25.8139,LSEG,162.7989713819601,307.0984237174546,2441.984570729401,3255.9794276392017,4069.9742845490023,4883.969141458802,5697.963998368603,6511.9588552784035,4606.476355761819,6141.968474349092,7677.460592936364,9212.952711523638,10748.44483011091,12283.936948698183,1135.7551590655546,2546.727530035586,3957.699901005617,5368.672271975648,6779.64464294568,2719.2090924508852,4148.086306181434,5576.963519911984,7005.840733642533,8434.717947373081
.SOX,2026-01-23,7957.926,48.21074,26.22229,,26.22229,LSEG,165.06541903318637,303.47944439635137,2475.9812854977954,3301.3083806637273,4126.635475829659,4951.962570995591,5777.289666161523,6602.616761327455,4552.191665945271,6069.588887927028,7586.986109908784,9104.383331890542,10621.780553872299,12139.177775854056,1151.566865925746,2582.1824507870206,4012.798035648295,5443.413620509569,6874.029205370844,2687.164768171352,4099.203480986494,5511.242193801636,6923.280906616779,8335.31961943192
.SOX,2026-01-30,7998.473,46.66201,25.53824,,25.53824,LSEG,171.412954564109,313.1959367599334,2571.194318461635,3428.2590912821797,4285.323864102725,5142.38863692327,5999.4534097438145,6856.518182564359,4697.939051399,6263.9187351986675,7829.898418998335,9395.878102798,10961.857786597668,12527.837470397335,1195.8499849491636,2681.479414074044,4167.108843198925,5652.738272323804,7138.367701448685,2773.1996427954255,4230.447557167665,5687.695471539904,7144.943385912144,8602.191300284383
.SOX,2026-02-06,8048.624,47.61275,24.76757,,24.76757,LSEG,169.04345999758468,324.9662360901776,2535.65189996377,3380.8691999516936,4226.086499939617,5071.30379992754,5916.521099915463,6761.738399903387,4874.493541352664,6499.324721803551,8124.15590225444,9748.987082705327,11373.818263156216,12998.649443607103,1179.3193787944492,2644.4124904097716,4109.505602025094,5574.598713640416,7039.691825255738,2877.4199919988964,4389.433125639234,5901.446259279573,7413.459392919911,8925.472526560248
.SOX,2026-02-13,8137.859,47.70642,24.60473,,24.60473,LSEG,170.5820516400099,330.7436822106969,2558.7307746001484,3411.641032800198,4264.551291000247,5117.461549200297,5970.371807400346,6823.282065600396,4961.1552331604535,6614.873644213938,8268.592055267422,9922.310466320907,11576.02887737439,13229.747288427876,1190.0532512553486,2668.481276962812,4146.909302670276,5625.337328377738,7103.7653540852025,2928.576503425719,4467.471120257131,6006.365737088542,7545.2603539199545,9084.154970751366
.SOX,2026-02-20,8260.415,48.18128,24.27062,,24.27062,LSEG,171.4444904743087,340.34627051142496,2571.6673571146307,3428.8898094861743,4286.112261857717,5143.334714229261,6000.5571666008045,6857.7796189723485,5105.194057671374,6806.9254102284995,8508.656762785624,10210.388115342748,11912.119467899875,13613.850820456999,1196.0699929283364,2681.9727425638284,4167.87549219932,5653.778241834812,7139.680991470305,3013.602812262869,4597.176654241883,6180.750496220897,7764.324338199912,9347.898180178925
.SOX,2026-02-27,8098.371,47.37706,,,23.15727329452055,LSEG,170.9344353575338,349.711768609486,2564.016530363007,3418.6887071506762,4273.360883938345,5128.033060726014,5982.705237513683,6837.3774143013525,5245.67652914229,6994.23537218972,8742.79421523715,10491.35305828458,12239.91190133201,13988.47074437944,1192.511630578947,2673.9937522993355,4155.475874019724,5636.957995740112,7118.440117460501,3096.529801191375,4723.679727559114,6350.829653926853,7977.979580294593,9605.129506662332
.SOX,2026-03-06,7514.736,43.42161,,,22.0439265890411,LSEG,173.06442575482575,340.89825012100476,2595.9663863223864,3461.288515096515,4326.610643870644,5191.932772644773,6057.254901418901,6922.57703019303,5113.473751815071,6817.9650024200955,8522.456253025119,10226.947503630143,11931.438754235167,13635.930004840191,1207.3713533520634,2707.3140192362057,4207.256685120348,5707.19935100449,7207.142016888633,3018.4903266794126,4604.632436762916,6190.774546846419,7776.916656929923,9363.058767013425
.SOX,2026-03-13,7646.636,44.65913,,,20.930579883561652,LSEG,171.22223384109813,365.333213056628,2568.333507616472,3424.4446768219627,4280.555846027453,5136.667015232944,5992.778184438434,6848.8893536439255,5479.99819584942,7306.66426113256,9133.3303264157,10959.99639169884,12786.66245698198,14613.32852226512,1194.519435724795,2678.495895740255,4162.472355755715,5646.448815771176,7130.425275786636,3234.8501913245614,4934.68406619936,6634.517941074159,8334.35181594896,10034.185690823757
.SOX,2026-03-20,7670.608,45.09916,20.66365,16.75299,19.8172331780822,LSEG,170.08316784614172,387.0675553479216,2551.2475176921257,3401.6633569228343,4252.079196153543,5102.495035384251,5952.91087461496,6803.326713845669,5806.013330218824,7741.351106958432,9676.68888369804,11612.026660437648,13547.364437177255,15482.702213916864,1186.5728248260527,2660.6770440407763,4134.7812632555,5608.885482470223,7082.989701684946,3427.297356834276,5228.257463747382,7029.2175706604885,8830.177677573594,10631.1377844867
.SOX,2026-03-27,7457.668,43.81191,19.92716,16.11769,19.02958624657534,LSEG,170.22010681570376,391.89858903748467,2553.3016022355564,3404.402136314075,4255.502670392594,5106.603204471113,5957.703738549631,6808.80427262815,5878.47883556227,7837.971780749694,9797.464725937116,11756.95767112454,13716.450616311964,15675.943561499387,1187.5281695670972,2662.819233519972,4138.1102974728465,5613.401361425721,7088.692425378596,3470.073840593381,5293.511933144513,7116.950025695645,8940.388118246778,10763.826210797908
.SOX,2026-04-02,7833.387,45.72881,20.83745,16.85893,19.834644958904107,LSEG,171.30091511237663,394.9345711118192,2569.5137266856495,3426.0183022475326,4282.522877809416,5139.027453371299,5995.532028933182,6852.036604495065,5924.018566677288,7898.691422236384,9873.36427779548,11848.037133354575,13822.709988913672,15797.382844472768,1195.0683498795822,2679.726737421638,4164.385124963694,5649.043512505748,7133.701900047805,3496.9560041718037,5334.520009695065,7172.084015218327,9009.64802074159,10847.21202626485
.SOX,2026-04-10,8889.828,46.35152,23.60156,19.09152,22.36593260273973,LSEG,191.79150974984205,397.47182278958644,2876.8726462476307,3835.830194996841,4794.787743746051,5753.745292495261,6712.7028412444715,7671.660389993682,5962.077341843797,7949.436455791729,9936.795569739661,11924.154683687593,13911.513797635525,15898.872911583458,1338.0194900143729,3000.2690665718533,4662.518643129333,6324.768219686814,7987.017796244294,3519.4221495479474,5368.791559553509,7218.1609695590705,9067.530379564632,10916.899789570192
.SOX,2026-04-17,9555.883,48.62276,25.11858,20.17969,23.67074101369863,LSEG,196.5310689890907,403.70020501132007,2947.9660348363604,3930.621379781814,4913.276724727268,5895.932069672721,6878.587414618174,7861.242759563628,6055.503075169801,8074.0041002264015,10092.505125283002,12111.006150339603,14129.507175396202,16148.008200452803,1371.0846796281567,3074.411832293078,4777.7389849579995,6481.06613762292,8184.393290287842,3574.571483639547,5452.920506523968,7331.269529408388,9209.618552292808,11087.967575177228
.SOX,2026-04-24,10513.664,54.52798,27.92677,22.49043,26.228844630136983,LSEG,192.81227729323552,400.84358073171796,2892.1841593985328,3856.2455458647105,4820.306932330888,5784.3683187970655,6748.429705263244,7712.491091729421,6012.653710975769,8016.8716146343595,10021.089518292949,12025.307421951538,14029.52532561013,16033.743229268719,1345.1408003873712,3016.2373296539813,4687.333858920591,6358.430388187201,8029.526917453811,3549.27744721702,5414.335078723058,7279.392710229096,9144.450341735135,11009.507973241172
.SOX,2026-05-01,10595.341,50.16635,27.52547,22.2015,25.76053747945205,LSEG,211.20414381353237,411.30123967527453,3168.0621572029854,4224.082876270648,5280.103595338309,6336.124314405971,7392.145033473633,8448.165752541296,6169.518595129118,8226.02479350549,10282.530991881864,12339.037190258236,14395.543388634609,16452.04958701098,1473.4503167679327,3303.948439855566,5134.446562943199,6964.944686030832,8795.442809118465,3641.8749960446635,5555.590352303992,7469.305708563323,9383.021064822653,11296.736421081981
.SOX,2026-05-08,11775.5,56.11802,30.43268,24.57095,28.37705961643836,LSEG,209.83455938039154,414.9654741951717,3147.518390705873,4196.691187607831,5245.863984509789,6295.036781411746,7344.209578313704,8393.382375215662,6224.482112927575,8299.309483903433,10374.136854879293,12448.96422585515,14523.791596831008,16598.618967806866,1463.895510785369,3282.523498708951,5101.151486632533,6919.779474556115,8738.407462479698,3674.3200333807845,5605.084455369161,7535.84887735754,9466.613299345918,11397.377721334295
.SOX,2026-05-15,11588.463,54.69959,29.52303,23.83662,27.419837260273976,LSEG,211.85648740694398,422.63062650592144,3177.84731110416,4237.129748138879,5296.4121851736,6355.69462220832,7414.97705924304,8474.259496277758,6339.459397588822,8452.61253011843,10565.765662648037,12678.918795177644,14792.071927707251,16905.22506023686,1478.0013443046012,3314.1533040158306,5150.305263727059,6986.457223438289,8822.609183149518,3742.191276762966,5708.620360731768,7675.049444700571,9641.478528669375,11607.907612638177
.SOX,2026-05-22,12202.543,58.08784,31.71362,25.52835,29.30729578082192,LSEG,210.07052422675727,416.36536824339447,3151.057863401359,4201.410484535146,5251.7631056689315,6302.115726802718,7352.468347936505,8402.820969070292,6245.480523650917,8327.30736486789,10409.134206084862,12490.961047301835,14572.787888518806,16654.61472973578,1465.5417023389336,3286.214788434304,5106.887874529674,6927.560960625044,8748.234046720414,3686.715423035723,5623.993316122157,7561.271209208592,9498.549102295028,11435.826995381462
.SOX,2026-05-29,12829.382,62.40631,33.88079,26.96863,31.0591137260274,LSEG,205.57828206795114,413.06336404728233,3083.674231019267,4111.565641359022,5139.457051698779,6167.348462038534,7195.23987237829,8223.131282718045,6195.950460709235,8261.267280945647,10326.584101182058,12391.90092141847,14457.217741654882,16522.534561891294,1434.201902312401,3215.9408998445765,4997.679897376752,6779.418894908927,8561.157892441102,3657.4777612962407,5579.391985307616,7501.306209318992,9423.220433330367,11345.134657341743
.SOX,2026-06-05,12220.76,65.31902,31.99229,25.61591,29.267042657534247,LSEG,187.09343771538522,417.56046700721214,2806.401565730778,3741.8687543077044,4677.335942884631,5612.803131461556,6548.270320038483,7483.737508615409,6263.407005108182,8351.209340144243,10439.011675180303,12526.814010216363,14614.616345252425,16702.418680288487,1305.2437328612339,2926.7753013061633,4548.3068697510935,6169.838438196022,7791.370006640953,3697.2974487772153,5640.135935015204,7582.974421253195,9525.812907491185,11468.651393729173
.SOX,2026-06-12,13371.47,65.58983,33.99395,27.26785,30.99023958904109,LSEG,203.8649894350999,431.4735922444588,3057.9748415264985,4077.299788701998,5096.624735877497,6115.949683052997,7135.274630228496,8154.599577403996,6472.103883666882,8629.471844889176,10786.839806111471,12944.207767333764,15101.575728556058,17258.943689778353,1422.2492411239934,3189.1391978556107,4956.029154587228,6722.919111318845,8489.809068050463,3820.491492535437,5828.065405880574,7835.639319225712,9843.21323257085,11850.787145915987
.SOX,2026-06-18,14341.784,70.85507,36.73103,29.14551,33.218830328767126,LSEG,202.4101309899207,431.73657404728607,3036.1519648488106,4048.202619798414,5060.253274748017,6072.303929697621,7084.354584647224,8096.405239596828,6476.048610709291,8634.731480945722,10793.414351182151,12952.097221418582,15110.780091655013,17269.462961891444,1412.0995272112098,3166.380282223708,4920.6610372362065,6674.941792248704,8429.222547261203,3822.8200701319633,5831.617593488304,7840.415116844646,9849.212640200987,11858.010163557328
.SOX,2026-06-26,13203.57,54.02528,30.9357,24.10763,27.6245537260274,LSEG,244.3961419542851,477.965006455826,3665.9421293142764,4887.922839085702,6109.903548857127,7331.884258628553,8553.86496839998,9775.845678171405,7169.47509683739,9559.30012911652,11949.12516139565,14338.95019367478,16728.775225953912,19118.60025823304,1705.011872765771,3823.1837564204216,5941.355640075072,8059.527523729723,10177.699407384374,4232.150643090903,6456.041272088904,8679.931901086906,10903.822530084906,13127.713159082907
.SOX,2026-07-02,12626.221,51.54583,29.43965,23.04584,26.23398635616438,LSEG,244.95135687988727,481.2925046380963,3674.270353198309,4899.027137597745,6123.783921997182,7348.540706396618,8573.297490796054,9798.05427519549,7219.387569571445,9625.850092761926,12032.312615952407,14438.77513914289,16845.23766233337,19251.700185523852,1708.8852892301993,3831.869199111581,5954.853108992963,8077.837018874345,10200.820928755727,4261.614041837189,6500.986959131629,8740.359876426071,10979.732793720512,13219.105711014952
.SOX,2026-07-09,12574.967,48.69054808487731,,,25.39485351789733,YFINANCE_PROXY,258.2629995883253,495.1777725804813,3873.944993824879,5165.259991766506,6456.574989708131,7747.889987649758,9039.204985591385,10330.519983533011,7427.6665887072195,9903.555451609625,12379.444314512033,14855.333177414439,17331.222040316847,19807.11090321925,1801.7529944337787,4040.1083953902694,6278.46379634676,8516.81919730325,10755.174598259742,4384.561422624752,6688.540151727823,8992.518880830896,11296.497609933967,13600.476339037039
.SOX,2026-07-17,11867.503,48.45814065677336,,,23.53120677700344,YFINANCE_PROXY,244.90215347008348,504.3304031307848,3673.5323020512524,4898.0430694016695,6122.553836752087,7347.064604102505,8571.575371452922,9796.086138803339,7564.956046961772,10086.608062615696,12608.26007826962,15129.912093923544,17651.56410957747,20173.216125231393,1708.542025227645,3831.099491064563,5953.656956901481,8076.214422738399,10198.771888575318,4465.603571623625,6812.167948287867,9158.73232495211,11505.296701616355,13851.861078280597
.SOX,2026-07-24,12343.837,49.0272978491043,,,24.23522952761116,YFINANCE_PROXY,251.77477734938054,509.33443753593025,3776.621660240708,5035.495546987611,6294.369433734513,7553.243320481416,8812.117207228319,10070.991093975223,7640.016563038954,10186.688750718606,12733.360938398257,15280.033126077908,17826.70531375756,20373.37750143721,1756.488384845085,3938.6106152959374,6120.732845746789,8302.85507619764,10484.977306648494,4509.911893655025,6879.759199133044,9249.606504611062,11619.45381008908,13989.301115567097
.SOX,2026-07-31,11302.987,45.21372668348384,,,21.417220369788133,YFINANCE_PROXY,249.99016513559977,527.7522855367534,3749.8524770339964,4999.8033027119955,6249.754128389995,7499.704954067993,8749.655779745992,9999.606605423991,7916.284283051302,10555.045710735068,13193.807138418837,15832.568566102604,18471.32999378637,21110.091421470137,1744.03816779809,3910.6932334065273,6077.348299014965,8244.003364623402,10410.65843023184,4672.993094596957,7128.535543071026,9584.077991545095,12039.620440019165,14495.162888493232
.SOX,2026-08-06,12008.883,49.86077865414968,,,22.529900890368467,YFINANCE_PROXY,240.84828444612663,533.019788166658,3612.724266691899,4816.9656889225325,6021.207111153166,7225.448533383798,8429.689955614433,9633.931377845065,7995.29682249987,10660.395763333161,13325.49470416645,15990.59364499974,18655.692585833032,21320.791526666322,1680.2605034277767,3767.6832436593695,5855.105983890962,7942.528724122555,10029.951464354148,4719.634301257542,7199.6855517958675,9679.736802334193,12159.78805287252,14639.839303410845
.SOX,2026-08-12,12098.472,49.075893302849664,,,22.207133145180418,YFINANCE_PROXY,246.52576215657973,544.8011646035326,3697.886432348696,4930.515243131595,6163.144053914493,7395.772864697392,8628.40167548029,9861.03048626319,8172.017469052988,10896.023292070651,13620.029115088315,16344.034938105977,19068.04076112364,21792.046584141302,1719.8690129004683,3856.498232253189,5993.12745160591,8129.756670958631,10266.385890311352,4823.952732921686,7358.8207426385625,9893.68875235544,12428.556762072316,14963.42477178919
.SOX,2026-08-27,11828.587,44.93052769015844,,,21.020644950343623,YFINANCE_PROXY,263.2639233968073,562.7128486277314,3948.958850952109,5265.278467936146,6581.598084920182,7897.917701904218,9214.237318888256,10530.556935872291,8440.692729415972,11254.25697255463,14067.821215693286,16881.385458831945,19694.9497019706,22508.51394510926,1836.6415749165826,4118.339788565293,6400.038002214003,8681.736215862713,10963.434429511424,4982.552094879077,7600.760151906865,10218.968208934653,12837.176265962444,15455.38432299023
.SOX,2026-09-03,11339.254,41.02895420205375,,,19.585671466773643,YFINANCE_PROXY,276.3719968137136,578.9566121966571,4145.579952205704,5527.439936274272,6909.299920342841,8291.159904411408,9673.019888479977,11054.879872548545,8684.349182949858,11579.132243933143,14473.915304916429,17368.698365899716,20263.481426883,23158.264487866287,1928.089093793911,4323.394471363259,6718.699848932608,9114.005226501955,11509.310604071305,5126.382822036713,7820.170373572812,10513.957925108913,13207.745476645012,15901.533028181111
.SOX,2026-09-09,11887.869,42.69621477760009,,,20.385133150330063,YFINANCE_PROXY,278.4291081053112,583.1636669887299,4176.436621579667,5568.582162106223,6960.727702632779,8352.873243159334,9745.018783685891,11137.164324212446,8747.455004830948,11663.273339774598,14579.091674718247,17494.910009661897,20410.728344605548,23326.546679549196,1942.4403807975757,4355.574662148169,6768.708943498762,9181.843224849355,11594.97750619995,5163.634272254408,7876.996540770622,10590.358809286838,13303.721077803053,16017.083346319267
.SOX,2026-09-18,11599.492,40.41982857353539,,,19.641865569605347,YFINANCE_PROXY,286.9752893409026,590.5494037159864,4304.629340113539,5739.505786818052,7174.382233522564,8609.258680227078,10044.135126931591,11479.011573636104,8858.241055739796,11810.988074319728,14763.73509289966,17716.482111479592,20669.229130059524,23621.976148639456,2002.0621913424286,4489.2658940066885,6976.469596670949,9463.673299335209,11950.87700199947,5229.031424802745,7976.7582816761405,10724.485138549539,13472.211995422935,16219.938852296329
.SOX,2026-09-25,12643.115,47.201874665141226,,,21.75829039130397,YFINANCE_PROXY,267.85196752655656,581.0711582860854,4017.7795128983485,5357.039350531131,6696.299188163914,8035.559025796697,9374.81886342948,10714.078701062263,8716.06737429128,11621.423165721708,14526.778957152135,17432.13474858256,20337.49054001299,23242.846331443416,1868.6497304113573,4190.112344589842,6511.574958768327,8833.03757294681,11154.500187125295,5145.106112385054,7848.732290534707,10552.358468684362,13255.984646834017,15959.610824983667
.SOX,2026-09-26,12668.929,47.22938299444659,,,21.795949263877088,YFINANCE_PROXY,268.242526087831,581.251536541081,4023.637891317465,5364.85052175662,6706.063152195775,8047.27578263493,9388.488413074085,10729.70104351324,8718.773048116214,11625.03073082162,14531.288413527025,17437.54609623243,20343.803778937836,23250.06146164324,1871.3744337502005,4196.222003831822,6521.0695739134435,8845.917143995064,11170.764714076688,5146.703275226619,7851.168722999658,10555.634170772697,13260.099618545737,15964.565066318775
.SOX,2026-10-10,12524.354,42.3275361167227,,,19.27004389941624,YFINANCE_PROXY,295.891401887007,649.9390486795626,4438.371028305105,5917.828037740141,7397.285047175175,8876.74205661021,10356.199066045247,11835.656075480281,9749.08573019344,12998.780973591252,16248.476216989064,19498.17146038688,22747.86670378469,25997.561947182505,2064.264800714501,4628.744105013224,7193.223409311947,9757.70271361067,12322.182017909392,5754.898215740648,8778.955082363873,11803.0119489871,14827.068815610324,17851.12568223355
