Date,Price,PE,Forward_PE,Source,EPS,Forward_EPS,Band_15x,Band_20x,Band_25x,Band_30x,Band_35x,Band_40x,Band_fwd_15x,Band_fwd_20x,Band_fwd_25x,Band_fwd_30x,Band_fwd_35x,Band_fwd_40x,SD_minus_2,SD_minus_1,SD_mean,SD_plus_1,SD_plus_2,SD_fwd_minus_2,SD_fwd_minus_1,SD_fwd_mean,SD_fwd_plus_1,SD_fwd_plus_2
2021-07-05,3278.389892578125,25.20976083714589,18.82153730577263,YFINANCE,130.04446625877972,174.18289692907453,1950.6669938816958,2600.8893251755944,3251.111656469493,3901.3339877633916,4551.55631905729,5201.778650351189,2612.743453936118,3483.6579385814907,4354.572423226863,5225.486907872236,6096.401392517609,6967.315877162981,1214.8960100026684,2458.6101075964275,3702.3242051901857,4946.038302783944,6189.7524003777025,2797.0698821794804,3062.8223301594844,3328.574778139488,3594.327226119492,3860.079674099496
2021-07-12,3145.449951171875,24.21434401209597,18.82153730577263,YFINANCE,129.90027520880207,167.11971504087262,1948.5041281320312,2598.0055041760415,3247.5068802200517,3897.0082562640623,4546.5096323080725,5196.011008352083,2506.7957256130894,3342.3943008174524,4177.992876021815,5013.591451226179,5849.190026430541,6684.788601634905,1213.5489543659653,2455.884043327037,3698.219132288108,4940.554221249179,6182.889310210251,2683.6476479638577,2938.6237343698435,3193.599820775829,3448.575907181814,3703.5519935878
2021-07-19,3280.06005859375,25.017169858222044,18.82153730577263,YFINANCE,131.11235512180602,174.27163388974313,1966.6853268270902,2622.2471024361203,3277.8088780451503,3933.3706536541804,4588.932429263211,5244.4942048722405,2614.074508346147,3485.4326777948627,4356.790847243578,5228.149016692294,6099.50718614101,6970.865355589725,1224.8723969735315,2478.79952763066,3732.7266582877883,4986.653788944916,6240.580919602045,2798.4948411421465,3064.382675919246,3330.270510696345,3596.1583454734437,3862.0461802505433
2021-07-26,3356.530029296875,25.35137399982274,18.82153730577263,YFINANCE,132.40031997162538,178.3345310623174,1986.0047995743807,2648.0063994325074,3310.0079992906344,3972.0095991487615,4634.011199006888,5296.012798865015,2675.0179659347614,3566.690621246348,4458.363276557935,5350.035931869523,6241.70858718111,7133.381242492696,1236.9047686851852,2503.1496863809252,3769.394604076665,5035.639521772405,6301.884439468145,2863.737798494194,3135.824432858042,3407.91106722189,3679.9977015857376,3952.0843359495857
2021-08-02,3412.050048828125,24.928890533741235,18.82153730577263,YFINANCE,136.87131580163657,181.28434428050878,2053.0697370245484,2737.4263160327314,3421.7828950409144,4106.139474049097,4790.49605305728,5474.852632065463,2719.2651642076316,3625.6868856101755,4532.108607012719,5438.530328415263,6344.952049817807,7251.373771220351,1278.673520181387,2587.677970089767,3896.682419998146,5205.686869906525,6514.691319814905,2911.106592193943,3187.6937837171854,3464.280975240427,3740.868166763669,4017.4553582869107
2021-08-09,3335.0400390625,23.682157950628635,18.82153730577263,YFINANCE,140.82500615084246,177.19275449618198,2112.375092262637,2816.500123016849,3520.6251537710614,4224.750184525274,4928.875215279486,5633.000246033698,2657.89131744273,3543.8550899236398,4429.81886240455,5315.78263488546,6201.74640736637,7087.7101798472795,1315.609521906197,2662.426118430971,4009.242714955745,5356.059311480519,6702.875908005293,2845.402882141206,3115.7474974960337,3386.0921128508608,3656.4367282056883,3926.781343560516
2021-08-16,3256.5,23.17249580947143,18.82153730577263,YFINANCE,140.53298474085608,173.01987330233754,2107.994771112841,2810.659694817122,3513.324618521402,4215.989542225682,4918.6544659299625,5621.319389634244,2595.298099535063,3460.397466046751,4325.496832558439,5190.596199070126,6055.695565581814,6920.794932093502,1312.881411621813,2656.9051853925876,4000.928959163362,5344.952732934136,6688.976506704911,2778.393775535475,3042.3717876706683,3306.3497998058615,3570.3278119410543,3834.3058240762475
2021-08-23,3436.449951171875,24.02481223696792,18.82153730577263,YFINANCE,143.037536246967,182.5807262894463,2145.5630437045047,2860.7507249393398,3575.938406174175,4291.126087409009,5006.313768643845,5721.5014498786795,2738.7108943416943,3651.6145257889257,4564.518157236157,5477.4217886833885,6390.32542013062,7303.229051577851,1336.2793286509423,2704.2560325687123,4072.2327364864814,5440.209440404251,6808.1861443220205,2931.9241990711266,3210.489292549534,3489.0543860279413,3767.619479506348,4046.1845729847555
2021-08-30,3430.889892578125,23.883258640835365,18.82153730577263,YFINANCE,143.65250337791102,182.2853169132927,2154.787550668665,2873.0500675582202,3591.3125844477754,4309.57510133733,5027.837618226886,5746.1001351164405,2734.2797536993903,3645.706338265854,4557.1329228323175,5468.559507398781,6379.986091965244,7291.412676531708,1342.0244490329196,2715.882551154823,4089.7406532767254,5463.598755398629,6837.456857520531,2927.18044590408,3205.294830580113,3483.409215256145,3761.523599932177,4039.63798460821
2021-09-06,3416.659912109375,23.69710270519928,18.82153730577263,YFINANCE,144.1804913711979,181.52926918788265,2162.707370567968,2883.6098274239575,3604.5122842799474,4325.414741135936,5046.317197991926,5767.219654847915,2722.9390378182397,3630.585383757653,4538.231729697066,5445.8780756364795,6353.524421575893,7261.170767515306,1346.956996528613,2725.8646492350404,4104.772301941467,5483.679954647893,6862.58760735432,2915.0396539002827,3192.000529607526,3468.961405314769,3745.9222810220112,4022.8831567292546
2021-09-13,3421.159912109375,23.85938863673228,18.82153730577263,YFINANCE,143.3884146906594,181.76835699069562,2150.826220359891,2867.768293813188,3584.7103672664853,4301.652440719782,5018.594514173079,5735.536587626376,2726.525354860434,3635.367139813912,4544.20892476739,5453.050709720868,6361.892494674346,7270.734279627824,1339.557290670407,2710.8897119017734,4082.2221331331393,5453.554554364505,6824.886975595872,2918.878982010189,3196.204636177315,3473.5302903444403,3750.8559445115657,4028.181598678692
2021-09-20,3453.919921875,24.02420856757832,18.82153730577263,YFINANCE,143.76831237372,183.50891671402798,2156.5246856057997,2875.3662474743996,3594.207809343,4313.0493712115995,5031.8909330802,5750.732494948799,2752.6337507104195,3670.1783342805593,4587.7229178507,5505.267501420839,6422.812084990979,7340.356668561119,1343.1063550222968,2718.072026615316,4093.037698208335,5468.003369801354,6842.969041394373,2946.8292989821816,3226.8105411288743,3506.7917832755666,3786.773025422259,4066.7542675689515
2021-09-27,3261.179931640625,22.800318152683275,18.82153730577263,YFINANCE,143.03221164731116,173.2685209852869,2145.4831747096673,2860.6442329462234,3575.805291182779,4290.966349419335,5006.12740765589,5721.288465892447,2599.0278147793033,3465.3704197057377,4331.713024632172,5198.055629558607,6064.398234485041,6930.7408394114755,1336.2295853972473,2704.155366120463,4072.0811468436777,5440.006927566893,6807.932708290109,2782.386618446651,3046.743994638783,3311.1013708309147,3575.4587470230463,3839.8161232151783
2021-10-04,3246.27001953125,21.7392263587378,18.82153730577263,YFINANCE,149.32776198939823,172.4763480683168,2239.9164298409733,2986.5552397879646,3733.1940497349556,4479.8328596819465,5226.471669628938,5973.110479575929,2587.145221024752,3449.5269613663363,4311.90870170792,5174.290442049504,6036.672182391088,6899.053922732673,1395.043614255289,2823.1785291140854,4251.313443972882,5679.448358831678,7107.583273690474,2769.665719629372,3032.8144703156718,3295.963221001971,3559.11197168827,3822.2607223745695
2021-10-11,3314.409912109375,21.9963825827172,18.82153730577263,YFINANCE,150.6797719873059,176.0966630017429,2260.196579809589,3013.5954397461182,3766.9942996826476,4520.393159619178,5273.792019555707,6027.1908794922365,2641.4499450261437,3521.933260034858,4402.416575043573,5282.899890052287,6163.383205061002,7043.866520069716,1407.6743058886661,2848.739520227791,4289.804734566916,5730.86994890604,7171.935163245165,2827.801587402969,3096.473885882875,3365.1461843627803,3633.818482842686,3902.490781322592
2021-10-18,3370.280029296875,22.092330646315816,18.82153730577263,YFINANCE,152.55429964601373,179.06507712646822,2288.314494690206,3051.0859929202747,3813.8574911503433,4576.628989380412,5339.400487610481,6102.1719858405495,2685.9761568970234,3581.3015425293643,4476.626928161706,5371.952313794047,6267.277699426388,7162.6030850587285,1425.1864403048435,2884.179187760411,4343.171935215978,5802.164682671544,7261.157430127112,2875.4690788300186,3148.670314043509,3421.871549256998,3695.072784470488,3968.274019683978
2021-10-25,3451.27001953125,22.078467139766616,18.82153730577263,YFINANCE,156.31837109357096,183.36812575201992,2344.7755664035644,3126.367421871419,3907.959277339274,4689.551132807129,5471.1429882749835,6252.734843742838,2750.521886280299,3667.3625150403986,4584.203143800498,5501.043772560598,6417.884401320697,7334.725030080797,1460.3509922043634,2955.342416561425,4450.333840918486,5945.325265275547,7440.316689632608,2944.568444636211,3224.3348807171724,3504.1013167981328,3783.867752879093,4063.634188960054
2021-11-01,3756.550048828125,23.43075476100184,18.82153730577263,YFINANCE,160.32560995775214,199.58784385141473,2404.884149366282,3206.5121991550427,4008.1402489438033,4809.768298732564,5611.396348521324,6413.024398310085,2993.817657771221,3991.7568770282946,4989.696096285368,5987.635315542442,6985.574534799515,7983.513754056589,1497.7872526411097,3031.1029487737205,4564.418644906331,6097.734341038941,7631.050037171552,3205.0284886078757,3509.541497782146,3814.054506956416,4118.567516130686,4423.080525304957
2021-11-08,3794.5,23.3625306421226,18.82153730577263,YFINANCE,162.4181925376921,201.60414839420233,2436.2728880653817,3248.363850753842,4060.4548134423026,4872.545776130763,5684.636738819224,6496.727701507684,3024.062225913035,4032.0829678840464,5040.103709855058,6048.12445182607,7056.145193797081,8064.165935768093,1517.3364906833592,3070.665144921173,4623.993799158987,6177.3224533968,7730.651107634614,3237.4067806753756,3544.9960842365585,3852.5853877977406,4160.174691358922,4467.763994920106
2021-11-15,3912.02001953125,23.96002204730806,18.82153730577263,YFINANCE,163.2728055010605,207.8480602289283,2449.0920825159074,3265.45611002121,4081.8201375265126,4898.184165031815,5714.548192537118,6530.91222004242,3117.7209034339244,4156.961204578566,5196.201505723207,6235.441806867849,7274.68210801249,8313.922409157132,1525.320420404957,3086.8223881339622,4648.324355862967,6209.826323591972,7771.328291320977,3337.6729838893884,3654.7886811683506,3971.904378447312,4289.020075726274,4606.135773005235
2021-11-22,3757.1298828125,22.986235292572378,18.82153730577263,YFINANCE,163.4512931322231,199.61865079215264,2451.7693969833463,3269.025862644462,4086.2823283055777,4903.5387939666925,5720.795259627808,6538.051725288924,2994.2797618822897,3992.3730158430526,4990.4662698038155,5988.559523764579,6986.652777725342,7984.746031686105,1526.9878801375594,3090.1968607792196,4653.405841420879,6216.614822062538,7779.823802704199,3205.523193700162,3510.083205307279,3814.6432169143955,4119.203228521512,4423.763240128628
2021-11-29,3804.5400390625,23.19652012736949,18.82153730577263,YFINANCE,164.01339589611706,202.1375819230045,2460.200938441756,3280.2679179223414,4100.334897402927,4920.401876883512,5740.4688563640975,6560.535835844683,3032.0637288450675,4042.75163846009,5053.439548075112,6064.127457690135,7074.815367305157,8085.50327692018,1532.239133225925,3100.823929939298,4669.408726652671,6237.9935233660435,7806.578320079418,3245.9727816080895,3554.3759496106904,3862.779117613291,4171.1822856158915,4479.5854536184925
2021-12-06,3914.669921875,24.105294636602515,18.82153730577263,YFINANCE,162.3987584839887,207.98885119093632,2435.9813772598304,3247.975169679774,4059.9689620997174,4871.962754519661,5683.956546939605,6495.950339359548,3119.832767864045,4159.777023818726,5199.721279773408,6239.66553572809,7279.609791682771,8319.554047637452,1517.1549346742363,3070.297726281677,4623.4405178891175,6176.583309496558,7729.726101103999,3339.933838235358,3657.264341580052,3974.5948449247453,4291.9253482694385,4609.255851614133
2021-12-13,3761.0400390625,23.27401814567769,18.82153730577263,YFINANCE,161.59822577782847,199.82639982914552,2423.973386667427,3231.9645155565695,4039.955644445712,4847.946773334854,5655.937902223996,6463.929031113139,2997.395997437183,3996.5279965829104,4995.659995728638,5994.791994874366,6993.923994020093,7993.055993165821,1509.6762312847713,3055.162920015408,4600.649608746044,6146.136297476679,7691.622986207316,3208.8592765456624,3513.7362527693963,3818.6132289931293,4123.490205216863,4428.367181440596
2021-12-20,3932.389892578125,24.506608769292654,18.82153730577263,YFINANCE,160.4624258541027,208.93032427122984,2406.9363878115405,3209.2485170820537,4011.5606463525673,4813.872775623081,5616.184904893594,6418.497034164107,3133.9548640684475,4178.606485424597,5223.258106780746,6267.909728136895,7312.561349493044,8357.212970849194,1499.0654084239975,3033.6895789881733,4568.313749552349,6102.937920116524,7637.562090680699,3355.052234152519,3673.819151635492,3992.5860691184635,4311.352986601435,4630.1199040844085
2021-12-27,3946.169921875,23.80365575830256,18.82153730577263,YFINANCE,165.779994549728,209.66246581062728,2486.69991824592,3315.59989099456,4144.4998637432,4973.39983649184,5802.2998092404805,6631.19978198912,3144.936987159409,4193.249316212546,5241.561645265682,6289.873974318818,7338.186303371955,8386.498632425091,1548.7429777745822,3134.223100475252,4719.703223175921,6305.183345876591,7890.6634685772615,3366.809135004702,3686.6930875685753,4006.577040132448,4326.460992696321,4646.344945260194
2022-01-03,3796.320068359375,23.270801026317294,18.82153730577263,YFINANCE,163.13663049527432,201.70084975976062,2447.0494574291147,3262.7326099054862,4078.415762381858,4894.098914858229,5709.782067334601,6525.4652198109725,3025.512746396409,4034.016995195212,5042.521243994015,6051.025492792818,7059.529741591621,8068.033990390424,1524.048251923274,3084.247874544421,4644.447497165567,6204.647119786713,7764.84674240786,3238.959633922953,3546.6964756470275,3854.4333173711016,4162.170159095176,4469.90700081925
2022-01-10,3900.610107421875,24.01775675393857,18.82153730577263,YFINANCE,162.40526321352766,207.24184449192387,2436.078948202915,3248.105264270553,4060.1315803381917,4872.15789640583,5684.1842124734685,6496.210528541106,3108.627667378858,4144.836889838478,5181.046112298097,6217.255334757716,7253.464557217336,8289.673779676956,1517.215702888297,3070.4207041695627,4623.625705450827,6176.830706732092,7730.035708013357,3327.938229157592,3644.1290175106305,3960.3198058636685,4276.5105942167065,4592.701382569745
2022-01-17,3434.7900390625,21.01567017016943,18.82153730577263,YFINANCE,163.43947212961083,182.49253412520338,2451.5920819441626,3268.789442592217,4085.986803240271,4903.184163888325,5720.381524536379,6537.578885184434,2737.3880118780507,3649.8506825040677,4562.313353130085,5474.7760237561015,6387.238694382118,7299.701365008135,1526.877446458057,3089.9733738647774,4653.069301271497,6216.165228678217,7779.261156084937,2930.5079885774608,3208.938526459691,3487.3690643419204,3765.79960222415,4044.23014010638
2022-01-24,3303.39990234375,20.2181103231588,18.82153730577263,YFINANCE,163.38816286702502,175.51169432534004,2450.822443005375,3267.7632573405003,4084.7040716756255,4901.64488601075,5718.585700345876,6535.526514681001,2632.6754148801006,3510.233886506801,4387.792358133501,5265.350829760201,6142.9093013869015,7020.467773013602,1526.3981071967644,3089.00332511733,4651.608543037894,6214.21376095846,7776.818978879025,2818.40802296219,3086.1878293519626,3353.9676357417347,3621.7474421315073,3889.52724852128
2022-01-31,3453.070068359375,20.70953232791764,18.82153730577263,YFINANCE,166.7381963862331,183.46376346741383,2501.0729457934967,3334.763927724662,4168.454909655828,5002.1458915869935,5835.836873518159,6669.527855449324,2751.9564520112076,3669.2752693482767,4586.594086685345,5503.912904022415,6421.231721359484,7338.550538696553,1557.694651163212,3152.3387865026834,4746.982921842155,6341.627057181625,7936.271192521097,2946.10421753955,3226.0165689625637,3505.928920385577,3785.84127180859,4065.7536232316043
2022-02-07,3365.25,20.37298192272181,18.82153730577263,YFINANCE,165.18200491047244,178.79782853698492,2477.7300736570865,3303.6400982094488,4129.5501227618115,4955.460147314173,5781.370171866535,6607.2801964188975,2681.967428054774,3575.9565707396987,4469.945713424623,5363.934856109548,6257.923998794472,7151.913141479397,1543.156463810129,3122.91755696688,4702.67865012363,6282.439743280381,7862.200836437132,2871.177538191542,3143.9710297739034,3416.764521356264,3689.558012938625,3962.3515045209865
2022-02-14,3384.300048828125,20.3537918958976,18.82153730577263,YFINANCE,166.27368827084481,179.8099694964953,2494.105324062672,3325.473765416896,4156.842206771121,4988.210648125344,5819.579089479568,6650.947530833792,2697.1495424474297,3596.1993899299064,4495.249237412383,5394.299084894859,6293.348932377336,7192.398779859813,1553.3551427455595,3143.5568338336507,4733.758524921741,6323.960216009832,7914.161907097923,2887.430735516188,3161.768459870153,3436.1061842241174,3710.443908578082,3984.7816329320467
2022-02-21,3452.669921875,20.41266531108985,18.82153730577263,YFINANCE,169.1435130717214,183.4425034354688,2537.152696075821,3382.870261434428,4228.587826793035,5074.305392151642,5920.022957510249,6765.740522868856,2751.637551532032,3668.850068709376,4586.062585886721,5503.275103064064,6420.487620241408,7337.700137418752,1580.165500773818,3197.8135082270505,4815.461515680282,6433.109523133514,8050.757530586747,2945.762818951652,3225.6427337483774,3505.522648545102,3785.402563341827,4065.2824781385525
2022-02-28,3258.919921875,19.29442521143256,18.82153730577263,YFINANCE,168.90474249235402,173.14844525879818,2533.57113738531,3378.0948498470802,4222.61856230885,5067.14227477062,5911.665987232391,6756.1896996941605,2597.2266788819725,3462.9689051759633,4328.711131469954,5194.453357763945,6060.195584057936,6925.937810351927,1577.934868186944,3193.299331063517,4808.663793940089,6424.028256816661,8039.392719693234,2780.458414219578,3044.632589771349,3308.8067653231196,3572.98094087489,3837.155116426661
2022-03-07,3144.14990234375,18.260904901340016,18.82153730577263,YFINANCE,172.1793043297119,167.05064263690238,2582.6895649456783,3443.5860865942377,4304.482608242797,5165.379129891357,6026.275651539916,6887.172173188475,2505.7596395535356,3341.0128527380475,4176.266065922559,5011.519279107071,5846.772492291583,6682.025705476095,1608.5263437426715,3255.207930967006,4901.88951819134,6548.571105415674,8195.252692640008,2682.5384670727303,2937.4091690766504,3192.27987108057,3447.1505730844897,3702.0212750884098
2022-03-14,3432.300048828125,19.893078755041493,18.82153730577263,YFINANCE,172.53739811180705,182.36023939316726,2588.060971677106,3450.747962236141,4313.434952795176,5176.121943354212,6038.808933913247,6901.495924472282,2735.403590897509,3647.2047878633452,4559.005984829181,5470.807181795018,6382.608378760854,7294.4095757266905,1611.8717125968024,3261.978022901365,4912.084333205928,6562.190643510489,8212.296953815052,2928.3835686885213,3206.612263281236,3484.8409578739506,3763.0696524666646,4041.2983470593795
2022-03-21,3525.340087890625,20.326758628073502,18.82153730577263,YFINANCE,173.43346041516625,187.303514618298,2601.5019062274937,3468.669208303325,4335.836510379157,5203.003812454987,6070.171114530819,6937.33841660665,2809.5527192744703,3746.07029236596,4682.58786545745,5619.105438548941,6555.62301164043,7492.14058473192,1620.242868620455,3278.918903966547,4937.594939312638,6596.27097465873,8254.947010004822,3007.763843648395,3293.534538720366,3579.3052337923373,3865.075928864308,4150.84662393628
2022-03-28,3366.639892578125,19.51165164146327,18.82153730577263,YFINANCE,172.54510045801766,178.8716743953516,2588.176506870265,3450.9020091603534,4313.6275114504415,5176.35301374053,6039.078516030618,6901.804018320707,2683.075115930274,3577.433487907032,4471.79185988379,5366.150231860548,6260.508603837306,7154.866975814064,1611.943669135578,3262.1236428326883,4912.303616529798,6562.483590226909,8212.66356392402,2872.3633723348635,3145.269531222569,3418.175690110275,3691.08184899798,3963.9880078856863
2022-04-04,3120.159912109375,17.793040877829423,18.82153730577263,YFINANCE,175.35844117557065,165.7760395136486,2630.37661763356,3507.168823511413,4383.9610293892665,5260.75323526712,6137.545441144973,7014.337647022826,2486.640592704729,3315.520790272972,4144.400987841215,4973.281185409458,5802.161382977702,6631.041580545944,1638.2263439072347,3315.3124337384406,4992.398523569646,6669.484613400851,8346.570703232057,2662.070590658683,2914.996618953648,3167.922647248612,3420.8486755435765,3673.7747038385414
2022-04-11,3028.219970703125,17.22958929964936,18.82153730577263,YFINANCE,175.75694452361395,160.8912131621873,2636.354167854209,3515.138890472279,4393.923613090349,5272.708335708418,6151.493058326489,7030.277780944558,2413.3681974328097,3217.8242632437464,4022.2803290546826,4826.736394865619,5631.192460676556,6435.648526487493,1641.949225329556,3322.8465056416667,5003.743785953777,6684.641066265886,8365.538346577998,2583.6289014444283,2829.102105244307,3074.575309044185,3320.048512844063,3565.5217166439415
2022-04-18,2989.830078125,17.077856750362436,18.82153730577263,YFINANCE,175.07056780187293,158.85153425846937,2626.058517028094,3501.4113560374585,4376.764195046823,5252.117034056188,6127.469873065553,7002.822712074917,2382.7730138770407,3177.0306851693877,3971.288356461734,4765.5460277540815,5559.803699046428,6354.061370338775,1635.5369852351369,3309.8699231369305,4984.202861038724,6658.535798940517,8332.86873684231,2550.8752583974338,2793.2365053329313,3035.5977522684284,3277.9589992039255,3520.320246139423
2022-04-25,2919.739990234375,16.71646027152332,18.82153730577263,YFINANCE,174.66257466050902,155.1276042334162,2619.9386199076353,3493.2514932101803,4366.564366512725,5239.8772398152705,6113.190113117816,6986.502986420361,2326.914063501243,3102.552084668324,3878.190105835405,4653.828127002486,5429.4661481695675,6205.104169336648,1631.725448659908,3302.1564379726237,4972.587427285339,6643.0184165980545,8313.449405910771,2491.075515138706,2727.75512778225,2964.434740425793,3201.1143530693357,3437.7939657128795
2022-05-02,2982.06005859375,17.07888449900492,18.82153730577263,YFINANCE,174.60508376688745,158.43870828123812,2619.076256503312,3492.101675337749,4365.127094172186,5238.152513006624,6111.177931841061,6984.203350675498,2376.5806242185718,3168.7741656247626,3960.967707030953,4753.1612484371435,5545.354789843334,6337.548331249525,1631.188359621968,3301.0695198113276,4970.950680000687,6640.831840190045,8310.713000379405,2544.246001863912,2785.977396408772,3027.7087909536317,3269.4401854984912,3511.1715800433512
2022-05-09,2970.3701171875,16.90099709503209,18.82153730577263,YFINANCE,175.75117612798218,157.81761441327524,2636.267641919733,3515.0235225596434,4393.7794031995545,5272.535283839466,6151.291164479376,7030.047045119287,2367.2642161991284,3156.3522882655047,3945.440360331881,4734.528432398257,5523.616504464633,6312.7045765310095,1641.895336063532,3322.737448822773,5003.579561582013,6684.4216743412535,8365.263787100494,2534.2723306096514,2775.0561165273357,3015.839902445019,3256.6236883627025,3497.4074742803864
2022-05-16,2882.64990234375,16.273250610676918,18.82153730577263,YFINANCE,177.14038647278232,153.15698476232498,2657.105797091735,3542.8077294556465,4428.5096618195585,5314.21159418347,6199.9135265473815,7085.615458911293,2297.3547714348747,3063.1396952464997,3828.9246190581243,4594.709542869749,5360.494466681374,6126.2793904929995,1654.8735592321646,3349.0017466707604,5043.129934109356,6737.258121547951,8431.386308986548,2459.4308446859573,2693.1038650766873,2926.776885467417,3160.4499058581464,3394.1229262488764
2022-05-23,3115.35009765625,17.460578649948143,18.82153730577263,YFINANCE,178.4219274809373,165.52049107597398,2676.3289122140595,3568.438549618746,4460.548187023433,5352.657824428119,6244.767461832806,7136.877099237492,2482.8073661396097,3310.4098215194795,4138.01227689935,4965.614732279219,5793.217187659089,6620.819643038959,1666.8459183970988,3373.230456792722,5079.614995188344,6785.999533583967,8492.38407197959,2657.966933806835,2910.5030694999036,3163.0392051929716,3415.5753408860396,3668.111476579108
2022-05-30,3062.590087890625,16.751265705661837,18.82153730577263,YFINANCE,182.82738401406206,162.717318895695,2742.410760210931,3656.5476802812414,4570.684600351551,5484.821520421862,6398.9584404921725,7313.095360562483,2440.759783435425,3254.3463779139,4067.932972392375,4881.51956687085,5695.106161349325,6508.6927558278,1708.0023913967495,3456.5196598824073,5205.036928368065,6953.554196853722,8702.071465339379,2612.9529363463707,2861.2122464603935,3109.4715565744154,3357.7308666884373,3605.99017680246
2022-06-06,2831.97998046875,15.390713015141314,18.82153730577263,YFINANCE,184.00576878294467,150.46486025348057,2760.08653174417,3680.1153756588933,4600.144219573617,5520.17306348834,6440.201907403063,7360.230751317787,2256.9729038022083,3009.297205069611,3761.621506337014,4513.945807604417,5266.2701088718195,6018.594410139222,1719.0110486287656,3478.7981065303966,5238.585164432026,6998.372222333657,8758.159280235288,2416.2000768234147,2645.765698088824,2875.3313193542326,3104.896940619641,3334.46256188505
2022-06-13,2578.5400390625,13.980194215789297,18.82153730577263,YFINANCE,184.44236176277758,136.99943831217513,2766.6354264416636,3688.847235255552,4611.05904406944,5533.270852883327,6455.482661697215,7377.694470511104,2054.991574682627,2739.9887662435026,3424.9859578043784,4109.983149365254,4794.980340926129,5479.977532487005,1723.0897694267633,3487.0522979158786,5251.014826404993,7014.977354894108,8778.939883383224,2199.969167664748,2408.9904708192767,2618.011773973805,2827.0330771283334,3036.054380282862
2022-06-20,2718.469970703125,14.716499094609858,18.82153730577263,YFINANCE,184.7225996635848,144.43400273522616,2770.838994953772,3694.4519932716958,4618.064991589619,5541.677989907544,6465.290988225468,7388.9039865433915,2166.510041028392,2888.680054704523,3610.850068380654,4333.020082056784,5055.190095732915,5777.360109409046,1725.7077963012377,3492.3504528876183,5258.993109473999,7025.635766060378,8792.27842264676,2319.3551498792162,2539.7194363571616,2760.0837228351065,2980.448009313051,3200.8122957909964
2022-06-27,2458.4599609375,13.3719039207773,18.82153730577263,YFINANCE,183.8526492190494,130.61950896983754,2757.789738285741,3677.052984380988,4596.3162304762345,5515.579476571482,6434.842722666729,7354.105968761976,1959.292634547563,2612.3901793967507,3265.4877242459384,3918.585269095126,4571.682813944314,5224.780358793501,1717.5805814002752,3475.9032405026906,5234.225899605106,6992.54855870752,8750.871217809936,2097.518763356959,2296.8061496312553,2496.0935359055516,2695.3809221798474,2894.668308454144
2022-07-04,2618.02001953125,14.061252637838672,18.82153730577263,YFINANCE,186.1868275153657,139.09703426448033,2792.8024127304857,3723.7365503073142,4654.670687884142,5585.604825460971,6516.5389630377995,7447.4731006146285,2086.4555139672048,2781.9406852896063,3477.4258566120084,4172.9110279344095,4868.396199256811,5563.881370579213,1739.3868449069937,3520.0330256243087,5300.679206341623,7081.325387058938,8861.971567776254,2233.6528562852413,2445.874480877902,2658.0961054705626,2870.317730063223,3082.5393546558835
2022-07-11,2693.77001953125,14.48163113061478,18.82153730577263,YFINANCE,186.0128873077361,143.12167894516574,2790.1933096160415,3720.2577461547216,4650.322182693402,5580.386619232083,6510.451055770764,7440.515492309443,2146.8251841774863,2862.433578903315,3578.0419736291433,4293.650368354973,5009.258763080801,5724.86715780663,1737.761867925599,3516.7445261987004,5295.727184471801,7074.709842744901,8853.692501018002,2298.2815461353293,2516.6436081360175,2735.0056701367052,2953.3677321373925,3171.7297941380807
2022-07-18,2842.409912109375,15.039584199378632,18.82153730577263,YFINANCE,188.9952457746013,151.0190090178021,2834.9286866190196,3779.904915492026,4724.881144365033,5669.857373238039,6614.833602111045,7559.809830984052,2265.2851352670314,3020.380180356042,3775.4752254450523,4530.570270534063,5285.665315623073,6040.760360712084,1765.6235332930603,3573.128752933266,5380.633972573471,7188.139192213675,8995.64441185388,2425.0987278750267,2655.509819007225,2885.920910139422,3116.33200127162,3346.743092403818
2022-07-25,2967.139892578125,15.436550895760767,18.82153730577263,YFINANCE,192.21521132631838,157.64599056784235,2883.228169894776,3844.3042265263675,4805.38028315796,5766.456339789552,6727.532396421143,7688.608453052735,2364.689858517635,3152.919811356847,3941.1497641960586,4729.37971703527,5517.609669874482,6305.839622713694,1795.7049616972697,3634.0051598986365,5472.305358100003,7310.605556301369,9148.905754502735,2531.5163545776327,2772.0382924157425,3012.560230253852,3253.082168091961,3493.604105930071
2022-08-01,3053.389892578125,15.930402452435722,18.82153730577263,YFINANCE,191.67060604368277,162.22850678842477,2875.0590906552416,3833.412120873655,4791.76515109207,5750.118181310483,6708.471211528897,7666.82424174731,2433.4276018263713,3244.570135768495,4055.712669710619,4866.855203652743,5677.9977375948665,6489.14027153699,1790.6171728513857,3623.708896696834,5456.800620542282,7289.892344387729,9122.984068233178,2605.1034766841685,2852.6170016700326,3100.1305266558957,3347.644051641759,3595.157576627623
2022-08-08,3067.840087890625,15.995659181915816,18.82153730577263,YFINANCE,191.7920388900901,162.99625466564348,2876.8805833513516,3835.8407778018022,4794.800972252253,5753.761166702703,6712.721361153154,7671.6815556036045,2444.9438199846522,3259.9250933128696,4074.906366641087,4889.8876399693045,5704.868913297521,6519.850186625739,1791.7516177441807,3626.0046962195697,5460.257774694957,7294.510853170345,9128.763931645735,2617.432152474594,2866.1170374584804,3114.8019224423656,3363.486807426251,3612.1716924101365
2022-08-15,2953.340087890625,15.482487505397486,18.82153730577263,YFINANCE,190.7535909110881,156.91279834962396,2861.303863666322,3815.0718182217624,4768.839772777203,5722.607727332644,6676.375681888084,7630.143636443525,2353.691975244359,3138.255966992479,3922.819958740599,4707.383950488718,5491.947942236839,6276.511933984958,1782.050272176932,3606.3718831454107,5430.693494113889,7255.015105082366,9079.336716050846,2519.742581678092,2759.1458814049597,2998.5491811318266,3237.952480858694,3477.3557805855617
2022-08-22,2798.43994140625,14.61415883087342,18.82153730577263,YFINANCE,191.48826653603575,148.6828570877661,2872.3239980405365,3829.765330720715,4787.206663400893,5744.647996081073,6702.089328761252,7659.53066144143,2230.2428563164917,2973.6571417553223,3717.071427194153,4460.485712632983,5203.899998071814,5947.314283510645,1788.9137282783163,3620.261600787887,5451.609473297457,7282.957345807026,9114.305218316596,2387.5842513167468,2614.4310539613493,2841.277856605952,3068.124659250554,3294.971461895157
2022-08-29,2599.260009765625,13.727463621754495,18.82153730577263,YFINANCE,189.34743382939783,138.10030326101062,2840.2115074409676,3786.9486765879565,4733.685845734945,5680.423014881935,6627.160184028924,7573.897353175913,2071.5045489151594,2762.0060652202123,3452.507581525266,4143.009097830319,4833.510614135372,5524.012130440425,1768.9137299069744,3579.7871916674017,5390.660653427828,7201.534115188254,9012.40757694868,2217.647115655179,2428.3480185879084,2639.048921520637,2849.7498244533663,3060.4507273860954
2022-09-05,2721.77001953125,14.161843211879486,18.82153730577263,YFINANCE,192.19037937435482,144.60933638489104,2882.855690615322,3843.8075874870965,4804.75948435887,5765.711381230644,6726.663278102419,7687.615174974193,2169.1400457733657,2892.186727697821,3615.2334096222758,4338.2800915467315,5061.326773471186,5784.373455395642,1795.472977667276,3633.535689033437,5471.598400399597,7309.661111765757,9147.723823131917,2322.1706988191904,2542.802493459149,2763.4342880991076,2984.066082739066,3204.6978773790247
2022-09-12,2563.139892578125,13.248721402288338,18.82153730577263,YFINANCE,193.46318899387649,136.18121893752013,2901.9478349081473,3869.2637798775295,4836.5797248469125,5803.895669816295,6771.211614785677,7738.527559755059,2042.718284062802,2723.6243787504027,3404.5304734380034,4085.436568125604,4766.342662813205,5447.248757500805,1807.3637668160645,3657.599324231683,5507.834881647301,7358.070439062919,9208.305996478537,2186.830008710496,2394.602947039127,2602.3758853677573,2810.148823696388,3017.921762025019
2022-09-19,2408.89990234375,12.473813847874126,18.82153730577263,YFINANCE,193.11655053713113,127.98635218840133,2896.748258056967,3862.3310107426228,4827.913763428278,5793.496516113934,6759.07926879959,7724.6620214852455,1919.79528282602,2559.7270437680263,3199.658804710033,3839.59056565204,4479.522326594047,5119.454087536053,1804.1254154265066,3651.0458057471683,5497.9661960678295,7344.88658638849,9191.806976709153,2055.2349131152737,2250.5048678683415,2445.7748226214085,2641.044777374476,2836.3147321275433
2022-09-26,2306.699951171875,12.039463067997929,18.82153730577263,YFINANCE,191.59491898798288,122.55640512767266,2873.923784819743,3831.8983797596575,4789.872974699572,5747.847569639486,6705.822164579401,7663.796759519315,1838.34607691509,2451.128102553453,3063.9101281918165,3676.69215383018,4289.474179468543,4902.256205106906,1789.910092384035,3622.277963374476,5454.6458343649165,7287.013705355357,9119.381576345799,1968.0395474785573,2155.024982056386,2342.0104166342144,2528.995851212043,2715.9812857898714
2022-10-03,2356.75,12.6255284524247,18.82153730577263,YFINANCE,186.66545395550492,125.21559539545034,2799.981809332574,3733.3090791100985,4666.636348887623,5599.963618665148,6533.290888442672,7466.618158220197,1878.2339309317551,2504.3119079090065,3130.389884886258,3756.4678618635103,4382.5458388407615,5008.623815818013,1743.8582489515902,3529.0818981933844,5314.305547435179,7099.529196676972,8884.752845918767,2010.741449560335,2201.78403518896,2392.8266208175846,2583.869206446209,2774.911792074834
2022-10-10,2162.320068359375,12.547427774126419,18.82153730577263,YFINANCE,172.33174059931346,114.88541202721969,2584.976108989702,3446.634811986269,4308.293514982836,5169.952217979404,6031.610920975972,6893.269623972538,1723.2811804082953,2297.708240544394,2872.135300680492,3446.5623608165906,4020.989420952689,4595.416481088788,1609.9504275275988,3258.089878688341,4906.229329849083,6554.3687810098245,8202.508232170567,1844.8569380147796,2020.1386678614076,2195.420397708035,2370.702127554662,2545.98385740129
2022-10-17,2336.68994140625,12.469327095828136,18.82153730577263,YFINANCE,187.3950312994866,124.14979198801042,2810.925469492299,3747.900625989732,4684.8757824871645,5621.850938984598,6558.826095482031,7495.801251979464,1862.2468798201562,2482.9958397602086,3103.7447997002605,3724.4937596403124,4345.242719580365,4965.991679520417,1750.6740761043418,3542.8752281503644,5335.076380196387,7127.277532242409,8919.478684288431,1993.626528039146,2183.0430076057737,2372.459487172401,2561.8759667390286,2751.2924463056565
2022-10-24,2433.659912109375,12.915951720029682,18.82153730577263,YFINANCE,188.42280962813805,129.301866928955,2826.3421444220708,3768.4561925627613,4710.570240703451,5652.6842888441415,6594.798336984832,7536.912385125523,1939.5280039343252,2586.0373385791,3232.546673223875,3879.0560078686503,4525.565342513425,5172.0746771582,1760.2757441073552,3562.3063216823466,5364.336899257338,7166.367476832329,8968.39805440732,2076.3597578918775,2273.63680558472,2470.9138532775623,2668.1909009704045,2865.4679486632476
2022-10-31,2398.239990234375,13.129605720299583,18.82153730577263,YFINANCE,182.65894965348994,127.41998441853241,2739.8842448023493,3653.1789930697987,4566.473741337249,5479.7684896046985,6393.0632378721475,7306.357986139597,1911.2997662779862,2548.399688370648,3185.49961046331,3822.5995325559725,4459.699454648634,5096.799376741296,1706.4288509109958,3453.3352535536897,5200.241656196383,6947.148058839076,8694.05446148177,2046.1400464017952,2240.5458886389197,2434.9517308760437,2629.3575731131677,2823.7634153502922
2022-11-07,2754.89990234375,14.879156090375476,18.82153730577263,YFINANCE,185.15162322450172,146.36954769357828,2777.274348367526,3703.0324644900343,4628.790580612543,5554.548696735052,6480.3068128575605,7406.0649289800685,2195.5432154036744,2927.3909538715657,3659.238692339457,4391.086430807349,5122.93416927524,5854.781907743131,1729.7158023883092,3500.4615374544032,5271.207272520497,7041.9530075865905,8812.698742652685,2350.4365855658416,2573.753950789898,2797.071316013955,3020.3886812380115,3243.7060464620686
2022-11-14,2724.030029296875,14.48675113388585,18.82153730577263,YFINANCE,188.0359512026901,144.72941211137976,2820.539268040351,3760.7190240538016,4700.898780067252,5641.078536080702,6581.258292094153,7521.438048107603,2170.9411816706966,2894.5882422275954,3618.235302784494,4341.882363341393,5065.5294238982915,5789.176484455191,1756.661651397117,3554.9924077390765,5353.323164081035,7151.653920422994,8949.984676764954,2324.098903046263,2544.913898326583,2765.7288936069026,2986.543888887222,3207.358884167542
2022-11-21,2751.27001953125,14.65613083871613,18.82153730577263,YFINANCE,187.721442296585,146.17668975888733,2815.821634448775,3754.4288459317,4693.036057414625,5631.64326889755,6570.250480380475,7508.8576918634,2192.65034638331,2923.5337951777465,3654.4172439721833,4385.30069276662,5116.184141561057,5847.067590355493,1753.723459360733,3549.0463279271116,5344.36919649349,7139.692065059869,8935.014933626248,2347.3396275396867,2570.3627476388774,2793.385867738067,3016.4089878372574,3239.432107936448
2022-11-28,2771.239990234375,14.572177105723272,18.82153730577263,YFINANCE,190.1733673787125,147.23770674058736,2852.6005106806874,3803.46734757425,4754.3341844678125,5705.201021361375,6656.067858254937,7606.9346951485,2208.5656011088104,2944.754134811747,3680.942668514684,4417.131202217621,5153.319735920558,5889.508269623494,1776.6297319980822,3595.4022242094798,5414.174716420876,7232.947208632273,9051.71970084367,2364.3776875118006,2589.0196109792114,2813.6615344466218,3038.303457914032,3262.945381381443
2022-12-05,2721.02001953125,14.550843373828794,18.82153730577263,YFINANCE,187.00084590459463,144.56948841775554,2805.012688568919,3740.0169180918924,4675.021147614866,5610.025377137838,6545.029606660812,7480.033836183785,2168.542326266333,2891.389768355111,3614.237210443888,4337.084652532666,5059.932094621444,5782.779536710222,1746.991533684562,3535.4227911184057,5323.854048552248,7112.285305986092,8900.716563419935,2321.5308108008726,2542.101809030851,2762.672807260829,2983.2438054908066,3203.814803720785
2022-12-12,2636.10009765625,13.987384452911462,18.82153730577263,YFINANCE,188.46268982815783,140.05764007639,2826.9403474223677,3769.253796563157,4711.567245703945,5653.880694844735,6596.1941439855245,7538.507593126314,2100.86460114585,2801.1528015278,3501.4410019097495,4201.7292022917,4902.0174026736495,5602.3056030556,1760.6483112551623,3563.0602935020047,5365.472275748847,7167.884257995689,8970.296240242531,2249.078490101822,2462.765719817371,2676.45294953292,2890.1401792484685,3103.827408964018
2022-12-19,2535.489990234375,13.473064017146656,18.82153730577263,YFINANCE,188.189560073904,134.71216240432878,2822.84340110856,3763.79120147808,4704.7390018476,5645.68680221712,6586.6346025866405,7527.58240295616,2020.6824360649316,2694.2432480865755,3367.8040601082193,4041.364872129863,4714.925684151507,5388.486496173151,1758.0966898121117,3557.8965245711724,5357.696359330233,7157.496194089293,8957.296028848354,2163.2395537539355,2368.7711390174854,2574.3027242810354,2779.8343095445853,2985.3658948081356
2022-12-26,2532.110107421875,14.262562297181905,18.82153730577263,YFINANCE,177.53542839368959,134.53258712534964,2663.031425905344,3550.7085678737917,4438.3857098422395,5326.062851810688,6213.739993779135,7101.417135747583,2017.9888068802445,2690.651742506993,3363.314678133741,4035.977613760489,4708.640549387237,5381.303485013986,1658.5641034537,3356.4703771139366,5054.376650774172,6752.282924434408,8450.189198094646,2160.355891733886,2365.6134973425633,2570.87110295124,2776.128708559917,2981.3863141685943
2023-01-02,2636.10009765625,15.05022159720514,18.82153730577263,YFINANCE,175.15357369527237,140.05764007639,2627.3036054290856,3503.0714739054474,4378.839342381809,5254.607210858171,6130.375079334533,7006.142947810895,2100.86460114585,2801.1528015278,3501.4410019097495,4201.7292022917,4902.0174026736495,5602.3056030556,1636.3124394439844,3311.4392258098783,4986.566012175772,6661.692798541665,8336.81958490756,2249.078490101822,2462.765719817371,2676.45294953292,2890.1401792484685,3103.827408964018
2023-01-09,2800.659912109375,15.862009002972089,18.82153730577263,YFINANCE,176.56400974079708,148.80080551392595,2648.460146111956,3531.2801948159413,4414.100243519927,5296.920292223912,6179.740340927898,7062.560389631883,2232.0120827088895,2976.016110278519,3720.020137848149,4464.024165417779,5208.028192987408,5952.032220557038,1649.4889564721068,3338.104815030298,5026.720673588489,6715.33653214668,8403.952390704872,2389.478294855341,2616.5050524986264,2843.531810141911,3070.558567785196,3297.585325428481
2023-01-16,2794.68994140625,15.79604147737992,18.82153730577263,YFINANCE,176.92343650833485,148.4836172520886,2653.8515476250227,3538.468730166697,4423.085912708371,5307.703095250045,6192.3202777917195,7076.937460333394,2227.254258781329,2969.672345041772,3712.090431302215,4454.508517562658,5196.926603823102,5939.344690083544,1652.8467782874607,3344.900108279075,5036.953438270689,6729.006768262302,8421.060098253916,2384.384811225158,2610.9276318198586,2837.4704524145586,3064.0132730092587,3290.556093603959
2023-01-23,2945.27001953125,16.56016098642612,18.82153730577263,YFINANCE,177.85274080037036,156.4840305912698,2667.7911120055555,3557.054816007407,4446.3185200092585,5335.582224011111,6224.845928012963,7114.109632014814,2347.260458869047,3129.680611825396,3912.100764781745,4694.520917738094,5476.941070694443,6259.361223650792,1661.5284862366914,3362.469459679885,5063.410433123077,6764.35140656627,8465.292380009463,2512.8573282778666,2751.606453092005,2990.3555779061426,3229.104702720281,3467.853827534419
2023-01-30,3082.110107421875,17.499909761957902,18.82153730577263,YFINANCE,176.12148573028108,163.7544296913824,2641.822285954216,3522.4297146056215,4403.037143257027,5283.644571908432,6164.252000559838,7044.859429211243,2456.316445370736,3275.088593827648,4093.86074228456,4912.632890741472,5731.405039198384,6550.177187655296,1645.3548270456656,3329.7384920608633,5014.122157076061,6698.505822091258,8382.889487106455,2629.60710516687,2879.448744761224,3129.2903843555778,3379.132023949931,3628.973663544285
2023-02-06,3011.14990234375,17.0673682651803,18.82153730577263,YFINANCE,176.4273117892989,159.98426979820718,2646.4096768394834,3528.546235785978,4410.682794732473,5292.819353678967,6174.955912625462,7057.092471571956,2399.7640469731077,3199.6853959641435,3999.6067449551797,4799.528093946215,5599.449442937252,6399.370791928287,1648.2119025487189,3335.5204146716364,5022.828926794554,6710.137438917471,8397.445951040389,2569.0649918243907,2813.1544637917746,3057.2439357591575,3301.333407726541,3545.422879693924
2023-02-13,3005.8701171875,16.95760603265708,18.82153730577263,YFINANCE,177.2579284716707,159.70375152435554,2658.8689270750606,3545.1585694334144,4431.448211791768,5317.737854150121,6204.0274965084745,7090.317138866829,2395.556272865333,3194.075030487111,3992.5937881088885,4791.112545730666,5589.631303352444,6388.150060974222,1655.9716552109128,3351.223986146595,5046.476317082276,6741.728648017958,8436.98097895364,2564.5603634766894,2808.221846133449,3051.883328790208,3295.544811446967,3539.2062941037266
2023-02-20,2935.110107421875,16.318271659465594,18.82153730577263,YFINANCE,179.8664814921948,155.94422813282455,2697.997222382922,3597.329629843896,4496.66203730487,5395.994444765844,6295.326852226818,7194.659259687792,2339.163421992368,3118.8845626564907,3898.605703320614,4678.326843984736,5458.047984648859,6237.7691253129815,1680.3411708672636,3400.54107749979,5120.740984132315,6840.94089076484,8561.140797397367,2504.1890535765997,2742.114596814782,2980.0401400529636,3217.9656832911455,3455.891226529328
2023-02-27,3028.340087890625,16.815563860408382,18.82153730577263,YFINANCE,180.09149815194357,160.89759506317387,2701.3724722791535,3601.8299630388715,4502.287453798589,5402.744944558307,6303.202435318025,7203.659926077743,2413.463925947608,3217.9519012634773,4022.4398765793467,4826.927851895216,5631.415827211085,6435.903802526955,1682.4433121576812,3404.795224177089,5127.147136196496,6849.499048215903,8571.85096023531,2583.731383509862,2829.2143242347765,3074.6972649596905,3320.1802056846045,3565.6631464095194
2023-03-06,2923.929931640625,16.109854905894608,18.82153730577263,YFINANCE,181.49945786108583,155.35021843002409,2722.4918679162874,3629.9891572217166,4537.486446527146,5444.983735832575,6352.481025138004,7259.978314443433,2330.253276450361,3107.004368600482,3883.755460750602,4660.506552900722,5437.257645050843,6214.008737200964,1695.5966948589307,3431.413995983167,5167.2312971074025,6903.048598231639,8638.865899355875,2494.6503062097895,2731.6695633807044,2968.688820551619,3205.7080777225333,3442.727334893448
2023-03-13,3083.52001953125,16.70986759819066,18.82153730577263,YFINANCE,184.53288162888452,163.82933919991348,2767.9932244332676,3690.6576325776905,4613.322040722113,5535.986448866535,6458.650857010958,7381.315265155381,2457.440087998702,3276.5867839982693,4095.733479997837,4914.880175997404,5734.026871996972,6553.173567996539,1723.9354203592716,3488.763659146013,5253.591897932753,7018.420136719495,8783.248375506237,2630.8100196544297,2880.765949374968,3130.7218790955053,3380.677808816043,3630.633738536581
2023-03-20,3121.260009765625,16.9847621732841,18.82153730577263,YFINANCE,183.7682493238062,165.83448838731806,2756.523739857093,3675.364986476124,4594.206233095155,5513.047479714186,6431.888726333217,7350.729972952248,2487.517325809771,3316.689767746361,4145.862209682951,4975.034651619542,5804.207093556132,6633.379535492722,1716.7921042053167,3474.3075829442055,5231.823061683093,6989.338540421982,8746.85401916087,2663.0091764043013,2916.024380683437,3169.0395849625716,3422.054789241706,3675.0699935208418
2023-03-27,3230.860107421875,17.56552233971617,18.82153730577263,YFINANCE,183.93191189747907,171.65760983992308,2758.978678462186,3678.6382379495813,4598.297797436977,5517.957356924372,6437.616916411767,7357.2764758991625,2574.864147598846,3433.152196798462,4291.440245998077,5149.728295197692,6008.016344397308,6866.304393596924,1718.3210659017434,3477.4017742577107,5236.482482613677,6995.563190969644,8754.643899325612,2756.5182287998814,3018.417823040362,3280.3174172808417,3542.217011521321,3804.1166057618016
2023-04-03,3071.77001953125,18.500989419655983,18.82153730577263,YFINANCE,166.03274289037284,163.20505438145733,2490.4911433555926,3320.654857807457,4150.818572259321,4980.982286711185,5811.14600116305,6641.309715614914,2448.0758157218597,3264.1010876291466,4080.1263595364335,4896.151631443719,5712.176903351006,6528.202175258293,1551.1041928221582,3139.001540057226,4726.898887292294,6314.796234527361,7902.693581762429,2620.7851073674524,2869.7885599982965,3118.79201262914,3367.7954652599838,3616.798917890828
2023-04-10,3070.449951171875,18.544904299062587,18.82153730577263,YFINANCE,165.56839019800609,163.13491832732268,2483.5258529700914,3311.367803960122,4139.209754950152,4967.051705940183,5794.893656930213,6622.735607920244,2447.02377490984,3262.6983665464536,4078.372958183067,4894.04754981968,5709.722141456294,6525.396733092907,1546.7661363910004,3130.222525803204,4713.678915215407,6297.13530462761,7880.591694039814,2619.6588461320866,2868.555291540026,3117.451736947964,3366.3481823559027,3615.244627763842
2023-04-17,3021.43994140625,18.32064256367587,18.82153730577263,YFINANCE,164.91997651855422,160.5309859827212,2473.7996477783136,3298.3995303710844,4122.999412963855,4947.599295556627,5772.199178149398,6596.799060742169,2407.964789740818,3210.619719654424,4013.2746495680303,4815.929579481636,5618.584509395242,6421.239439308848,1540.7085530530856,3117.9636694899195,4695.218785926753,6272.473902363587,7849.729018800421,2577.844288763211,2822.7678906420065,3067.691492520801,3312.6150943995963,3557.5386962783914
2023-04-24,2994.969970703125,18.195831057032148,18.82153730577263,YFINANCE,164.59649253259352,159.1246199525135,2468.947387988903,3291.9298506518703,4114.912313314838,4937.894775977806,5760.877238640773,6583.859701303741,2386.8692992877027,3182.4923990502703,3978.115498812838,4773.738598575405,5569.3616983379725,6364.9847981005405,1537.6865143985426,3111.8479075478012,4686.009300697059,6260.170693846317,7834.332086995575,2555.2605326323433,2798.038428923088,3040.816325213832,3283.5942215045757,3526.3721177953203
2023-05-01,3007.68994140625,18.71725557583941,18.82153730577263,YFINANCE,160.69075560888496,159.80043991857036,2410.3613341332743,3213.815112177699,4017.268890222124,4820.722668266549,5624.176446310974,6427.630224355398,2397.0065987785556,3196.0087983714075,3995.010997964259,4794.013197557111,5593.015397149963,6392.017596742815,1501.1985011731952,3038.0063627708496,4574.814224368503,6111.622085966157,7648.429947563812,2566.113008427386,2809.9220094565394,3053.7310104856924,3297.5400115148454,3541.349012543999
2023-05-08,2972.85009765625,18.54935009908192,18.82153730577263,YFINANCE,160.26707576150542,157.94937732022913,2404.006136422581,3205.3415152301086,4006.6768940376355,4808.012272845162,5609.34765165269,6410.683030460217,2369.2406598034368,3158.9875464045826,3948.7344330057285,4738.4813196068735,5528.228206208019,6317.975092809165,1497.240416904729,3029.9963060178047,4562.75219513088,6095.508084243956,7628.263973357031,2536.3882103264714,2777.373028123251,3018.35784592003,3259.342663716809,3500.3274815135883
2023-05-15,3203.489990234375,20.252768931450422,18.82153730577263,YFINANCE,158.17540806776753,170.20341846634673,2372.631121016513,3163.5081613553507,3954.3852016941883,4745.262242033026,5536.139282371863,6327.016322710701,2553.051276995201,3404.0683693269348,4255.0854616586685,5106.102553990402,5957.119646322136,6808.1367386538695,1477.699725874348,2990.4514066345164,4503.203087394684,6015.954768154853,7528.706448915022,2733.1664820689043,2992.8474031550586,3252.528324241212,3512.2092453273654,3771.8901664135196
2023-05-22,3545.669921875,22.208689776117826,18.82153730577263,YFINANCE,159.6523684025631,188.3836513602707,2394.7855260384463,3193.047368051262,3991.3092100640774,4789.571052076893,5587.832894089708,6386.094736102524,2825.7547704040608,3767.673027205414,4709.591284006768,5651.5095408081215,6593.4277976094745,7535.346054410828,1491.4977233539537,3018.374698660041,4545.251673966128,6072.128649272215,7599.005624578302,3025.108933223047,3312.5276028573508,3599.9462724916534,3887.3649421259565,4174.78361176026
2023-05-29,3501.39990234375,22.169535491859637,18.82153730577263,YFINANCE,157.9374499582735,186.03155764911185,2369.0617493741024,3158.74899916547,3948.4362489568375,4738.123498748205,5527.810748539573,6317.49799833094,2790.4733647366775,3720.631152982237,4650.788941227796,5580.946729473355,6511.104517718914,7441.262305964474,1475.476683509771,2985.952589960362,4496.428496410952,6006.904402861543,7517.380309312133,2987.338459798064,3271.168518422681,3554.9985770472967,3838.8286356719123,4122.658694296529
2023-06-05,3524.969970703125,22.23919539162155,18.82153730577263,YFINANCE,158.502585576056,187.28385006159962,2377.53878364084,3170.0517115211196,3962.5646394013997,4755.07756728168,5547.59049516196,6340.103423042239,2809.2577509239945,3745.6770012319926,4682.096251539991,5618.515501847989,6554.934752155987,7491.354002463985,1480.756269999734,2996.636998009512,4512.5177260192895,6028.398454029067,7544.279182038845,3007.448065576855,3293.188758253797,3578.9294509307388,3864.67014360768,4150.410836284622
2023-06-12,3673.139892578125,23.38978600203059,18.82153730577263,YFINANCE,157.04033770378405,195.15621029805894,2355.6050655567606,3140.806754075681,3926.008442594601,4711.210131113521,5496.411819632442,6281.613508151362,2927.343154470884,3903.1242059611786,4878.9052574514735,5854.686308941768,6830.467360432062,7806.248411922357,1467.0957186762892,2968.991858604463,4470.887998532637,5972.78413846081,7474.680278388983,3133.864275820699,3431.615900920423,3729.367526020146,4027.11915111987,4324.870776219594
2023-06-19,3506.7099609375,22.36578671662781,18.82153730577263,YFINANCE,156.7890280528537,186.3136843695536,2351.8354207928055,3135.780561057074,3919.7257013213425,4703.670841585611,5487.615981849879,6271.561122114148,2794.705265543304,3726.273687391072,4657.842109238841,5589.410531086608,6520.978952934376,7452.547374782144,1464.7479440959937,2964.240618773278,4463.733293450562,5963.225968127846,7462.71864280513,2991.8689169590048,3276.1294189160026,3560.389920873,3844.650422829997,4128.910924786995
2023-06-26,3673.06005859375,23.452875434392816,18.82153730577263,YFINANCE,156.6144871603819,195.1519686687447,2349.2173074057287,3132.2897432076384,3915.3621790095476,4698.434614811457,5481.507050613367,6264.579486415277,2927.2795300311705,3903.0393733748942,4878.799216718618,5854.559060062341,6830.318903406064,7806.0787467497885,1463.117355421622,2960.940762848874,4458.764170276125,5956.587577703376,7454.410985130628,3133.796162740624,3431.5413163474886,3729.286469954353,4027.031623561217,4324.776777168082
2023-07-03,3577.72998046875,26.232841588908933,18.82153730577263,YFINANCE,136.38362311391344,190.08702224187863,2045.7543467087016,2727.672462278269,3409.590577847836,4091.5086934174033,4773.42680898697,5455.344924556538,2851.3053336281796,3801.740444837573,4752.1755560469655,5702.610667256359,6653.045778465752,7603.480889675146,1274.117417815268,2578.457691780877,3882.797965746486,5187.138239712095,6491.478513677704,3052.4620630373197,3342.479581293308,3632.4970995492954,3922.514617805283,4212.532136061271
2023-07-10,3750.409912109375,27.33701163722312,18.82153730577263,YFINANCE,137.1916565672699,199.2616145631798,2057.874848509048,2743.8331313453978,3429.7914141817473,4115.749697018096,4801.707979854446,5487.6662626907955,2988.924218447697,3985.232291263596,4981.540364079495,5977.848436895394,6974.1565097112925,7970.464582527192,1281.666194373572,2593.7343065638925,3905.8024187542123,5217.870530944532,6529.938643134853,3199.7898220516618,3503.8051002002135,3807.8203783487643,4111.8356564973155,4415.850934645867
2023-07-17,3698.85009765625,26.696484523836123,18.82153730577263,YFINANCE,138.55195407296824,196.52220950739238,2078.2793110945236,2771.0390814593648,3463.798851824206,4156.558622189047,4849.318392553889,5542.0781629187295,2947.8331426108857,3930.4441901478476,4913.055237684809,5895.666285221771,6878.277332758733,7860.888380295695,1294.3743092179275,2619.4519806261856,3944.529652034443,5269.6073234427,6594.684994850959,3155.79981205801,3455.635554715883,3755.471297373755,4055.3070400316274,4355.142782689501
2023-07-24,3851.760009765625,27.96145059127603,18.82153730577263,YFINANCE,137.7525102709576,204.6464083772943,2066.287654064364,2755.050205419152,3443.8127567739402,4132.575308128728,4821.337859483516,5510.100410838304,3069.6961256594145,4092.928167545886,5116.160209432358,6139.392251318829,7162.624293205301,8185.856335091772,1286.9057785435705,2604.33776109325,3921.7697436429285,5239.201726192607,6556.633708742286,3286.2601062457466,3598.491013845858,3910.7219214459687,4222.952829046079,4535.183736646191
2023-07-31,3699.199951171875,27.45899470504236,18.82153730577263,YFINANCE,134.71723895604168,196.54079744258286,2020.7585843406252,2694.3447791208337,3367.9309739010423,4041.5171686812505,4715.103363461459,5388.689558241667,2948.1119616387427,3930.815948851657,4913.519936064571,5896.2239232774855,6878.9279104904,7861.631897703314,1258.5497929653072,2546.9531683547953,3835.3565437442826,5123.7599191337695,6412.163294523258,3156.0983014884296,3455.9624039299947,3755.826506371559,4055.690608813123,4355.554711254688
2023-08-07,3514.550048828125,26.589453855334195,18.82153730577263,YFINANCE,132.17834664637385,186.73023312236035,1982.6751996956077,2643.566932927477,3304.458666159346,3965.3503993912154,4626.242132623085,5287.133865854954,2800.953496835405,3734.604662447207,4668.255828059008,5601.90699367081,6535.558159282612,7469.209324894414,1234.8310587078727,2498.9530767382344,3763.0750947685956,5027.197112798956,6291.319130829318,2998.557954697363,3283.453988917936,3568.3500231385083,3853.2460573590806,4138.142091579653
2023-08-14,3462.739990234375,25.868710149236108,18.82153730577263,YFINANCE,133.85823917226224,183.97753243951763,2007.8735875839336,2677.164783445245,3346.455979306556,4015.747175167867,4685.038371029179,5354.32956689049,2759.6629865927644,3679.5506487903526,4599.438310987941,5519.325973185529,6439.213635383117,7359.101297580705,1250.524880872315,2530.712988271925,3810.901095671535,5091.089203071145,6371.277310470755,2954.354440400725,3235.0506538701275,3515.746867339529,3796.4430808089314,4077.139294278334
2023-08-21,3495.64990234375,26.45462378275132,18.82153730577263,YFINANCE,132.1375775762477,185.72605656773968,1982.0636636437157,2642.7515515249543,3303.439439406193,3964.1273272874314,4624.81521516867,5285.5031030499085,2785.890848516095,3714.5211313547934,4643.151414193492,5571.78169703219,6500.411979870889,7429.042262709587,1234.4501875946858,2498.182300012603,3761.9144124305194,5025.646524848436,6289.378637266353,2982.4326516576284,3265.7966044723944,3549.16055728716,3832.524510101926,4115.888462916692
2023-08-28,3682.840087890625,27.40186250060981,18.82153730577263,YFINANCE,134.40108634253113,195.67158771675284,2016.016295137967,2688.0217268506226,3360.027158563278,4032.032590275934,4704.038021988589,5376.043453701245,2935.0738157512924,3913.4317543350567,4891.789692918821,5870.147631502585,6848.5055700863495,7826.863508670113,1255.5962451538874,2540.976012744242,3826.3557803345957,5111.73554792495,6397.115315515304,3142.1403274951126,3440.6782686629826,3739.2162098308518,4037.754150998721,4336.292092166591
2023-09-04,3565.989990234375,26.158828558668755,18.82153730577263,YFINANCE,136.32070649634056,189.46326924850467,2044.8105974451084,2726.4141299268113,3408.0176624085143,4089.621194890217,4771.2247273719195,5452.8282598536225,2841.94903872757,3789.2653849700937,4736.581731212616,5683.89807745514,6631.214423697664,7578.530769940187,1273.5296408044412,2577.268195323622,3881.0067498428025,5184.745304361983,6488.4838588811635,3042.445690922462,3331.5115434991753,3620.577396075889,3909.643248652602,4198.709101229316
2023-09-11,3476.389892578125,25.476102235038372,18.82153730577263,YFINANCE,136.45689833183732,184.7027602528463,2046.85347497756,2729.1379666367466,3411.422458295933,4093.70694995512,4775.9914416143065,5458.275933273493,2770.5414037926944,3694.055205056926,4617.569006321158,5541.082807585389,6464.596608849621,7388.110410113852,1274.8019665119473,2579.8430270943036,3884.8840876766594,5189.925148259015,6494.966208841372,2966.0003190153543,3247.803019230202,3529.605719445049,3811.4084196598965,4093.2111198747443
2023-09-18,3365.2900390625,24.851727088631357,18.82153730577263,YFINANCE,135.41473504278025,178.79995583731377,2031.2210256417038,2708.294700855605,3385.368376069506,4062.4420512834076,4739.515726497309,5416.58940171121,2681.9993375597064,3575.9991167462754,4469.998895932845,5363.998675119413,6257.998454305982,7151.998233492551,1265.065911929454,2560.139972670266,3855.2140334110777,5150.28809415189,6445.362154892701,2871.21169888002,3144.00843610406,3416.8051733280995,3689.6019105521386,3962.3986477761787
2023-09-25,3434.2900390625,25.361663592859404,18.82153730577263,YFINANCE,135.41264856258982,182.4659688137797,2031.1897284388474,2708.252971251796,3385.3162140647455,4062.379456877695,4739.442699690644,5416.505942503592,2736.9895322066955,3649.319376275594,4561.649220344493,5473.979064413391,6386.30890848229,7298.638752551188,1265.0464197009014,2560.100525845399,3855.1546319898953,5150.208738134393,6445.262844278889,2930.081396565249,3208.471403507492,3486.8614104497346,3765.251417391977,4043.64142433422
2023-10-02,3475.2099609375,27.72526647579576,18.82153730577263,YFINANCE,125.34451071809782,184.64006974986265,1880.1676607714674,2506.8902143619566,3133.6127679524457,3760.3353215429347,4387.057875133424,5013.780428723913,2769.60104624794,3692.801394997253,4616.001743746566,5539.20209249588,6462.402441245193,7385.602789994506,1170.9882806095397,2369.753130210093,3568.517979810645,4767.282829411198,5966.047679011751,2964.993620189661,3246.7006729274794,3528.4077256652968,3810.1147784031145,4091.8218311409323
2023-10-09,3452.969970703125,27.836976489193752,18.82153730577263,YFINANCE,124.04256518460471,183.4584452165917,1860.6384777690707,2480.851303692094,3101.064129615118,3721.2769555381415,4341.489781461165,4961.702607384188,2751.8766782488756,3669.1689043318343,4586.461130414793,5503.753356497751,6421.04558258071,7338.3378086636685,1158.8252991356949,2345.1386537908006,3531.4520084459054,4717.765363101011,5904.078717756116,2946.0188158183555,3225.9230531371727,3505.8272904559894,3785.7315277748057,4065.635765093623
2023-10-16,3316.139892578125,26.701317062177107,18.82153730577263,YFINANCE,124.19386972021303,176.1885779415613,1862.9080458031954,2483.8773944042605,3104.8467430053256,3725.8160916063907,4346.785440207456,4967.754788808521,2642.82866912342,3523.7715588312262,4404.714448539033,5285.65733824684,6166.600227954646,7047.5431176624525,1160.238810082328,2347.9992050412593,3535.75960000019,4723.519994959121,5911.280389918052,2829.277579101471,3098.090113050492,3366.902646999513,3635.7151809485335,3904.5277148975547
2023-10-23,3227.090087890625,26.191951635950403,18.82153730577263,YFINANCE,123.20922597692963,171.45730635408117,1848.1383896539444,2464.1845195385927,3080.2306494232407,3696.276779307889,4312.322909192537,4928.369039077185,2571.8595953112176,3429.1461270816235,4286.432658852029,5143.719190622435,6001.005722392841,6858.292254163247,1151.0401122107196,2329.383610473776,3507.7271087368326,4686.070606999889,5864.414105262946,2753.3017083640543,3014.895697733793,3276.4896871035307,3538.083676473269,3799.6776658430076
2023-10-30,3454.570068359375,28.36552281638539,18.82153730577263,YFINANCE,121.78763954824188,183.54345940168483,1826.8145932236282,2435.752790964838,3044.690988706047,3653.6291864472564,4262.567384188466,4871.505581929676,2753.1518910252726,3670.8691880336964,4588.58648504212,5506.303782050545,6424.021079058969,7341.738376067393,1137.7594265362525,2302.507213015706,3467.2549994951587,4632.0027859746115,5796.750572454065,2947.3839935761857,3227.41793781916,3507.4518820621342,3787.4858263051087,4067.519770548083
2023-11-06,3591.739990234375,29.931337747648197,18.82153730577263,YFINANCE,119.99931377997262,190.83138278682347,1799.9897066995893,2399.9862755994527,2999.9828444993154,3599.9794133991786,4199.975982299042,4799.972551198905,2862.470741802352,3816.6276557364695,4770.784569670586,5724.941483604704,6679.098397538822,7633.255311472939,1121.0526038396843,2268.6972714162484,3416.341938992812,4563.986606569376,5711.63127414594,3064.4151795513694,3355.5683755374125,3646.721571523455,3937.8747675094974,4229.0279634955405
2023-11-13,3748.64990234375,31.86038828113144,18.82153730577263,YFINANCE,117.6586383463443,199.16810414811474,1764.8795751951645,2353.172766926886,2941.4659586586076,3529.759150390329,4118.0523421220505,4706.345533853772,2987.521562221721,3983.3620829622946,4979.202603702868,5975.043124443442,6970.883645184016,7966.724165924589,1099.1856430466923,2224.4446519447706,3349.703660842848,4474.962669740926,5600.2216786390045,3198.2882098368004,3502.160818284978,3806.033426733155,4109.906035181332,4413.778643629509
2023-11-20,3747.929931640625,31.93979863841,18.82153730577263,YFINANCE,117.34356794389613,199.12985165622587,1760.153519158442,2346.871358877923,2933.5891985974035,3520.307038316884,4107.0248780363645,4693.742717755846,2986.947774843388,3982.597033124517,4978.246291405647,5973.895549686776,6969.544807967905,7965.194066249034,1096.242205422499,2218.4879565285883,3340.7337076346766,4462.979458740765,5585.225209846854,3197.6739423348413,3501.488188604297,3805.3024348737526,4109.116681143208,4412.9309274126645
2023-11-27,3738.27001953125,31.335898710687392,18.82153730577263,YFINANCE,119.2967227155441,198.61661450920428,1789.4508407331616,2385.9344543108823,2982.4180678886028,3578.901681466323,4175.385295044044,4771.868908621765,2979.2492176380642,3972.3322901840857,4965.4153627301075,5958.4984352761285,6951.581507822149,7944.664580368171,1114.4888867866327,2255.414141866749,3396.339396946865,4537.26465202698,5678.189907107097,3189.4322596457864,3492.463455279273,3795.4946509127594,4098.525846546246,4401.557042179733
2023-12-04,3774.169921875,31.914861450124608,18.82153730577263,YFINANCE,118.25744340996549,200.52399868088614,1773.8616511494824,2365.1488681993096,2956.4360852491372,3547.723302298965,4139.0105193487925,4730.297736398619,3007.859980213292,4010.479973617723,5013.099967022154,6015.719960426584,7018.339953831015,8020.959947235446,1104.779774834777,2235.765611799912,3366.7514487650465,4497.737285730181,5628.723122695316,3220.0614828038415,3526.0027920121943,3831.9441012205466,4137.8854104288985,4443.826719637252
2023-12-11,4117.0,34.839386087352366,18.82153730577263,YFINANCE,118.17085380544583,218.73877426246696,1772.5628070816874,2363.4170761089167,2954.2713451361456,3545.125614163375,4135.979883190604,4726.834152217833,3281.0816139370045,4374.775485249339,5468.469356561674,6562.163227874009,7655.8570991863435,8749.550970498678,1103.9708410287872,2234.1285557758506,3364.286270522913,4494.443985269976,5624.60170001704,3512.5586285519885,3846.290388404773,4180.022148257556,4513.75390811034,4847.485667963123
2023-12-18,4132.85009765625,34.49423194067775,18.82153730577263,YFINANCE,119.81278796883531,219.5808998231346,1797.1918195325297,2396.255759376706,2995.3196992208827,3594.3836390650595,4193.447578909236,4792.511518753412,3293.713497347019,4391.617996462692,5489.522495578365,6587.426994694038,7685.33149380971,8783.235992925383,1119.3100501560673,2265.170829593824,3411.03160903158,4556.892388469337,5702.753167907093,3526.0816786578553,3861.098277224426,4196.114875790996,4531.131474357566,4866.148072924137
2023-12-25,4175.47021484375,35.90187776047443,18.82153730577263,YFINANCE,116.30227930419461,221.84533319513275,1744.5341895629192,2326.0455860838924,2907.5569826048654,3489.0683791258384,4070.5797756468114,4652.091172167785,3327.6799979269913,4436.906663902655,5546.133329878319,6655.359995853983,7764.586661829646,8873.81332780531,1086.514321952878,2198.801438154165,3311.088554355452,4423.375670556738,5535.662786758026,3562.444481761292,3900.915947151792,4239.387412542291,4577.85887793279,4916.3303433232895
2024-01-01,3933.489990234375,33.49623235916413,18.82153730577263,YFINANCE,117.43081872783294,208.98877314489928,1761.4622809174941,2348.6163745566587,2935.7704681958235,3522.9245618349883,4110.078655474153,4697.232749113317,3134.831597173489,4179.775462897986,5224.719328622482,6269.663194346978,7314.607060071475,8359.550925795971,1097.0573160713714,2220.137512756962,3343.217709442553,4466.297906128143,5589.378102813735,3355.990819898137,3674.8469133652807,3993.703006832423,4312.559100299565,4631.415193766708
2024-01-08,4052.429931640625,34.7300241180048,18.82153730577263,YFINANCE,116.68376381978258,215.30812631323855,1750.2564572967387,2333.6752763956515,2917.0940954945645,3500.5129145934775,4083.9317336923905,4667.350552791303,3229.621894698578,4306.162526264771,5382.703157830963,6459.243789397156,7535.7844209633495,8612.325052529543,1090.0782107456803,2206.013753394475,3321.9492960432685,4437.884838692063,5553.820381340857,3457.4684777718294,3785.966066493356,4114.463655214881,4442.961243936406,4771.458832657933
2024-01-15,4375.64990234375,37.530768900488326,18.82153730577263,YFINANCE,116.58833619811122,232.48100467339208,1748.8250429716684,2331.766723962224,2914.7084049527807,3497.6500859433368,4080.591766933893,4663.533447924448,3487.2150701008813,4649.620093467842,5812.025116834802,6974.430140201763,8136.835163568723,9299.240186935684,1089.1867107830299,2204.2096065365977,3319.2325022901646,4434.2553980437315,5549.278293797299,3733.234593150402,4087.933000342251,4442.6314075341,4797.3298147259475,5152.028221917797
2024-01-22,4342.10009765625,37.405102949822414,18.82153730577263,YFINANCE,116.08309442380147,230.69848265393884,1741.246416357022,2321.661888476029,2902.0773605950367,3482.492832714044,4062.9083048330513,4643.323776952058,3460.4772398090827,4613.969653078777,5767.462066348471,6920.954479618165,8074.44689288786,9227.939306157554,1084.466662069276,2194.6575466232903,3304.8484311773045,4415.039315731318,5525.230200285333,3704.6104357684944,4056.5892327196157,4408.568029670736,4760.546826621857,5112.525623572978
2024-01-29,4336.72998046875,37.35130423130084,18.82153730577263,YFINANCE,116.10652076867824,230.4131649830038,1741.5978115301737,2322.1304153735646,2902.663019216956,3483.1956230603473,4063.7282269037382,4644.260830747129,3456.197474745057,4608.263299660076,5760.329124575095,6912.394949490114,8064.460774405134,9216.526599320152,1084.6855146951393,2195.100443195171,3305.5153716952022,4415.930300195234,5526.345228695265,3700.028737574837,4051.5722227310594,4403.11570788728,4754.659193043502,5106.202678199724
2024-02-05,4567.2998046875,40.682209306892126,18.82153730577263,YFINANCE,112.26774264478642,242.66348335354593,1684.0161396717963,2245.3548528957285,2806.6935661196608,3368.0322793435926,3929.370992567525,4490.709705791457,3639.952250303189,4853.269667070918,6066.587083838648,7279.904500606378,8493.221917374107,9706.539334141837,1048.8230411876452,2122.5248160443825,3196.22659090112,4269.928365757857,5343.630140614595,3896.747228112434,4266.981136685093,4637.215045257751,5007.448953830409,5377.682862403068
2024-02-12,4527.68017578125,41.46813905625801,18.82153730577263,YFINANCE,109.18455177452608,240.5584677927767,1637.7682766178914,2183.6910354905217,2729.613794363152,3275.536553235783,3821.459312108413,4367.382070981043,3608.3770168916503,4811.169355855534,6013.961694819417,7216.754033783301,8419.546372747185,9622.338711711069,1020.0193835302548,2064.2342600880324,3108.4491366458096,4152.664013203587,5196.878889761365,3862.94439367603,4229.966660645678,4596.988927615324,4964.011194584971,5331.033461554619
2024-02-19,4615.02978515625,41.746595502745706,18.82153730577263,YFINANCE,110.54865024508923,245.1994069443416,1658.2297536763385,2210.973004901785,2763.7162561272307,3316.459507352677,3869.2027585781234,4421.94600980357,3677.991104165124,4903.9881388868325,6129.98517360854,7355.982208330248,8581.979243051956,9807.976277773665,1032.7630075906598,2090.023794883074,3147.2845821754877,4204.545369467901,5261.806156760315,3937.469684934422,4311.572675454998,4685.675665975573,5059.778656496149,5433.881647016725
2024-02-26,4929.580078125,43.14287354300454,18.82153730577263,YFINANCE,114.26174645532653,261.91165992658216,1713.926196829898,2285.2349291065307,2856.5436613831635,3427.852393659796,3999.1611259364286,4570.469858213061,3928.6748988987324,5238.233198531643,6547.791498164554,7857.349797797465,9166.908097430376,10476.466397063286,1067.4513407458492,2160.223289991164,3252.9952392364785,4345.767188481793,5438.539137727108,4205.838969773125,4605.439998388108,5005.041027003089,5404.64205561807,5804.243084233052
2024-03-04,4957.77978515625,42.83953194318228,18.82153730577263,YFINANCE,115.72908386888336,263.40992792526475,1735.9362580332504,2314.5816773776673,2893.2270967220843,3471.872516066501,4050.5179354109177,4629.163354755335,3951.1489188789715,5268.198558505295,6585.248198131619,7902.297837757943,9219.347477384266,10536.39711701059,1081.1594393704415,2187.9646518500094,3294.769864329577,4401.575076809145,5508.380289288712,4229.8985093056135,4631.785459187264,5033.672409068913,5435.559358950562,5837.446308832212
2024-03-11,4757.7099609375,41.24934206199726,18.82153730577263,YFINANCE,115.34026297405471,252.78009355156627,1730.1039446108207,2306.8052594810943,2883.506574351368,3460.2078892216414,4036.909204091915,4613.6105189621885,3791.701403273494,5055.601871031326,6319.502338789157,7583.402806546988,8847.303274304819,10111.203742062651,1077.527012960286,2180.61363562016,3283.7002582800337,4386.786880939908,5489.8735035997815,4059.2021315129364,4444.871045317355,4830.539959121774,5216.208872926191,5601.877786730611
2024-03-18,4908.259765625,41.55658564721522,18.82153730577263,YFINANCE,118.11027516294305,260.7788984441574,1771.6541274441458,2362.205503258861,2952.7568790735763,3543.3082548882917,4133.859630703007,4724.411006517722,3911.683476662361,5215.577968883148,6519.472461103935,7823.366953324722,9127.26144554551,10431.155937766296,1103.4049057515294,2232.9832608852134,3362.561616018897,4492.139971152581,5621.7183262862645,4187.648819752406,4585.521583754506,4983.394347756605,5381.267111758704,5779.139875760804
2024-03-25,4905.2099609375,38.22138709439379,18.82153730577263,YFINANCE,128.33678560182298,260.6168604215478,1925.0517840273446,2566.7357120364595,3208.4196400455744,3850.1035680546893,4491.787496063805,5133.471424072919,3909.2529063232173,5212.337208430956,6515.421510538696,7818.505812646435,9121.590114754174,10424.674416861912,1198.9425867146138,2426.3248359156933,3653.7070851167728,4881.089334317852,6108.471583518932,4185.046775115419,4582.672316215997,4980.297857316574,5377.923398417151,5775.548939517728
2024-04-01,4819.1298828125,37.42718632752644,18.82153730577263,YFINANCE,128.76014351279704,256.0433722560195,1931.4021526919557,2575.202870255941,3219.003587819926,3862.8043053839115,4506.605022947897,5150.405740511882,3840.6505838402923,5120.86744512039,6401.084306400488,7681.3011676805845,8961.518028960681,10241.73489024078,1202.8976634021674,2434.328806165227,3665.759948928286,4897.191091691345,6128.622234454405,4111.604627638032,4502.252355777492,4892.900083916951,5283.54781205641,5674.19554019587
2024-04-08,4745.0498046875,36.81422296770048,18.82153730577263,YFINANCE,128.89175492989875,252.10745156465924,1933.3763239484813,2577.835098597975,3222.2938732474686,3866.7526478969626,4511.211422546457,5155.67019719595,3781.6117734698887,5042.149031293185,6302.686289116481,7563.223546939777,8823.760804763073,10084.29806258637,1204.127198115236,2436.8170409180802,3669.5068837209237,4902.196726523767,6134.886569326612,4048.4006884537303,4433.04334619176,4817.686003929789,5202.328661667818,5586.971319405848
2024-04-15,4306.8701171875,33.89372129365455,18.82153730577263,YFINANCE,127.06985107574526,228.8266918487348,1906.047766136179,2541.397021514905,3176.7462768936316,3812.095532272358,4447.444787651084,5082.79404302981,3432.400377731022,4576.533836974696,5720.66729621837,6864.800755462044,8008.934214705719,9153.067673949392,1187.1066836197172,2402.372274756504,3617.63786589329,4832.903457030076,6048.169048166863,3674.5527792518014,4023.6757677546802,4372.798756257558,4721.921744760436,5071.044733263314
2024-04-22,4735.2900390625,37.27986123597998,18.82153730577263,YFINANCE,127.02005538830497,251.588909138159,1905.3008308245744,2540.4011077660994,3175.5013847076243,3810.601661649149,4445.701938590674,5080.802215532199,3773.833637072385,5031.778182763181,6289.722728453975,7547.66727414477,8805.611819835565,10063.556365526361,1186.6414844172677,2401.4308415377172,3616.220198658166,4831.009555778614,6045.798912899064,4040.0738123403617,4423.925325128724,4807.776837917085,5191.628350705446,5575.479863493809
2024-04-29,4716.18994140625,37.02713264812724,18.82153730577263,YFINANCE,127.37118983056835,250.57410905323755,1910.5678474585254,2547.423796611367,3184.2797457642087,3821.135694917051,4457.991644069893,5094.847593222734,3758.6116357985634,5011.482181064751,6264.352726330939,7517.223271597127,8770.093816863315,10022.964362129502,1189.9218380159468,2408.069360758951,3626.2168835019543,4844.3644062449575,6062.511928987961,4023.7779141551177,4406.081137119778,4788.3843600844375,5170.687583049097,5552.990806013758
2024-05-06,4808.02978515625,37.56780724211205,18.82153730577263,YFINANCE,127.98271014781601,255.45361715387673,1919.74065221724,2559.65420295632,3199.5677536954004,3839.48130443448,4479.39485517356,5119.30840591264,3831.804257308151,5109.072343077534,6386.340428846918,7663.608514616302,8940.876600385685,10218.144686155068,1195.6347577182075,2419.6307141655143,3643.6266706128204,4867.622627060126,6091.618583507433,4102.1342016481785,4491.882135003728,4881.630068359277,5271.3780017148265,5661.125935070376
2024-05-13,4983.02001953125,39.39231894585398,18.82153730577263,YFINANCE,126.49725004462348,264.75095729842116,1897.4587506693522,2529.9450008924696,3162.431251115587,3794.9175013387044,4427.403751561822,5059.890001784939,3971.264359476317,5295.019145968423,6618.773932460529,7942.528718952634,9266.28350544474,10590.038291936846,1181.7573540554054,2391.5467262096345,3601.336098363863,4811.125470518092,6020.914842672321,4251.433074047071,4655.366044778142,5059.299015509212,5463.231986240282,5867.164956971353
2024-05-20,5220.919921875,40.91265436473892,18.82153730577263,YFINANCE,127.61137117455559,277.3907272852641,1914.1705676183337,2552.227423491112,3190.2842793638897,3828.3411352366675,4466.397991109446,5104.454846982224,4160.860909278962,5547.814545705282,6934.768182131603,8321.721818557924,9708.675454984244,11095.629091410565,1192.1656501894424,2412.6102097237044,3633.0547692579657,4853.499328792227,6073.943888326489,4454.405470138695,4877.623054199371,5300.840638260046,5724.058222320721,6147.275806381398
2024-05-27,5123.35986328125,39.51174601583432,18.82153730577263,YFINANCE,129.66675431726213,272.20730060715596,1945.001314758932,2593.3350863452424,3241.6688579315532,3890.002629517864,4538.336401104175,5186.670172690485,4083.1095091073394,5444.146012143119,6805.182515178899,8166.219018214679,9527.25552125046,10888.292024286238,1211.3673651946153,2451.4691163348148,3691.5708674750135,4931.672618615213,6171.774369755412,4371.1687867246765,4786.477969025374,5201.787151326071,5617.096333626767,6032.405515927464
2024-06-03,5287.240234375,40.463231048816766,18.82153730577263,YFINANCE,130.66777163682806,280.9143667958188,1960.016574552421,2613.3554327365614,3266.6942909207014,3920.033149104842,4573.372007288982,5226.710865473123,4213.715501937282,5618.287335916376,7022.859169895471,8427.431003874564,9832.002837853659,11236.574671832752,1220.7190276103324,2470.394268404465,3720.0695091985967,4969.744749992728,6219.4199907868615,4510.988901258475,4939.582534530862,5368.176167803248,5796.769801075633,6225.36343434802
2024-06-10,5598.31005859375,42.44587399398287,18.82153730577263,YFINANCE,131.89291518387316,297.44170030557115,1978.3937277580974,2637.858303677463,3297.322879596829,3956.7874555161948,4616.252031435561,5275.716607354926,4461.625504583567,5948.834006111423,7436.0425076392785,8923.251009167134,10410.459510694991,11897.668012222846,1232.164512757111,2493.556732711309,3754.948952665507,5016.341172619705,6277.733392573903,4776.388705762172,5230.198243788899,5684.007781815625,6137.817319842351,6591.626857869078
2024-06-17,5538.5400390625,42.16828266271704,18.82153730577263,YFINANCE,131.34374201013844,294.26608194027864,1970.1561301520767,2626.8748402027686,3283.593550253461,3940.3122603041534,4597.0309703548455,5253.749680405537,4413.991229104179,5885.321638805573,7356.652048506966,8827.982458208358,10299.312867909752,11770.643277611145,1227.0340499487731,2483.174109331717,3739.3141687146604,4995.454228097604,6251.594287480548,4725.393879958623,5174.358347836067,5623.32281571351,6072.287283590952,6521.251751468396
2024-06-24,5472.259765625,42.00285882666087,18.82153730577263,YFINANCE,130.28303116719144,290.7445697300528,1954.2454675078716,2605.660623343829,3257.075779179786,3908.490935015743,4559.9060908517,5211.321246687658,4361.168545950792,5814.891394601055,7268.61424325132,8722.337091901583,10176.059940551848,11629.78278920211,1217.124721178885,2463.1203963615926,3709.1160715442993,4955.111746727006,6201.107421909714,4668.84460952732,5112.436273834732,5556.027938142143,5999.619602449554,6443.211266756966
2024-07-01,5656.31005859375,41.09792938360957,18.82153730577263,YFINANCE,137.63004957737763,300.52327643071646,2064.4507436606646,2752.6009915475524,3440.751239434441,4128.901487321329,4817.051735208217,5505.201983095105,4507.849146460747,6010.46552861433,7513.081910767912,9015.698292921494,10518.314675075077,12020.93105722866,1285.761731339621,2602.0225291754236,3918.283327011226,5234.544124847028,6550.804922682831,4825.873379178743,5284.384506243959,5742.895633309175,6201.40676037439,6659.917887439607
2024-07-08,5775.18994140625,41.8894343336604,18.82153730577263,YFINANCE,137.867460692005,306.83943864856246,2068.0119103800753,2757.3492138401,3446.686517300125,4136.023820760151,4825.361124220175,5514.6984276802,4602.591579728437,6136.788772971249,7670.985966214062,9205.183159456874,10739.380352699685,12273.577545942499,1287.9796635914795,2606.5110044090957,3925.042345226711,5243.573686044326,6562.105026861942,4927.299796019718,5395.4475498768,5863.59530373388,6331.743057590961,6799.890811448043
2024-07-15,5267.16015625,38.52369595210836,18.82153730577263,YFINANCE,136.72520317879142,279.8474997382145,2050.878047681871,2734.5040635758282,3418.1300794697854,4101.756095363742,4785.3821112577,5469.0081271516565,4197.712496073217,5596.94999476429,6996.187493455362,8395.424992146434,9794.662490837507,11193.89998952858,1277.3085129064725,2584.915576719951,3892.5226405334283,5200.129704346907,6507.736768160385,4493.856899393048,4920.822803782598,5347.788708172147,5774.754612561696,6201.720516951246
2024-07-22,5103.1298828125,37.42050604886312,18.82153730577263,YFINANCE,136.37255135323161,271.13246914466185,2045.5882702984743,2727.4510270646324,3409.3137838307903,4091.1765405969486,4773.039297363107,5454.902054129265,4066.987037169928,5422.649382893237,6778.311728616546,8133.974074339856,9489.636420063165,10845.298765786474,1274.013983672601,2578.248369973465,3882.4827562743285,5186.717142575192,6490.951528876056,4353.9088905743365,4767.578192626401,5181.247494678463,5594.916796730527,6008.586098782591
2024-07-29,4607.759765625,33.41041820223662,18.82153730577263,YFINANCE,137.91386081233006,244.81314627853402,2068.707912184951,2758.2772162466013,3447.8465203082515,4137.415824369902,4826.985128431552,5516.5544324932025,3672.1971941780102,4896.262925570681,6120.32865696335,7344.3943883560205,8568.46011974869,9792.525851141361,1288.4131408678934,2607.388241312032,3926.3633417561696,5245.338442200307,6564.313542644446,3931.267020413112,4304.780689483037,4678.294358552962,5051.808027622887,5425.321696692812
2024-08-05,4709.4501953125,35.03207543370083,18.82153730577263,YFINANCE,134.4325203976357,250.21602214544376,2016.4878059645355,2688.650407952714,3360.8130099408927,4032.975611929071,4705.138213917249,5377.300815905428,3753.2403321816564,5004.3204429088755,6255.400553636094,7506.480664363313,8757.560775090531,10008.640885817751,1255.8899070775615,2541.5703024347317,3827.250697791901,5112.931093149071,6398.611488506241,4018.0276704592593,4399.784556935013,4781.541443410766,5163.298329886519,5545.055216362273
2024-08-12,5170.25,37.96893584679035,18.82153730577263,YFINANCE,136.1705268976365,274.6986027764197,2042.5579034645475,2723.41053795273,3404.2631724409125,4085.115806929095,4765.968441417278,5446.82107590546,4120.479041646296,5493.972055528394,6867.465069410493,8240.958083292591,9614.45109717469,10987.944111056788,1272.1266391966196,2574.4289120388275,3876.731184881035,5179.0334577232425,6481.33573056545,4411.174702276153,4830.284887211507,5249.395072146862,5668.505257082216,6087.615442017572
2024-08-19,5228.64990234375,38.04552844281631,18.82153730577263,YFINANCE,137.4313911870769,277.8014259621665,2061.470867806154,2748.627823741538,3435.784779676923,4122.941735612308,4810.0986915476915,5497.255647483076,4167.021389432497,5556.028519243329,6945.035649054163,8334.042778864994,9723.049908675826,11112.057038486659,1283.90583317899,2598.2667097976096,3912.627586416229,5226.988463034848,6541.349339653468,4461.000565983738,4884.844756793374,5308.688947603007,5732.533138412641,6156.377329222277
2024-08-26,5158.81982421875,38.36007974548753,18.82153730577263,YFINANCE,134.48407454954796,274.0913104179074,2017.2611182432192,2689.681490990959,3362.1018637386987,4034.5222364864385,4706.942609234178,5379.362981981918,4111.369656268611,5481.826208358148,6852.282760447684,8222.739312537222,9593.195864626758,10963.652416716295,1256.3715341337459,2542.5449810398773,3828.7184279460084,5114.891874852139,6401.06532175827,4401.422658903236,4819.6062923013305,5237.789925699423,5655.973559097517,6074.1571924956115
2024-09-02,4528.22021484375,33.18239153059738,18.82153730577263,YFINANCE,136.46455261274016,240.5871604045292,2046.9682891911025,2729.291052254803,3411.6138153185043,4093.936578382205,4776.259341445906,5458.582104509606,3608.807406067938,4811.743208090584,6014.67901011323,7217.614812135876,8420.550614158521,9623.486416181167,1274.8734740170016,2579.9877383068256,3885.1020025966495,5190.216266886473,6495.330531176297,3863.405146376719,4230.471189928033,4597.537233479345,4964.603277030657,5331.669320581971
2024-09-09,4980.490234375,35.815370667053514,18.82153730577263,YFINANCE,139.06013372511435,264.6165482373996,2085.9020058767155,2781.202674502287,3476.503343127859,4171.804011753431,4867.104680379002,5562.405349004574,3969.2482235609946,5292.330964747993,6615.4137059349905,7938.496447121989,9261.579188308988,10584.661929495986,1299.1218040519507,2629.059583819043,3958.9973635861347,5288.9351433532265,6618.872923120318,4249.274701766534,4653.002603356909,5056.730504947283,5460.4584065376575,5864.186308128033
2024-09-16,5000.06005859375,36.2622231494508,18.82153730577263,YFINANCE,137.8861973791995,265.65630518715466,2068.2929606879925,2757.72394758399,3447.1549344799873,4136.585921375985,4826.016908271982,5515.44789516798,3984.84457780732,5313.126103743093,6641.407629678866,7969.68915561464,9297.970681550412,10626.252207486186,1288.1547046921748,2606.8652386940635,3925.575772695952,5244.286306697841,6562.99684069973,4265.97136315075,4671.285631483057,5076.599899815363,5481.914168147669,5887.228436479976
2024-09-23,5217.22998046875,37.64337446683843,18.82153730577263,YFINANCE,138.5962351771842,277.1946784000799,2078.9435276577633,2771.9247035436842,3464.905879429605,4157.887055315527,4850.868231201447,5543.8494070873685,4157.920176001198,5543.893568001598,6929.8669600019975,8315.840352002397,9701.813744002797,11087.787136003197,1294.7879903100813,2620.2891555828214,3945.790320855561,5271.291486128301,6596.7926514010405,4451.257271079823,4874.175741553116,5297.094212026406,5720.012682499697,6142.931152972989
2024-09-30,5206.83984375,34.91405637413613,18.82153730577263,YFINANCE,149.13305368914848,276.64264396474374,2236.9958053372275,2982.6610737829697,3728.326342228712,4473.991610674455,5219.656879120197,5965.322147565939,4149.639659471156,5532.852879294875,6916.066099118593,8299.279318942312,9682.492538766031,11065.70575858975,1393.2246184618264,2819.497389817667,4245.770161173507,5672.042932529348,7098.315703885189,4442.392572419808,4864.468798877491,5286.545025335174,5708.621251792856,6130.69747825054
2024-10-07,5335.93994140625,35.80298451670787,18.82153730577263,YFINANCE,149.03617710741887,283.50181256287175,2235.542656611283,2980.7235421483774,3725.9044276854715,4471.085313222566,5216.26619875966,5961.447084296755,4252.527188443076,5670.036251257435,7087.545314071794,8505.054376886152,9922.56343970051,11340.07250251487,1392.3195820847168,2817.6658490387167,4243.012115992716,5668.358382946715,7093.704649900716,4552.5387132916485,4985.080036370169,5417.621359448689,5850.162682527209,6282.704005605729
2024-10-14,5208.6201171875,34.46917985531612,18.82153730577263,YFINANCE,151.10948792662336,276.7372310013167,2266.6423188993504,3022.1897585324673,3777.737198165584,4533.284637798701,5288.832077431817,6044.379517064935,4151.05846501975,5534.744620026333,6918.430775032917,8302.1169300395,9685.803085046084,11069.489240052666,1411.688780284466,2856.863694844332,4302.038609404198,5747.213523964063,7192.388438523929,4443.911473275789,4866.132012045184,5288.352550814578,5710.5730895839715,6132.793628353366
2024-10-21,5212.830078125,34.39294453599315,18.82153730577263,YFINANCE,151.56684455062089,276.960908848089,2273.5026682593134,3031.3368910124177,3789.171113765522,4547.005336518627,5304.839559271731,6062.673782024835,4154.413632721335,5539.21817696178,6924.022721202225,8308.82726544267,9693.631809683115,11078.43635392356,1415.9614783363554,2865.5104419984855,4315.059405660615,5764.608369322745,7214.157332984874,4447.503344691111,4870.065150808717,5292.626956926321,5715.188763043926,6137.7505691615315
2024-10-28,5001.43017578125,33.321684867892294,18.82153730577263,YFINANCE,150.09535669069567,265.7291003667003,2251.430350360435,3001.9071338139133,3752.3839172673916,4502.86070072087,5253.337484174348,6003.814267627827,3985.9365055005046,5314.582007334006,6643.227509167508,7971.873011001009,9300.518512834511,10629.164014668013,1402.21460558413,2837.690612137995,4273.166618691859,5708.642625245723,7144.118631799588,4267.140325246713,4672.565657854023,5077.990990461332,5483.416323068642,5888.841655675951
2024-11-04,5290.52001953125,36.85180856729332,18.82153730577263,YFINANCE,143.5620183978348,281.0886238239758,2153.430275967522,2871.240367956696,3589.05045994587,4306.860551935044,5024.670643924218,5742.480735913392,4216.3293573596375,5621.772476479517,7027.215595599395,8432.658714719275,9838.101833839153,11243.544952959033,1341.1791240112382,2714.1718494771494,4087.1645749430604,5460.157300408971,6833.150025874883,4513.7871615573295,4942.646660380393,5371.506159203454,5800.365658026516,6229.225156849579
2024-11-11,4833.58984375,33.64473658803752,18.82153730577263,YFINANCE,143.66555764531077,256.81163898697696,2154.9833646796615,2873.3111529062153,3591.638941132769,4309.966729359323,5028.294517585877,5746.622305812431,3852.1745848046544,5136.232779739539,6420.290974674424,7704.349169609309,8988.407364544193,10272.465559479078,1342.1464040674837,2716.1293540730835,4090.1123040786824,5464.095254084282,6838.078204089881,4123.941635303697,4515.7615150611,4907.581394818503,5299.401274575906,5691.22115433331
2024-11-18,4955.7998046875,34.60391991069724,18.82153730577263,YFINANCE,143.21498308506645,263.3047303297345,2148.224746275997,2864.299661701329,3580.3745771266613,4296.449492551994,5012.524407977326,5728.599323402658,3949.570954946018,5266.09460659469,6582.618258243363,7899.141909892036,9215.665561540709,10532.18921318938,1337.9370651298295,2707.610828064925,4077.2845910000196,5446.958353935114,6816.63211687021,4228.209221601005,4629.935670543547,5031.662119486087,5433.388568428628,5835.115017371169
2024-11-25,4926.56005859375,34.18632719920972,18.82153730577263,YFINANCE,144.10907699694738,261.7512044078757,2161.6361549542107,2882.1815399389475,3602.7269249236847,4323.272309908421,5043.817694893159,5764.363079877895,3926.2680661181357,5235.024088157515,6543.780110196893,7852.536132236271,9161.29215427565,10470.04817631503,1346.2898321283906,2724.514494880832,4102.739157633273,5480.963820385714,6859.188483138155,4203.262337355615,4602.618557509836,5001.974777664056,5401.330997818276,5800.687217972497
2024-12-02,5061.2998046875,34.944719627284435,18.82153730577263,YFINANCE,144.83732760401648,268.91001104012804,2172.559914060247,2896.74655208033,3620.933190100412,4345.119828120494,5069.306466140577,5793.49310416066,4033.6501656019204,5378.200220802561,6722.750276003201,8067.300331203841,9411.850386404481,10756.400441605121,1353.0932646946767,2738.282741657595,4123.472218620513,5508.661695583431,6893.8511725463495,4318.220136177695,4728.498613457489,5138.777090737282,5549.0555680170755,5959.33404529687
2024-12-09,5149.77978515625,35.15783749468206,18.82153730577263,YFINANCE,146.47601081651283,273.61100751195255,2197.1401622476924,2929.5202163302565,3661.9002704128206,4394.280324495385,5126.660378577949,5859.040432660513,4104.1651126792885,5472.220150239051,6840.275187798814,8208.330225358577,9576.385262918338,10944.440300478102,1368.4021029235832,2769.263553262257,4170.1250036009305,5570.986453939604,6971.847904278278,4393.709841994946,4811.160672831596,5228.611503668245,5646.062334504894,6063.513165341544
2024-12-16,4964.91015625,33.74919318342391,18.82153730577263,YFINANCE,147.11196588511459,263.7887689826083,2206.679488276719,2942.239317702292,3677.7991471278647,4413.358976553438,5148.91880597901,5884.478635404584,3956.8315347391244,5275.7753796521665,6594.719224565208,7913.663069478249,9232.60691439129,10551.550759304333,1374.3432959448057,2781.286868091587,4188.230440238368,5595.174012385149,7002.11758453193,4235.9820280110125,4638.446979178434,5040.911930345855,5443.376881513275,5845.841832680697
2024-12-23,5122.97021484375,31.722915891965734,18.82153730577263,YFINANCE,161.4911514531113,272.18659834298006,2422.3672717966697,3229.8230290622264,4037.2787863277827,4844.734543593339,5652.190300858896,6459.646058124453,4082.7989751447008,5443.731966859601,6804.664958574502,8165.5979502894015,9526.530942004301,10887.463933719202,1508.6759259767873,3053.138581536523,4597.601237096258,6142.063892655993,7686.526548215729,4370.836344902659,4786.113941568484,5201.3915382343075,5616.669134900131,6031.946731565956
2024-12-30,5163.64990234375,32.04148152124086,18.82153730577263,YFINANCE,161.15515441820864,274.3479354770899,2417.32731627313,3223.103088364173,4028.878860455216,4834.65463254626,5640.430404637303,6446.206176728346,4115.2190321563485,5486.958709541797,6858.698386927247,8230.438064312697,9602.177741698146,10973.917419083595,1505.536988436272,3046.7862489083104,4588.035509380348,6129.2847698523865,7670.534030324425,4405.543604396204,4824.118773007532,5242.693941618859,5661.269110230185,6079.844278841513
2025-01-06,5037.47021484375,31.78337503360189,18.82153730577263,YFINANCE,158.4938732755114,267.64393008953317,2377.408099132671,3169.877465510228,3962.346831887785,4754.816198265342,5547.285564642899,6339.754931020456,4014.6589513429976,5352.878601790663,6691.098252238329,8029.317902685995,9367.537553133661,10705.757203581326,1480.6748783075377,2996.4722839636506,4512.269689619763,6028.0670952758755,7543.864500931988,4297.889110814441,4706.235916742493,5114.582722670543,5522.929528598594,5931.276334526645
2025-01-13,5309.740234375,33.64425494072364,18.82153730577263,YFINANCE,157.82011650220824,282.1098058098838,2367.3017475331235,3156.402330044165,3945.502912555206,4734.603495066247,5523.704077577288,6312.80466008833,4231.647087148257,5642.196116197676,7052.745145247096,8463.294174296514,9873.843203345934,11284.392232395352,1474.3805357711208,2983.7342931781886,4493.088050585256,6002.4418079923225,7511.79556539939,4530.185541808008,4960.603067379808,5391.020592951608,5821.438118523408,6251.855644095208
2025-01-20,5341.93994140625,33.42057053725856,18.82153730577263,YFINANCE,159.83987871933084,283.82059629995575,2397.5981807899625,3196.797574386617,3995.996967983271,4795.196361579925,5594.39575517658,6393.595148773234,4257.308944499337,5676.411925999115,7095.514907498894,8514.617888998673,9933.720870498451,11352.82385199823,1493.24947444517,3021.9197534658824,4550.590032486594,6079.260311507306,7607.930590528019,4557.65781743819,4990.685511796554,5423.713206154918,5856.740900513281,6289.768594871646
2025-01-27,5015.85009765625,31.65335528834604,18.82153730577263,YFINANCE,158.46187716797778,266.49523979732896,2376.9281575196665,3169.2375433595553,3961.5469291994445,4753.856315039333,5546.165700879222,6338.475086719111,3997.4285969599346,5329.904795946579,6662.380994933224,7994.857193919869,9327.333392906514,10659.809591893158,1480.3759656010113,2995.8673681556274,4511.358770710243,6026.850173264858,7542.341575819475,4279.4431722239,4686.037410807475,5092.631649391049,5499.225887974623,5905.820126558199
2025-02-03,5009.33984375,32.22046053414393,18.82153730577263,YFINANCE,155.4707710785703,266.1493459523956,2332.0615661785546,3109.415421571406,3886.769276964257,4664.123132357109,5441.47698774996,6218.830843142812,3992.2401892859343,5322.986919047912,6653.73364880989,7984.480378571869,9315.227108333846,10645.973838095824,1452.4325785576546,2939.317759580384,4426.202940603112,5913.088121625841,7399.973302648571,4273.888727596145,4679.955232758973,5086.021737921798,5492.088243084624,5898.154748247451
2025-02-10,5160.93994140625,32.71717140468888,18.82153730577263,YFINANCE,157.74407504759435,274.2039535645886,2366.161125713915,3154.881500951887,3943.6018761898586,4732.32225142783,5521.042626665802,6309.763001903774,4113.059303468828,5484.0790712917715,6855.098839114715,8226.118606937656,9597.1383747606,10968.158142583543,1473.670144452959,2982.296659618772,4490.923174784584,5999.549689950396,7508.1762051162095,4403.231509017517,4821.587003100595,5239.942497183672,5658.297991266749,6076.653485349827
2025-02-17,5136.58984375,33.38956631711481,18.82153730577263,YFINANCE,153.83817192968715,272.91021770971867,2307.572578945307,3076.763438593743,3845.9542982421785,4615.145157890614,5384.33601753905,6153.526877187486,4093.65326564578,5458.204354194373,6822.755442742967,8187.30653129156,9551.857619840153,10916.408708388746,1437.1805786150735,2908.451972787811,4379.723366960548,5850.9947611332855,7322.2661553060225,4382.45639470405,4798.838024093563,5215.219653483075,5631.601282872587,6047.9829122621
2025-02-24,4766.75,30.947339712528844,18.82153730577263,YFINANCE,154.02777893927373,253.26039645752113,2310.4166840891057,3080.5555787854746,3850.6944734818435,4620.8333681782115,5390.97226287458,6161.111157570949,3798.905946862817,5065.207929150422,6331.509911438028,7597.811893725634,8864.11387601324,10130.415858300845,1438.951917342835,2912.0366674976426,4385.121417652449,5858.206167807256,7331.290917962064,4066.914948421227,4453.31666478709,4839.718381152953,5226.120097518815,5612.5218138846785
2025-03-03,4629.58984375,29.99866978579124,18.82153730577263,YFINANCE,154.32650436862997,245.9729919261212,2314.8975655294494,3086.530087372599,3858.1626092157494,4629.795131058899,5401.427652902049,6173.060174745198,3689.594878891818,4919.459838522424,6149.32479815303,7379.189757783636,8609.054717414243,9838.919677044849,1441.7426576384587,2917.6843461812537,4393.626034724049,5869.567723266843,7345.509411809639,3949.8920943212815,4325.175350563998,4700.458606806714,5075.741863049429,5451.025119292145
2025-03-10,4598.7900390625,29.350271592837345,18.82153730577263,YFINANCE,156.6864560185123,244.33657911949814,2350.2968402776846,3133.729120370246,3917.1614004628077,4700.593680555369,5484.02596064793,6267.458240740492,3665.048686792472,4886.731582389963,6108.414477987453,7330.097373584944,8551.780269182434,9773.463164779925,1463.7896998981112,2962.3014002302402,4460.813100562369,5959.3248008944975,7457.836501226627,3923.614193006539,4296.400759178456,4669.187325350372,5041.973891522288,5414.760457694205
2025-03-17,4557.9501953125,29.01009817484701,18.82153730577263,YFINANCE,157.1159865727182,242.1667327840729,2356.7397985907733,3142.319731454364,3927.8996643179553,4713.4795971815465,5499.059530045138,6284.639462908728,3632.5009917610937,4843.334655681458,6054.168319601823,7265.001983522187,8475.83564744255,9686.669311362915,1467.8024423968236,2970.4220699709326,4473.041697545041,5975.661325119149,7478.280952693259,3888.7702907590824,4258.246302418782,4627.72231407848,4997.198325738179,5366.674337397878
2025-03-24,4284.91015625,26.55261413609252,18.82153730577263,YFINANCE,161.37432398513238,227.65994544642234,2420.6148597769857,3227.4864797026476,4034.3580996283094,4841.229719553971,5648.101339479634,6454.972959405295,3414.8991816963353,4553.198908928447,5691.498636160559,6829.798363392671,7968.098090624782,9106.397817856894,1507.5845052590162,3050.9298509239775,4594.275196588938,6137.620542253899,7680.96588791886,3655.81689140296,4003.1597641880903,4350.5026369732195,4697.845509758349,5045.188382543479
2025-03-31,3597.659912109375,21.936956517179294,18.82153730577263,YFINANCE,163.99995638829714,191.14591192324977,2459.999345824457,3279.999127765943,4099.9989097074285,4919.998691648914,5739.9984735904,6559.998255531886,2867.1886788487463,3822.9182384649953,4778.647798081244,5734.377357697493,6690.106917313742,7645.836476929991,1532.113579214312,3100.5698436969706,4669.026108179629,6237.482372662286,7805.9386371449455,3069.4659623209554,3361.099038303485,3652.732114286014,3944.365190268543,4235.998266251073
2025-04-07,3990.89990234375,24.253366391470724,18.82153730577263,YFINANCE,164.55034892588128,212.03899753288098,2468.255233888219,3291.0069785176256,4113.758723147032,4936.510467776438,5759.262212405845,6582.013957035251,3180.584962993215,4240.779950657619,5300.974938322024,6361.16992598643,7421.364913650835,8481.559901315239,1537.2554335129457,3110.9755202703764,4684.695607027807,6258.415693785237,7832.135780542667,3404.9720397534193,3728.4818886252883,4051.9917374971565,4375.501586369024,4699.011435240894
2025-04-14,3832.469970703125,23.464944730640788,18.82153730577263,YFINANCE,163.32746634168043,203.6215165871543,2449.9119951252064,3266.5493268336086,4083.1866585420107,4899.823990250413,5716.4613219588155,6533.098653667217,3054.3227488073144,4072.430331743086,5090.537914678857,6108.645497614629,7126.7530805504,8144.860663486172,1525.8310706393193,3087.8558015432686,4649.880532447217,6211.905263351166,7773.929994255115,3269.802153087114,3580.469373856048,3891.1365946249816,4201.803815393915,4512.4710361628495
2025-04-21,4251.60986328125,25.980962594938493,18.82153730577263,YFINANCE,163.6432771782494,225.89068013999403,2454.6491576737412,3272.865543564988,4091.0819294562352,4909.2983153474825,5727.514701238729,6545.731087129976,3388.3602020999106,4517.813602799881,5647.267003499851,6776.720404199821,7906.173804899791,9035.627205599762,1528.7814255163946,3093.826495546748,4658.8715655771,6223.916635607453,7788.9617056378065,3627.405613433397,3972.0491018667967,4316.692590300196,4661.336078733594,5005.9795671669945
2025-04-28,4397.0498046875,26.628968642585825,18.82153730577263,YFINANCE,165.1227977960667,233.6179948137876,2476.8419669410005,3302.455955921334,4128.069944901667,4953.683933882001,5779.297922862334,6604.911911842668,3504.269922206814,4672.359896275751,5840.44987034469,7008.539844413628,8176.6298184825655,9344.719792551503,1542.6033415656793,3121.798192074952,4700.993042584224,6280.187893093496,7859.382743602769,3751.4926479543146,4107.925771461407,4464.358894968499,4820.79201847559,5177.225141982683
2025-05-05,4466.5,26.89038232320889,18.82153730577263,YFINANCE,166.10027876565357,237.3079269476096,2491.5041814848037,3322.0055753130714,4152.506969141339,4983.008362969607,5813.509756797875,6644.011150626143,3559.6189042141436,4746.1585389521915,5932.69817369024,7119.237808428287,8305.777443166335,9492.317077904383,1551.7351236704367,3140.2783678252003,4728.821611979963,6317.364856134726,7905.908100289489,3810.746445088039,4172.809331991722,4534.8722188954025,4896.935105799084,5258.997992702767
2025-05-12,4922.18994140625,29.721360729269783,18.82153730577263,YFINANCE,165.61119076082025,261.519017359788,2484.167861412304,3312.223815216405,4140.279769020506,4968.335722824608,5796.391676628708,6624.44763043281,3922.78526039682,5230.38034719576,6537.975433994699,7845.57052079364,9153.16560759258,10460.76069439152,1547.165986030779,3131.0317097644524,4714.897433498125,6298.763157231798,7882.628880965472,4199.533823186381,4598.535793425676,4997.537763664971,5396.539733904266,5795.541704143561
2025-05-19,4702.3798828125,28.309418364704573,18.82153730577263,YFINANCE,166.10655232236425,249.84037203859347,2491.598284835464,3322.131046447285,4152.6638080591065,4983.196569670928,5813.729331282749,6644.26209289457,3747.605580578902,4996.80744077187,6246.009300964837,7495.211161157804,8744.413021350772,9993.61488154374,1551.793732231305,3140.396975178386,4729.000218125467,6317.603461072547,7906.206704019629,4011.9953927865768,4393.179146439077,4774.362900091577,5155.546653744076,5536.730407396577
2025-05-26,4758.06005859375,28.476446571743068,18.82153730577263,YFINANCE,167.0875629305214,252.79869445810024,2506.3134439578207,3341.7512586104276,4177.1890732630345,5012.626887915641,5848.064702568248,6683.502517220855,3791.9804168715036,5055.9738891620045,6319.967361452506,7583.960833743007,8847.954306033509,10111.947778324009,1560.958488778875,3158.9438819885145,4756.929275198153,6354.914668407792,7952.900061617432,4059.5008292402376,4445.198122618846,4830.895415997455,5216.592709376063,5602.290002754672
2025-06-02,5038.06005859375,30.14386577064715,18.82153730577263,YFINANCE,167.13384066019842,267.6752688553533,2507.007609902976,3342.6768132039683,4178.34601650496,5014.015219805952,5849.684423106944,6685.353626407937,4015.1290328302994,5353.505377107066,6691.881721383832,8030.258065660599,9368.634409937365,10707.010754214132,1561.3908226624617,3159.8188049838086,4758.246787305155,6356.674769626501,7955.102751947848,4298.392356078848,4706.786975850165,5115.181595621481,5523.576215392797,5931.970835164115
2025-06-09,5112.240234375,30.540981083622626,18.82153730577263,YFINANCE,167.38952230700934,271.6165077975357,2510.84283460514,3347.7904461401868,4184.738057675234,5021.68566921028,5858.633280745327,6695.5808922803735,4074.2476169630354,5432.330155950714,6790.412694938393,8148.495233926071,9506.57777291375,10864.660311901427,1563.7794411210386,3164.6527014137064,4765.525961706373,6366.3992219990405,7967.272482291708,4361.681696984345,4776.089501261289,5190.497305538232,5604.905109815175,6019.312914092119
2025-06-16,5211.47998046875,31.178660918661738,18.82153730577263,YFINANCE,167.14893542299183,276.8891773187077,2507.2340313448776,3342.9787084598365,4178.723385574795,5014.468062689755,5850.212739804714,6685.957416919673,4153.3376597806155,5537.783546374154,6922.229432967692,8306.675319561231,9691.12120615477,11075.567092748308,1561.5318403283204,3160.104185342107,4758.676530355893,6357.248875369679,7955.8212203834655,4446.351462939387,4868.803827602828,5291.256192266269,5713.70855692971,6136.160921593151
2025-06-23,5544.990234375,32.96955869056236,18.82153730577263,YFINANCE,168.1851518371179,294.60878483471873,2522.7772775567687,3363.703036742358,4204.628795927947,5045.554555113537,5886.480314299127,6727.406073484716,4419.131772520781,5892.175696694375,7365.219620867968,8838.263545041562,10311.307469215155,11784.35139338875,1571.2123382628956,3179.6948086321286,4788.177279001361,6396.659749370594,8005.142219739827,4730.897083553661,5180.384416389335,5629.871749225008,6079.359082060681,6528.846414896356
2025-06-30,5647.1201171875,32.67950754829001,18.82153730577263,YFINANCE,172.8030971348891,300.0350091198719,2592.0464570233366,3456.061942697782,4320.077428372228,5184.092914046673,6048.108399721118,6912.123885395564,4500.525136798079,6000.700182397439,7500.875227996798,9001.050273596158,10501.225319195517,12001.400364794878,1614.3539149718088,3267.001307032718,4919.648699093627,6572.296091154536,8224.943483215446,4818.032667985541,5275.7988411235165,5733.56501426149,6191.331187399465,6649.097360537441
2025-07-07,5696.2900390625,33.03449348024361,18.82153730577263,YFINANCE,172.4346111881263,302.64743769444533,2586.5191678218944,3448.692223762526,4310.865279703157,5173.038335643789,6035.21139158442,6897.384447525052,4539.71156541668,6052.948753888906,7566.185942361133,9079.42313083336,10592.660319305587,12105.897507777812,1610.911460868661,3260.034741677946,4909.1580224872305,6558.281303296515,8207.4045841058,4859.983659811448,5321.735639254784,5783.487618698117,6245.239598141452,6706.991577584788
2025-07-14,5732.6201171875,32.70475125952184,18.82153730577263,YFINANCE,175.28401520921133,304.5776773733188,2629.26022813817,3505.6803041842268,4382.100380230283,5258.52045627634,6134.940532322396,7011.3606083684535,4568.665160599782,6091.553547466376,7614.44193433297,9137.330321199564,10660.218708066159,12183.107094932751,1637.5310447363295,3313.90534246864,4990.279640200949,6666.653937933259,8343.02823566557,4890.979902073759,5355.676865949507,5820.373829825256,6285.070793701003,6749.767757576752
2025-07-21,5645.85986328125,31.88611578678096,18.82153730577263,YFINANCE,177.06326794503633,299.96805104488703,2655.949019175545,3541.265358900727,4426.581698625908,5311.89803835109,6197.214378076272,7082.530717801454,4499.5207656733055,5999.361020897741,7499.201276122176,8999.041531346611,10498.881786571046,11998.722041795481,1654.1531057261348,3347.5437500542653,5040.934394382395,6734.3250387105245,8427.715683038654,4816.95743948601,5274.621454073101,5732.2854686601895,6189.949483247279,6647.613497834369
2025-07-28,5527.60986328125,31.45290582486808,18.82153730577263,YFINANCE,175.74242246676215,293.68535489319,2636.1363370014324,3514.848449335243,4393.560561669054,5272.272674002865,6150.984786336675,7029.696898670486,4405.280323397849,5873.707097863799,7342.1338723297495,8810.560646795699,10278.987421261649,11747.414195727599,1641.813557973352,3322.571952815344,5003.330347657336,6684.088742499327,8364.84713734132,4716.068428597919,5164.146875878088,5612.225323158257,6060.303770438426,6508.382217718596
2025-08-04,5678.02001953125,32.10200203539323,18.82153730577263,YFINANCE,176.874327441357,301.6767401773171,2653.114911620355,3537.48654882714,4421.8581860339245,5306.22982324071,6190.601460447495,7074.97309765428,4525.151102659756,6033.534803546341,7541.918504432927,9050.302205319513,10558.685906206098,12067.069607092682,1652.38799360217,3343.9716562509348,5035.555318899699,6727.138981548464,8418.722644197229,4844.395971021478,5304.666948334449,5764.937925647419,6225.20890296039,6685.479880273361
2025-08-11,5752.740234375,32.06281361523993,18.82153730577263,YFINANCE,179.42094238543797,305.646671731252,2691.3141357815693,3588.418847708759,4485.523559635949,5382.628271563139,6279.7329834903285,7176.837695417518,4584.70007596878,6112.93343462504,7641.166793281301,9169.40015193756,10697.63351059382,12225.86686925008,1676.1788739339831,3392.117751365927,5108.05662879787,6823.995506229813,8539.934383661757,4908.146064627665,5374.474003027929,5840.801941428192,6307.129879828455,6773.457818228719
2025-08-18,5754.4599609375,31.82767269998961,18.82153730577263,YFINANCE,180.80052585621124,305.7380418746447,2712.0078878431686,3616.010517124225,4520.013146405281,5424.015775686337,6328.0184049673935,7232.02103424845,4586.070628119671,6114.760837492894,7643.451046866117,9172.141256239342,10700.831465612564,12229.521674985788,1689.0671613200288,3418.200044316144,5147.332927312259,6876.465810308374,8605.59869330449,4909.613307857167,5376.080650525628,5842.547993194088,6309.0153358625475,6775.482678531009
2025-08-25,5668.93994140625,31.436303488999812,18.82153730577263,YFINANCE,180.33099672135197,301.19430997103336,2704.9649508202797,3606.6199344270394,4508.274918033799,5409.929901640559,6311.584885247319,7213.239868854079,4517.9146495655,6023.886199420667,7529.857749275834,9035.829299131,10541.800848986168,12047.772398841335,1684.6807457428722,3409.3231646611584,5133.965583579445,6858.60800249773,8583.250421416016,4836.648993424709,5296.1839225345575,5755.718851644405,6215.253780754252,6674.788709864101
2025-09-01,5761.39990234375,31.64231931971925,18.82153730577263,YFINANCE,182.07893815019085,306.10676528408277,2731.1840722528627,3641.578763003817,4551.973453754771,5462.3681445057255,6372.76283525668,7283.157526007634,4591.601479261241,6122.135305681655,7652.669132102069,9183.202958522483,10713.736784942897,12244.27061136331,1701.0102915413759,3442.3696032222433,5183.72891490311,6925.088226583977,8666.447538264845,4915.534354995415,5382.564262361176,5849.594169726936,6316.624077092696,6783.653984458457
2025-09-08,6001.740234375,33.18686670702765,18.82153730577263,YFINANCE,180.84684786178,318.87619682023774,2712.7027179266997,3616.9369572356,4521.1711965445,5425.4054358533995,6329.6396751623,7233.8739144712,4783.142952303566,6377.523936404755,7971.904920505944,9566.285904607132,11160.666888708321,12755.04787280951,1689.4999088360116,3419.075804387848,5148.651699939684,6878.227595491519,8607.803491043356,5120.588886709143,5607.101233222922,6093.613579736701,6580.125926250479,7066.6382727642585
2025-09-15,6232.25,34.67448754245577,18.82153730577263,YFINANCE,179.7358934971764,331.12332424028654,2696.038402457646,3594.717869943528,4493.39733742941,5392.076804915292,6290.756272401174,7189.435739887056,4966.849863604298,6622.466484805731,8278.083106007163,9933.699727208596,11589.31634841003,13244.932969611462,1679.1211971254636,3398.072191481648,5117.023185837832,6835.974180194015,8554.9251745502,5317.256136214022,5822.45403768172,6327.651939149418,6832.849840617115,7338.047742084813
2025-09-22,6305.0498046875,35.13187771496343,18.82153730577263,YFINANCE,179.46805621499823,334.9912232064976,2692.0208432249733,3589.3611242999646,4486.701405374955,5384.041686449947,6281.381967524938,7178.722248599929,5024.868348097463,6699.824464129952,8374.78058016244,10049.736696194926,11724.692812227415,13399.648928259903,1676.6190187951631,3393.0084815976456,5109.397944400128,6825.78740720261,8542.176870005092,5379.3677665545565,5890.46695705196,6401.566147549363,6912.665338046766,7423.76452854417
2025-09-29,6583.740234375,35.88715891226505,18.82153730577263,YFINANCE,183.45671359693213,349.79821931738513,2751.850703953982,3669.1342719386425,4586.417839923303,5503.701407907964,6420.984975892625,7338.268543877285,5246.973289760777,6995.964386347703,8744.955482934629,10493.946579521555,12242.93767610848,13991.928772695406,1713.881688080424,3468.4177138170885,5222.953739553752,6977.489765290416,8732.02579102708,5617.141988923682,6150.832349582305,6684.522710240926,7218.213070899548,7751.903431558171
2025-10-06,6407.60009765625,34.06108185015706,18.82153730577263,YFINANCE,188.12086256816013,340.43978414510366,2821.812938522402,3762.417251363203,4703.021564204003,5643.625877044804,6584.230189885605,7524.834502726406,5106.596762176555,6808.795682902073,8510.99460362759,10213.19352435311,11915.392445078629,13617.591365804146,1757.45490682798,3556.597735112093,5355.740563396204,7154.883391680317,8954.02621996443,5466.862038215454,5986.274148252785,6505.686258290115,7025.098368327445,7544.510478364776
2025-10-13,6777.97998046875,36.42446949996553,18.82153730577263,YFINANCE,186.08314886988714,360.1182980090537,2791.247233048307,3721.662977397743,4652.078721747179,5582.494466096614,6512.91021044605,7443.325954795486,5401.774470135806,7202.365960181074,9002.957450226342,10803.548940271612,12604.14043031688,14404.731920362148,1738.4182625725193,3518.07288558107,5297.727508589619,7077.382131598169,8857.03675460672,5782.864237198967,6332.300036841613,6881.7358364842585,7431.171636126904,7980.60743576955
2025-10-20,6976.93994140625,37.15031055455636,18.82153730577263,YFINANCE,187.80300453102274,370.689164655344,2817.045067965341,3756.0600906204545,4695.075113275569,5634.090135930682,6573.105158585796,7512.120181240909,5560.3374698301595,7413.78329310688,9267.2291163836,11120.674939660319,12974.120762937038,14827.56658621376,1754.485426678805,3550.588336901086,5346.691247123367,7142.794157345648,8938.89706756793,5952.613697370786,6518.177565486571,7083.741433602356,7649.30530171814,8214.869169833924
2025-10-27,7228.66015625,37.01165232622122,18.82153730577263,YFINANCE,195.3076856049681,384.06321645325676,2929.6152840745217,3906.153712099362,4882.6921401242025,5859.230568149043,6835.768996173883,7812.307424198724,5760.948246798851,7681.264329065135,9601.580411331419,11521.896493597702,13442.212575863987,15362.52865813027,1824.5953464268375,3692.4712272193356,5560.3471080118325,7428.22298880433,9296.098869596828,6167.377363299953,6753.346145258421,7339.3149272168885,7925.283709175355,8511.252491133824
2025-11-03,6947.35986328125,36.15367303873816,18.82153730577263,YFINANCE,192.16193762214007,369.11755668069003,2882.429064332101,3843.2387524428013,4804.048440553502,5764.858128664202,6725.667816774902,7686.477504885603,5536.763350210351,7382.351133613801,9227.93891701725,11073.526700420702,12919.11448382415,14764.702267227602,1795.2072703113442,3632.9979715781337,5470.788672844922,7308.579374111711,9146.3700753785,5927.376447273335,6490.542498646531,7053.708550019726,7616.874601392921,8180.040652766118
2025-11-10,6811.2001953125,35.32552206325481,18.82153730577263,YFINANCE,192.81244260498644,361.88330871482435,2892.186639074797,3856.248852099729,4820.311065124661,5784.373278149594,6748.435491174526,7712.497704199458,5428.2496307223655,7237.666174296487,9047.08271787061,10856.499261444731,12665.915805018853,14475.332348592974,1801.2843909369483,3645.2963659033894,5489.30834086983,7333.320315836271,9177.332290802713,5811.207193791574,6363.335886502594,6915.4645792136125,7467.59327192463,8019.72196463565
2025-11-17,6406.43017578125,33.55228055231164,18.82153730577263,YFINANCE,190.93874008930425,340.3776254672022,2864.0811013395637,3818.774801786085,4773.468502232607,5728.162202679127,6682.855903125648,7637.54960357217,5105.6643820080335,6807.552509344045,8509.440636680056,10211.328764016067,11913.216891352078,13615.10501868809,1783.7799651376647,3609.8722984577357,5435.964631777806,7262.056965097876,9088.149298417948,5465.863879561881,5985.181153532602,6504.498427503322,7023.815701474042,7543.132975444762
2025-11-24,7025.14990234375,36.07713459958228,18.82153730577263,YFINANCE,194.72582787728078,373.25058990739893,2920.887418159212,3894.516557545616,4868.14569693202,5841.774836318424,6815.403975704828,7789.033115091232,5598.758848610984,7465.011798147979,9331.264747684972,11197.517697221969,13063.770646758963,14930.023596295958,1819.1595393364391,3681.4706723196873,5543.781805302935,7406.092938286182,9268.404071269431,5993.745665860748,6563.217524043598,7132.689382226447,7702.161240409296,8271.633098592147
2025-12-01,7294.83984375,37.74023538175504,18.82153730577263,YFINANCE,193.2907881988617,387.57938446997355,2899.3618229829253,3865.815763977234,4832.2697049715425,5798.723645965851,6765.177586960159,7731.631527954468,5813.690767049603,7751.587689399471,9689.484611749338,11627.381534099206,13565.278456449074,15503.175378798942,1805.7531712712455,3654.3399288158294,5502.9266863604125,7351.513443904995,9200.100201449579,6223.840815416299,6815.174247259606,7406.507679102912,7997.841110946219,8589.174542789526
2025-12-08,7033.56982421875,36.50617182353729,18.82153730577263,YFINANCE,192.66796469970782,373.69794560094357,2890.0194704956175,3853.3592939941564,4816.699117492695,5780.038940991235,6743.378764489774,7706.718587988313,5605.469184014153,7473.958912018871,9342.44864002359,11210.938368028306,13079.428096033025,14947.917824037742,1799.9346554525698,3642.564878370998,5485.195101289426,7327.825324207854,9170.455547126281,6000.929408691393,6571.083801570664,7141.238194449935,7711.392587329205,8281.546980208477
2025-12-15,7067.8701171875,36.60379349637662,18.82153730577263,YFINANCE,193.09119197951827,375.52034153021924,2896.3678796927743,3861.8238395903654,4827.279799487957,5792.735759385549,6758.19171928314,7723.647679180731,5632.805122953288,7510.406830604385,9388.00853825548,11265.610245906577,13143.211953557673,15020.81366120877,1803.8885117630937,3650.5663789183714,5497.244246073648,7343.922113228926,9190.599980384202,6030.19387068538,6603.128709796356,7176.06354890733,7748.998388018305,8321.93322712928
2025-12-22,7207.64013671875,36.23418906915486,18.82153730577263,YFINANCE,198.91821293316622,382.94640972329836,2983.7731939974933,3978.364258663324,4972.955323329155,5967.546387994987,6962.137452660818,7956.728517326648,5744.196145849475,7658.928194465967,9573.660243082459,11488.39229169895,13403.124340315442,15317.856388931934,1858.325464833451,3760.7315633815574,5663.1376619296625,7565.543760477769,9467.949859025875,6149.443418442818,6733.708278100994,7317.973137759169,7902.237997417343,8486.502857075518
2025-12-29,7367.47021484375,37.18474369340693,18.82153730577263,YFINANCE,198.1315314578878,391.43828132381736,2971.972971868317,3962.630629157756,4953.288286447195,5943.945943736634,6934.603601026073,7925.261258315512,5871.574219857261,7828.765626476347,9785.957033095434,11743.148439714521,13700.339846333607,15657.531252952695,1850.9761618376824,3745.8586273603537,5640.741092883025,7535.623558405695,9430.506023928367,6285.807887721445,6883.028873988817,7480.249860256189,8077.470846523561,8674.691832790933
2026-01-05,7638.77978515625,38.81314444728189,18.82153730577263,YFINANCE,196.80909377315854,405.8531277789626,2952.136406597378,3936.181875463171,4920.227344328963,5904.272813194756,6888.318282060549,7872.363750926342,6087.796916684439,8117.062555579251,10146.328194474065,12175.593833368877,14204.85947226369,16234.125111158502,1838.621739439903,3720.8567279956255,5603.091716551348,7485.32670510707,9367.561693662792,6517.284878785303,7136.4987288771335,7755.7125789689635,8374.926429060792,8994.140279152623
2026-01-12,7927.41015625,39.7171854348101,19.22423313672524,YFINANCE,199.59647365399732,412.3654816225558,2993.94710480996,3991.9294730799465,4989.911841349933,5987.89420961992,6985.876577889906,7983.858946159893,6185.482224338337,8247.309632451117,10309.137040563895,12370.964448676674,14432.791856789454,16494.619264902234,1864.6618839613475,3773.554705432851,5682.447526904353,7591.340348375857,9500.233169847359,6621.861786846647,7251.011595098317,7880.161403349986,8509.311211601655,9138.461019853325
2026-01-19,7957.93017578125,39.63625708899652,19.50413720695668,YFINANCE,200.77400744255598,408.01241763941437,3011.6101116383397,4015.48014885112,5019.3501860639,6023.2202232766795,7027.090260489459,8030.96029770224,6120.186264591215,8160.248352788287,10200.310440985359,12240.37252918243,14280.434617379502,16320.496705576574,1875.662591200335,3795.817063516013,5715.97153583169,7636.126008147367,9556.280480463045,6551.959262677451,7174.467561170534,7796.975859663616,8419.484158156698,9041.992456649781
2026-01-26,7998.47021484375,39.76467863722788,19.561492142773123,YFINANCE,201.1450988404454,408.8885529010494,3017.176482606681,4022.901976808908,5028.627471011135,6034.352965213362,7040.078459415589,8045.803953617816,6133.328293515741,8177.771058020989,10222.213822526235,12266.656587031483,14311.09935153673,16355.542116041977,1879.1293858407548,3802.8328873179844,5726.5363887952135,7650.239890272442,9573.943391749672,6566.028448551841,7189.8734746722985,7813.718500792754,8437.563526913209,9061.408553033667
2026-02-02,8048.6201171875,39.50222079808778,19.10323850189961,YFINANCE,203.75107916912654,421.32228608186784,3056.266187536898,4075.021583382531,5093.776979228163,6112.532375073796,7131.287770919429,8150.043166765062,6319.834291228018,8426.445721637358,10533.057152046697,12639.668582456035,14746.280012865374,16852.891443274715,1903.4748670022527,3852.101339568334,5800.727812134415,7749.354284700496,9697.980757266578,6765.6922572051335,7408.507544405116,8051.322831605098,8694.13811880508,9336.953406005063
2026-02-09,8137.85986328125,39.80299015567023,19.319523887935627,YFINANCE,204.4534802901473,421.22465907987834,3066.8022043522096,4089.069605802946,5111.337007253683,6133.604408704419,7155.871810155156,8178.139211605892,6318.369886198175,8424.493181597567,10530.616476996958,12636.73977239635,14742.863067795743,16848.986363195134,1910.0368095738913,3865.380878063207,5820.724946552522,7776.069015041838,9731.413083531153,6764.12453987027,7406.790876655345,8049.457213440417,8692.12355022549,9334.789887010564
2026-02-16,8260.419921875,40.41378712096533,19.53988031874714,YFINANCE,204.3960863442508,422.7466999349893,3065.941295163762,4087.9217268850157,5109.90215860627,6131.882590327524,7153.863022048778,8175.843453770031,6341.20049902484,8454.933998699786,10568.667498374733,12682.40099804968,14796.134497724624,16909.86799739957,1909.500626236961,3864.29579278772,5819.090959338479,7773.886125889237,9728.681292439996,6788.565829516585,7433.554358034042,8078.542886551498,8723.531415068954,9368.51994358641
2026-02-23,8098.3701171875,39.55751000940914,18.835956453304785,YFINANCE,204.7239605137235,429.94207048969014,3070.859407705853,4094.4792102744705,5118.099012843088,6141.718815411706,7165.338617980323,8188.958420548941,6449.131057345352,8598.841409793802,10748.551762242254,12898.262114690704,15047.972467139154,17197.682819587604,1912.56367868152,3870.4945551824326,5828.425431683345,7786.356308184257,9744.28718468517,6904.110780395831,7560.077351951657,8216.043923507481,8872.010495063305,9527.977066619129
2026-03-02,7514.740234375,36.33721726457438,17.347939190304604,YFINANCE,206.80560593453086,433.1776905567452,3102.084089017963,4136.1121186906175,5170.140148363272,6204.168178035926,7238.19620770858,8272.224237381235,6497.665358351178,8663.553811134903,10829.442263918629,12995.330716702356,15161.219169486081,17327.107622269807,1932.0107400501035,3909.8499742884205,5887.689208526737,7865.528442765053,9843.36767700337,6956.069127623346,7616.9723144767295,8277.87550133011,8938.778688183493,9599.681875036877
2026-03-09,7646.64013671875,36.3151724509026,17.998617521277186,YFINANCE,210.56323350954364,424.84597095744846,3158.4485026431544,4211.2646701908725,5264.080837738591,6316.897005286309,7369.713172834027,8422.529340381745,6372.689564361727,8496.91941914897,10621.149273936211,12745.379128723454,14869.608983510696,16993.83883829794,1967.1150922712486,3980.8913757589407,5994.667659246632,8008.443942734323,10022.220226222014,6822.276416807159,7470.467822432689,8118.659228058218,8766.850633683747,9415.042039309277
2026-03-16,7670.60986328125,36.30699446709272,17.720373849889757,YFINANCE,211.2708577470823,432.8695279376948,3169.0628662062345,4225.417154941646,5281.7714436770575,6338.125732412469,7394.4800211478805,8450.834309883292,6493.042919065421,8657.390558753896,10821.73819844237,12986.085838130843,15150.433477819317,17314.78111750779,1973.725830025027,3994.2696620701067,6014.813494115186,8035.357326160264,10055.901158205344,6951.12057988556,7611.553600196577,8271.986620507592,8932.419640818607,9592.852661129624
2026-03-23,7457.669921875,32.466890307470926,16.433536352818198,YFINANCE,229.70077673742972,453.80797910828727,3445.5116510614457,4594.015534748594,5742.519418435743,6891.023302122891,8039.5271858100405,9188.031069497189,6807.119686624309,9076.159582165745,11345.199477707181,13614.239373248618,15883.279268790055,18152.31916433149,2145.9010535481107,4342.704212308359,6539.507371068607,8736.310529828856,10933.113688589105,7287.355148154323,7979.7341560083105,8672.113163862296,9364.492171716282,10056.87117957027
2026-03-30,7833.39013671875,33.766727823831424,16.937968321737113,YFINANCE,231.9854673981826,462.4751911163911,3479.782010972739,4639.709347963652,5799.636684954565,6959.564021945478,8119.491358936391,9279.418695927305,6937.127866745866,9249.503822327822,11561.879777909777,13874.255733491733,16186.631689073689,18499.007644655645,2167.244995721826,4385.898388214933,6604.55178070804,8823.205173201146,11041.858565694252,7426.53527489319,8132.137927829009,8837.740580764827,9543.343233700643,10248.945886636462
2026-04-06,8889.830078125,37.679336197518666,18.919283832974383,YFINANCE,235.93382939454307,469.8819551843148,3539.007440918146,4718.676587890861,5898.345734863577,7078.014881836292,8257.684028809008,9437.353175781722,7048.229327764722,9397.639103686295,11747.04887960787,14096.458655529445,16445.868431451017,18795.27820737259,2204.131219130049,4460.545799150391,6716.960379170732,8973.374959191073,11229.789539211415,7545.4748324734865,8262.378053475197,8979.281274476903,9696.184495478612,10413.08771648032
2026-04-13,9555.8798828125,40.27483146143692,20.160623053959515,YFINANCE,237.2667876205078,473.9873295203414,3559.001814307617,4745.335752410157,5931.6696905126955,7118.003628615234,8304.337566717773,9490.671504820313,7109.809942805121,9479.746590406829,11849.683238008534,14219.619885610242,16589.556533211948,18959.493180813657,2216.5839260910843,4485.746599012488,6754.909271933891,9024.071944855294,11293.234617776698,7611.399898096022,8334.566726483465,9057.733554870905,9780.900383258348,10504.06721164579
2026-04-20,10513.66015625,43.56837455853643,21.803295041094696,YFINANCE,241.31403254726285,482.2051041566849,3619.710488208943,4826.280650945257,6032.850813681572,7239.420976417886,8445.9911391542,9652.561301890513,7233.076562350274,9644.102083133697,12055.127603917123,14466.153124700548,16877.17864548397,19288.204166267395,2254.3939295035616,4562.2634825916575,6870.133035679753,9178.00258876785,11485.872141855945,7743.362853926378,8479.06761666363,9214.77237940088,9950.47714213813,10686.181904875382
2026-04-27,10595.33984375,44.149051942098026,22.2678509731131,YFINANCE,239.99020086877303,475.8133084572528,3599.8530130315953,4799.804017375461,5999.755021719326,7199.706026063191,8399.657030407056,9599.608034750921,7137.199626858792,9516.266169145056,11895.33271143132,14274.399253717584,16653.465796003846,19032.53233829011,2242.0264841951853,4537.235228494212,6832.443972793238,9127.652717092264,11422.86146139129,7640.721896868431,8366.674638115284,9092.627379362137,9818.58012060899,10544.532861855841
2026-05-04,11775.5,48.84564393214802,25.61676621709062,YFINANCE,241.07574498060598,459.67941075028403,3616.1361747090896,4821.51489961212,6026.893624515149,7232.272349418179,8437.65107432121,9643.02979922424,6895.191161254261,9193.58821500568,11491.9852687571,13790.382322508522,16088.779376259941,18387.17643001136,2252.167809297965,4557.758437227164,6863.3490651563625,9168.93969308556,11474.53032101476,7381.639976921363,8082.977082037008,8784.314187152651,9485.651292268294,10186.988397383939
2026-05-11,11588.4599609375,47.77579153979635,25.1030350596417,YFINANCE,242.55924574864505,461.6358115026631,3638.388686229676,4851.184914972901,6063.981143716126,7276.777372459352,8489.573601202577,9702.369829945803,6924.537172539946,9232.716230053262,11540.895287566578,13849.074345079893,16157.25340259321,18465.432460106524,2266.026908541297,4585.80538215191,6905.583855762522,9225.362329373134,11545.140802983746,7413.056319848424,8117.37832358696,8821.700327325494,9526.022331064027,10230.344334802563
2026-05-18,12202.5400390625,49.81549924380119,25.7934812005924,YFINANCE,244.95468728200947,473.08620128337867,3674.320309230142,4899.09374564019,6123.867182050237,7348.640618460284,8573.41405487033,9798.18749128038,7096.29301925068,9461.724025667574,11827.155032084467,14192.58603850136,16558.017044918255,18923.44805133515,2288.405502915993,4631.093405052988,6973.781307189981,9316.469209326975,11659.157111463968,7596.9293691518615,8318.721337899588,9040.513306647312,9762.305275395036,10484.097244142762
2026-05-25,12829.3798828125,50.42976415512709,27.83689856935676,YFINANCE,254.40094947396585,460.87676940186356,3816.014242109488,5088.018989479317,6360.023736849146,7632.028484218976,8904.033231588804,10176.037978958633,6913.1515410279535,9217.535388037271,11521.91923504659,13826.303082055907,16130.686929065225,18435.070776074543,2376.653981121978,4809.683670154575,7242.713359187172,9675.743048219767,12108.772737252364,7400.867443461111,8104.0313696847825,8807.195295908452,9510.359222132123,10213.523148355795
2026-06-01,12220.759765625,47.85429644364044,25.93872179947944,YFINANCE,255.37434825769063,471.1396290109506,3830.6152238653594,5107.486965153813,6384.358706442265,7661.230447730719,8938.102189019171,10214.973930307626,7067.094435164259,9422.792580219013,11778.490725273765,14134.188870328519,16489.887015383272,18845.585160438026,2385.7476267995685,4828.086668430761,7270.4257100619525,9712.764751693143,12155.103793324337,7565.670854264999,8284.4929197921,9003.314985319195,9722.137050846293,10440.959116373393
2026-06-08,13371.4697265625,50.69302338469139,27.838376683329606,YFINANCE,263.7733722270056,480.3250519477922,3956.6005834050843,5275.467444540112,6594.33430567514,7913.201166810169,9232.068027945197,10550.934889080225,7204.875779216883,9606.501038955845,12008.126298694804,14409.751558433765,16811.37681817273,19213.00207791169,2464.212639589366,4986.877932826514,7509.543226063661,10032.208519300808,12554.873812537955,7713.172533848281,8446.008883637694,9178.845233427106,9911.681583216516,10644.517933005929
2026-06-15,14341.7802734375,53.82595686685853,29.75647735119046,YFINANCE,266.44728878508715,481.9717100305132,3996.7093317763074,5328.945775701743,6661.182219627179,7993.418663552615,9325.655107478051,10657.891551403485,7229.5756504576975,9639.434200610263,12049.29275076283,14459.151300915395,16869.00985106796,19278.868401220527,2489.1927917707667,5037.430781907279,7585.66877204379,10133.906762180302,12682.144752316814,7739.614956213674,8474.963627385865,9210.312298558054,9945.660969730245,10681.009640902435
2026-06-22,13203.5703125,49.18643474097844,27.400253318863985,YFINANCE,268.4392634276413,481.87767313121395,4026.5889514146197,5368.785268552827,6710.981585691033,8053.177902829239,9395.374219967447,10737.570537105654,7228.16509696821,9637.553462624279,12046.941828280349,14456.33019393642,16865.71855959249,19275.106925248558,2507.8021345201137,5075.090892569072,7642.379650618029,10209.668408666987,12776.957166715945,7738.104889591286,8473.310087801265,9208.515286011241,9943.720484221218,10678.925682431196
2026-06-29,12626.2197265625,43.24755224151194,25.77475769438121,YFINANCE,291.95223942507886,489.8676401258648,4379.283591376183,5839.044788501577,7298.805985626971,8758.567182752366,10218.32837987776,11678.089577003155,7348.014601887972,9797.352802517296,12246.69100314662,14696.029203775945,17145.367404405268,19594.705605034593,2727.4640820399054,5519.625305374732,8311.786528709557,11103.947752044383,13896.10897537921,7866.409656789217,8613.805221134697,9361.200785480176,10108.596349825655,10855.991914171136
