Instrument,Date,Price,PE,Y1_PE,Y2_PE,Forward_PE,EPS,Forward_EPS,Band_12x,Band_15x,Band_18x,Band_21x,Band_24x,Band_27x,Band_fwd_12x,Band_fwd_15x,Band_fwd_18x,Band_fwd_21x,Band_fwd_24x,Band_fwd_27x,SD_minus_2,SD_minus_1,SD_mean,SD_plus_1,SD_plus_2,SD_fwd_minus_2,SD_fwd_minus_1,SD_fwd_mean,SD_fwd_plus_1,SD_fwd_plus_2
.SPX,2006-06-02,1288.22,16.62755,14.856,13.39468,14.243446684931508,77.47503390457403,90.44299659315183,929.7004068548883,1162.1255085686105,1394.5506102823326,1626.9757119960548,1859.4008137097767,2091.825915423499,1085.3159591178219,1356.6449488972776,1627.973938676733,1899.3029284561885,2170.6319182356438,2441.9609080150994,858.1134936430271,1202.4264530021755,1546.739412361324,1891.0523717204724,2235.365331079621,932.0231956386605,1205.356030241773,1478.6888648448853,1752.0216994479977,2025.35453405111
.SPX,2006-06-09,1252.3,16.2011,14.44073,13.02088,13.81833,77.29722055909784,90.62600183958554,927.566646709174,1159.4583083864675,1391.349970063761,1623.2416317410546,1855.133293418348,2087.0249550956414,1087.5120220750264,1359.390027593783,1631.2680331125398,1903.1460386312963,2175.0240441500528,2446.9020496688095,856.1440329869547,1199.666757916908,1543.1894828468612,1886.7122077768142,2230.2349327067673,933.9090811248199,1207.7949861108164,1481.680891096813,1755.5667960828096,2029.4527010688062
.SPX,2006-06-16,1251.54,16.16102,14.44598,13.02118,13.794085205479451,77.44189413787001,90.73019206107617,929.3027296544401,1161.6284120680502,1393.9540944816601,1626.27977689527,1858.6054593088802,2090.9311417224903,1088.762304732914,1360.9528809161425,1633.143457099371,1905.3340332825994,2177.524609465828,2449.7151856490564,857.7464375792642,1201.9121178657713,1546.077798152278,1890.243478438785,2234.409158725292,934.9827707066105,1209.1835547838657,1483.3843388611208,1757.5851229383761,2031.7859070156312
.SPX,2006-06-23,1244.5,16.03494,14.34233,12.94578,13.676577397260273,77.61176530750973,90.9949882818856,931.3411836901167,1164.1764796126458,1397.011775535175,1629.8470714577043,1862.6823673802335,2095.5176633027627,1091.9398593826272,1364.924824228284,1637.9097890739408,1910.8947539195976,2183.8797187652544,2456.864683610911,859.6279306939148,1204.5485489543823,1549.46916721485,1894.3897854753172,2239.310403735785,937.7115195230836,1212.7125590579462,1487.7135985928087,1762.7146381276712,2037.7156776625338
.SPX,2006-06-30,1270.2,16.35436,14.62521,13.20498,13.920931561643831,77.66736209793596,91.24389372761276,932.0083451752316,1165.0104314690395,1398.0125177628474,1631.0146040566553,1864.0166903504633,2097.018776644271,1094.926724731353,1368.6584059141915,1642.3900870970297,1916.1217682798679,2189.853449462706,2463.5851306455443,860.2437207576759,1205.4114211357985,1550.5791215139209,1895.7468218920433,2240.9145222701654,940.2765124764027,1216.0297830694067,1491.7830536624108,1767.536324255415,2043.2895948484188
.SPX,2006-07-07,1265.48,16.38529,14.5697,13.16356,13.845441589041096,77.23268858836187,91.40047949078411,926.7922630603424,1158.490328825428,1390.1883945905136,1621.8864603555992,1853.5845261206848,2085.28259188577,1096.8057538894093,1371.0071923617616,1645.208630834114,1919.4100693064663,2193.6115077788186,2467.812946251171,855.4292768639937,1198.6652101309094,1541.901143397825,1885.1370766647406,2228.3730099316563,941.8901428168367,1218.1166399958488,1494.3431371748609,1770.569634353873,2046.7961315328853
.SPX,2006-07-14,1236.2,15.98696,14.24909,12.86283,13.508485342465754,77.32552029904373,91.51285052764857,927.9062435885248,1159.882804485656,1391.8593653827872,1623.8359262799183,1855.8124871770497,2087.7890480741808,1098.154206331783,1372.6927579147284,1647.2313094976741,1921.7698610806199,2196.308412663566,2470.846964246511,856.4574809132127,1200.1059749679898,1543.7544690227667,1887.4029630775435,2231.05145713232,943.048136435146,1219.6142364047603,1496.1803363743745,1772.7464363439888,2049.3125363136032
.SPX,2006-07-21,1240.29,15.89117,14.22512,12.91168,13.49822991780822,78.04900457297983,91.88538108716646,936.588054875758,1170.7350685946974,1404.8820823136368,1639.0290960325763,1873.176109751516,2107.3231234704554,1102.6245730459975,1378.280716307497,1653.9368595689964,1929.5930028304958,2205.249146091995,2480.9052893534945,864.470792900501,1211.334580951994,1558.1983690034867,1905.0621570549795,2251.925945106472,946.8870972793649,1224.5790426725596,1502.2709880657544,1779.9629334589492,2057.654878852144
.SPX,2006-07-28,1278.55,15.49591,14.59399,13.28594,13.84499698630137,82.5088684691638,92.3474379420258,990.1064216299656,1237.633027037457,1485.1596324449483,1732.6862378524397,1980.212843259931,2227.7394486674225,1108.1692553043097,1385.211569130387,1662.2538829564646,1939.296196782542,2216.3385106086193,2493.380824434697,913.8682464574835,1280.552470319634,1647.2366941817843,2013.9209180439345,2380.605141906085,951.648634630565,1230.7369878678587,1509.8253411051526,1788.9136943424467,2068.0020475797405
.SPX,2006-08-04,1279.36,15.53194,14.53754,13.3424,13.830279068493152,82.36962027924392,92.5042794627708,988.435443350927,1235.5443041886588,1482.6531650263905,1729.7620258641223,1976.870886701854,2223.979747539586,1110.0513535532496,1387.564191941562,1665.0770303298743,1942.5898687181866,2220.102707106499,2497.6155454948116,912.3259334733705,1278.3913133810186,1644.4566932886664,2010.5220731963143,2376.587453103962,953.2649005757453,1232.827253338304,1512.389606100863,1791.9519588634216,2071.5143116259806
.SPX,2006-08-11,1266.74,15.39395,14.3712,13.21885,13.667161506849316,82.28817165185023,92.68493676358266,987.4580598222028,1234.3225747777535,1481.1870897333042,1728.051604688855,1974.9161196444056,2221.780634599956,1112.219241162992,1390.2740514537397,1668.3288617444878,1946.3836720352358,2224.438482325984,2502.4932926167317,911.4238084573129,1277.1272160427777,1642.8306236282424,2008.534031213707,2374.2374387991717,955.1265902715826,1235.234917559342,1515.3432448471012,1795.4515721348605,2075.5598994226198
.SPX,2006-08-18,1302.3,15.79377,14.76081,13.58032,14.016939589041096,82.45656356905286,92.90901139491112,989.4787628286343,1236.848453535793,1484.2181442429514,1731.5878349501102,1978.9575256572687,2226.3272163644274,1114.9081367389335,1393.6351709236667,1672.3622051084,1951.0892392931335,2229.816273477867,2508.5433076626,913.2889173716243,1279.740688867657,1646.1924603636892,2012.6442318597217,2379.096003355754,957.4356994543729,1238.2212152083564,1519.00673096234,1799.792246716324,2080.5777624703073
.SPX,2006-08-25,1295.09,15.6817,14.65627,13.50917,13.911440684931506,82.58607166314876,93.09531840241436,991.0328599577851,1238.7910749472314,1486.5492899366777,1734.307504926124,1982.0657199155703,2229.8239349050164,1117.1438208289724,1396.4297760362156,1675.7157312434585,1955.0016864507015,2234.2876416579447,2513.573596865188,914.7233490521132,1281.750677768218,1648.7780064843228,2015.8053352004274,2382.832663916532,959.3556098846316,1240.7041744581536,1522.0527390316756,1803.4013036051977,2084.7498681787197
.SPX,2006-09-01,1311.01,15.85905,14.9441,13.67204,14.093736602739725,82.66636400036572,93.02075361229248,991.9963680043886,1239.9954600054857,1487.994552006583,1735.9936440076801,1983.9927360087772,2231.9918280098746,1116.2490433475098,1395.3113041843872,1674.3735650212648,1953.4358258581422,2232.4980866950195,2511.560347531897,915.612666997903,1282.996829275063,1650.380991552223,2017.7651538293826,2385.1493161065423,958.5872130314827,1239.7104311855658,1520.833649339649,1801.9568674937318,2083.080085647815
.SPX,2006-09-08,1298.92,15.70619,14.83064,13.54384,13.945744657534249,82.70115158418433,93.14095675043447,992.4138190102119,1240.517273762765,1488.620728515318,1736.724183267871,1984.8276380204238,2232.931092772977,1117.6914810052135,1397.114351256517,1676.5372215078205,1955.9600917591238,2235.382962010427,2514.8058322617308,915.9979742844124,1283.536738829295,1651.0755033741775,2018.61426791906,2386.1530324639425,959.8259171562572,1241.3124079319268,1522.7988987075964,1804.285389483266,2085.7718802589357
.SPX,2006-09-15,1319.87,15.87559,15.06777,13.74575,14.13330106849315,83.13832745743622,93.38724149465249,997.6599294892346,1247.0749118615433,1496.4898942338518,1745.9048766061605,1995.3198589784693,2244.734841350778,1120.6468979358299,1400.8086224197873,1680.9703469037447,1961.1320713877021,2241.2937958716598,2521.455520355617,920.840134358775,1290.3217869682849,1659.8034395777945,2029.285092187304,2398.766744796814,962.3639035453604,1244.5947052106771,1526.825506875994,1809.056308541311,2091.287110206628
.SPX,2006-09-22,1314.78,15.79703,15.05097,13.6857,14.059746575342466,83.22956910254649,93.51377657872007,998.7548292305579,1248.4435365381973,1498.132243845837,1747.8209511534762,1997.5096584611158,2247.198365768755,1122.1653189446408,1402.706648680801,1683.2479784169614,1963.7893081531215,2244.3306378892817,2524.871967625442,921.8507268413514,1291.737873701866,1661.6250205623805,2031.5121674228951,2401.3993142834097,963.6678589410842,1246.2810693556437,1528.894279770203,1811.5074901847624,2094.120700599322
.SPX,2006-09-29,1335.85,16.05123,15.29962,13.92675,14.276549753424655,83.22415166937361,93.56952646626378,998.6898200324833,1248.3622750406041,1498.0347300487251,1747.707185056846,1997.3796400649667,2247.0520950730875,1122.8343175951654,1403.5428969939567,1684.2514763927481,1964.9600557915394,2245.668635190331,2526.377214589122,921.7907233502618,1291.6537941651927,1661.5168649801237,2031.3799357950545,2401.2430066099855,964.2423665348422,1247.0240618002483,1529.8057570656545,1812.5874523310606,2095.3691475964665
.SPX,2006-10-06,1349.58,16.19048,15.43336,14.05852,14.382454904109588,83.35639215143713,93.83516298141676,1000.2767058172456,1250.345882271557,1500.4150587258684,1750.48423518018,2000.553411634491,2250.622588088803,1126.021955777001,1407.5274447212514,1689.0329336655016,1970.538422609752,2252.043911554002,2533.5494004982525,923.2554189605191,1293.7061902181817,1664.1569614758444,2034.607732733507,2405.0585039911693,966.9797746599279,1250.5642648834387,1534.1487551069495,1817.73324533046,2101.317735553971
.SPX,2006-10-13,1365.62,16.33786,15.60452,14.23401,14.530640931506849,83.58622243059985,93.98208973968384,1003.0346691671982,1253.7933364589976,1504.5520037507972,1755.3106710425968,2006.0693383343964,2256.828005626196,1127.7850768762062,1409.7313460952575,1691.6776153143092,1973.6238845333608,2255.5701537524124,2537.5164229714637,925.8010191862664,1297.273197464755,1668.7453757432434,2040.2175540217318,2411.6897323002204,968.4938680880894,1252.522393879073,1536.5509196700566,1820.5794454610402,2104.6079712520236
.SPX,2006-10-20,1368.6,16.8493,15.56454,14.28732,14.539264767123289,81.22592629960889,94.131307319936,974.7111155953066,1218.3888944941332,1462.06667339296,1705.7444522917867,1949.4222311906133,2193.10001008944,1129.575687839232,1411.96960979904,1694.363531758848,1976.757453718656,2259.151375678464,2541.545297638272,899.6583786875033,1260.6409772282607,1621.623575769018,1982.6061743097755,2343.5887728505327,970.0315686423698,1254.5110532219749,1538.9905378015799,1823.4700223811851,2107.94950696079
.SPX,2006-10-27,1377.34,16.79987,15.60949,14.36552,14.58704890410959,81.98515821848622,94.42211437379659,983.8218986218346,1229.7773732772932,1475.732847932752,1721.6883225882107,1967.6437972436693,2213.599271899128,1133.065372485559,1416.3317156069488,1699.5980587283386,1982.8644018497284,2266.130744971118,2549.397088092508,908.0676315985196,1272.4243930876994,1636.781154576879,2001.1379160660588,2365.4946775552385,973.0283614274724,1258.3867102569193,1543.7450590863664,1829.1034079158132,2114.46175674526
.SPX,2006-11-03,1364.3,16.44646,15.42631,14.24697,14.43437197260274,82.95402171652745,94.51744783836241,995.4482605983294,1244.3103257479117,1493.172390897494,1742.0344560470764,1990.8965211966588,2239.758586346241,1134.209374060349,1417.7617175754363,1701.3140610905234,1984.8664046056108,2268.418748120698,2551.9710916357853,918.7987639293733,1287.4613287388397,1656.1238935483061,2024.7864583577723,2393.449023167239,974.0107813344072,1259.6572427550316,1545.303704175656,1830.9501655962806,2116.596627016905
.SPX,2006-11-10,1380.9,16.55546,15.62197,14.42002,14.587963698630135,83.4105485441057,94.66023007238987,1000.9265825292683,1251.1582281615854,1501.3898737939026,1751.6215194262195,2001.8531650585367,2252.084810690854,1135.9227608686783,1419.903451085848,1703.8841413030175,1987.8648315201872,2271.8455217373566,2555.8262119545266,923.8552551783795,1294.546707167475,1665.2381591565702,2035.9296111456654,2406.621063134761,975.4821650683774,1261.5601366581448,1547.638108247912,1833.7160798376792,2119.7940514274464
.SPX,2006-11-17,1401.2,16.76073,15.82452,14.6524,14.793696657534246,83.60017731924565,94.7160153703967,1003.2021278309478,1254.0026597886847,1504.8031917464216,1755.6037237041585,2006.4042556618956,2257.2047876196325,1136.5921844447605,1420.7402305559506,1704.8882766671406,1989.0363227783307,2273.184368889521,2557.332415000711,925.9555835361705,1297.489779845049,1669.0239761539274,2040.558172462806,2412.092368771684,976.0570375701353,1262.303601026689,1548.5501644832425,1834.796727939796,2121.0432913963496
.SPX,2006-11-24,1400.95,16.77039,15.84575,14.63804,14.760465397260274,83.53711511777604,94.9123189747143,1002.4453814133125,1253.0567267666406,1503.6680721199687,1754.279417473297,2004.890762826625,2255.502108179953,1138.9478276965715,1423.6847846207145,1708.4217415448572,1993.1586984690002,2277.895655393143,2562.632612317286,925.2571065779473,1296.5110431422681,1667.7649797065887,2039.0189162709094,2410.27285283523,978.0799638275934,1264.9197873775988,1551.7596109276044,1838.5994344776102,2125.439258027616
.SPX,2006-12-01,1396.71,16.76729,15.79346,14.59582,14.69425616438356,83.2996864728886,95.0514258343606,999.5962376746631,1249.4952970933289,1499.3943565119948,1749.2934159306606,1999.1924753493263,2249.091534767992,1140.6171100123272,1425.771387515409,1710.9256650184907,1996.0799425215725,2281.2342200246544,2566.388497527736,922.6273468516561,1292.8261078937755,1663.0248689358948,2033.2236299780138,2403.422391020133,979.5134724987624,1266.7736986635875,1554.0339248284124,1841.2941509932375,2128.5543771580624
.SPX,2006-12-08,1409.84,16.90458,15.91666,14.72724,14.802189753424658,83.3998833452236,95.24536730613234,1000.7986001426832,1250.998250178354,1501.1979002140247,1751.3975502496955,2001.5972002853664,2251.7968503210373,1142.944407673588,1428.6805095919851,1714.4166115103822,2000.1527134287792,2285.888815347176,2571.624917265573,923.7371274330676,1294.3811813636637,1665.0252352942596,2035.6692892248554,2406.3133431554515,981.5120567683736,1269.358404293871,1557.2047518193683,1845.0510993448656,2132.897446870363
.SPX,2006-12-15,1427.09,17.09439,16.20151,14.92332,14.979350246575343,83.48294381958057,95.27048747166243,1001.7953258349669,1252.2441572937084,1502.6929887524502,1753.141820211192,2003.5906516699338,2254.0394831286753,1143.2458496599493,1429.0573120749366,1714.868774489924,2000.6802369049112,2286.4916993198985,2572.3031617348856,924.6571052664674,1295.670294856518,1666.6834844465684,2037.6966740366188,2408.709863626669,981.7709223282759,1269.6931869099155,1557.6154514915554,1845.537716073195,2133.459980654835
.SPX,2006-12-22,1410.76,16.87556,16.07647,14.74837,14.781117671232876,83.59781838350845,95.4433914524361,1003.1738206021014,1253.9672757526268,1504.760730903152,1755.5541860536775,2006.3476412042028,2257.1410963547282,1145.3206974292332,1431.6508717865415,1717.9810461438499,2004.3112205011582,2290.6413948584664,2576.9715692157747,925.9294559633937,1297.4531687383687,1668.9768815133439,2040.5005942883188,2412.0243070632937,983.552713365389,1271.9975207304308,1560.442328095473,1848.8871354605149,2137.331942825557
.SPX,2006-12-29,1418.3,16.96443,16.21787,14.82695,14.834571479452054,83.60434155465288,95.60774990801337,1003.2520986558345,1254.0651233197932,1504.8781479837517,1755.6911726477103,2006.504197311669,2257.3172219756275,1147.2929988961605,1434.1162486202006,1720.9394983442407,2007.7627480682809,2294.585997792321,2581.409247516361,926.0017066085146,1297.5544095271264,1669.1071124457378,2040.6598153643495,2412.212518282961,985.2464419985351,1274.1879662376984,1563.129490476862,1852.0710147160253,2141.0125389551886
.SPX,2007-01-05,1409.71,16.8015,14.72501,,14.72501,83.90381811147815,95.73575841374641,1006.8458173377378,1258.5572716721722,1510.2687260066066,1761.980180341041,2013.6916346754756,2265.4030890099098,1148.829100964957,1436.036376206196,1723.2436514474355,2010.4509266886746,2297.658201929914,2584.865477171153,929.3187090219378,1302.2023395225394,1675.0859700231408,2047.9696005237422,2420.8532310243436,986.5655811367363,1275.8939670351028,1565.2223529334692,1854.5507388318356,2143.879124730202
.SPX,2007-01-12,1430.73,17.05797,15.00242,,15.00242,83.87457593136814,95.36661418624462,1006.4949111764176,1258.1186389705222,1509.7423667646265,1761.366094558731,2012.9898223528353,2264.61355014694,1144.3993702349353,1430.4992127936694,1716.5990553524032,2002.698897911137,2288.7987404698706,2574.8985830286047,928.9948226282017,1301.748495630699,1674.5021686331959,2047.255841635693,2420.00951463819,982.7615167478102,1270.9742912458344,1559.1870657438583,1847.3998402418824,2135.612614739907
.SPX,2007-01-19,1430.5,17.01147,15.02119,,15.02119,84.09032258823018,95.2321354033868,1009.0838710587622,1261.3548388234526,1513.6258065881432,1765.8967743528337,2018.1677421175243,2270.438709882215,1142.7856248406417,1428.482031050802,1714.1784372609625,1999.8748434711229,2285.5712496812835,2571.2676558914436,931.3844326500537,1305.0969225275135,1678.8094124049733,2052.521902282433,2426.2343921598926,981.3757008232388,1269.182059475956,1556.9884181286732,1844.7947767813903,2132.6011354341076
.SPX,2007-01-26,1422.18,16.87508,14.98226,,14.98226,84.27693379823977,94.92426376260991,1011.3232055788772,1264.1540069735966,1516.9848083683157,1769.8156097630351,2022.6464111577543,2275.4772125524737,1139.0911651513188,1423.8639564391488,1708.6367477269785,1993.4095390148082,2278.1823303026376,2562.9551215904676,933.451338455755,1307.9931620518312,1682.534985647907,2057.076809243983,2431.6186328400586,978.2030559387026,1265.0789784997673,1551.954901060832,1838.8308236218968,2125.7067461829615
.SPX,2007-02-02,1448.39,17.0704,15.28916,13.64484,15.140495452054797,84.84804105351955,95.66331594541256,1018.1764926422346,1272.7206158027932,1527.2647389633519,1781.8088621239106,2036.3529852844692,2290.8971084450277,1147.9597913449506,1434.9497391811885,1721.9396870174262,2008.9296348536639,2295.9195826899013,2582.9095305261394,939.7769225487758,1316.8568493152106,1693.9367760816456,2071.01670284808,2448.096629614515,985.8190550000562,1274.9285084662697,1564.0379619324833,1853.1474153986967,2142.2568688649103
.SPX,2007-02-09,1438.06,16.90136,15.19651,13.61151,15.022811369863014,85.08546057832032,95.72509196812959,1021.0255269398439,1276.2819086748048,1531.5382904097658,1786.7946721447267,2042.0510538796877,2297.3074356146485,1148.701103617555,1435.8763795219438,1723.0516554263327,2010.2269313307213,2297.40220723511,2584.577483139499,942.4065812609849,1320.5416430183188,1698.6767047756525,2076.811766532986,2454.94682829032,986.45566245752,1275.7518126944708,1565.0479629314216,1854.3441131683726,2143.6402634053234
.SPX,2007-02-16,1455.54,17.01098,15.38762,13.7797,15.180572767123287,85.56473524746957,95.8817577128761,1026.7768229696348,1283.4710287120436,1540.1652344544523,1796.859440196861,2053.5536459392697,2310.247851681678,1150.5810925545131,1438.2263656931414,1725.8716388317698,2013.516911970398,2301.1621851090263,2588.8074582476547,947.7150276085506,1327.980072037256,1708.245116465961,2088.510160894666,2468.775205323371,988.070117015263,1277.83973555501,1567.6093540947572,1857.3789726345044,2147.1485911742516
.SPX,2007-02-23,1451.19,16.94924,15.33763,13.77072,15.105813178082192,85.61976820199608,96.06831376053339,1027.437218423953,1284.2965230299412,1541.1558276359294,1798.0151322419176,2054.874436847906,2311.7337414538943,1152.8197651264006,1441.0247064080008,1729.2296476896008,2017.434588971201,2305.6395302528013,2593.8444715344012,948.3245726257546,1328.8341933841539,1709.343814142553,2089.853434900952,2470.363055659351,989.9925938266564,1280.3260138241096,1570.6594338215627,1860.9928538190159,2151.326273816469
.SPX,2007-03-02,1387.17,15.91409,14.67398,13.16389,14.421608794520548,87.1661527614837,96.18691088937676,1045.9938331378044,1307.4922914222554,1568.9907497067065,1830.4892079911576,2091.9876662756087,2353.48612456006,1154.2429306725212,1442.8036633406514,1731.3643960087818,2019.925128676912,2308.4858613450424,2597.0465940131726,965.4523283682302,1352.8343597233163,1740.2163910784025,2127.5984224334884,2514.9804537885743,991.214747881496,1281.9065868900793,1572.5984258986623,1863.2902649072455,2153.9821039158287
.SPX,2007-03-09,1402.85,16.39295,14.82411,13.31635,14.543212246575342,85.57642157146822,96.46080770981976,1026.9170588576185,1283.6463235720232,1540.375588286428,1797.1048530008325,2053.834117715237,2310.563382429642,1157.5296925178372,1446.9121156472963,1736.2945387767556,2025.676961906215,2315.0593850356745,2604.4418081651334,947.8444653358922,1328.1614458864321,1708.4784264369716,2088.7954069875113,2469.112387538051,994.0372791938197,1285.5568770907691,1577.0764749877187,1868.596072884668,2160.1156707816176
.SPX,2007-03-16,1386.95,16.25348,14.67999,13.16274,14.368226301369864,85.33249494877406,96.52896404253937,1023.9899393852886,1279.987424231611,1535.984909077933,1791.9823939242551,2047.9798787705772,2303.9773636168993,1158.3475685104725,1447.9344606380905,1737.5213527657088,2027.1082448933269,2316.695137020945,2606.282029148563,945.1427340058945,1324.375660854312,1703.6085877027292,2082.8415145511462,2462.0744413995635,994.7396363183861,1286.465213277509,1578.1907902366318,1869.9163671957547,2161.6419441548774
.SPX,2007-03-23,1436.11,16.79677,15.20211,13.59454,14.840957287671232,85.49917632973482,96.76666889898091,1025.9901159568178,1282.4876449460223,1538.9851739352268,1795.4827029244314,2051.9802319136356,2308.47776090284,1161.2000267877709,1451.5000334847136,1741.8000401816564,2032.1000468785992,2322.4000535755417,2612.7000602724847,946.9888970203909,1326.9625858492336,1706.9362746780762,2086.9099635069188,2466.8836523357613,997.1892061940514,1289.6331642844668,1582.0771223748825,1874.521080465298,2166.9650385557134
.SPX,2007-03-30,1420.86,16.61644,15.06694,13.46986,14.677515013698631,85.50929079875111,96.80521523390716,1026.1114895850133,1282.6393619812666,1539.16723437752,1795.6951067737732,2052.2229791700265,2308.75085156628,1161.662582806886,1452.0782285086075,1742.4938742103288,2032.9095199120504,2323.325165613772,2613.7408113154934,947.1009248815805,1327.1195642265293,1707.1382035714778,2087.1568429164263,2467.1754822613752,997.5864296343552,1290.146880757795,1582.7073318812352,1875.267783004675,2167.828234128115
.SPX,2007-04-05,1443.76,16.81813,15.3068,13.68065,14.883555479452056,85.84545368599244,97.00370331492543,1030.1454442319093,1287.6818052898866,1545.2181663478639,1802.7545274058411,2060.2908884638186,2317.8272495217957,1164.0444397791052,1455.0555497238815,1746.0666596686578,2037.0777696134342,2328.0888795582105,2619.099989502987,950.8242650992703,1332.3368726646827,1713.849480230095,2095.3620877955073,2476.8746953609198,999.6318671202339,1292.7921801662471,1585.9524932122604,1879.1128062582736,2172.273119304287
.SPX,2007-04-13,1452.85,16.89528,15.37111,13.73765,14.91016101369863,85.99147217447712,97.44026229262057,1031.8976660937255,1289.8720826171568,1547.8464991405883,1805.8209156640196,2063.795332187451,2321.769748710882,1169.283147511447,1461.6039343893085,1753.9247212671703,2046.245508145032,2338.566295022894,2630.8870819007557,952.44156591187,1334.6031058540432,1716.7646457962162,2098.9261857383894,2481.0877256805625,1004.1306465592489,1298.6103088897803,1593.0899712203116,1887.569633550843,2182.0492958813743
.SPX,2007-04-20,1484.35,17.1913,15.67241,14.00393,15.169580410958904,86.34309214544567,97.85043223263224,1036.117105745348,1295.146382181685,1554.175658618022,1813.2049350543589,2072.234211490696,2331.263487927033,1174.205186791587,1467.7564834894836,1761.3077801873803,2054.8590768852773,2348.410373583174,2641.9616702810704,956.3361087925368,1340.0603110101868,1723.7845132278364,2107.5087154454864,2491.232917663136,1008.357484596961,1304.0767444264197,1599.7960042558786,1895.5152640853375,2191.2345239147962
.SPX,2007-04-27,1494.07,17.12985,15.77306,14.0927,15.23442405479452,87.22026170690344,98.07197138705037,1046.6431404828413,1308.3039256035518,1569.964710724262,1831.6254958449722,2093.2862809656826,2354.947066086393,1176.8636566446044,1471.0795708057556,1765.2954849669065,2059.5113991280577,2353.7273132892087,2647.94322745036,966.0516390603515,1353.6741402827788,1741.2966415052058,2128.919142727633,2516.54164395006,1010.6404654626734,1307.0292511518855,1603.4180368410975,1899.8068225303095,2196.1956082195215
.SPX,2007-05-04,1505.62,17.14076,15.89447,14.20493,15.320489287671236,87.83857891948782,98.27492919639377,1054.0629470338538,1317.5786837923172,1581.0944205507808,1844.6101573092442,2108.1258940677076,2371.641630826171,1179.2991503567252,1474.1239379459066,1768.9487255350878,2063.7735131242694,2358.5983007134505,2653.4230883026316,972.9001206515169,1363.2705345699212,1753.6409484883252,2144.0113624067294,2534.381776325133,1012.731963900026,1309.734119727583,1606.7362755551399,1903.7384313826967,2200.7405872102536
.SPX,2007-05-11,1505.85,17.11153,15.88339,14.20255,15.28012961643836,88.0020664429189,98.54955669878656,1056.0247973150267,1320.0309966437835,1584.0371959725403,1848.0433953012969,2112.0495946300534,2376.05579395881,1182.5946803854388,1478.2433504817984,1773.892020578158,2069.540690674518,2365.1893607708776,2660.838030867237,974.7109084992679,1365.807890321859,1756.9048721444499,2148.001853967041,2539.0988357896317,1015.5620249554088,1313.3941479060882,1611.2262708567675,1909.058393807447,2206.8905167581265
.SPX,2007-05-18,1522.75,17.30322,16.06294,14.36964,15.422733424657537,88.00385130628865,98.73411917795713,1056.0462156754638,1320.0577695943298,1584.0693235131957,1848.0808774320617,2112.0924313509277,2376.1039852697936,1184.8094301354854,1481.0117876693569,1777.2141452032283,2073.4165027370996,2369.618860270971,2665.8212178048425,974.7306776463686,1365.835591722202,1756.9405057980352,2148.0454198738685,2539.1503339497017,1017.463957864657,1315.853857398304,1614.2437569319509,1912.6336564655976,2211.0235559992448
.SPX,2007-05-25,1515.73,17.29016,16.00123,14.31077,15.329677397260271,87.66431311219792,98.87553147536504,1051.971757346375,1314.9646966829687,1577.9576360195624,1840.9505753561562,2103.94351469275,2366.9364540293436,1186.5063777043804,1483.1329721304755,1779.7595665565707,2076.386160982666,2373.0127554087608,2669.639349834856,970.9699525292255,1360.5658979150053,1750.161843300785,2139.7577886865647,2529.3537340723447,1018.9212242788341,1317.738493819604,1616.555763360374,1915.3730329011437,2214.1903024419134
.SPX,2007-06-01,1536.34,17.06125,16.08966,14.48185,15.42010624657534,90.04850172173785,99.63225774408697,1080.5820206608541,1350.7275258260677,1620.8730309912812,1891.0185361564947,2161.1640413217083,2431.309546486922,1195.5870929290436,1494.4838661613046,1793.3806393935654,2092.2774126258264,2391.174185858087,2690.0709590903484,997.377226125984,1397.5689337134581,1797.760641300932,2197.952348888406,2598.14405647588,1026.7193563815395,1327.8235706702685,1628.9277849589978,1930.0319992477268,2231.136213536456
.SPX,2007-06-08,1507.67,16.69816,15.73512,14.18402,15.059435342465754,90.28958879301672,100.11464345867977,1083.4750655162006,1354.3438318952508,1625.212598274301,1896.081364653351,2166.9501310324013,2437.8188974114514,1201.3757215041571,1501.7196518801966,1802.0635822562358,2102.407512632275,2402.7514430083143,2703.0953733843535,1000.047506583842,1401.3106483971792,1802.573790210516,2203.836932023853,2605.10007383719,1031.6903844564679,1334.252443572418,1636.8145026883683,1939.3765618043185,2241.9386209202685
.SPX,2007-06-15,1532.91,16.95274,16.00171,14.4275,15.28576791780822,90.4225511628209,100.28347991690556,1085.0706139538506,1356.3382674423135,1627.6059209307762,1898.8735744192388,2170.1412279077012,2441.4088813961644,1203.4017590028668,1504.2521987535833,1805.1026385043,2105.953078255017,2406.8035180057336,2707.6539577564504,1001.5201978228836,1403.3742482776686,1805.2282987324536,2207.0823491872384,2608.9363996420234,1033.430259308733,1336.5025685208714,1639.5748777330098,1942.6471869451482,2245.7194961572864
.SPX,2007-06-22,1502.56,16.60265,15.65848,14.10799,14.923590219178084,90.5012151674582,100.68354718485116,1086.0145820094983,1357.518227511873,1629.0218730142476,1900.5255185166222,2172.0291640189967,2443.5328095213713,1208.202566218214,1510.2532077727674,1812.303849327321,2114.3544908818744,2416.405132436428,2718.4557739909815,1002.3914803566404,1404.5951277701704,1806.7987751837004,2209.0024225972306,2611.2060700107604,1037.5529884042583,1341.8343632654642,1646.1157381266698,1950.3971129878755,2254.678487849081
.SPX,2007-06-29,1503.35,16.59992,15.66806,14.12207,14.90565397260274,90.56368946356368,100.8577015650051,1086.7642735627642,1358.4553419534552,1630.1464103441463,1901.8374787348373,2173.5285471255283,2445.219615516219,1210.2924187800613,1512.8655234750765,1815.4386281700918,2118.011732865107,2420.5848375601227,2723.1579422551376,1003.083445674913,1405.5647400760192,1808.0460344771252,2210.527328878231,2613.0086232793374,1039.3476649191875,1344.1553614656439,1648.9630580121002,1953.7707545585565,2258.578451105013
.SPX,2007-07-06,1530.44,16.82169,15.8976,14.32032,15.089514082191782,90.98015716613492,101.42407447077319,1091.761885993619,1364.7023574920238,1637.6428289904284,1910.5833004888332,2183.523771987238,2456.464243485643,1217.0888936492784,1521.361117061598,1825.6333404739175,2129.905563886237,2434.1777872985567,2738.450010710876,1007.6962420459746,1412.0283936835735,1816.3605453211724,2220.692696958771,2625.0248485963702,1045.184188535623,1351.703552293554,1658.2229160514846,1964.7422798094153,2271.2616435673463
.SPX,2007-07-13,1552.5,17.07175,16.13014,14.5462,15.28826504109589,90.93971034018188,101.54847497912779,1091.2765240821825,1364.0956551027282,1636.9147861232736,1909.7339171438193,2182.553048164365,2455.3721791849107,1218.5816997495335,1523.2271246869168,1827.8725496243003,2132.517974561684,2437.163399499067,2741.8088244364503,1007.248252992261,1411.4006516741179,1815.5530503559744,2219.705449037831,2623.8578477196875,1046.4661469370822,1353.361468423698,1660.2567899103137,1967.1521113969295,2274.0474328835453
.SPX,2007-07-20,1534.1,16.84391,15.92304,14.40088,15.084809424657536,91.07742798435754,101.69833484885594,1092.9291358122905,1366.161419765363,1639.3937037184357,1912.6259876715085,2185.858271624581,2459.0905555776535,1220.3800181862712,1525.475022732839,1830.5700272794068,2135.6650318259744,2440.7600363725423,2745.8550409191103,1008.7736136513532,1413.5380542676542,1818.3024948839552,2223.066935500256,2627.831376116557,1048.0104663420475,1355.3586877162058,1662.7069090903642,1970.0551304645226,2277.403351838681
.SPX,2007-07-27,1458.95,16.00228,15.11514,13.61462,14.260049150684932,91.1713830779114,102.31030654827192,1094.0565969349368,1367.5707461686711,1641.0848954024052,1914.5990446361393,2188.1131938698736,2461.627343103608,1227.7236785792632,1534.6545982240789,1841.5855178688946,2148.5164375137106,2455.4473571585263,2762.378276803342,1009.8142602895252,1414.9962542088458,1820.178248128166,2225.3602420474863,2630.542235966807,1054.3168896187535,1363.5145848670552,1672.7122801153569,1981.9099753636583,2291.1076706119597
.SPX,2007-08-03,1433.06,15.64844,14.80284,13.3562,13.950709589041097,91.57845766095534,102.72309023805731,1098.941491931464,1373.67686491433,1648.412237897196,1923.147610880062,2197.882983862928,2472.618356845794,1232.6770828566878,1540.8463535708597,1849.0156242850317,2157.1848949992036,2465.3541657133756,2773.5234364275475,1014.323018466506,1421.3141249128423,1828.3052313591786,2235.296337805515,2642.2874442518514,1058.5706625824241,1369.0158544889193,1679.4610463954145,1989.9062383019095,2300.3514302084045
.SPX,2007-08-10,1453.64,15.91243,15.02379,13.55275,14.129075260273972,91.35248356159305,102.88288321933767,1096.2298027391166,1370.2872534238957,1644.344704108675,1918.402154793454,2192.4596054782332,2466.517056163012,1234.594598632052,1543.2432482900651,1851.8918979480782,2160.540547606091,2469.189197264104,2777.837846922117,1011.8201292891298,1417.8069662699531,1823.7938032507766,2229.7806402315996,2635.767477212423,1060.2173435932657,1371.1454547988583,1682.073566004451,1993.0016772100437,2303.9297884156363
.SPX,2007-08-17,1445.94,15.84474,14.96394,13.48704,14.03733698630137,91.256783008115,103.0067171152941,1095.0813960973799,1368.851745121725,1642.62209414607,1916.392443170415,2190.1627921947597,2463.933141219105,1236.080605383529,1545.1007567294114,1854.1209080752938,2163.141059421176,2472.161210767058,2781.1813621129404,1010.7601499364292,1416.3216764769768,1821.8832030175242,2227.4447295580717,2633.0062560986194,1061.4934630031175,1372.7958195464005,1684.0981760896832,1995.4005326329661,2306.702889176249
.SPX,2007-08-24,1479.37,16.2138,15.34356,13.81029,14.352185424657534,91.24141163700058,103.07628812113818,1094.896939644007,1368.6211745550088,1642.3454094660106,1916.0696443770123,2189.793879288014,2463.5181141990156,1236.915457453658,1546.1443218170728,1855.3731861804872,2164.602050543902,2473.830914907316,2783.059779270731,1010.5898966263717,1416.0831100341452,1821.5763234419185,2227.0695368496918,2632.562750257465,1062.210398461175,1373.7230094293427,1685.2356203975103,1996.748231365678,2308.2608423338456
.SPX,2007-08-31,1473.99,16.56707,15.31236,13.77015,14.285628410958903,88.97107334006556,103.17992023852877,1067.6528800807866,1334.5661001009835,1601.47932012118,1868.3925401413767,2135.3057601615733,2402.21898018177,1238.1590428623451,1547.6988035779316,1857.2385642935178,2166.7783250091043,2476.3180857246903,2785.8578464402767,985.4436291186469,1380.8470515528927,1776.2504739871385,2171.653896421384,2567.05731885563,1063.2783367301342,1375.104140111969,1686.9299434938036,1998.7557468756386,2310.5815502574733
.SPX,2007-09-07,1453.55,16.34012,15.11376,13.58893,14.069355890410955,88.95589506074619,103.31318727893398,1067.4707407289543,1334.3384259111929,1601.2061110934314,1868.07379627567,2134.9414814579086,2401.809166640147,1239.7582473472078,1549.6978091840097,1859.6373710208118,2169.5769328576134,2479.5164946944155,2789.4560565312177,985.2755144933564,1380.61148192943,1775.9474493655034,2171.283416801577,2566.61938423765,1064.651665539998,1376.880222692553,1689.1087798451078,2001.3373369976628,2313.5658941502174
.SPX,2007-09-14,1484.25,16.69437,15.45447,13.89375,14.355552082191782,88.90721842153972,103.39205287975153,1066.8866210584767,1333.6082763230959,1600.329931587715,1867.0515868523341,2133.7732421169535,2400.4948973815726,1240.7046345570184,1550.8807931962729,1861.0569518355276,2171.2331104747823,2481.4092691140368,2791.5854277532912,984.7363720261236,1379.8560117389015,1774.9756514516791,2170.0952911644567,2565.2149308772346,1065.4643826332913,1377.9312839256486,1690.398185218006,2002.8650865103632,2315.3319878027205
.SPX,2007-09-21,1525.75,17.16373,15.90446,14.30607,14.748364219178082,88.89384766597937,103.45215085046422,1066.7261719917524,1333.4077149896905,1600.0892579876286,1866.7708009855667,2133.4523439835048,2400.1338869814426,1241.4258102055705,1551.7822627569633,1862.138715308356,2172.4951678597486,2482.851620411141,2793.208072962534,984.5882775344105,1379.6484952090964,1774.7087128837823,2169.768930558468,2564.829148233154,1066.0836976142734,1378.732224342624,1691.3807510709748,2004.0292777993257,2316.6778045276765
.SPX,2007-09-28,1526.75,17.14948,15.9086,14.29511,14.710638931506848,89.02602294646834,103.7854308781958,1068.3122753576201,1335.3903441970251,1602.4684130364303,1869.5464818758353,2136.6245507152403,2403.7026195546455,1245.4251705383494,1556.781463172937,1868.1377558075244,2179.4940484421118,2490.850341076699,2802.2066337112865,986.052250972013,1381.699879321928,1777.347507671843,2172.995136021758,2568.642764371673,1069.5181782063555,1383.173929132576,1696.8296800587966,2010.485430985017,2324.1411819112377
.SPX,2007-10-05,1557.59,17.46031,16.32119,14.60492,15.014003534246577,89.2074653886443,103.7424825728311,1070.4895846637314,1338.1119808296644,1605.7343769955974,1873.35677316153,2140.979169327463,2408.601565493396,1244.9097908739732,1556.1372385924665,1867.3646863109598,2178.592134029453,2489.8195817479464,2801.0470294664397,988.0619075039805,1384.5158986403371,1780.9698897766937,2177.42388091305,2573.8778720494065,1069.07559206568,1382.6015465180008,1696.1275009703213,2009.6534554226419,2323.1794098749624
.SPX,2007-10-12,1561.8,17.49289,16.42717,14.69696,15.07618410958904,89.28198828209632,103.5938529701713,1071.3838593851558,1339.2298242314448,1607.0757890777338,1874.9217539240228,2142.7677187703116,2410.6136836166006,1243.1262356420557,1553.9077945525694,1864.6893534630833,2175.4709123735975,2486.2524712841114,2797.034030194625,988.8873230892807,1385.6725073428431,1782.4576915964053,2179.2428758499677,2576.0280601035297,1067.54395067325,1380.6207232968914,1693.697495920533,2006.7742685441742,2319.8510411678158
.SPX,2007-10-19,1500.63,16.99806,15.81245,14.14135,14.475569999999998,88.28242752408217,103.66638412166155,1059.389130288986,1324.2364128612326,1589.083695433479,1853.9309780057256,2118.778260577972,2383.6255431502186,1243.9966094599386,1554.9957618249232,1865.9949141899078,2176.9940665548925,2487.993218919877,2798.9923712848617,977.8161878997889,1370.1591446988266,1762.5021014978643,2154.8450582969017,2547.1880150959396,1068.2913906978147,1381.5873637679324,1694.88333683805,2008.1793099081674,2321.475282978285
.SPX,2007-10-26,1535.28,17.49005,16.0936,14.49978,14.787977589041096,87.78019502517145,103.8194702930675,1053.3623403020574,1316.7029253775718,1580.0435104530861,1843.3840955286005,2106.724680604115,2370.065265679629,1245.8336435168098,1557.2920543960124,1868.750465275215,2180.2088761544173,2491.6672870336197,2803.1256979128225,972.253460624417,1362.3644060351244,1752.4753514458316,2142.586296856539,2532.697242267246,1069.8689574310765,1383.6275807753457,1697.386204119615,2011.1448274638844,2324.9034508081536
.SPX,2007-11-02,1509.65,17.11141,15.85432,14.25879,14.516697589041096,88.22475763248032,103.9940379511426,1058.6970915897639,1323.3713644872048,1588.0456373846457,1852.7199102820866,2117.3941831795278,2382.0684560769687,1247.9284554137112,1559.910569267139,1871.8926831205667,2183.8747969739948,2495.8569108274223,2807.8390246808503,977.177436166922,1369.2640976145074,1761.3507590620927,2153.437420509678,2545.524081957263,1071.667892812068,1385.9540868318904,1700.2402808517127,2014.5264748715351,2328.8126688913576
.SPX,2007-11-09,1453.7,16.55704,15.45623,13.79718,14.033537808219178,87.79951005735325,103.5875642953408,1053.594120688239,1316.9926508602987,1580.3911810323584,1843.7897112044182,2107.188241376478,2370.5867715485374,1243.0507715440895,1553.813464430112,1864.5761573161344,2175.3388502021567,2486.101543088179,2796.8642359742016,972.4673939253789,1362.6641788066288,1752.8609636878787,2143.0577485691283,2533.254533450378,1067.4791453148182,1380.5369125827985,1693.5946798507787,2006.652447118759,2319.710214386739
.SPX,2007-11-16,1458.74,16.60514,15.6844,13.8696,14.093342465753423,87.84870226929735,103.50560937156766,1054.1844272315682,1317.7305340394603,1581.2766408473522,1844.8227476552443,2108.3688544631364,2371.9149612710285,1242.067312458812,1552.5841405735148,1863.1009686882178,2173.617796802921,2484.134624917624,2794.6514530323266,973.0122468763744,1363.4276507787242,1753.843054681074,2144.2584585834234,2534.673862485773,1066.6345924712523,1379.444679183873,1692.2547658964934,2005.0648526091138,2317.8749393217345
.SPX,2007-11-23,1440.7,16.40562,15.51911,13.72811,13.914570273972602,87.81746742884451,103.53895029693079,1053.809609146134,1317.2620114326676,1580.7144137192013,1844.1668160057347,2107.619218292268,2371.0716205788017,1242.4674035631695,1553.0842544539619,1863.7011053447543,2174.3179562355467,2484.934807126339,2795.5516580171316,972.6662897762152,1362.942880440165,1753.219471104115,2143.496061768065,2533.7726524320146,1066.9781736989098,1379.8890218853987,1692.7998700718877,2005.7107182583763,2318.621566444865
.SPX,2007-11-30,1481.14,16.84882,15.98648,14.11674,14.275539835616438,87.90763982284814,103.75369457515455,1054.8916778741777,1318.6145973427222,1582.3375168112666,1846.060436279811,2109.7833557483555,2373.5062752168997,1245.0443349018547,1556.3054186273184,1867.566502352782,2178.8275860782455,2490.0886698037093,2801.349753529173,973.6650392332843,1364.3423722043642,1755.019705175444,2145.697038146524,2536.3743711176035,1069.191132755713,1382.7509716268619,1696.3108104980108,2009.8706493691598,2323.4304882403085
.SPX,2007-12-07,1504.66,17.08838,16.31061,14.40529,14.530571315068494,88.05164679156245,103.55133100923825,1056.6197614987493,1320.7747018734367,1584.929642248124,1849.0845826228115,2113.2395229974986,2377.3944633721862,1242.615972110859,1553.2699651385738,1863.9239581662887,2174.577951194003,2485.231944221718,2795.885937249433,975.2600604524372,1366.5773862453007,1757.8947120381638,2149.212037831027,2540.5293636238903,1067.1057580502002,1380.0540226792757,1693.0022873083515,2005.950551937427,2318.898816566503
.SPX,2007-12-14,1467.95,16.67281,16.042,14.15455,14.242458630136989,88.04454678005688,103.06858093263641,1056.5345613606826,1320.6682017008532,1584.8018420410237,1848.9354823811943,2113.069122721365,2377.2027630615357,1236.822971191637,1546.028713989546,1855.2344567874554,2164.4401995853646,2473.645942383274,2782.851685181183,975.1814207233413,1366.467192790446,1757.7529648575508,2149.0387369246555,2540.32450899176,1062.130975192073,1373.6202938351369,1685.1096124782007,1996.5989311212647,2308.0882497643283
.SPX,2007-12-21,1484.46,17.02988,16.3599,14.36892,14.423467397260271,87.16796595160977,102.91977366565631,1046.0155914193174,1307.5194892741465,1569.0233871289759,1830.5272849838052,2092.031182838635,2353.535080693464,1235.0372839878758,1543.7966049848446,1852.5559259818135,2161.3152469787824,2470.0745679757515,2778.83388897272,965.4724112624905,1352.8625007600094,1740.2525902575283,2127.642679755047,2515.032769252566,1060.5975029528797,1371.6371028379929,1682.676702723106,1993.7163026082192,2304.7559024933325
.SPX,2007-12-28,1478.49,16.96639,16.24667,14.33206,14.347796520547943,87.14228542430062,103.04648507403954,1045.7074250916075,1307.1342813645094,1568.5611376374113,1829.9879939103132,2091.414850183215,2352.8417064561168,1236.5578208884745,1545.697276110593,1854.8367313327117,2163.9761865548303,2473.115641776949,2782.2550969990675,965.1879737360096,1352.463934359876,1739.7398949837425,2127.015855607609,2514.291816231475,1061.9032753864985,1373.3258169004228,1684.7483584143472,1996.1708999282714,2307.593441442196
.SPX,2008-01-04,1411.63,16.20718,13.69788,,13.69788,87.09905116127544,103.05463327171798,1045.1886139353053,1306.4857674191317,1567.7829209029578,1829.0800743867842,2090.3772278706106,2351.6743813544367,1236.6555992606156,1545.8194990757697,1854.9833988909236,2164.1472987060774,2473.3111985212313,2782.475098336385,964.7091110286331,1351.7929308259947,1738.8767506233564,2125.960570420718,2513.0443902180796,1061.9872432947393,1373.4344099322468,1684.8815765697545,1996.328743207262,2307.7759098447696
.SPX,2008-01-11,1401.02,16.07533,13.61691,,13.61691,87.15342080069273,102.88824703989377,1045.8410496083127,1307.301312010391,1568.7615744124691,1830.2218368145473,2091.6820992166254,2353.1423616187035,1234.6589644787252,1543.3237055984066,1851.9884467180877,2160.653187837769,2469.3179289574505,2777.982670077132,965.3113091675323,1352.636757403161,1739.9622056387898,2127.2876538744185,2514.6131021100473,1060.2726182454094,1371.2169397528733,1682.161261260337,1993.1055827678008,2304.0499042752645
.SPX,2008-01-18,1325.19,15.59263,12.99968,,12.99968,84.98822841303873,101.9402016049626,1019.8587409564648,1274.8234261955809,1529.7881114346972,1784.7527966738132,2039.7174819129295,2294.6821671520456,1223.2824192595513,1529.103024074439,1834.9236288893267,2140.7442337042144,2446.5648385191025,2752.38544333399,941.3296377755902,1319.032582334831,1696.7355268940717,2074.4384714533126,2452.1414160125532,1050.5029249672225,1358.5821053822483,1666.6612857972739,1974.7404662122995,2282.8196466273253
.SPX,2008-01-25,1330.61,15.64991,13.09227,,13.09227,85.02349214787816,101.63325382076599,1020.2819057745379,1275.3523822181724,1530.422858661807,1785.4933351054412,2040.5638115490758,2295.63428799271,1219.599045849192,1524.4988073114898,1829.3985687737877,2134.298330236086,2439.198091698384,2744.0978531606816,941.7202189109174,1319.5798818384985,1697.4395447660793,2075.2992076936603,2453.158870621241,1047.3398005076467,1354.491336869623,1661.6428732315992,1968.7944095935754,2275.945945955552
.SPX,2008-02-01,1395.42,16.41265,13.77252,12.3136,13.644964153005466,85.02100513932851,102.2663001787837,1020.2520616719421,1275.3150770899276,1530.3780925079132,1785.4411079258987,2040.5041233438842,2295.5671387618695,1227.1956021454043,1533.9945026817554,1840.7934032181065,2147.5923037544576,2454.3912042908087,2761.1901048271598,941.69267280364,1319.5412830187468,1697.3898932338532,2075.23850344896,2453.0871136640662,1053.8634000323418,1362.9281011720236,1671.9928023117054,1981.057503451387,2290.122204591069
.SPX,2008-02-08,1331.29,15.6625,13.17818,11.74669,13.025644180327866,84.99856344772546,102.20530989251161,1019.9827613727055,1274.9784517158819,1529.9741420590583,1784.9698324022347,2039.965522745411,2294.9612130885876,1226.4637187101393,1533.079648387674,1839.695578065209,2146.3115077427437,2452.9274374202787,2759.543367097813,941.4441086221971,1319.1929839309805,1696.9418592397635,2074.690734548547,2452.43960985733,1053.23488965945,1362.115268646417,1670.9956476333844,1979.8760266203515,2288.756405607319
.SPX,2008-02-15,1349.99,15.87062,13.40062,12.02191,13.22733950819672,85.06220928987021,102.06058438005904,1020.7465114784425,1275.9331393480531,1531.1197672176638,1786.3063950872745,2041.493022956885,2296.6796508264956,1224.7270125607085,1530.9087657008856,1837.0905188410627,2143.27227198124,2449.454025121417,2755.635778261594,942.1490499846747,1320.1807788419542,1698.2125076992334,2076.2442365565125,2454.275965413792,1051.743480266932,1360.1864761944237,1668.6294721219153,1977.072468049407,2285.515463976899
.SPX,2008-02-22,1353.11,15.86517,13.45479,12.07006,13.254268989071036,85.28808704854721,102.08861772125816,1023.4570445825666,1279.3213057282082,1535.18556687385,1791.0498280194915,2046.9140891651332,2302.778350310775,1225.0634126550979,1531.3292658188725,1837.595118982647,2143.8609721464213,2450.1268253101957,2756.39267847397,944.650872092598,1323.6864422600895,1702.722012427581,2081.757582595072,2460.7931527625638,1052.0323663635124,1360.5600834181448,1669.0878004727772,1977.6155175274096,2286.1432345820417
.SPX,2008-02-29,1330.63,15.7918,13.28424,11.82695,13.04534,84.26081890601452,102.00040780845882,1011.1298268721742,1263.9122835902178,1516.6947403082613,1769.477197026305,2022.2596537443485,2275.042110462392,1224.0048937015058,1530.0061171268821,1836.0073405522587,2142.0085639776353,2448.0097874030116,2754.011010828388,933.2728499057001,1307.7430560277048,1682.2132621497096,2056.683468271714,2431.1536743937186,1051.123355296751,1359.384488244114,1667.6456211914772,1975.9067541388404,2284.1678870862033
.SPX,2008-03-07,1293.37,15.37015,12.94891,11.4825,12.680468825136613,84.14817031714068,101.9970174475048,1009.7780438056882,1262.2225547571102,1514.6670657085324,1767.1115766599544,2019.5560876113764,2272.0005985627986,1223.9642093700577,1529.955261712572,1835.9463140550865,2141.9373663976007,2447.9284187401154,2753.9194710826296,932.0251541089929,1305.994729678831,1679.9643052486688,2053.9338808185066,2427.9034563883447,1051.0884173228917,1359.3393040709382,1667.5901908189846,1975.841077567031,2284.0919643150773
.SPX,2008-03-14,1288.14,15.31986,12.9837,11.49987,12.683690655737706,84.08301381344216,101.55876826097818,1008.996165761306,1261.2452072016324,1513.494248641959,1765.7432900822855,2017.992331522612,2270.2413729629384,1218.7052191317382,1523.3815239146727,1828.0578286976074,2132.734133480542,2437.4104382634764,2742.086743046411,931.3034806587926,1304.9834890289885,1678.663497399184,2052.34350576938,2426.0235141395756,1046.5722201302003,1353.498649519158,1660.425078908116,1967.3515082970737,2274.2779376860317
.SPX,2008-03-20,1329.51,15.84322,13.40446,11.89923,13.075447978142076,83.91665330658793,101.67988142528739,1006.9998396790552,1258.749799598819,1510.4997595185828,1762.2497194383466,2013.9996793581104,2265.749639277874,1220.1585771034488,1525.1982213793108,1830.237865655173,2135.277509931035,2440.3171542068976,2745.3567984827596,929.4608716459751,1302.4015440578798,1675.3422164697845,2048.2828888816894,2421.223561293594,1047.8203021562874,1355.1127544077706,1662.4052066592537,1969.6976589107367,2276.99011116222
.SPX,2008-03-28,1315.22,15.55332,13.20645,11.65334,12.83302464480874,84.56200991171018,102.48714051461262,1014.7441189405222,1268.4301486756526,1522.1161784107833,1775.8022081459137,2029.4882378810444,2283.174267616175,1229.8456861753514,1537.3071077191894,1844.7685292630272,2152.229950806865,2459.6913723507027,2767.1527938945405,936.6088415552126,1312.4175945777733,1688.2263476003338,2064.0351006228943,2439.843853645455,1056.1391795097852,1365.871294570507,1675.6034096312285,1985.33552469195,2295.0676397526713
.SPX,2008-04-04,1370.4,16.18535,13.98255,12.27846,13.540231557377052,84.6691606916131,101.20949513993891,1016.0299282993572,1270.0374103741965,1524.0448924490358,1778.0523745238752,2032.0598565987143,2286.067338673554,1214.513941679267,1518.1424270990835,1821.7709125189003,2125.399397938717,2429.027883358534,2732.6563687783505,937.7956436184725,1314.0805939431402,1690.3655442678078,2066.6504945924753,2442.9354449171433,1042.9729292764698,1348.8438008464645,1654.7146724164595,1960.5855439864545,2266.4564155564494
.SPX,2008-04-11,1332.83,15.77606,13.6414,11.89933,13.155905081967214,84.48433892873125,101.31039952750257,1013.812067144775,1267.2650839309688,1520.7181007171625,1774.1711175033563,2027.62413428955,2281.0771510757436,1215.7247943300308,1519.6559929125385,1823.5871914950462,2127.5183900775537,2431.4495886600616,2735.3807872425696,935.7485577295762,1311.2121269599136,1686.6756961902508,2062.139265420588,2437.602834650925,1044.0127580447943,1350.1885784037013,1656.3643987626083,1962.5402191215155,2268.7160394804223
.SPX,2008-04-18,1390.33,16.41821,14.34546,12.50082,13.7961,84.68219129856422,100.77703118997398,1016.1862955827706,1270.2328694784633,1524.279443374156,1778.3260172698485,2032.3725911655413,2286.419165061234,1209.3243742796878,1511.6554678496097,1813.9865614195317,2116.317654989454,2418.6487485593757,2720.9798421292976,937.93997062411,1314.2828313053851,1690.6256919866603,2066.9685526679355,2443.3114133492104,1038.516349465675,1343.0802475633145,1647.644145660954,1952.2080437585935,2256.7719418562333
.SPX,2008-04-25,1397.84,16.58838,14.50042,12.59963,13.897983825136611,84.26621526634909,100.57861755974952,1011.1945831961891,1263.9932289952364,1516.7918747942836,1769.590520593331,2022.3891663923782,2275.1878121914256,1206.943410716994,1508.6792633962427,1810.4151160754914,2112.15096875474,2413.886821433988,2715.622674113237,933.3326199940277,1307.8268085101397,1682.3209970262515,2056.815185542363,2431.309374058475,1036.4716792019071,1340.435940378878,1644.4002015558492,1948.3644627328204,2252.3287239097913
.SPX,2008-05-02,1413.9,16.73239,14.65886,12.75401,14.018705491803278,84.50077962562432,100.85809997411715,1014.0093555074918,1267.5116943843648,1521.0140332612377,1774.5163721381107,2028.0187110149836,2281.521049891857,1210.2971996894057,1512.8714996117574,1815.4457995341088,2118.0200994564602,2420.5943993788114,2723.168699301163,935.9306548922082,1311.4672895310507,1687.0039241698928,2062.540558808735,2438.0771934475774,1039.3517705608376,1344.1606711617376,1648.9695717626373,1953.778472363537,2258.587372964437
.SPX,2008-05-09,1388.28,16.37275,14.38337,12.50462,13.716054426229508,84.79210883938251,101.21569635544476,1017.5053060725901,1271.8816325907376,1526.2579591088852,1780.6342856270326,2035.0106121451802,2289.386938663328,1214.588356265337,1518.2354453316714,1821.8825343980056,2125.52962346434,2429.176712530674,2732.8238015970087,939.1574173319153,1315.9887712975076,1692.8201252630997,2069.651479228692,2446.482833194284,1043.036833358713,1348.9264459686563,1654.8160585785995,1960.7056711885425,2266.595283798486
.SPX,2008-05-16,1425.35,16.81964,14.87525,12.87664,14.127136420765028,84.74319307666514,100.8944741203832,1016.9183169199816,1271.147896149977,1525.3774753799726,1779.607054609968,2033.8366338399633,2288.066213069959,1210.7336894445984,1513.417111805748,1816.1005341668974,2118.783956528047,2421.467378889197,2724.1508012503464,938.6156263326197,1315.2295898671052,1691.8435534015907,2068.457516936076,2445.0714804705613,1039.7266094020806,1344.6454383432574,1649.5642672844342,1954.483096225611,2259.401925166788
.SPX,2008-05-23,1375.93,16.26685,14.38849,12.41961,13.613848688524593,84.58490734223282,101.06840699351986,1015.0188881067938,1268.7736101334924,1522.5283321601908,1776.2830541868893,2030.0377762135877,2283.7924982402865,1212.8208839222384,1516.026104902798,1819.2313258833574,2122.436546863917,2425.641767844477,2728.846988825036,936.8624535010356,1312.7729668154948,1688.6834801299538,2064.5939934444127,2440.5045067588717,1041.5190032673202,1346.9634844650113,1652.4079656627023,1957.8524468603935,2263.2969280580846
.SPX,2008-05-30,1400.38,16.57431,14.63325,12.64427,13.812659890710382,84.49099841863703,101.3838037771289,1013.8919810236443,1267.3649762795555,1520.8379715354665,1774.3109667913777,2027.7839620472887,2281.2569573032,1216.605645325547,1520.7570566569336,1824.9084679883204,2129.059879319707,2433.211290651094,2737.3627019824803,935.8223182413299,1311.315483440352,1686.8086486393738,2062.301813838396,2437.7949790374178,1044.7691954239974,1351.1668548680525,1657.5645143121078,1963.9621737561629,2270.359833200218
.SPX,2008-06-06,1360.68,16.13928,14.15309,12.2414,13.327824918032784,84.30859369191191,102.09317787173028,1011.7031243029429,1264.6289053786786,1517.5546864544144,1770.48046753015,2023.4062486058858,2276.3320296816214,1225.1181344607633,1531.3976680759542,1837.677201691145,2143.9567353063358,2450.2362689215265,2756.5158025367173,933.8020034454707,1308.4845292927607,1683.1670551400505,2057.8495809873402,2432.53210683463,1052.0793591233248,1360.6208576635527,1669.1623562037805,1977.7038547440084,2286.245353284236
.SPX,2008-06-13,1360.03,16.1247,14.13343,12.20678,13.264858278688523,84.344514936712,102.52879988812546,1012.134179240544,1265.1677240506801,1518.201268860816,1771.234813670952,2024.268358481088,2277.301903291224,1230.3455986575054,1537.931998321882,1845.5183979862584,2153.1047976506347,2460.691197315011,2768.2775969793875,934.1998671612761,1309.0420334692105,1683.884199777145,2058.7263660850795,2433.568532393014,1056.5684830920673,1366.4264992737044,1676.2845154553418,1986.142531636979,2296.0005478186163
.SPX,2008-06-20,1317.93,15.78455,13.72824,11.84615,12.843760546448086,83.49493650436662,102.61247048587111,1001.9392380523994,1252.4240475654992,1502.908857078599,1753.393666591699,2003.878476104799,2254.363285617899,1231.3496458304535,1539.1870572880666,1847.02446874568,2154.8618802032934,2462.699291660907,2770.53670311852,924.7899362459619,1295.8564234801856,1666.922910714409,2037.9893979486326,2409.055885182856,1057.4307161098727,1367.5415978810663,1677.6524796522597,1987.7633614234533,2297.8742431946466
.SPX,2008-06-27,1278.38,15.34174,13.16724,11.46122,12.332875027322403,83.32692380394923,103.65628429444564,999.9230856473907,1249.9038570592384,1499.8846284710862,1749.8653998829338,1999.8461712947815,2249.8269427066293,1243.8754115333477,1554.8442644166846,1865.8131173000215,2176.7819701833587,2487.7508230666954,2798.719675950032,922.9290275368525,1293.2488361679807,1663.568644799109,2033.8884534302372,2404.208262061365,1068.1873110720642,1381.4527608899023,1694.7182107077404,2007.9836605255784,2321.2491103434168
.SPX,2008-07-03,1262.9,15.16331,13.0347,11.34998,12.183133879781424,83.28656474081188,103.65969975064064,999.4387768897426,1249.2984711121783,1499.1581653346138,1749.0178595570496,1998.8775537794852,2248.7372480019208,1243.9163970076877,1554.8954962596097,1865.8745955115314,2176.8536947634534,2487.8327940153754,2798.8118932672974,922.4820105441062,1292.6224562532007,1662.7629019622952,2032.9033476713896,2403.043793380484,1068.2225076546338,1381.4982795135188,1694.7740513724038,2008.0498232312889,2321.325595090174
.SPX,2008-07-11,1239.49,14.92305,12.9051,11.13259,12.18024980874317,83.0587580956976,101.76228069725425,996.7050971483711,1245.881371435464,1495.0576457225568,1744.2339200096496,1993.4101942967422,2242.586468583835,1221.147368367051,1526.4342104588138,1831.7210525505766,2137.007894642339,2442.294736734102,2747.581578825865,919.9588240895523,1289.0868561708248,1658.2148882520971,2027.3429203333692,2396.4709524146415,1048.6694340478625,1356.2109097442149,1663.7523854405674,1971.29386113692,2278.8353368332723
.SPX,2008-07-18,1260.68,15.15457,13.10171,11.41016,12.177365737704918,83.18810761374293,103.52649556188841,998.2572913649151,1247.821614206144,1497.3859370473726,1746.9502598886015,1996.5145827298302,2246.0789055710593,1242.317946742661,1552.8974334283262,1863.4769201139914,2174.0564067996565,2484.635893485322,2795.215380170987,921.3914993816682,1291.0943839425759,1660.7972685034833,2030.5001530643908,2400.2030376252983,1066.849826536694,1379.723034572352,1692.5962426080098,2005.4694506436679,2318.3426586793257
.SPX,2008-07-25,1257.76,15.13687,13.04266,11.43552,12.133703770491802,83.09247552499295,103.65837371592768,997.1097062999154,1246.3871328748942,1495.6645594498732,1744.941986024852,1994.2194125998308,2243.49683917481,1243.9004845911322,1554.8756057389153,1865.8507268866983,2176.825848034481,2487.8009691822645,2798.7760903300473,920.3322783443118,1289.6101567344863,1658.8880351246607,2028.165913514835,2397.443791905009,1068.2088427479273,1381.480607123198,1694.7523714984686,2008.0241358737394,2321.29590024901
.SPX,2008-08-01,1260.31,14.98467,13.14582,11.51278,12.190982404371583,84.10662363602268,103.38051177467564,1009.2794836322721,1261.59935454034,1513.9192254484083,1766.2390963564762,2018.5589672645442,2270.878838172612,1240.5661412961076,1550.7076766201346,1860.8492119441614,2170.9907472681884,2481.1322825922152,2791.2738179162425,931.564983059215,1305.3499177195065,1679.1348523797978,2052.919787040089,2426.7047217003806,1065.3454505098632,1377.7774727835713,1690.2094950572796,2002.6415173309879,2315.073539604696
.SPX,2008-08-08,1296.32,15.49838,13.62227,11.88437,12.572882295081968,83.64229035550812,103.10444093690998,1003.7074842660975,1254.634355332622,1505.561226399146,1756.4880974656705,2007.414968532195,2258.341839598719,1237.2532912429197,1546.5666140536498,1855.8799368643797,2165.1932596751094,2474.5065824858393,2783.8199052965697,926.422027535661,1298.1433817380228,1669.8647359403847,2041.5860901427463,2413.3074443451083,1062.5005157539479,1374.0982089200393,1685.695902086131,1997.2935952522223,2308.8912884183137
.SPX,2008-08-15,1298.2,15.53279,13.64214,11.93048,12.57586,83.57803073369304,103.22952068486768,1002.9363688043165,1253.6704610053955,1504.4045532064747,1755.138645407554,2005.872737608633,2256.606829809712,1238.7542482184122,1548.4428102730153,1858.1313723276182,2167.819934382221,2477.5084964368243,2787.1970584914275,925.7102879494113,1297.1460608562336,1668.5818337630556,2040.0176066698778,2411.4533795766997,1063.7894737804672,1375.765177443209,1687.7408811059508,1999.7165847686929,2311.6922884314345
.SPX,2008-08-22,1292.2,15.50201,13.63863,11.90015,12.522392841530054,83.35693242360185,103.19114057135042,1000.2831890832222,1250.3539863540277,1500.4247836248333,1750.4955808956388,2000.5663781664443,2250.63717543725,1238.293686856205,1547.8671085702563,1857.4405302843074,2167.0139519983586,2476.58737371241,2786.1607954264614,923.2614030151418,1293.7145753392967,1664.1677476634516,2034.6209199876062,2405.074092311761,1063.3939632666986,1375.2536762434258,1687.1133892201528,1998.97310219688,2310.8328151736073
.SPX,2008-08-29,1282.83,15.34351,13.5336,11.84874,12.419566885245905,83.60733626138999,103.29104161627131,1003.2880351366798,1254.1100439208499,1504.9320527050197,1755.7540614891898,2006.5760702733596,2257.3980790575297,1239.492499395256,1549.3656242440697,1859.2387490928836,2169.1118739416975,2478.984998790512,2788.8581236393256,926.0348759810352,1297.6008879140106,1669.1668998469859,2040.7329117799611,2412.2989237129364,1064.4234524990563,1376.585082006821,1688.7467115145857,2000.9083410223504,2313.069970530115
.SPX,2008-09-05,1242.31,14.83968,13.04473,11.49986,12.275002978142078,83.71541704403329,101.20649275704157,1004.5850045283994,1255.7312556604993,1506.8775067925992,1758.023757924699,2009.1700090567988,2260.316260188899,1214.4779130844988,1518.0973913556236,1821.7168696267483,2125.336347897873,2428.9558261689976,2732.5753044401226,927.2319787548648,1299.278321089084,1671.3246634233033,2043.3710057575224,2415.4173480917416,1042.9419894512992,1348.8037873521453,1654.6655852529916,1960.527383153838,2266.3891810546843
.SPX,2008-09-12,1251.7,15.07948,13.27485,11.6387,12.130439071038252,83.00684108470584,103.18670187202599,996.08209301647,1245.1026162705875,1494.123139524705,1743.1436627788225,1992.16418603294,2241.1847092870576,1238.240422464312,1547.80052808039,1857.3606336964679,2166.9207393125457,2476.480844928624,2786.040950544702,919.383791263668,1288.2810948277038,1657.1783983917394,2026.0757019557752,2394.973005519811,1063.3482220718613,1375.194520607294,1687.0408191427268,1998.8871176781595,2310.733416213592
.SPX,2008-09-19,1255.08,15.13411,13.33987,11.85375,12.271975027322403,82.93054563499274,102.27204644775448,995.1665476199129,1243.958184524891,1492.7498214298694,1741.5414583348474,1990.3330952398258,2239.124732144804,1227.2645573730538,1534.080696716317,1840.8968360595807,2147.712975402844,2454.5291147461076,2761.345254089371,918.5387428448055,1287.0969757333937,1655.6552086219817,2024.2134415105697,2392.7716743991577,1053.9226158497172,1363.004683109998,1672.0867503702789,1981.1688176305597,2290.2508848908406
.SPX,2008-09-26,1213.01,14.68126,13.0292,11.59227,12.267795912942585,82.62301737044368,98.87758229824058,991.4762084453241,1239.3452605566551,1487.2143126679862,1735.0833647793172,1982.9524168906482,2230.8214690019795,1186.530987578887,1483.1637344736087,1779.7964813683304,2076.429228263052,2373.061975157774,2669.6947220524958,915.1325597147508,1282.3240817867436,1649.5156038587363,2016.707125930729,2383.898648002722,1018.9423581925936,1317.7658256397904,1616.589293086987,1915.4127605341837,2214.23622798138
.SPX,2008-10-03,1099.23,13.32408,11.88565,10.6749,12.263616798562765,82.49950465623142,89.63342691275417,989.9940558747771,1237.4925698434713,1484.9910838121657,1732.4895977808599,1979.9881117495543,2227.4866257182484,1075.60112295305,1344.5014036913126,1613.4016844295752,1882.3019651678376,2151.2022459061,2420.1025266443626,913.7645328632549,1280.4071422596976,1647.0497516561402,2013.6923610525826,2380.334970449025,923.6805074368243,1194.566696264286,1465.4528850917477,1736.3390739192093,2007.225262746671
.SPX,2008-10-10,899.22,13.282625,9.83972,8.86928,12.259437684182947,67.69896763629178,73.34920435707816,812.3876116355013,1015.4845145443768,1218.581417453252,1421.6783203621274,1624.7752232710027,1827.8721261798783,880.1904522849379,1100.2380653561725,1320.285678427407,1540.3332914986415,1760.3809045698758,1980.4285176411104,749.8337813695981,1050.700147186505,1351.566513003412,1652.4328788203188,1953.2992446372257,755.870132763972,977.5428625275632,1199.2155922911543,1420.8883220547455,1642.5610518183364
.SPX,2008-10-17,940.55,13.24117,10.36564,9.53891,12.255258569803129,71.03224261904347,76.74664672661486,852.3869114285217,1065.483639285652,1278.5803671427825,1491.677094999913,1704.7738228570433,1917.8705507141738,920.9597607193782,1151.1997008992228,1381.4396410790673,1611.6795812589119,1841.9195214387564,2072.159461618601,786.7531358579746,1102.4331741036365,1418.1132123492985,1733.7932505949602,2049.473288840622,790.8810812456761,1022.8214114675263,1254.7617416893765,1486.702071911227,1718.6424021330772
.SPX,2008-10-24,876.77,13.199715000000001,9.76144,9.26286,12.251079455423309,66.42340383864348,71.56675484721237,797.0808460637218,996.3510575796522,1195.6212690955826,1394.891480611513,1594.1616921274435,1793.431903643374,858.8010581665484,1073.5013227081854,1288.2015872498225,1502.9018517914596,1717.6021163330968,1932.302380874734,735.7056364485808,1030.9031677534483,1326.1006990583155,1621.298230363183,1916.4957616680501,737.5018306197741,953.7877201036233,1170.0736095874724,1386.3594990713218,1602.645388555171
.SPX,2008-10-31,968.75,13.15826,10.84132,10.41606,12.24690034104349,73.62295622673514,79.10164801075356,883.4754747208217,1104.3443434010271,1325.2132120812325,1546.082080761438,1766.9509494416434,1987.8198181218488,949.2197761290428,1186.5247201613035,1423.8296641935642,1661.1346082258249,1898.4395522580855,2135.7444962903464,815.4478803825533,1142.6415149980476,1469.8351496135417,1797.0287842290359,2124.22241884453,815.1495808007019,1054.207092017596,1293.2646032344903,1532.3221144513846,1771.3796256682788
.SPX,2008-11-07,930.99,13.116805,10.53012,10.32345,12.242721226663672,70.97688804552634,76.04436814034268,851.7226565463161,1064.6533206828951,1277.5839848194742,1490.5146489560532,1703.4453130926322,1916.375977229211,912.5324176841123,1140.6655221051403,1368.7986265261684,1596.9317309471965,1825.0648353682245,2053.1979397892524,786.1400285887552,1101.5740611721903,1417.0080937556252,1732.4421263390602,2047.876158922495,783.6440373963843,1013.4619722543312,1243.279907112278,1473.0978419702249,1702.9157768281716
.SPX,2008-11-14,873.29,13.07535,9.97846,9.85702,12.238542112283854,66.78903432795298,71.3557212932639,801.4684119354357,1001.8355149192946,1202.2026179031536,1402.5697208870124,1602.9368238708714,1803.3039268547304,856.2686555191667,1070.3358193989584,1284.40298327875,1498.4701471585417,1712.5373110383334,1926.6044749181253,739.7553598336681,1036.5778186727543,1333.4002775118406,1630.2227363509269,1927.0451951900131,735.3271109096033,950.9752240960065,1166.6233372824097,1382.2714504688129,1597.919563655216
.SPX,2008-11-21,800.03,13.033895000000001,9.19232,9.17229,12.234362997904034,61.38073077924902,65.39204371629806,736.5687693509883,920.7109616887353,1104.8531540264823,1288.9953463642294,1473.1375387019766,1657.2797310397236,784.7045245955767,980.8806557444709,1177.0567868933651,1373.2329180422594,1569.4090491911534,1765.5851803400476,679.8529884636009,952.6399754078257,1225.4269623520502,1498.213949296275,1771.0009362404994,673.8708783386539,871.4958282269215,1069.1207781151893,1266.7457280034569,1464.3706778917244
.SPX,2008-11-28,896.24,12.99244,10.27125,10.35817,12.230183883524216,68.98165394644886,73.28099140090296,827.7798473573863,1034.7248091967328,1241.6697710360795,1448.614732875426,1655.5596947147726,1862.5046565541193,879.3718968108356,1099.2148710135443,1319.0578452162533,1538.9008194189623,1758.743793621671,1978.5867678243799,764.040815240828,1070.607669294031,1377.1745233472336,1683.7413774004362,1990.308231453639,755.1671921296147,976.6337717061228,1198.100351282631,1419.566930859139,1641.033510435647
.SPX,2008-12-05,876.07,12.950985,10.10557,10.23003,12.226004769144398,67.64504784771198,71.65627828078374,811.7405741725438,1014.6757177156796,1217.6108612588157,1420.5460048019515,1623.4811483450876,1826.4162918882234,859.8753393694049,1074.8441742117561,1289.8130090541072,1504.7818438964584,1719.7506787388097,1934.719513581161,749.2365657786802,1049.863302375201,1350.490038971722,1651.1167755682427,1951.7435121647636,738.4243776359579,954.9808208916104,1171.537264147263,1388.0937074029152,1604.6501506585678
.SPX,2008-12-12,879.73,12.90953,10.21801,10.49582,12.221825654764578,68.14578067520661,71.98024459275808,817.7493681024794,1022.1867101280991,1226.624052153719,1431.0613941793388,1635.4987362049587,1839.9360782305785,863.762935113097,1079.7036688913713,1295.6444026696454,1511.5851364479197,1727.525870226194,1943.4666040044683,754.782682693097,1057.634765868947,1360.4868490447968,1663.338932220647,1966.1910153964968,741.7628795514115,959.298399504027,1176.8339194566427,1394.3694394092581,1611.9049593618736
.SPX,2008-12-19,887.88,12.868075000000001,10.43712,10.92463,12.21764654038476,68.9986653015311,72.67193375296637,827.9839836183733,1034.9799795229665,1241.97597542756,1448.9719713321533,1655.9679672367465,1862.9639631413397,872.0632050355964,1090.0790062944955,1308.0948075533947,1526.1106088122938,1744.1264100711928,1962.1422113300919,764.2292330136968,1070.8716885828446,1377.5141441519925,1684.15659972114,1990.799055290288,748.890798414891,968.5167108350898,1188.1426232552885,1407.7685356754873,1627.394448095686
.SPX,2008-12-26,872.8,12.82662,10.30408,10.82587,12.213467426004941,68.04598561429277,71.46209749916164,816.5518273715134,1020.6897842143916,1224.82774105727,1428.9656979001484,1633.1036547430267,1837.2416115859048,857.5451699899397,1071.9314624874246,1286.3177549849097,1500.7040474823946,1715.0903399798794,1929.4766324773643,753.6773525750802,1056.0859285845445,1358.4945045940085,1660.9030806034725,1963.3116566129365,736.4233272568648,952.3929259201718,1168.3625245834787,1384.3321232467858,1600.3017219100927
.SPX,2009-01-02,931.8,12.785165,11.60333,,12.209288311625123,72.88134333815793,76.31894474248617,874.5761200578952,1093.220150072369,1311.8641800868427,1530.5082101013165,1749.1522401157904,1967.7962701302642,915.827336909834,1144.7841711372926,1373.741005364751,1602.6978395922094,1831.654673819668,2060.6115080471263,807.233775855261,1131.131549656039,1455.0293234568167,1778.9270972575944,2102.824871058372,786.4735739201304,1017.1213220727117,1247.7690702252928,1478.416818377874,1709.0645665304553
.SPX,2009-01-09,890.35,12.74371,11.2807,,12.205109197245303,69.86583969660326,72.94895814622882,838.3900763592392,1047.987595449049,1257.5851145388588,1467.1826336286686,1676.7801527184783,1886.377671808288,875.3874977547458,1094.2343721934324,1313.0812466321188,1531.9281210708052,1750.7749955094916,1969.621869948178,773.8340568162871,1084.3303910764148,1394.8267253365423,1705.3230595966697,2015.8193938567972,751.7455596457665,972.2086829669403,1192.671806288114,1413.1349296092878,1633.5980529304616
.SPX,2009-01-16,850.12,12.702255000000001,10.98297,,12.200930082865485,66.92669923568688,69.67665532268525,803.1203908282425,1003.9004885353032,1204.680586242364,1405.4606839494245,1606.240781656485,1807.0208793635459,836.119863872223,1045.1498298402787,1254.1797958083346,1463.2097617763902,1672.239727744446,1881.2696937125017,741.280136383919,1038.7144027872348,1336.148669190551,1633.5829355938668,1931.0172019971826,718.0241854147029,928.5978994932525,1139.1716135718023,1349.745327650352,1560.3190417289015
.SPX,2009-01-23,831.95,12.6608,11.11722,,12.196750968485667,65.71069758625048,68.21078844272688,788.5283710350056,985.6604637937571,1182.7925565525086,1379.92464931126,1577.0567420700113,1774.1888348287628,818.5294613127226,1023.1618266409032,1227.7941919690838,1432.4265572972645,1637.0589226254451,1841.6912879536258,727.811701830424,1019.8418386012347,1311.8719753720454,1603.902112142856,1895.9322489136666,702.9182956796968,909.0619315372405,1115.2055673947843,1321.349203252328,1527.4928391098717
.SPX,2009-01-30,825.88,12.619345,11.45257,10.00934,12.192571854105847,65.44555204727345,67.73632420479728,785.3466245672814,981.6832807091018,1178.019936850922,1374.3565929927424,1570.6932491345628,1767.0299052763833,812.8358904575674,1016.0448630719593,1219.253835686351,1422.462808300743,1625.6717809151348,1828.8807535295266,724.8749497787155,1015.7267321741219,1306.5785145695284,1597.4302969649345,1888.2820793603407,698.0288991326028,902.7386301002578,1107.4483610679129,1312.158092035568,1516.867823003223
.SPX,2009-02-06,868.6,12.57789,12.37726,10.51411,12.188392739726028,69.05768773617832,71.26452343211288,828.6922528341399,1035.8653160426747,1243.0383792512098,1450.2114424597448,1657.3845056682799,1864.5575688768147,855.1742811853546,1068.9678514816933,1282.761421778032,1496.5549920743706,1710.3485623707093,1924.1421326670477,764.8829655136506,1071.7877273783592,1378.692489243068,1685.5972511077766,1992.5020129724853,734.3873087669593,949.759807800392,1165.1323068338245,1380.5048058672571,1595.8773049006895
.SPX,2009-02-13,826.84,12.536435,11.84933,10.0464,12.182564232876713,65.9549544986274,67.87076876382332,791.4594539835289,989.324317479411,1187.1891809752933,1385.0540444711755,1582.9189079670577,1780.7837714629397,814.4492251658799,1018.0615314573498,1221.6738377488198,1425.2861440402899,1628.8984503317597,1832.5107566232296,730.5170914490253,1023.6327497886039,1316.7484081281823,1609.8640664677607,1902.979724807339,699.4143623775166,904.5304057607239,1109.6464491439312,1314.7624925271386,1519.878535910346
.SPX,2009-02-20,770.05,12.49498,11.143,9.43329,12.176735726027399,61.62875010604258,63.23944424235485,739.545001272511,924.4312515906387,1109.3175019087664,1294.2037522268943,1479.090002545022,1663.9762528631497,758.8733309082581,948.5916636353228,1138.3099963623872,1328.0283290894517,1517.7466618165163,1707.464994543581,682.6000505851607,956.4892799432672,1230.3785093013737,1504.26773865948,1778.1569680175865,651.6881475998698,842.8076063153404,1033.927065030811,1225.0465237462815,1416.165982461752
.SPX,2009-02-27,735.09,12.453524999999999,10.6684,9.08213,12.170907219178083,59.02666112606672,60.39730537438454,708.3199335128006,885.3999168910008,1062.479900269201,1239.5598836474012,1416.6398670256012,1593.7198504038015,724.7676644926145,905.959580615768,1087.1514967389217,1268.3434128620752,1449.535328985229,1630.7272451083825,653.7793124345023,916.1043912261846,1178.4294700178668,1440.754548809549,1703.079627601231,622.3996515310089,804.9297235346195,987.4597955382302,1169.9898675418408,1352.5199395454515
.SPX,2009-03-06,683.38,12.41207,9.99812,8.4613,12.165078712328768,55.057697869895996,56.17555103095426,660.6923744387519,825.86546804844,991.038561658128,1156.211655267816,1321.3847488775039,1486.557842487192,674.1066123714511,842.6332654643139,1011.1599185571766,1179.6865716500395,1348.2132247429022,1516.7398778357651,609.8190744810938,854.5053680351593,1099.1916615892246,1343.8779551432901,1588.5642486973554,578.8940941901188,748.6653664507412,918.4366387113636,1088.207910971986,1257.9791832326084
.SPX,2009-03-13,756.55,12.370615,11.10106,9.4892,12.159250205479452,61.15702412531632,62.22011943294561,733.8842895037958,917.3553618797448,1100.8264342556938,1284.2975066316426,1467.7685790075916,1651.2396513835406,746.6414331953473,933.3017914941842,1119.962149793021,1306.6225080918578,1493.2828663906946,1679.9432246895315,677.3752135123331,949.1680079255965,1220.9608023388598,1492.753596752123,1764.5463911653862,641.1839139715548,829.2228142133779,1017.261714455201,1205.300614697024,1393.339514938847
.SPX,2009-03-20,768.54,12.32916,11.41979,9.80832,12.153421698630137,62.335146919984815,63.23651223972796,748.0217630398178,935.0272037997722,1122.0326445597266,1309.0380853196812,1496.0435260796355,1683.04896683959,758.8381468767354,948.5476835959194,1138.2572203151033,1327.9667570342872,1517.6762937534709,1707.3858304726548,690.4241018615614,967.4526854765489,1244.4812690915364,1521.5098527065238,1798.5384363215112,651.6579330497016,842.7685307961722,1033.8791285426428,1224.9897262891134,1416.100324035584
.SPX,2009-03-27,815.94,12.287704999999999,12.12395,10.42001,12.147593191780823,66.40296133411407,67.1688611166262,796.8355360093688,996.044420011711,1195.2533040140531,1394.4621880163954,1593.6710720187375,1792.8799560210798,806.0263333995144,1007.532916749393,1209.0395000992717,1410.5460834491503,1612.0526667990289,1813.5592501489075,735.4792152636329,1030.585896408436,1325.6925775532386,1620.7992586980415,1915.9059398428442,692.1811410886787,895.1759101436921,1098.1706791987056,1301.1654482537188,1504.1602173087322
.SPX,2009-04-03,842.5,12.24625,12.58765,10.83767,12.141764684931507,68.79657037868735,69.38859563351458,825.5588445442481,1031.9485556803102,1238.3382668163722,1444.7279779524342,1651.1176890884963,1857.5074002245585,832.6631476021751,1040.8289345027188,1248.9947214032625,1457.1605083038062,1665.3262952043501,1873.4920821048938,761.9908296010235,1067.7351390520103,1373.479448502997,1679.2237579539835,1984.9680674049703,715.05570446926,924.7588572623395,1134.4620100554191,1344.1651628484985,1553.868315641578
.SPX,2009-04-09,856.56,12.204795,12.8901,11.17611,12.425209561643836,70.18225213942551,68.93726787869792,842.1870256731062,1052.7337820913826,1263.2805385096592,1473.8272949279358,1684.3740513462124,1894.920807764489,827.2472145443751,1034.059018180469,1240.8708218165625,1447.6826254526563,1654.4944290887502,1861.306232724844,777.338641106973,1089.241169066872,1401.143697026771,1713.0462249866698,2024.948752946569,710.4047314567571,918.743901418595,1127.083071380433,1335.422241342271,1543.7614113041088
.SPX,2009-04-17,869.6,12.16334,13.19087,11.38702,12.6620701369863,71.49352069415144,68.67755355894542,857.9222483298173,1072.4028104122717,1286.883372494726,1501.3639345771803,1715.8444966596346,1930.325058742089,824.130642707345,1030.1633033841813,1236.1959640610175,1442.2286247378538,1648.26128541469,1854.2939460915263,791.8622519257309,1109.5922927480105,1427.32233357029,1745.0523743925696,2062.782415214849,707.7283520866912,915.2826248881188,1122.8368976895463,1330.391170490974,1537.9454432924015
.SPX,2009-04-24,866.23,12.31197,13.20734,11.38338,12.637664821917808,70.3567341375913,68.54351750947504,844.2808096510956,1055.3510120638696,1266.4212144766434,1477.4914168894175,1688.5616193021913,1899.631821714965,822.5222101137005,1028.1527626421255,1233.7833151705506,1439.4138676989758,1645.044420227401,1850.674972755826,779.2712037594564,1091.949161043044,1404.627118326631,1717.3050756102184,2029.9830328938058,706.3470985694053,913.4962935348391,1120.645488500273,1327.7946834657068,1534.9438784311408
.SPX,2009-05-01,877.52,12.79724,13.4106,11.5943,12.808484109589042,68.57103562955761,68.51083957258038,822.8524275546913,1028.5655344433642,1234.278641332037,1439.99174822071,1645.7048551093826,1851.4179619980555,822.1300748709646,1027.6625935887057,1233.1951123064468,1438.727631024188,1644.2601497419291,1849.7926684596703,759.4928066669258,1064.2347992037073,1368.9767917404888,1673.71878427727,1978.4607768140515,706.0103494974076,913.0607866434761,1120.1112237895447,1327.1616609356133,1534.212098081682
.SPX,2009-05-08,929.23,13.47698,14.19705,12.35944,13.5526278630137,68.94942338713867,68.56456248872216,827.393080645664,1034.24135080708,1241.089620968496,1447.937891129912,1654.786161291328,1861.634431452744,822.7747498646659,1028.4684373308323,1234.1621247969988,1439.8558122631653,1645.5494997293317,1851.2431871954984,763.6838295583719,1070.1074452198168,1376.5310608812613,1682.954676542706,1989.3782922041507,706.5639689689817,913.7767651423417,1120.9895613157016,1328.2023574890616,1535.4151536624215
.SPX,2009-05-15,882.88,12.85318,13.54192,11.7071,12.86328794520548,68.68961611056564,68.6356399515316,824.2753933267877,1030.3442416584846,1236.4130899901816,1442.4819383218785,1648.5507866535754,1854.6196349852721,823.6276794183792,1029.534599272974,1235.4415191275689,1441.3484389821635,1647.2553588367584,1853.1622786913533,760.8062041022984,1066.0751895848125,1371.3441750673264,1676.6131605498404,1981.8821460323543,707.2964286012466,914.7240319472778,1122.1516352933093,1329.5792386393405,1537.006841985372
.SPX,2009-05-22,887.0,12.91262,13.5966,11.73999,12.874302410958906,68.69248843379577,68.89693683480395,824.3098612055493,1030.3873265069367,1236.464791808324,1442.5422571097113,1648.6197224110986,1854.6971877124859,826.7632420176474,1033.4540525220593,1240.144863026471,1446.835673530883,1653.5264840352947,1860.2172945397067,760.838017955067,1066.119768557669,1371.4015191602707,1676.6832697628727,1981.9650203654744,709.9891164303931,918.206399690493,1126.423682950593,1334.640966210693,1542.8582494707928
.SPX,2009-05-29,919.14,13.3366,14.05667,12.1555,13.28057594520548,68.91861493933986,69.20934783192332,827.0233792720783,1033.7792240900978,1240.5350689081174,1447.290913726137,1654.0467585441565,1860.8026033621763,830.51217398308,1038.1402174788498,1245.7682609746198,1453.3963044703899,1661.02434796616,1868.6523914619297,763.3425951833484,1069.629292571896,1375.9159899604433,1682.2026873489908,1988.4893847375383,713.2085397893699,922.3699777836164,1131.5314157778628,1340.6928537721094,1549.8542917663558
.SPX,2009-06-05,940.09,13.64647,14.38819,12.42931,13.55097005479452,68.88887748992963,69.37436922955808,826.6665298791555,1033.3331623489444,1239.9997948187333,1446.666427288522,1653.333059758311,1859.9996922281,832.492430754697,1040.6155384433712,1248.7386461320455,1456.8617538207197,1664.984861509394,1873.1079691980683,763.0132231867271,1069.167762011487,1375.3223008362468,1681.4768396610066,1987.6313784857662,714.9091000999065,924.5692584825163,1134.229416865126,1343.8895752477358,1553.5497336303456
.SPX,2009-06-12,946.21,13.74064,14.48498,12.4905,13.594294410958902,68.86214907020343,69.60346535067112,826.3457888424412,1032.9322360530514,1239.5186832636618,1446.105130474272,1652.6915776848823,1859.2780248954925,835.2415842080534,1044.0519802600668,1252.86237631208,1461.6727723640934,1670.4831684161068,1879.2935644681202,762.7171792035899,1068.7529321326733,1374.7886850617565,1680.82443799084,1986.860190919923,717.2699561855213,927.62247875927,1137.9750013330188,1348.3275239067675,1558.6800464805162
.SPX,2009-06-19,921.23,13.40396,14.14366,12.14791,13.214132602739728,68.72819674185838,69.71551048375271,824.7383609023007,1030.9229511278756,1237.1075413534509,1443.292131579026,1649.4767218046013,1855.6613120301763,836.5861258050325,1045.7326572562906,1254.8791887075488,1464.025720158807,1673.172251610065,1882.318783061323,761.2335231835182,1066.673967917676,1372.1144126518336,1677.5548573859912,1982.9953021201488,718.4245913361038,929.1157317684188,1139.8068722007336,1350.4980126330483,1561.1891530653634
.SPX,2009-06-26,918.9,13.36714,14.09581,12.11684,13.136145095890411,68.74320161231199,69.95202879476979,824.9184193477439,1031.1480241846798,1237.3776290216158,1443.6072338585518,1649.8368386954878,1856.0664435324238,839.4243455372375,1049.2804319215468,1259.1365183058563,1468.9926046901655,1678.848691074475,1888.7047774587843,761.3997171321708,1066.9068462043704,1372.4139752765698,1677.921104348769,1983.4282334209684,720.8619337546974,932.2678693930651,1143.6738050314327,1355.0797406698005,1566.4856763081682
.SPX,2009-07-02,896.42,13.00494,13.76411,11.81114,12.784949698630136,68.92919152260602,70.11525435223639,827.1502982712723,1033.9378728390902,1240.7254474069084,1447.5130219747264,1654.3005965425446,1861.0881711103625,841.3830522268368,1051.7288152835458,1262.0745783402551,1472.4203413969642,1682.7661044536735,1893.1118675103826,763.4597414220775,1069.7934430454184,1376.1271446687592,1682.4608462921,1988.794547915441,722.5439877711544,934.4432164889489,1146.3424452067434,1358.2416739245377,1570.1409026423323
.SPX,2009-07-10,879.13,12.76902,13.478,11.4998,12.442832328767125,68.84866653823082,70.65352781195172,826.1839984587698,1032.7299980734622,1239.2759976881548,1445.8219973028472,1652.3679969175396,1858.913996532232,847.8423337434206,1059.8029171792757,1271.7635006151309,1483.724084050986,1695.6846674868411,1907.6452509226965,762.5678466763086,1068.5436808128572,1374.519514949406,1680.4953490859546,1986.471183222503,728.090944074561,941.6169190975165,1155.1428941204722,1368.6688691434279,1582.1948441663835
.SPX,2009-07-17,940.38,13.86188,14.23535,12.21219,13.13785498630137,67.83928298326057,71.57789463961348,814.0713957991269,1017.5892447489086,1221.1070936986903,1424.6249426484721,1628.1427915982538,1831.6606405480354,858.9347356753617,1073.668419594202,1288.4021035130427,1503.135787431883,1717.8694713507234,1932.6031552695638,751.3879141854343,1052.8778665943503,1354.367819003266,1655.8577714121818,1957.3477238210976,737.6166271800776,953.9361828531131,1170.2557385261487,1386.5752941991843,1602.8948498722198
.SPX,2009-07-24,979.26,14.8981,14.73166,12.73129,13.608164520547945,65.73052939636598,71.96121111861522,788.7663527563918,985.9579409454897,1183.1495291345877,1380.3411173236857,1577.5327055127837,1774.7242937018814,863.5345334233828,1079.4181667792284,1295.301800135074,1511.1854334909196,1727.0690668467655,1942.9527002026111,728.0313589639005,1020.1496318591657,1312.2679047544307,1604.3861776496956,1896.5044505449607,741.5667378924334,959.0447357191157,1176.522733545798,1394.0007313724802,1611.4787291991624
.SPX,2009-07-31,987.48,14.97244,14.81643,12.90126,13.704057287671231,65.95317797232782,72.05749211865745,791.4381356679339,989.2976695849173,1187.1572035019008,1385.0167374188843,1582.8762713358678,1780.7358052528512,864.6899054238894,1080.8623817798618,1297.0348581358342,1513.2073344918065,1729.3798108477788,1945.5522872037511,730.4974146433158,1023.6051777810885,1316.712940918861,1609.8207040566338,1902.9284671944063,742.5589222374779,960.327896255256,1178.096870273034,1395.865844290812,1613.6348183085902
.SPX,2009-08-07,1010.48,15.74777,15.17767,13.18541,13.982314,64.16654548548779,72.26843854314815,769.9985458258534,962.4981822823169,1154.99781873878,1347.4974551952434,1539.9970916517068,1732.4967281081704,867.2212625177779,1084.0265781472222,1300.8318937766667,1517.6372094061112,1734.4425250355557,1951.247840665,710.7086728013078,995.8763204227869,1281.0439680442657,1566.2116156657446,1851.3792632872237,744.7327440707679,963.1392310671883,1181.5457180636085,1399.952205060029,1618.3586920564494
.SPX,2009-08-14,1004.09,15.71492,15.07709,13.06714,13.83257301369863,63.894057367139006,72.58880896602771,766.7286884056681,958.4108605070851,1150.0930326085022,1341.775204709919,1533.4573768113362,1725.139548912753,871.0657075923325,1088.8321344904157,1306.5985613884989,1524.364988286582,1742.131415184665,1959.8978420827482,707.6905943387609,991.6472558439326,1275.6039173491042,1559.560578854276,1843.5172403594474,748.0341900264289,967.4088863824151,1186.7835827384013,1406.1582790943874,1625.5329754503737
.SPX,2009-08-21,1026.13,16.09026,15.4224,13.34007,14.09313180821918,63.77336351308183,72.81064379186154,765.2803621569819,956.6004526962275,1147.920543235473,1339.2406337747184,1530.5607243139639,1721.8808148532096,873.7277255023384,1092.159656877923,1310.5915882535078,1529.0235196290923,1747.455451004677,1965.8873823802614,706.3537891830018,989.7740655332077,1273.1943418834135,1556.6146182336195,1840.0348945838252,750.3202178126118,970.3653335934607,1190.4104493743096,1410.4555651551586,1630.5006809360075
.SPX,2009-08-28,1028.93,16.12691,15.45071,13.36249,14.07763383561644,63.8020550744067,73.089697602221,765.6246608928805,957.0308261161006,1148.4369913393207,1339.8431565625408,1531.249321785761,1722.655487008981,877.0763712266519,1096.345464033315,1315.614556839978,1534.8836496466408,1754.1527424533037,1973.4218352599669,706.671576922945,990.2193637225245,1273.7671505221037,1557.3149373216831,1840.8627241212625,753.1958923687781,974.0843522654292,1194.9728121620803,1415.8612720587314,1636.7497319553825
.SPX,2009-09-04,1016.4,16.41378,15.28773,13.19354,13.87056580821918,61.92357884655454,73.27747217043729,743.0829461586545,928.8536826983182,1114.6244192379818,1300.3951557776454,1486.165892317309,1671.9366288569727,879.3296660452474,1099.1620825565594,1318.9944990678712,1538.8269155791832,1758.659332090495,1978.4917486018069,685.8655737840108,961.0650749940128,1236.2645762040147,1511.4640774140164,1786.663578624018,755.1309261438739,976.586870057312,1198.04281397075,1419.4987578841883,1640.9547017976265
.SPX,2009-09-11,1042.73,16.81074,15.71167,13.50382,14.175248356164383,62.02760854073051,73.55991047215399,744.3313024887661,930.4141281109577,1116.4969537331492,1302.5797793553406,1488.6626049775323,1674.745430599724,882.7189256658478,1103.39865708231,1324.0783884987718,1544.7581199152337,1765.4378513316956,1986.1175827481577,687.0178067010291,962.6796345478555,1238.3414623946817,1514.0032902415078,1789.6651180883339,758.0414781871781,980.3509946768986,1202.660511166619,1424.9700276563394,1647.27954414606
.SPX,2009-09-18,1068.3,17.12886,16.05879,13.81758,14.456171342465751,62.36842381804743,73.89923477607196,748.4210858165692,935.5263572707115,1122.6316287248537,1309.7369001789962,1496.8421716331384,1683.9474430872806,886.7908173128635,1108.4885216410794,1330.1862259692953,1551.8839302975111,1773.581634625727,1995.2793389539431,690.7926767922842,967.9691489162892,1245.1456210402941,1522.322093164299,1799.4985652883042,761.5382455877337,984.873253020184,1208.2082604526345,1431.5432678850848,1654.8782753175353
.SPX,2009-09-25,1044.38,16.76777,15.68574,13.49993,14.080816493150683,62.284966933587484,74.17041479860325,747.4196032030497,934.2745040038122,1121.1294048045747,1307.984305605337,1494.8392064060995,1681.694107206862,890.044977583239,1112.5562219790486,1335.0674663748584,1557.5787107706683,1780.089955166478,2002.6011995622875,689.868308320491,966.6738830673786,1243.479457814266,1520.2850325611535,1797.090607308041,764.33278005379,988.4873357878037,1212.6418915218173,1436.796447255831,1660.9510029898447
.SPX,2009-10-02,1025.21,16.45769,15.35599,13.25133,13.770287260273973,62.293675479365575,74.45087968191032,747.524105752387,934.4051321904836,1121.2861586285803,1308.1671850666771,1495.048211504774,1681.9292379428705,893.4105561829239,1116.763195228655,1340.1158342743859,1563.4684733201168,1786.8211123658477,2010.1737514115787,689.9647641755655,966.8090412632905,1243.6533183510155,1520.4975954387403,1797.3418725264653,767.2229958433016,992.2251601755333,1217.227324507765,1442.2294888399965,1667.2316531722283
.SPX,2009-10-09,1071.49,17.14513,16.02444,13.87386,14.362896,62.49529749847332,74.60125033280197,749.9435699816798,937.4294624770998,1124.9153549725197,1312.4012474679398,1499.8871399633597,1687.3730324587796,895.2150039936237,1119.0187549920295,1342.8225059904355,1566.6262569888413,1790.4300079872473,2014.2337589856531,692.1979297063481,969.9382512431334,1247.6785727799186,1525.418894316704,1803.159215853489,768.772578893991,994.2291867740654,1219.68579465414,1445.1424025342144,1670.5990104142888
.SPX,2009-10-16,1087.68,17.39466,16.19311,14.05295,14.498572356164384,62.529534926235996,75.01980010725326,750.3544191148319,937.9430238935399,1125.531628672248,1313.120233450956,1500.7088382296638,1688.2974430083718,900.2376012870391,1125.2970016087988,1350.3564019305586,1575.4158022523184,1800.4752025740781,2025.5346028958381,692.5771434642533,970.469622276482,1248.3621010887107,1526.2545799009395,1804.1470587131682,773.0857718775533,999.8073024225401,1226.5288329675268,1453.2503635125136,1679.9718940575005
.SPX,2009-10-23,1079.6,17.26329,15.8488,13.85755,14.23397808219178,62.5373263149724,75.84668135401265,750.4479157796687,938.059894724586,1125.6718736695032,1313.2838526144203,1500.8958315593375,1688.5078105042546,910.1601762481517,1137.7002203101897,1365.2402643722276,1592.7803084342656,1820.3203524963035,2047.8603965583413,692.6634408877195,970.5905460302401,1248.5176511727607,1526.4447563152812,1804.3718614578015,781.6068573241706,1010.8273518970035,1240.0478464698365,1469.2683410426694,1698.4888356155022
.SPX,2009-10-30,1036.19,17.16637,15.28027,13.22103,13.570818712328768,60.361625666929,76.35427323619362,724.339508003148,905.424385003935,1086.5092620047221,1267.594139005509,1448.679016006296,1629.763893007083,916.2512788343234,1145.3140985429043,1374.3769182514852,1603.439737960066,1832.502557668647,2061.565377377228,668.5653800012474,936.8232808717165,1205.0811817421857,1473.3390826126547,1741.5969834831237,786.8376372179272,1017.5921535857495,1248.346669953572,1479.1011863213944,1709.855702689217
.SPX,2009-11-06,1069.3,17.89341,15.67227,13.58869,13.90265410958904,59.759430986044585,76.91337147361484,717.113171832535,896.3914647906688,1075.6697577488026,1254.9480507069363,1434.22634366507,1613.5046366232039,922.9604576833781,1153.7005721042226,1384.4406865250671,1615.1808009459116,1845.9209153667562,2076.661029787601,661.8954715749605,927.477111174721,1193.0587507744815,1458.6403903742419,1724.2220299740022,792.5991947242685,1025.043393121794,1257.4875915193195,1489.931789916845,1722.3759883143705
.SPX,2009-11-13,1093.48,18.28199,16.02712,13.862,14.14672810958904,59.811869495607425,77.29561150318634,717.7424339472891,897.1780424341114,1076.6136509209337,1256.049259407756,1435.4848678945782,1614.9204763814005,927.547338038236,1159.434172547795,1391.321007057354,1623.207841566913,1855.094676076472,2086.981510586031,662.4762805191402,928.2909662694091,1194.1056520196778,1459.9203377699466,1725.7350235202155,796.5382125286521,1030.1375998818414,1263.736987235031,1497.3363745882202,1730.9357619414097
.SPX,2009-11-20,1091.38,18.27838,15.95117,13.81938,14.058841342465756,59.70879257352129,77.62944138955514,716.5055108822555,895.6318886028193,1074.7582663233834,1253.8846440439472,1433.011021764511,1612.1373994850749,931.5532966746616,1164.4416208433272,1397.3299450119925,1630.218269180658,1863.1065933493232,2095.9949175179886,661.3346005060118,926.6911939096698,1192.0477873133275,1457.4043807169853,1722.7609741206431,799.9783594633315,1034.5866327729082,1269.194906082485,1503.8031793920616,1738.4114527016384
.SPX,2009-11-27,1091.49,18.33846,16.00509,13.80858,14.013186410958903,59.51917445630658,77.8902076936912,714.2300934756789,892.7876168445987,1071.3451402135183,1249.9026635824382,1428.4601869513579,1607.0177103202777,934.6824923242943,1168.353115405368,1402.0237384864415,1635.694361567515,1869.3649846485887,2103.0356077296624,659.2343901954033,923.7482866450111,1188.2621830946189,1452.7760795442266,1717.2899759938346,802.6655796268678,1038.0619293576528,1273.4582790884378,1508.8546288192229,1744.2509785500079
.SPX,2009-12-04,1105.98,18.59506,16.06878,13.96646,14.12197408219178,59.47708692523713,78.31624626720374,713.7250431028456,892.156303878557,1070.5875646542684,1249.0188254299796,1427.4500862056912,1605.8813469814027,939.7949552064449,1174.743694008056,1409.6924328096673,1644.6411716112784,1879.5899104128898,2114.5386492145008,658.7682286914368,923.0950805972179,1187.421932502999,1451.74878440878,1716.075636314561,807.0559453567508,1043.7398500706186,1280.4237547844864,1517.1076594983542,1753.791564212222
.SPX,2009-12-11,1106.41,18.64961,16.10763,13.95425,14.072243424657534,59.32617357682011,78.62356886616506,711.9140829218413,889.8926036523017,1067.871124382762,1245.8496451132223,1423.8281658436827,1601.806686574143,943.4828263939808,1179.353532992476,1415.2242395909711,1651.0949461894663,1886.9656527879615,2122.8363593864565,657.0967124090818,920.7528783018143,1184.4090441945468,1448.0652100872792,1711.7213759800118,810.2229323161104,1047.8356138316753,1285.4482953472402,1523.060976862805,1760.67365837837
.SPX,2009-12-18,1102.47,18.59531,16.12973,13.89794,13.977428410958904,59.2875300277328,78.87502390179414,711.4503603327936,889.312950415992,1067.1755404991904,1245.0381305823887,1422.9007206655872,1600.7633107487857,946.5002868215297,1183.1253585269121,1419.7504302322945,1656.375501937677,1893.0005736430594,2129.6256453484416,656.6686964503548,920.1531234734692,1183.6375504965836,1447.121977519698,1710.6064045428125,812.8141990221517,1051.18681685399,1289.5594346858281,1527.9320525176665,1766.3046703495047
.SPX,2009-12-24,1126.48,19.00177,16.45597,14.18481,14.228366493150686,59.28289838262435,79.17142143775042,711.3947805914922,889.2434757393653,1067.0921708872384,1244.9408660351114,1422.7895611829845,1600.6382563308575,950.057057253005,1187.5713215662563,1425.0855858795076,1662.5998501927588,1900.11411450601,2137.6283788192613,656.6173963480505,920.0812395088082,1183.5450826695655,1447.008925830323,1710.4727689910806,815.8686022269027,1055.1369796169602,1294.4053570070178,1533.6737343970753,1772.942111787133
.SPX,2009-12-31,1115.1,18.84161,16.31718,14.06903,14.06903,59.18284053220505,79.25919555221645,710.1940863864606,887.7426079830757,1065.291129579691,1242.839651176306,1420.3881727729213,1597.9366943695363,951.1103466265974,1188.8879332832469,1426.665519939896,1664.4431065965455,1902.220693253195,2139.9982799098443,655.5091555734099,918.528323684042,1181.547491794674,1444.566659905306,1707.585828015938,816.7731223527338,1056.306766799562,1295.84041124639,1535.3740556932182,1774.9077001400465
.SPX,2010-01-08,1144.98,19.27696,14.40071,,14.40071,59.39629485147036,79.50857978530226,712.7555382176442,890.9444227720554,1069.1333073264664,1247.3221918808774,1425.5110764352885,1603.6999609896998,954.1029574236271,1192.6286967795338,1431.1544361354406,1669.6801754913474,1908.2059148472542,2146.731654203161,657.8733756635044,921.841173089288,1185.8089705150715,1449.7767679408548,1713.7445653666384,819.3430492527468,1059.630371727751,1299.9176942027555,1540.2050166777597,1780.4923391527639
.SPX,2010-01-15,1136.03,18.87172,14.25765,,14.25765,60.19748067478746,79.67862866601439,722.3697680974494,902.9622101218118,1083.5546521461742,1264.1470941705365,1444.7395361948988,1625.3319782192614,956.1435439921727,1195.1794299902158,1434.2153159882591,1673.2512019863022,1912.2870879843454,2151.3229739823887,666.7473100299056,934.2757210872068,1201.8041321445078,1469.3325432018087,1736.8609542591096,821.0954182275282,1061.8966549284755,1302.6978916294227,1543.49912833037,1784.3003650313171
.SPX,2010-01-22,1091.76,17.39027,13.68489,,13.68489,62.77993383656493,79.77850022908478,753.3592060387791,941.6990075484739,1130.0388090581687,1318.3786105678635,1506.7184120775582,1695.058213587253,957.3420027490174,1196.6775034362718,1436.0130041235261,1675.3485048107805,1914.6840054980348,2154.019506185289,695.3505618536072,974.3558583761433,1253.3611548986792,1532.366451421215,1811.371747943751,822.124603646771,1063.2276677800078,1304.3307319132443,1545.4337960464811,1786.536860179718
.SPX,2010-01-29,1073.87,16.68992,13.35934,,13.35934,64.3424294424419,80.38346205725732,772.1091533093028,965.1364416366284,1158.1637299639542,1351.1910182912798,1544.2183066186055,1737.2455949459313,964.6015446870879,1205.7519308588599,1446.9023170306318,1688.0527032024038,1929.2030893741758,2170.3534755459477,712.6567635496584,998.6060710513675,1284.5553785530765,1570.5046860547855,1856.4539935564942,828.3587895712947,1071.2901426550281,1314.2214957387616,1557.1528488224951,1800.0842019062288
.SPX,2010-02-05,1066.19,16.49661,13.22313,10.96035,12.999951698630134,64.63085446040127,82.01492011023007,775.5702535248151,969.462816906019,1163.3553802872227,1357.2479436684266,1551.1405070496303,1745.0330704308342,984.1790413227608,1230.223801653451,1476.2685619841411,1722.3133223148313,1968.3580826455216,2214.4028429762116,715.8513591160187,1003.0824791769727,1290.3135992379264,1577.5447192988804,1864.7758393598342,845.1711112032519,1093.0329848463725,1340.8948584894933,1588.756732132614,1836.6186057757345
.SPX,2010-02-12,1075.51,16.50989,,11.07842,12.956168657534244,65.14337769664122,83.01142324004648,781.7205323596947,977.1506654496184,1172.580798539542,1368.0109316294656,1563.4410647193895,1758.8711978093131,996.1370788805577,1245.1713486006972,1494.2056183208367,1743.2398880409762,1992.2741577611155,2241.308427481255,721.5280666004556,1011.0369319338732,1300.5457972672907,1590.0546626007083,1879.563527934126,855.440165375499,1106.3136268189317,1357.1870882623641,1608.0605497057968,1858.9340111492295
.SPX,2010-02-19,1109.17,16.9243,,11.47177,12.912385616438353,65.53712708945127,85.8996960707207,786.4455250734153,983.0569063417691,1179.668287610123,1376.2796688784767,1572.8910501468306,1769.5024314151844,1030.7963528486484,1288.4954410608104,1546.1945292729724,1803.8936174851347,2061.592705697297,2319.2917939094586,725.8892349672901,1017.1479932901226,1308.406751612955,1599.6655099357874,1890.9242682586198,885.2040760697752,1144.8063482520497,1404.4086204343241,1664.0108926165985,1923.613164798873
.SPX,2010-02-26,1104.49,16.49618,,11.49175,12.868602575342464,66.95428881110658,85.8282780537736,803.451465733279,1004.3143321665987,1205.1771985999185,1406.040065033238,1606.902931466558,1807.7657978998777,1029.9393366452832,1287.424170806604,1544.9090049679248,1802.3938391292456,2059.8786732905664,2317.363507451887,741.5857185277188,1039.1425979572118,1336.699477386705,1634.256356816198,1931.813236245691,884.4681069965628,1143.8545427984739,1403.240978600385,1662.6274144022962,1922.0138502042073
.SPX,2010-03-05,1138.7,17.01547,,0.89646,12.824819534246574,66.9214544176564,88.78877374915793,803.0574530118769,1003.8218162648461,1204.5861795178153,1405.3505427707846,1606.1149060237537,1806.8792692767229,1065.465284989895,1331.831606237369,1598.1979274848427,1864.5642487323164,2130.93056997979,2397.296891227264,741.222044778187,1038.6330022686009,1336.0439597590146,1633.4549172494283,1930.865874739842,914.9762807924709,1183.3097960889925,1451.643311385514,1719.9768266820354,1988.310341978557
.SPX,2010-03-12,1149.99,17.16877,,0.91037,12.781036493150683,66.9815018781194,89.97627075208462,803.7780225374329,1004.722528171791,1205.6670338061492,1406.6115394405074,1607.5560450748658,1808.500550709224,1079.7152490250155,1349.6440612812692,1619.572873537523,1889.501685793777,2159.430498050031,2429.3593103062844,741.887130464316,1039.5649496490337,1337.2427688337511,1634.9205880184686,1932.598407203186,927.2135439656248,1199.135860320483,1471.0581766753414,1742.9804930301998,2014.902809385058
.SPX,2010-03-19,1159.9,17.35269,,0.91892,12.737253452054793,66.84266243446983,91.06358795214861,802.1119492136379,1002.6399365170474,1203.167923820457,1403.6959111238664,1604.2238984272758,1804.7518857306854,1092.7630554257833,1365.9538192822292,1639.144583138675,1912.3353469951207,2185.5261108515665,2458.7168747080123,740.3493447539886,1037.410136526009,1334.4709282980293,1631.5317200700497,1928.59251184207,938.418445280817,1213.6268037130196,1488.8351621452223,1764.043520577425,2039.2518790096276
.SPX,2010-03-26,1166.59,17.43205,,0.92624,12.693470410958904,66.92213480342242,91.90473229392214,803.0656176410691,1003.8320220513364,1204.5984264616036,1405.364830871871,1606.1312352821383,1806.8976396924054,1102.8567875270655,1378.5709844088321,1654.2851812905985,1929.999378172365,2205.713575054131,2481.427771935898,741.2295807310904,1038.6435619779945,1336.0575432248986,1633.4715244718025,1930.8855057187066,947.0865132014292,1224.8369409580437,1502.587368714658,1780.3377964712724,2058.0882242278867
.SPX,2010-04-01,1178.1,17.60189,,0.93664,12.649687369863013,66.93031259711314,93.1327364506051,803.1637511653578,1003.9546889566972,1204.7456267480366,1405.536564539376,1606.3275023307156,1807.1184401220548,1117.5928374072612,1396.9910467590764,1676.3892561108917,1955.787465462707,2235.1856748145224,2514.5838841663376,741.3201579759211,1038.7704828061032,1336.2208076362854,1633.6711324664673,1931.1214572966494,959.7412062288811,1241.2028539770274,1522.6645017251737,1804.12614947332,2085.587797221466
.SPX,2010-04-09,1194.37,17.8458,,0.95066,12.605904328767123,66.92723217787938,94.74687169205346,803.1267861345525,1003.9084826681906,1204.6901792018289,1405.471875735467,1606.253572269105,1807.035268802743,1136.9624603046416,1421.203075380802,1705.4436904569623,1989.6843055331226,2273.924920609283,2558.1655356854435,741.2860392517676,1038.7226741458633,1336.159309039959,1633.5959439340545,1931.0325788281502,976.375014733647,1262.7148308043504,1549.054646875054,1835.3944629457576,2121.734279016461
.SPX,2010-04-16,1192.13,17.6989,,1.0462,12.562121287671232,67.35616337738504,94.89878124087093,808.2739605286206,1010.3424506607756,1212.410940792931,1414.479430925086,1616.5479210572412,1818.616411189396,1138.7853748904513,1423.481718613064,1708.1780623356767,1992.8744060582897,2277.5707497809026,2562.2670935035153,746.0368813177893,1045.3797634662608,1344.7226456147323,1644.0655277632036,1943.408409911675,977.9404562655523,1264.7393666735247,1551.5382770814974,1838.33718748947,2125.1360978974426
.SPX,2010-04-23,1217.28,17.77355,,1.06846,12.518338246575341,68.48828737084038,97.2397434885587,821.8594484500845,1027.3243105626057,1232.7891726751268,1438.254034787648,1643.718896900169,1849.1837590126904,1166.8769218627044,1458.5961523283804,1750.3153827940566,2042.0346132597329,2333.753843725409,2625.473074191085,758.5762869340248,1062.9505313537052,1367.3247757733857,1671.699020193066,1976.0732646127462,1002.0642822901825,1295.9379455365392,1589.811608782896,1883.6852720292527,2177.558935275609
.SPX,2010-04-30,1186.69,17.03038,,1.0426,12.474555205479453,69.680770481927,95.12884270845554,836.169245783124,1045.211557228905,1254.253868674686,1463.296180120467,1672.338491566248,1881.380803012029,1141.5461125014665,1426.932640626833,1712.3191687521996,1997.7056968775662,2283.092225002933,2568.4787531282996,771.7842301512582,1081.4580835968573,1391.1319370424562,1700.8057904880552,2010.4796439336544,980.3112603331804,1267.8054523598141,1555.2996443864479,1842.7938364130816,2130.288028439715
.SPX,2010-05-07,1110.88,16.06097,,0.98094,12.430772164383562,69.16643266253533,89.36532544477605,829.9971919504239,1037.49648993803,1244.9957879256358,1452.4950859132418,1659.9943839008479,1867.493681888454,1072.3839053373126,1340.4798816716407,1608.575858005969,1876.671834340297,2144.7678106746253,2412.8637870089533,766.0874243434085,1073.475468183255,1380.8635120231017,1688.2515558629482,1995.6395997027946,920.9176977516871,1190.9936421493521,1461.0695865470173,1731.1455309446824,2001.2214753423473
.SPX,2010-05-14,1135.68,16.42502,,0.88007,12.386989123287671,69.14329480268518,91.68329677991802,829.7195376322221,1037.1494220402776,1244.5793064483332,1452.0091908563886,1659.4390752644442,1866.8689596724998,1100.1995613590163,1375.2494516987704,1650.2993420385244,1925.3492323782784,2200.3991227180327,2475.4490130577865,765.8311494022979,1073.1163644391515,1380.4015794760053,1687.6867945128588,1994.9720095497123,944.8046003594831,1221.8858154738316,1498.9670305881803,1776.048245702529,2053.1294608168773
.SPX,2010-05-21,1087.69,15.73638,,0.84383,12.34320608219178,69.11945441073487,88.1205411914227,829.4334529288185,1036.7918161610232,1244.1501793932277,1451.5085426254323,1658.866905857637,1866.2252690898417,1057.4464942970724,1321.8081178713405,1586.1697414456087,1850.5313650198768,2114.8929885941448,2379.254612168413,765.5670932154818,1072.7463572705676,1379.9256213256533,1687.104885380739,1994.2841494358247,908.0900843223139,1174.4040966605082,1440.7181089987023,1707.0321213368966,1973.3461336750909
.SPX,2010-05-28,1089.41,15.73889,,0.84944,12.299423041095892,69.21771484520193,88.57407346344374,830.6125781424231,1038.2657226780289,1245.9188672136347,1453.5720117492403,1661.2251562848462,1868.878300820452,1062.888881561325,1328.611101951656,1594.3333223419872,1860.0555427323186,2125.77776312265,2391.499983512981,766.655425810615,1074.271376876654,1381.8873279426925,1689.5032790087312,1997.1192300747698,912.7637750824266,1180.4484326465097,1448.133090210593,1715.8177477746763,1983.5024053387594
.SPX,2010-06-04,1064.88,15.40373,,0.84529,12.255640000000001,69.13130780661568,86.88897519835766,829.5756936793882,1036.9696170992352,1244.3635405190823,1451.7574639389293,1659.1513873587764,1866.5453107786234,1042.6677023802918,1303.3346279753648,1564.0015535704379,1824.6684791655107,2085.3354047605835,2346.002330355657,765.6983814310292,1072.9303241053874,1380.1622667797456,1687.3942094541037,1994.6261521284619,895.3986862513294,1157.9907141732006,1420.5827420950718,1683.174770016943,1945.7667979388143
.SPX,2010-06-11,1091.6,15.78058,13.05933,11.1499,12.21185695890411,69.17362986658284,89.38853473910653,830.0835583989941,1037.6044479987427,1245.1253375984911,1452.6462271982398,1660.1671167979882,1867.6880063977367,1072.6624168692783,1340.828021086598,1608.9936253039175,1877.1592295212372,2145.3248337385567,2413.4904379558766,766.1671405771217,1073.5871700838318,1381.0071995905419,1688.427229097252,1995.847258603962,921.1568716124087,1191.3029581155706,1461.4490446187326,1731.5951311218944,2001.7412176250564
.SPX,2010-06-18,1117.51,16.1823,13.38341,11.4301,12.479000712328766,69.0575505336077,89.55124098165518,828.6906064032923,1035.8632580041153,1243.0359096049385,1450.2085612057617,1657.3812128065847,1864.5538644074077,1074.6148917798623,1343.2686147248278,1611.9223376697933,1880.576060614759,2149.2297835597246,2417.88350650469,764.8814458579462,1071.7855979698,1378.6897500816533,1685.593902193507,1992.4980543053605,922.8335740420365,1193.4713841739886,1464.1091943059407,1734.7470044378929,2005.384814569845
.SPX,2010-06-25,1076.76,15.55454,12.86517,11.00523,12.40953941369863,69.2248051051333,86.76873202976311,830.6976612615996,1038.3720765769995,1246.0464918923994,1453.7209072077992,1661.3953225231992,1869.0697378385992,1041.2247843571574,1301.5309804464466,1561.837176535736,1822.1433726250254,2082.449568714315,2342.755764803604,766.7339575312728,1074.381418985324,1382.0288804393747,1689.6763418934256,1997.3238033474765,894.1595696091495,1156.3882039311663,1418.616838253183,1680.8454725752,1943.0741068972166
.SPX,2010-07-02,1022.58,14.7847,12.23881,10.46824,12.340078115068494,69.1647446346561,82.86657430080005,829.9769356158732,1037.4711695198416,1244.96540342381,1452.4596373277782,1659.9538712317465,1867.4481051357147,994.3988916096007,1242.9986145120008,1491.598337414401,1740.198060316801,1988.7977832192014,2237.3975061216015,766.0687277462235,1073.449269687132,1380.8298116280405,1688.210353568949,1995.5908955098573,853.9474840587949,1104.3831894277403,1354.8188947966858,1605.254600165631,1855.6903055345765
.SPX,2010-07-09,1077.96,15.56986,12.92164,11.06225,12.270616816438356,69.23376318091492,87.84888454473689,830.805158170979,1038.506447713724,1246.2077372564686,1453.9090267992133,1661.610316341958,1869.3116058847029,1054.1866145368426,1317.7332681710534,1581.279921805264,1844.8265754394747,2108.3732290736853,2371.9198827078962,766.8331771807248,1074.5204499317458,1382.2077226827666,1689.8949954337875,1997.5822681848083,905.2906382015763,1170.7836618057127,1436.276685409849,1701.7697090139854,1967.2627326181216
.SPX,2010-07-16,1064.88,15.15002,12.71872,10.92572,12.20115551780822,70.28901612011074,87.27697949966726,843.4681934413289,1054.3352418016611,1265.2022901619935,1476.0693385223256,1686.9363868826579,1897.8034352429902,1047.323753996007,1309.154692495009,1570.9856309940108,1832.8165694930126,2094.647507992014,2356.4784464910163,778.5211589820073,1090.89816523885,1403.2751714956926,1715.6521777525352,2028.0291840093776,899.3971053932214,1163.1617427985248,1426.926380203828,1690.6910176091317,1954.455655014435
.SPX,2010-07-23,1102.66,15.18232,13.11631,11.35462,12.131694219178083,72.62789876645994,90.89085003946833,871.5347851975192,1089.418481496899,1307.3021777962788,1525.1858740956586,1743.0695703950385,1960.9532666944183,1090.69020047362,1363.362750592025,1636.03530071043,1908.707850828835,2181.38040094724,2454.052951065645,804.4266237198711,1127.198044344446,1449.969464969021,1772.7408855935957,2095.5123062181706,936.6383655903082,1211.3246831227748,1486.011000655241,1760.6973181877077,2035.3836357201742
.SPX,2010-07-30,1101.6,14.89743,13.04574,11.337,12.05794783561644,73.94564028829133,91.35882946400909,887.347683459496,1109.18460432437,1331.021525189244,1552.8584460541178,1774.695366918992,1996.532287783866,1096.305953568109,1370.3824419601365,1644.4589303521636,1918.5354187441908,2192.611907136218,2466.6883955282456,819.0219291238028,1147.6496296386329,1476.2773301534628,1804.905030668293,2133.532731183123,941.4609355535268,1217.561559858922,1493.662184164317,1769.7628084697124,2045.8634327751074
.SPX,2010-08-06,1121.64,15.09869,13.21564,11.54809,12.219678630136986,74.28723948898879,91.7896479890835,891.4468738678654,1114.308592334832,1337.1703108017982,1560.0320292687645,1782.8937477357308,2005.7554662026973,1101.475775869002,1376.8447198362526,1652.213663803503,1927.5826077707536,2202.951551738004,2478.320495705255,822.8054819506038,1152.9513106388497,1483.0971393270952,1813.2429680153407,2143.388796703586,945.9005591131756,1223.3031841604063,1500.7058092076372,1778.108434254868,2055.5110593020986
.SPX,2010-08-13,1079.25,14.50449,12.7053,11.12459,12.207532146118721,74.40799366265205,88.40853229644274,892.8959239518246,1116.1199049397808,1339.343885927737,1562.567866915693,1785.791847903649,2009.0158288916052,1060.902387557313,1326.1279844466412,1591.3535813359695,1856.5791782252977,2121.804775114626,2387.030372003954,824.142955206334,1154.8254371207038,1485.5079190350734,1816.1904009494433,2146.8728828638127,911.0578585019304,1178.2422248536002,1445.42659120527,1712.6109575569399,1979.7953239086096
.SPX,2010-08-20,1071.69,14.37197,12.621,11.05071,12.195385662100456,74.56806547745369,87.87667972899669,894.8167857294443,1118.5209821618053,1342.2251785941664,1565.9293750265274,1789.6335714588886,2013.3377678912495,1054.5201567479603,1318.1501959349503,1581.7802351219404,1845.4102743089306,2109.0403134959206,2372.6703526829106,825.9159106645066,1157.3097804607098,1488.7036502569129,1820.0975200531159,2151.4913898493187,905.5770700695264,1171.1540950534072,1436.731120037288,1702.308145021169,1967.8851700050498
.SPX,2010-08-27,1064.59,14.26022,12.55167,10.98976,12.183239178082193,74.65452847151025,87.38152345520814,895.854341658123,1119.8179270726537,1343.7815124871845,1567.745097901715,1791.708683316246,2015.6722687307768,1048.5782814624977,1310.7228518281222,1572.8674221937465,1835.0119925593708,2097.1565629249953,2359.30113329062,826.8735748068947,1158.6517016709338,1490.4298285349728,1822.207955399012,2153.986082263051,900.4744402361416,1164.555025772146,1428.6356113081506,1692.7161968441549,1956.7967823801594
.SPX,2010-09-03,1104.51,14.78108,13.033,11.42085,12.171092694063928,74.72458034189654,90.74863101968572,896.6949641027585,1120.868705128448,1345.0424461541377,1569.2161871798273,1793.389928205517,2017.5636692312066,1088.9835722362286,1361.2294652952858,1633.475358354343,1905.7212514134,2177.967144472457,2450.2130375315146,827.6494693396734,1159.7389192917549,1491.828369243836,1823.9178191959174,2156.0072691479986,935.17278582967,1209.4292953142394,1483.685804798809,1757.9423142833784,2032.198823767948
.SPX,2010-09-10,1109.55,14.84835,13.09733,11.48353,12.158946210045663,74.72547454767701,91.25379624455408,896.7056945721241,1120.882118215155,1345.0585418581861,1569.2349655012172,1793.4113891442482,2017.5878127872793,1095.0455549346489,1368.8069436683113,1642.5683324019735,1916.3297211356357,2190.0911098692977,2463.85249860296,827.659373563107,1159.752797526209,1491.8462214893107,1823.9396454524124,2156.033069415514,940.3785588020683,1216.1617563449438,1491.9449538878196,1767.728151430695,2043.5113489735709
.SPX,2010-09-17,1125.59,15.08607,13.30734,11.67812,12.146799726027398,74.61121418633216,92.66556009713048,895.3345702359859,1119.1682127949825,1343.001855353979,1566.8354979129754,1790.6691404719718,2014.5027830309684,1111.9867211655658,1389.9834014569572,1667.9800817483488,1945.9767620397402,2223.9734423311315,2501.970122622523,826.393825774134,1157.979456178855,1489.5650865835757,1821.1507169882966,2152.7363473930172,954.9269119850612,1234.9766799662293,1515.0264479473972,1795.0762159285653,2075.1259839097333
.SPX,2010-09-24,1148.67,15.22991,13.09567,11.941,12.25102098630137,75.4219821390934,93.76116499060768,905.0637856691208,1131.329732086401,1357.5956785036813,1583.8616249209615,1810.1275713382415,2036.3935177555218,1125.1339798872923,1406.4174748591151,1687.7009698309382,1968.9844648027613,2250.2679597745846,2531.551454746407,835.3738918084991,1170.562720548217,1505.7515492879345,1840.940378027652,2176.1292067673694,966.2172187245583,1249.57807548451,1532.938932244462,1816.2997890044137,2099.660645764365
.SPX,2010-10-01,1146.24,15.37375,13.60137,11.92342,12.341758219178082,74.558256768843,92.87493561645348,894.6990812261159,1118.373851532645,1342.0486218391738,1565.723392145703,1789.3981624522319,2013.0729327587608,1114.4992273974417,1393.1240342468022,1671.7488410961628,1950.373647945523,2228.9984547948834,2507.623261644244,825.8072694056409,1157.1575475398722,1488.507825674103,1819.8581038083341,2151.208381942565,957.0845454996357,1237.7670789391452,1518.4496123786548,1799.1321458181644,2079.814679257674
.SPX,2010-10-08,1165.15,15.62079,13.82592,12.12382,12.515536164383562,74.58969744808041,93.09629125724221,895.076369376965,1118.8454617212062,1342.6145540654475,1566.3836464096887,1790.15273875393,2013.9218310981712,1117.1554950869065,1396.4443688586332,1675.7332426303599,1955.0221164020866,2234.310990173813,2513.5998639455397,826.1555063762264,1157.6455125333691,1489.1355186905118,1820.6255248476546,2152.115531004797,959.36563524093,1240.7171399333974,1522.0686446258646,1803.420149318332,2084.7716540107995
.SPX,2010-10-15,1176.19,15.73243,13.9344,12.22577,12.586220712328767,74.7621314698365,93.45060974879212,897.145577638038,1121.4319720475476,1345.718366457057,1570.0047608665666,1794.291155276076,2018.5775496855856,1121.4073169855055,1401.7591462318817,1682.110975478258,1962.4628047246345,2242.814633971011,2523.166463217387,828.0653856415171,1160.321719547521,1492.578053453525,1824.8343873595288,2157.0907212655325,963.0169190905102,1245.439229498132,1527.8615399057537,1810.2838503133753,2092.706160720997
.SPX,2010-10-22,1183.08,15.38181,13.81876,12.30468,12.595051506849314,76.9142253089851,93.93212876951152,922.9707037078211,1153.7133796347764,1384.4560555617318,1615.198731488687,1845.9414074156423,2076.6840833425977,1127.1855452341383,1408.9819315426728,1690.7783178512075,1972.574704159742,2254.3710904682766,2536.167476776811,851.9019775071503,1193.7226027884706,1535.5432280697905,1877.3638533511105,2219.1844786324305,967.9790158073021,1251.856551758153,1535.734087709004,1819.6116236598548,2103.489159610706
.SPX,2010-10-29,1183.26,15.18033,13.82131,12.31469,12.574736739726028,77.94692210248394,94.09819262950074,935.3630652298073,1169.203831537259,1403.044597844711,1636.8853641521628,1870.7261304596145,2104.5668967670663,1129.1783115540088,1411.4728894425111,1693.7674673310134,1976.0620452195155,2258.3566231080176,2540.65120099652,863.3401274334187,1209.7502426596964,1556.160357885974,1902.5704731122516,2248.9805883385293,969.6903187859449,1254.0697256089009,1538.4491324318567,1822.8285392548125,2107.2079460777686
.SPX,2010-11-05,1225.85,15.66148,14.27673,12.75701,12.990172520547944,78.27165759557845,94.36749189134648,939.2598911469413,1174.0748639336766,1408.889836720412,1643.7048095071473,1878.5197822938826,2113.334755080618,1132.4099026961576,1415.5123783701972,1698.6148540442366,1981.717329718276,2264.819805392315,2547.922281066355,866.9368978308663,1214.7901958865189,1562.6434939421715,1910.496791997824,2258.3500900534764,972.4654718443697,1257.6587430169109,1542.852014189452,1828.045285361993,2113.238556534534
.SPX,2010-11-12,1199.21,15.34009,13.94883,12.48499,12.681505506849316,78.17489988650654,94.56369351038829,938.0987986380785,1172.623498297598,1407.1481979571176,1641.6728976166373,1876.197597276157,2110.7222969356767,1134.7643221246594,1418.4554026558244,1702.1464831869891,1985.8375637181541,2269.528644249319,2553.219724780484,865.865209422561,1213.288498848693,1560.7117882748253,1908.1350777009573,2255.5583671270892,974.4873471344093,1260.2735701850008,1546.0597932355925,1831.8460162861838,2117.6322393367755
.SPX,2010-11-19,1199.73,15.31579,13.9515,12.48168,12.65080997260274,78.33288390608647,94.83424402059619,939.9946068730376,1174.993258591297,1409.9919103095563,1644.9905620278157,1879.9892137460752,2114.9878654643344,1138.0109282471542,1422.513660308943,1707.0163923707314,1991.51912443252,2276.0218564943084,2560.524588556097,867.6150404603696,1215.7404392315589,1563.865838002748,1911.991236773937,2260.1166355451264,977.2753944194849,1263.8792632872655,1550.4831321550462,1837.0870010228268,2123.6908698906072
.SPX,2010-11-26,1189.4,15.14038,13.9506,12.35565,12.508590410958904,78.55813394379798,95.08665332569804,942.6976073255757,1178.3720091569699,1414.0464109883637,1649.7208128197576,1885.3952146511515,2121.0696164825454,1141.0398399083765,1426.2997998854705,1711.5597598625648,1996.8197198396588,2282.079679816753,2567.339639793847,870.1099099307326,1219.2363603074718,1568.362810684211,1917.48926106095,2266.6157114376892,979.876494958073,1267.243184093232,1554.609873228391,1841.9765623635499,2129.343251498709
.SPX,2010-12-03,1224.71,15.54276,14.35961,12.72539,12.850754821917809,78.79617262313772,95.30257303728,945.5540714776527,1181.942589347066,1418.331107216479,1654.7196250858922,1891.1081429553053,2127.4966608247187,1143.63087644736,1429.5385955592,1715.44631467104,2001.35403378288,2287.26175289472,2573.1694720065598,872.74642639876,1222.930763400323,1573.1151004018857,1923.2994374034486,2273.4837744050114,982.1015669611078,1270.1207991237702,1558.1400312864328,1846.1592634490953,2134.1784956117576
.SPX,2010-12-10,1240.4,15.70693,14.52394,12.87555,12.970388876712327,78.97151130106266,95.633215918998,947.658135612752,1184.5726695159399,1421.487203419128,1658.401737322316,1895.316271225504,2132.230805128692,1147.598591027976,1434.49823878497,1721.397886541964,2008.297534298958,2295.197182055952,2582.096829812946,874.688477636456,1225.6520512003522,1576.6156247642484,1927.5791983281445,2278.5427718920405,985.5088715268803,1274.5273580210624,1563.5458445152447,1852.5643310094267,2141.582817503609
.SPX,2010-12-17,1243.91,15.79007,14.54706,12.8895,12.953077643835616,78.7779914845216,96.03200368307668,945.3358978142593,1181.669872267824,1418.003846721389,1654.3378211749537,1890.6717956285186,2127.0057700820835,1152.38404419692,1440.4800552461502,1728.5760662953803,2016.6720773446102,2304.76808839384,2592.8640994430702,872.5450521031967,1222.648588860785,1572.752125618373,1922.8556623759612,2272.959199133549,989.6184152202429,1279.8421005033483,1570.065785786454,1860.2894710695593,2150.5131563526647
.SPX,2010-12-23,1256.77,15.93469,14.70383,13.00709,13.044278821917809,78.87006273733596,96.34645327331526,946.4407528480315,1183.0509410600393,1419.6611292720472,1656.271317484055,1892.881505696063,2129.491693908071,1156.1574392797831,1445.1967990997289,1734.2361589196748,2023.2755187396206,2312.3148785595663,2601.354238379512,873.5648333208974,1224.0775512550626,1574.5902691892277,1925.1029871233927,2275.615705057558,992.8588464642428,1284.0328474276914,1575.2068483911403,1866.380849354589,2157.5548503180376
.SPX,2010-12-31,1257.64,15.93595,14.71335,13.0167,13.0167,78.91842030126853,96.61742223451414,947.0210436152223,1183.776304519028,1420.5315654228334,1657.2868263266391,1894.0420872304446,2130.79734813425,1159.4090668141696,1449.261333517712,1739.1136002212545,2028.965866924797,2318.818133628339,2608.670400331882,874.1004417103219,1224.8280693399838,1575.5556969696454,1926.2833245993072,2277.010952228969,995.6512059243294,1287.644117329093,1579.6370287338568,1871.6299401386204,2163.622851543384
.SPX,2011-01-07,1271.5,16.1578,13.16902,,13.16902,78.69264380051739,96.55236304599735,944.3117256062087,1180.389657007761,1416.467588409313,1652.5455198108652,1888.6234512124174,2124.7013826139696,1158.6283565519682,1448.2854456899604,1737.9425348279524,2027.5996239659444,2317.2567131039364,2606.9138022419284,871.5997411352091,1221.3239774630597,1571.0482137909103,1920.7724501187608,2270.4966864466114,994.9807651486899,1286.777057543866,1578.5733499390424,1870.3696423342185,2162.165934729395
.SPX,2011-01-14,1293.24,16.28234,13.29434,,13.29434,79.42593017956878,97.27748801369606,953.1111621548254,1191.3889526935318,1429.666743232238,1667.9445337709444,1906.2223243096507,2144.500114848357,1167.3298561643528,1459.162320205441,1750.994784246529,2042.8272482876173,2334.6597123287056,2626.4921763697935,879.7216212410465,1232.704713880466,1585.6878065198855,1938.670899159305,2291.6539917987243,1002.4532430086628,1296.44097609387,1590.4287091790773,1884.4164422642846,2178.404175349492
.SPX,2011-01-21,1283.35,16.01607,13.12935,,13.12935,80.12889554054146,97.74665158595054,961.5467464864976,1201.933433108122,1442.3201197297462,1682.7068063513707,1923.0934929729951,2163.4801795946196,1172.9598190314066,1466.1997737892582,1759.4397285471098,2052.6796833049616,2345.919638062813,2639.159592820665,887.5076657435541,1243.6148626468273,1599.7220595501,1955.829256453373,2311.9364533566463,1007.2880157203288,1302.693634257449,1598.0992527945693,1893.5048713316894,2188.9104898688097
.SPX,2011-01-28,1276.34,15.80487,13.01632,,13.01632,80.75612137271612,98.05690087520895,969.0734564725935,1211.341820590742,1453.6101847088903,1695.8785488270387,1938.146912945187,2180.4152770633355,1176.6828105025074,1470.8535131281342,1765.0242157537612,2059.194918379388,2353.365621005015,2647.5363236306416,894.4548192073846,1253.3495203114119,1612.244221415439,1971.138922519466,2330.033623623493,1010.4851624858213,1306.8284027389498,1603.1716429920782,1899.5148832452069,2195.8581234983353
.SPX,2011-02-04,1310.87,16.26506,13.3732,11.54024,13.197436712328768,80.59423082361823,99.32762161120368,967.1307698834188,1208.9134623542734,1450.6961548251281,1692.4788472959829,1934.2615397668376,2176.044232237692,1191.9314593344443,1489.9143241680551,1787.8971890016662,2085.8800538352775,2383.8629186688886,2681.845783502499,892.6617194477216,1250.836949888195,1609.0121803286684,1967.1874107691415,2325.362641209615,1023.5800536961794,1323.7636101024848,1623.94716650879,1924.1307229150952,2224.3142793214006
.SPX,2011-02-11,1329.15,16.41222,13.56507,11.77234,13.358783260273974,80.98538771720096,99.49633691210443,971.8246526064115,1214.7808157580146,1457.7369789096174,1700.6931420612202,1943.649305212823,2186.605468364426,1193.956042945253,1492.4450536815664,1790.9340644178797,2089.4230751541927,2387.912085890506,2686.4010966268197,896.994173292508,1256.9077751904124,1616.8213770883165,1976.7349789862208,2336.648580884125,1025.318680011338,1326.0121203575084,1626.7055607036787,1927.399001049849,2228.0924413960192
.SPX,2011-02-18,1343.01,16.55415,13.6743,11.97304,13.445911671232876,81.1282971339513,99.88240536142517,973.5395656074156,1216.9244570092696,1460.3093484111234,1703.6942398129775,1947.0791312148312,2190.4640226166853,1198.588864337102,1498.2360804213777,1797.883296505653,2097.5305125899285,2397.177728674204,2696.8249447584794,898.5770380258513,1259.1257550275736,1619.6744720292957,1980.2231890310177,2340.77190603274,1029.2971500247745,1331.157349407892,1633.0175487910099,1934.8777481741276,2236.7379475572457
.SPX,2011-02-25,1319.88,16.11726,13.42529,11.87949,13.18812616438356,81.89233157496994,100.08093519491243,982.7079788996393,1228.3849736245493,1474.061968349459,1719.7389630743687,1965.4159577992787,2211.0929525241886,1200.9712223389492,1501.2140279236864,1801.4568335084236,2101.699639093161,2401.9424446778985,2702.1852502626357,907.0394836732277,1270.9837068939398,1634.9279301146519,1998.872153335364,2362.816376556076,1031.3430177735927,1333.8032052617536,1636.2633927499146,1938.7235802380756,2241.1837677262365
.SPX,2011-03-04,1321.15,16.13016,13.42759,11.88181,13.1607841369863,81.9055731623245,100.38535593689416,982.866877947894,1228.5835974348674,1474.300316921841,1720.0170364088144,1965.733755895788,2211.4504753827614,1204.62427124273,1505.7803390534123,1806.9364068640948,2108.0924746747773,2409.24854248546,2710.4046102961424,907.186147497863,1271.1892187099718,1635.1922899220804,1999.195361134189,2363.1984323462975,1034.4801008363843,1337.860295262088,1641.2404896877918,1944.6206841134954,2248.0008785391988
.SPX,2011-03-11,1304.28,15.91346,13.2301,11.72505,12.941460273972602,81.96080550678482,100.78306252835476,983.5296660814179,1229.4120826017725,1475.2944991221268,1721.1769156424812,1967.0593321628357,2212.9417486831903,1209.396750340257,1511.7459379253214,1814.0951255103857,2116.44431309545,2418.793500680514,2721.1426882655787,907.7979009580205,1272.0464346244846,1636.2949682909484,2000.5435019574122,2364.792035623876,1038.5785029489005,1343.1606286913348,1647.742754433769,1952.3248801762034,2256.907005918638
.SPX,2011-03-18,1279.2,15.61883,12.94581,11.49009,12.638712904109587,81.90114112260649,101.21283786611349,982.8136934712779,1228.5171168390973,1474.220540206917,1719.9239635747363,1965.6273869425559,2211.330810310375,1214.5540543933619,1518.1925679917024,1821.8310815900427,2125.469595188383,2429.1081087867237,2732.7466223850643,907.13705822491,1271.1204326568509,1635.1038070887919,1999.0871815207327,2363.0705559526737,1043.0073763696525,1348.888350179235,1654.7693239888174,1960.6502977983998,2266.5312716079825
.SPX,2011-03-25,1313.8,16.03119,13.29981,11.79219,12.95285087671233,81.95274337089137,101.42940828277848,983.4329204506964,1229.2911505633706,1475.1493806760445,1721.0076107887187,1966.8658409013929,2212.724071014067,1217.1528993933418,1521.4411242416772,1825.7293490900126,2130.017573938348,2434.3057987866837,2738.594023635019,907.7086047389795,1271.92130882618,1636.1340129133803,2000.3467170005806,2364.5594210877807,1045.239153946958,1351.7746373162413,1658.3101206855247,1964.845604054808,2271.3810874240917
.SPX,2011-04-01,1332.41,16.24436,13.5004,11.95638,13.115452547945209,82.02292980455987,101.59085209825628,984.2751576547184,1230.343947068398,1476.4127364820777,1722.4815258957572,1968.5503153094369,2214.6191047231164,1219.0902251790753,1523.8627814738443,1828.635337768613,2133.4078940633817,2438.1804503581507,2742.9530066529196,908.4859896947033,1273.0106148933296,1637.5352400919558,2002.0598652905817,2366.584490489208,1046.902846952339,1353.926238699008,1660.9496304456775,1967.973022192347,2274.9964139390163
.SPX,2011-04-08,1328.17,16.14676,13.4246,11.88068,13.01006805479452,82.25613064168911,102.08785952587986,987.0735677002693,1233.8419596253366,1480.610351550404,1727.3787434754713,1974.1471354005387,2220.915527325606,1225.0543143105583,1531.317892888198,1837.5814714658375,2143.845050043477,2450.1086286211166,2756.3722071987563,911.0689222212762,1276.6299338054303,1642.190945389584,2007.7519569737378,2373.3129685578915,1052.0245530921038,1360.54997876211,1669.075404432116,1977.6008301021225,2286.126255772129
.SPX,2011-04-15,1319.68,15.98518,13.26397,11.73852,12.82514191780822,82.5564679284187,102.89788670233519,990.6776151410244,1238.3470189262805,1486.0164227115365,1733.6858264967927,1981.3552302820488,2229.0246340673048,1234.7746404280222,1543.4683005350278,1852.1619606420334,2160.8556207490387,2469.5492808560443,2778.24294096305,914.3954580793209,1281.2912224836818,1648.1869868880426,2015.0827512924034,2381.978515696764,1060.3719558318667,1371.3454099019277,1682.3188639719885,1993.2923180420496,2304.2657721121104
.SPX,2011-04-21,1337.38,16.04086,13.41931,11.84212,12.939671397260271,83.37333534486307,103.35502030470147,1000.4800241383568,1250.600030172946,1500.7200362075353,1750.8400422421244,2000.9600482767137,2251.080054311303,1240.2602436564175,1550.3253045705221,1860.3903654846265,2170.4554263987307,2480.520487312835,2790.58554822694,923.4430817748665,1293.969151625837,1664.495221476807,2035.0212913277774,2405.5473611787475,1065.0827586243463,1377.4377417020005,1689.792724779655,2002.1477078573093,2314.5026909349635
.SPX,2011-04-29,1363.61,16.08872,13.56544,12.02287,13.06251991780822,84.7556548936149,104.39103699593072,1017.0678587233788,1271.3348234042235,1525.6017880850682,1779.8687527659129,2034.1357174467576,2288.4026821276025,1252.6924439511686,1565.8655549389607,1879.0386659267529,2192.211776914545,2505.384887902337,2818.5579988901295,938.7536534200693,1315.4229995062844,1692.0923455924992,2068.761691678714,2445.431037764929,1075.7590035926337,1391.244990612845,1706.7309776330565,2022.2169646532677,2337.702951673479
.SPX,2011-05-06,1340.2,15.69815,13.29792,11.79074,12.777633205479452,85.37311721444884,104.88640411318741,1024.4774065733861,1280.5967582167325,1536.716109860079,1792.8354615034257,2048.9548131467723,2305.0741647901186,1258.636849358249,1573.2960616978112,1887.9552740373733,2202.6144863769355,2517.273698716498,2831.93291105606,945.592666230007,1325.0061257197858,1704.4195852095645,2083.833044699343,2463.246504189122,1080.8638061868774,1397.8468698567935,1714.8299335267097,2031.812997196626,2348.796060866542
.SPX,2011-05-13,1337.77,15.68865,13.26646,11.75665,12.71631005479452,85.26992443581824,105.2011152791616,1023.2390932298189,1279.0488665372736,1534.8586398447283,1790.6684131521831,2046.4781864596378,2302.2879597670926,1262.413383349939,1578.016729187424,1893.6200750249088,2209.2234208623936,2524.826766699878,2840.430112537363,944.449702989765,1323.40455524565,1702.359407501535,2081.31425975742,2460.2691120133054,1084.1069329923048,1402.0411028652136,1719.9752727381222,2037.909442611031,2355.8436124839395
.SPX,2011-05-20,1333.27,15.5919,13.19595,11.72627,12.63223712328767,85.51042528492357,105.5450421795916,1026.1251034190827,1282.6563792738536,1539.1876551286243,1795.718930983395,2052.2502068381655,2308.7814826929366,1266.5405061550991,1583.1756326938741,1899.810759232649,2216.4458857714235,2533.0810123101983,2849.7161388489735,947.1134904506919,1327.1371716558594,1707.1608528610268,2087.1845340661944,2467.2082152713615,1087.6511305629228,1406.6247011427065,1725.59827172249,2044.5718423022734,2363.545412882057
.SPX,2011-05-27,1331.1,15.51034,13.16297,11.6986,12.57321002739726,85.8201689969401,105.8679523446684,1029.8420279632812,1287.3025349541015,1544.7630419449217,1802.223548935742,2059.6840559265625,2317.1445629173827,1270.4154281360206,1588.019285170026,1905.6231422040312,2223.226999238036,2540.8308562720413,2858.434713306047,950.5442118774142,1331.9444497454501,1713.344687613486,2094.744925481522,2476.1451633495576,1090.9787487898257,1410.9282042260081,1730.8776596621906,2050.827115098373,2370.7765705345555
.SPX,2011-06-03,1300.16,15.16427,12.86271,11.42917,12.257873945205478,85.73838371382203,106.0673331943132,1028.8606045658644,1286.0757557073305,1543.2909068487966,1800.5060579902627,2057.7212091317288,2314.9363602731946,1272.8079983317584,1591.009997914698,1909.2119974976376,2227.4139970805772,2545.615996663517,2863.8179962464565,949.6383580624747,1330.6751274498504,1711.7118968372258,2092.748666224601,2473.7854356119765,1093.033386336512,1413.5854017812283,1734.1374172259445,2054.6894326706606,2375.241448115377
.SPX,2011-06-10,1270.98,14.82598,12.57889,11.18235,12.32816021917808,85.72654219147739,103.09567505643079,1028.7185062977287,1285.8981328721609,1543.077759446593,1800.2573860210252,2057.4370125954574,2314.61663916989,1237.1481006771696,1546.435125846462,1855.7221510157542,2165.0091761850467,2474.2962013543392,2783.5832265236313,949.5072013582165,1330.491344894446,1711.4754884306753,2092.459631966905,2473.443775503134,1062.4101825690186,1373.981383877814,1685.5525851866096,1997.1237864954053,2308.6949878042005
.SPX,2011-06-17,1271.5,14.84259,12.59976,11.19812,12.398446493150685,85.66564191290065,102.5531707300926,1027.987702954808,1284.9846286935099,1541.9815544322119,1798.9784801709138,2055.975405909616,2312.972331648318,1230.6380487611113,1538.297560951389,1845.9570731416668,2153.616585331945,2461.2760975222227,2768.9356097125,948.8326698584602,1329.5461616235866,1710.2596533887129,2090.973145153839,2471.686636918965,1056.819626805414,1366.7512954705765,1676.6829641357388,1986.6146328009013,2296.5463014660636
.SPX,2011-06-24,1268.45,14.7916,12.56349,11.17189,12.468732767123289,85.75475269747695,101.73046641472365,1029.0570323697234,1286.3212904621541,1543.585548554585,1800.8498066470158,2058.114064739447,2315.3783228318775,1220.7655969766838,1525.9569962208548,1831.1483954650257,2136.3397947091967,2441.5311939533676,2746.7225931975386,949.819660929264,1330.92917701864,1712.0386931080159,2093.1482091973917,2474.2577252867677,1048.3415850115848,1355.7869129866929,1663.232240961801,1970.6775689369088,2278.122896912017
.SPX,2011-07-01,1339.67,15.58619,13.27759,11.79639,12.53901904109589,85.95237193951826,106.84009615180511,1031.4284632742192,1289.2855790927738,1547.1426949113286,1804.9998107298834,2062.8569265484384,2320.714042366993,1282.0811538216612,1602.6014422770768,1923.121730732492,2243.6420191879074,2564.1623076433225,2884.682596098738,952.0084917003229,1333.9962631788783,1715.9840346574338,2097.971806135989,2479.9595776145443,1100.9967779560166,1423.8842035220682,1746.7716290881199,2069.6590546541715,2392.546480220223
.SPX,2011-07-08,1343.8,15.65743,13.36831,11.8613,12.58796783561644,85.82506835412964,106.75273543342297,1029.9008202495556,1287.3760253119447,1544.8512303743335,1802.3264354367225,2059.8016404991113,2317.2768455615005,1281.0328252010756,1601.2910315013446,1921.5492378016133,2241.8074441018825,2562.0656504021513,2882.32385670242,950.5984771587912,1332.0204886497336,1713.4425001406755,2094.864511631618,2476.2865231225596,1100.0965179139253,1422.719925770615,1745.3433336273047,2067.966741483994,2390.590149340684
.SPX,2011-07-15,1316.14,15.28718,13.13525,11.61563,12.31923487671233,86.09436141917608,106.8361804261047,1033.132337030113,1291.4154212876413,1549.6985055451694,1807.9815898026977,2066.264674060226,2324.5477583177544,1282.0341651132564,1602.5427063915706,1923.0512476698846,2243.5597889481987,2564.068330226513,2884.576871504827,953.5811672102143,1336.199965426997,1718.8187636437797,2101.4375618605623,2484.056360077345,1100.956426051303,1423.8320176838768,1746.7076093164505,2069.583200949024,2392.458792581598
.SPX,2011-07-22,1345.02,15.37451,13.37811,11.77459,12.486289287671234,87.48376371019303,107.71975316382039,1049.8051645223163,1312.2564556528955,1574.7077467834745,1837.1590379140537,2099.6103290446326,2362.061620175212,1292.6370379658447,1615.7962974573059,1938.955556948767,2262.114816440228,2585.2740759316894,2908.4333354231503,968.9701873104016,1357.7637387405828,1746.557290170764,2135.350841600945,2524.144393031126,1110.0617223993381,1435.6076085829013,1761.1534947664647,2086.6993809500277,2412.2452671335914
.SPX,2011-07-29,1292.28,14.58449,12.80725,11.30776,12.467045716164384,88.60645795636323,103.65567187457009,1063.2774954763588,1329.0968693454483,1594.916243214538,1860.7356170836279,2126.5549909527176,2392.3743648218074,1243.868062494841,1554.8350781185513,1865.8020937422616,2176.769109365972,2487.736124989682,2798.7031406133924,981.405149043502,1375.1881552550838,1768.9711614666655,2162.754167678247,2556.537173889829,1068.1810000302921,1381.444599019798,1694.7081980093037,2007.9717969988096,2321.2353959883153
.SPX,2011-08-05,1199.38,13.52089,11.84563,10.48716,12.447802144657535,88.70569910708542,96.35275256321144,1064.468389285025,1330.5854866062814,1596.7025839275375,1862.8196812487938,2128.93677857005,2395.0538758913062,1156.2330307585373,1445.2912884481716,1734.3495461378059,2023.4078038274401,2312.4660615170746,2601.5243192067087,982.5043440521065,1376.728395753742,1770.9524474553773,2165.1764991570126,2559.400550858648,992.9237612118789,1284.116799611372,1575.309838010865,1866.502876410358,2157.6959148098513
.SPX,2011-08-12,1178.81,13.26828,11.65683,10.32038,12.428558573150685,88.84422095403472,94.84687971351511,1066.1306514484168,1332.663314310521,1599.1959771726251,1865.7286400347293,2132.2613028968335,2398.7939657589377,1138.1625565621812,1422.7031957027266,1707.243834843272,1991.7844739838172,2276.3251131243624,2560.8657522649078,984.0386120613075,1378.8782797188876,1773.7179473764677,2168.5576150340476,2563.3972826916274,977.4056063688565,1264.04766227038,1550.6897181719035,1837.331774073427,2123.97382997495
.SPX,2011-08-19,1123.53,12.61359,11.14057,9.87073,12.409315001643836,89.07297605202008,90.53924409616229,1068.875712624241,1336.0946407803012,1603.3135689363614,1870.5324970924216,2137.751425248482,2404.970353404542,1086.4709291539475,1358.0886614424344,1629.7063937309213,1901.3241260194081,2172.941858307895,2444.559590596382,986.572303580083,1382.4285999603153,1778.2848963405472,2174.141192720779,2569.9974891010115,933.0150347937869,1206.6387443547433,1480.2624539156998,1753.886163476656,2027.5098730376126
.SPX,2011-08-26,1176.8,13.20239,11.6975,10.38224,12.390071430136986,89.13537624627057,94.97927486823126,1069.624514955247,1337.0306436940584,1604.4367724328702,1871.842901171682,2139.249029910494,2406.655158649305,1139.7512984187751,1424.689123023469,1709.6269476281627,1994.5647722328565,2279.5025968375503,2564.440421442244,987.2634481461924,1383.397062192054,1779.5306762379153,2175.6642902837766,2571.797904329638,978.7699503184572,1265.8121250162326,1552.8542997140082,1839.8964744117836,2126.9386491095593
.SPX,2011-09-02,1173.97,13.17295,11.67454,10.36987,12.370827858630138,89.11974918298483,94.8982568843212,1069.436990195818,1336.7962377447725,1604.155485293727,1871.5147328426815,2138.873980391636,2406.2332279405905,1138.7790826118544,1423.473853264818,1708.1686239177816,1992.8633945707452,2277.558165223709,2562.2529358766724,987.0903627895856,1383.1545273607605,1779.2186919319352,2175.28285650311,2571.3470210742844,977.935052724255,1264.7323784449939,1551.5297041657327,1838.3270298864716,2125.1243556072104
.SPX,2011-09-09,1154.23,12.95296,11.48858,10.21603,12.351584287123288,89.10936187558674,93.4479313073467,1069.312342507041,1336.6404281338012,1603.9685137605613,1871.2965993873215,2138.624685014082,2405.952770640842,1121.3751756881604,1401.7189696102007,1682.0627635322408,1962.4065574542808,2242.750351376321,2523.094145298361,986.9753129704154,1382.9933144827344,1779.0113159950529,2175.0293175073716,2571.0473190196903,962.9893175110699,1245.4035332511091,1527.8177489911482,1810.2319647311874,2092.6461804712267
.SPX,2011-09-16,1216.01,13.67403,12.17295,10.8348,12.33234071561644,88.92842856129465,98.60334125055164,1067.1411427355358,1333.9264284194198,1600.7117141033036,1867.4969997871876,2134.2822854710716,2401.0675711549557,1183.2400950066196,1479.0501187582745,1774.8601425099296,2070.670166261584,2366.4801900132393,2662.2902137648944,984.9712955390087,1380.1851969206027,1775.3990983021968,2170.612999683791,2565.826901065385,1016.1162795876118,1314.1109478380442,1612.1056160884768,1910.1002843389094,2208.094952589342
.SPX,2011-09-23,1136.43,12.76435,11.38926,10.14882,12.313097144109589,89.03156055733352,92.29440706099294,1068.3787266880022,1335.4734083600028,1602.5680900320033,1869.662771704004,2136.7574533760044,2403.852135048005,1107.5328847319151,1384.4161059148942,1661.299327097873,1938.1825482808517,2215.0657694638303,2491.9489906468093,986.1135855512505,1381.7858240379887,1777.4580625247268,2173.130301011465,2568.802539498203,951.1021466428866,1230.0302322908676,1508.9583179388487,1787.8864035868298,2066.814489234811
.SPX,2011-09-30,1131.42,12.70784,11.35745,10.13153,12.29385357260274,89.03322673247382,92.03135480004471,1068.3987207896857,1335.4984009871073,1602.5980811845288,1869.6977613819502,2136.7974415793715,2403.897121776793,1104.3762576005365,1380.4703220006706,1656.5643864008048,1932.658450800939,2208.752515201073,2484.846579601207,986.132040107494,1381.8116833756756,1777.4913266438566,2173.170969912038,2568.850613180219,948.3913694892744,1226.5244701982094,1504.6575709071446,1782.7906716160799,2060.923772325015
.SPX,2011-10-07,1155.46,12.98214,11.60137,10.38839,12.27461000109589,89.00381601184397,94.13415170802489,1068.0457921421275,1335.0572401776594,1602.0686882131913,1869.0801362487232,2136.091584284255,2403.103032319787,1129.6098204962987,1412.0122756203732,1694.414730744448,1976.8171858685228,2259.2196409925973,2541.622096116672,985.8062869589207,1381.3552237046704,1776.9041604504198,2172.453097196169,2568.002033941919,970.0608803168622,1254.5489610806753,1539.0370418444884,1823.5251226083017,2108.0132033721147
.SPX,2011-10-14,1224.58,13.74259,12.35341,11.11691,12.255366429589042,89.10838495509216,99.92194089304465,1069.300619461106,1336.6257743263825,1603.9509291916588,1871.2760840569354,2138.601238922212,2405.9263937874885,1199.063290716536,1498.8291133956698,1798.5949360748036,2098.3607587539377,2398.126581433072,2697.8924041122054,986.9644925987891,1382.9781525010485,1778.991812403308,2175.0054723055673,2571.0191322078267,1029.704567225766,1331.684249148518,1633.66393107127,1935.6436129940223,2237.6232949167743
.SPX,2011-10-21,1238.25,13.92785,12.43676,11.31356,12.236122858082192,88.90460480260772,101.19627061296727,1066.8552576312927,1333.5690720391158,1600.282886446939,1866.9967008547621,2133.7105152625854,2400.4243296704085,1214.3552473556072,1517.944059194509,1821.5328710334109,2125.1216828723127,2428.7104947112143,2732.2993065501164,984.7074235822215,1379.8154479032562,1774.923472224291,2170.0314965453254,2565.1395208663603,1042.8366493393469,1348.6675543273,1654.498459315253,1960.3293643032061,2266.1602692911592
.SPX,2011-10-28,1285.09,14.24472,12.9271,11.77209,12.216879286575343,90.21518148478874,105.18971087912243,1082.582177817465,1353.2277222718312,1623.8732667261975,1894.5188111805637,2165.16435563493,2435.809900089296,1262.276530549469,1577.8456631868364,1893.4147958242038,2208.983928461571,2524.553061098938,2840.1221937363057,999.2233712205103,1400.1558335981279,1801.0882959757453,2202.0207583533625,2602.95322073098,1083.989409626547,1401.8891136247382,1719.7888176229294,2037.6885216211206,2355.5882256193117
.SPX,2011-11-04,1253.23,13.74609,12.59101,11.51368,12.197635715068493,91.16992541151701,102.74368158509665,1094.0391049382042,1367.5488811727553,1641.0586574073063,1914.5684336418574,2188.0782098764084,2461.5879861109593,1232.92417902116,1541.1552237764497,1849.3862685317397,2157.61731328703,2465.84835804232,2774.0794027976094,1009.7981151762001,1414.9736309643768,1820.1491467525532,2225.3246625407296,2630.5001783289063,1058.7828582613936,1369.2902804285675,1679.7977025957414,1990.3051247629153,2300.8125469300894
.SPX,2011-11-11,1263.85,13.88556,12.67833,11.61018,12.178392143561645,91.01901543762008,103.77806734267133,1092.2281852514411,1365.2852315643013,1638.3422778771615,1911.3993241900218,2184.4563705028822,2457.5134168157424,1245.3368081120561,1556.67101014007,1868.005212168084,2179.339414196098,2490.6736162241123,2802.007818252126,1008.1266362700305,1412.6314810421316,1817.1363258142326,2221.6411705863334,2626.1460153584344,1069.4422963120217,1383.075793486007,1696.7092906599921,2010.3427878339774,2323.976285007963
.SPX,2011-11-18,1215.65,13.35893,12.23069,11.17737,12.159148572054795,90.99905456499884,99.97821745462605,1091.988654779986,1364.9858184749826,1637.982982169979,1910.9801458649756,2183.977309559972,2456.974473254969,1199.7386094555127,1499.6732618193907,1799.6079141832688,2099.542566547147,2399.4772189110254,2699.411871274903,1007.9055496402102,1412.3216847109115,1816.7378197816129,2221.153954852314,2625.570089923015,1030.2845022427423,1332.4342607073847,1634.5840191720272,1936.7337776366696,2238.883536101312
.SPX,2011-11-25,1158.67,12.76764,11.8335,10.66551,12.139905000547946,90.75052241447911,95.44308624719076,1089.0062689737492,1361.2578362171867,1633.5094034606238,1905.7609707040613,2178.0125379474985,2450.264105190936,1145.3170349662892,1431.6462937078613,1717.9755524494337,2004.3048111910061,2290.6340699325783,2576.9633286741505,1005.1528074829394,1408.4644210590552,1811.776034635171,2215.0876482112867,2618.3992617874023,983.5495681979486,1271.9934531851616,1560.4373381723747,1848.8812231595875,2137.3251081468006
.SPX,2011-12-02,1244.28,13.60088,12.67756,11.42403,12.120661429041096,91.48525683632235,102.6577639582198,1097.823082035868,1372.2788525448352,1646.7346230538024,1921.1903935627693,2195.646164071736,2470.1019345807035,1231.8931674986377,1539.866459373297,1847.8397512479564,2155.813043122616,2463.7863349972754,2771.759626871935,1013.2907261110779,1419.8676313608892,1826.4445366107004,2233.0214418605115,2639.5983471103227,1057.8974694067576,1368.145235112058,1678.3930008173584,1988.6407665226586,2298.888532227959
.SPX,2011-12-09,1255.19,13.71981,12.78427,11.53636,12.101417857534248,91.48741855754562,103.7225567100411,1097.8490226905474,1372.3112783631843,1646.7735340358213,1921.235789708458,2195.6980453810947,2470.160301053732,1244.6706805204933,1555.8383506506166,1867.0060207807398,2178.173690910863,2489.3413610409866,2800.5090311711097,1013.3146693358524,1419.9011816628624,1826.4876939898722,2233.0742063168823,2639.6607186438923,1068.8702542616163,1382.3359896504,1695.801725039184,2009.2674604279678,2322.7331958167515
.SPX,2011-12-16,1219.66,13.45634,12.48226,11.28541,12.082174286027398,90.63831621376987,100.94706226928817,1087.6597945652384,1359.574743206548,1631.4896918478576,1903.4046404891672,2175.3195891304767,2447.2345377717866,1211.364747231458,1514.2059340393225,1817.047120847187,2119.8883076550514,2422.729494462916,2725.5706812707804,1003.9100115776467,1406.722960654019,1809.535909730391,2212.348858806763,2615.161807883135,1040.2685349954531,1345.346293520436,1650.4240520454189,1955.5018105704019,2260.579569095385
.SPX,2011-12-23,1265.33,13.94504,12.94987,11.72898,12.062930714520549,90.73692151474646,104.89407839148743,1088.8430581769576,1361.0538227211969,1633.2645872654361,1905.4753518096757,2177.686116353915,2449.8968808981544,1258.728940697849,1573.4111758723113,1888.0934110467738,2202.775646221236,2517.457881395698,2832.1401165701604,1005.0021639143202,1408.253332650326,1811.5045013863314,2214.755670122337,2618.0068388583422,1080.9428903133971,1397.9491468486572,1714.9554033839172,2031.9616599191772,2348.9679164544373
.SPX,2011-12-30,1257.6,13.86017,12.87519,11.6619,12.043687143013699,90.73481782690976,104.41984959145243,1088.8178139229171,1361.0222674036463,1633.2267208843757,1905.431174365105,2177.6356278458343,2449.8400813265634,1253.0381950974293,1566.2977438717865,1879.5572926461439,2192.816841420501,2506.0763901948585,2819.3359389692155,1004.9788634673491,1408.2206830369444,1811.4625026065396,2214.7043221761346,2617.94614174573,1076.0559199749334,1391.628983150324,1707.2020463257147,2022.7751095011054,2338.348172676496
.SPX,2012-01-06,1277.81,14.06765,11.86573,,12.02444357150685,90.8332237438378,106.26770314993215,1089.9986849260536,1362.498356157567,1634.9980273890806,1907.4976986205938,2179.997369852107,2452.497041083621,1275.2124377991859,1594.015547248982,1912.8186566987786,2231.6217661485753,2550.4248755983717,2869.2279850481677,1006.0688074262544,1409.747960556977,1813.4271136876994,2217.106266818422,2620.7854199491444,1095.0982167090174,1416.25578139471,1737.4133460804028,2058.5709107660955,2379.728475451788
.SPX,2012-01-13,1289.09,14.21584,12.0052,,12.0052,90.67983320014856,107.37763635757837,1088.1579984017828,1360.1974980022285,1632.2369976026741,1904.2764972031198,2176.3159968035657,2448.3554964040113,1288.5316362909405,1610.6645453636754,1932.7974544364106,2254.9303635091455,2577.063272581881,2899.196181654616,1004.369853728485,1407.3673117456515,1810.3647697628176,2213.362227779984,2616.35968579715,1106.5361780117528,1431.0481338752477,1755.5600897387428,2080.0720456022377,2404.584001465733
.SPX,2012-01-20,1315.38,14.47514,12.29929,,12.29929,90.87165996321971,106.94763681480802,1090.4599195586366,1363.0748994482956,1635.6898793379548,1908.304859227614,2180.919839117273,2453.534819006932,1283.3716417776964,1604.2145522221203,1925.0574626665443,2245.9003731109683,2566.7432835553927,2887.5861939998167,1006.4945270011159,1410.344497591025,1814.1944681809339,2218.0444387708426,2621.8944093607515,1102.1049941382373,1425.3174243520884,1748.5298545659396,2071.7422847797907,2394.9547149936416
.SPX,2012-01-27,1316.33,14.23095,12.28606,,12.28606,92.49768989420944,107.14012466160834,1109.9722787305134,1387.4653484131416,1664.95841809577,1942.4514877783984,2219.9445574610268,2497.437627143655,1285.6814959393,1607.1018699241251,1928.52224390895,2249.942617893775,2571.3629918786,2892.7833658634254,1024.5044348969723,1435.5807744128401,1846.657113928708,2257.733453444576,2668.8097929604437,1104.0885986720793,1427.8827571653378,1751.6769156585963,2075.4710741518547,2399.265232645113
.SPX,2012-02-03,1344.9,14.60192,12.58761,10.90808,12.431588087431694,92.104326006443,108.18408642092082,1105.251912077316,1381.564890096645,1657.877868115974,1934.190846135303,2210.503824154632,2486.816802173961,1298.2090370510498,1622.7612963138124,1947.3135555765748,2271.8658148393374,2596.4180741020996,2920.970333364862,1020.147536384091,1429.4756961641656,1838.80385594424,2248.1320157243144,2657.4601755043886,1114.8467182799016,1441.7958919499983,1768.7450656200951,2095.694239290192,2422.6434129602885
.SPX,2012-02-10,1342.64,14.62816,12.58132,11.07297,12.412351830601091,91.78461269223197,108.16966988398525,1101.4153523067837,1376.7691903834796,1652.1230284601756,1927.4768665368715,2202.8307046135674,2478.1845426902632,1298.036038607823,1622.5450482597787,1947.0540579117346,2271.5630675636903,2596.072077215646,2920.5810868676017,1016.6063916411312,1424.5136880563944,1832.4209844716574,2240.3282808869208,2648.2355773021836,1114.6981545731376,1441.6037592212624,1768.5093638693875,2095.4149685175125,2422.3205731656376
.SPX,2012-02-17,1361.23,14.79729,12.75826,11.23386,12.55833868852459,91.9918444525991,108.39252179461036,1103.9021334311892,1379.8776667889865,1655.8532001467838,1931.8287335045811,2207.8042668623784,2483.7798002201757,1300.7102615353242,1625.8878269191555,1951.0653923029865,2276.2429576868176,2601.4205230706484,2926.5980884544797,1018.9016906674144,1427.7299622289822,1836.5582337905496,2245.386505352117,2654.214776913685,1116.9946635093609,1444.5737613711383,1772.1528592329157,2099.7319570946934,2427.311054956471
.SPX,2012-02-24,1365.74,14.8739,12.801,11.39589,12.589849590163936,91.82124392392042,108.47945324676562,1101.854927087045,1377.3186588588062,1652.7823906305675,1928.2461224023289,2203.70985417409,2479.1735859458513,1301.7534389611874,1627.1917987014842,1952.630158441781,2278.068518182078,2603.5068779223748,2928.9452376626714,1017.0121191718779,1425.082211356978,1833.1523035420776,2241.2223957271776,2649.292487912277,1117.8904999244646,1445.7323181861493,1773.574136447834,2101.4159547095187,2429.2577729712034
.SPX,2012-03-02,1369.63,15.00051,12.83791,11.45631,12.603868469945358,91.30556227754924,108.66743042153772,1095.6667473305909,1369.5834341632387,1643.5001209958864,1917.416807828534,2191.3334946611817,2465.2501814938296,1304.0091650584527,1630.0114563230657,1956.0137475876788,2282.0160388522922,2608.0183301169054,2934.020621381518,1011.3004291360891,1417.0787395070893,1822.8570498780894,2228.6353602490894,2634.4136706200898,1119.8276215782985,1448.2375361653656,1776.6474507524326,2105.0573653395,2433.467279926567
.SPX,2012-03-09,1370.87,15.00295,12.86131,11.46606,12.598271065573767,91.37336323856307,108.81413750066552,1096.480358862757,1370.600448578446,1644.7205382941354,1918.8406280098245,2192.960717725514,2467.080807441203,1305.7696500079862,1632.2120625099828,1958.6544750119795,2285.096887513976,2611.5393000159725,2937.9817125179693,1012.0513925961321,1418.1310226098294,1824.2106526235266,2230.2902826372238,2636.369912650921,1121.3394511932172,1450.1927374431532,1779.046023693089,2107.899309943025,2436.752596192961
.SPX,2012-03-16,1404.17,17.64045,15.06594,13.45756,14.731959453551912,79.59944332485848,95.31454416686242,955.1933198983018,1193.9916498728774,1432.7899798474527,1671.5883098220281,1910.3866397966035,2149.184969771179,1143.774530002349,1429.7181625029364,1715.6617950035236,2001.6054275041108,2287.549060004698,2573.4926925052855,881.6434528788477,1235.3976690858412,1589.1518852928348,1942.9061014998283,2296.660317706822,982.2249305256632,1270.2803413080687,1558.3357520904744,1846.39116287288,2134.4465736552856
.SPX,2012-03-23,1397.11,17.62634,15.06464,13.42725,14.693319316939892,79.26262627408752,95.08470957881349,951.1515152890503,1188.9393941113128,1426.7272729335755,1664.515151755838,1902.3030305781006,2140.090909400363,1141.0165149457619,1426.2706436822023,1711.524772418643,1996.7789011550833,2282.0330298915237,2567.2871586279643,877.9128671457507,1230.1702079121164,1582.427548678482,1934.6848894448476,2286.942230211213,979.8564644720088,1267.2172793010777,1554.5780941301464,1841.9389089592153,2129.299723788284
.SPX,2012-03-30,1408.47,17.76659,15.16041,13.55809,14.7663968852459,79.27632708358779,95.38345819536363,951.3159250030535,1189.1449062538168,1426.9738875045803,1664.8028687553435,1902.631850006107,2140.4608312568703,1144.6014983443636,1430.7518729304545,1716.9022475165452,2003.0526221026362,2289.202996688727,2575.353371274818,878.0646173149793,1230.3828469383989,1582.7010765618181,1935.0193061852374,2287.337535808657,982.9350957732497,1271.1987754925956,1559.4624552119415,1847.7261349312873,2135.9898146506334
.SPX,2012-04-05,1398.08,17.78821,15.19033,13.56904,14.765073606557376,78.59587895578026,94.68831901922202,943.1505474693631,1178.938184336704,1414.7258212040447,1650.5134580713855,1886.3010949387262,2122.0887318060672,1136.2598282306642,1420.3247852883303,1704.3897423459964,1988.4546994036625,2272.5196564613284,2556.5846135189945,870.5279736922743,1219.8221696784271,1569.11636566458,1918.4105616507327,2267.7047576368855,975.771624185996,1261.9344849517952,1548.0973457175942,1834.2602064833934,2120.4230672491926
.SPX,2012-04-13,1370.26,17.45496,14.94829,13.34019,14.491343551912568,78.50261472956684,94.55713992917883,942.0313767548021,1177.5392209435026,1413.0470651322032,1648.5549093209038,1884.0627535096041,2119.570597698305,1134.685679150146,1418.3570989376824,1702.0285187252189,1985.6999385127554,2269.371358300292,2553.0427780878285,869.4949791009265,1218.3746921225486,1567.2544051441707,1916.1341181657926,2265.013831187415,974.4198118919716,1260.1862289985293,1545.9526461050868,1831.7190632116444,2117.485480318202
.SPX,2012-04-20,1378.53,17.39818,14.93773,13.32104,14.44742237704918,79.23414977888491,95.41702069913168,950.809797346619,1188.5122466832736,1426.2146960199284,1663.9171453565832,1901.619594693238,2139.322044029893,1145.0042483895802,1431.2553104869753,1717.5063725843702,2003.7574346817653,2290.0084967791604,2576.2595588765553,877.597461478228,1229.728247587677,1581.8590336971263,1933.9898198065753,2286.1206059160245,983.2809603862528,1271.646071223948,1560.011182061643,1848.3762928993383,2136.7414037370336
.SPX,2012-04-27,1403.36,15.13977,13.07603,11.70476,12.633926557377048,92.69361423588336,111.07868908582242,1112.3233708306002,1390.4042135382504,1668.4850562459005,1946.5658989535505,2224.6467416612004,2502.727584368851,1332.944269029869,1666.1803362873363,1999.4164035448034,2332.6524708022707,2665.888538059738,2999.1246053172054,1026.6744929511656,1438.6215554147036,1850.5686178782416,2262.5156803417794,2674.4627428053177,1144.6758584838879,1480.3729726386011,1816.0700867933144,2151.767200948028,2487.4643151027412
.SPX,2012-05-04,1369.1,14.66345,12.75422,11.43185,12.302590901639345,93.36820461760364,111.28550164319978,1120.4184554112437,1400.5230692640546,1680.6276831168655,1960.7322969696763,2240.8369108224874,2520.9415246752983,1335.4260197183974,1669.2825246479968,2003.139029577596,2336.9955345071953,2670.8520394367947,3004.708544366394,1034.1462561768385,1449.091319402421,1864.0363826280034,2278.9814458535857,2693.926509079168,1146.8070804456295,1483.129214388152,1819.4513483306744,2155.773482273197,2492.0956162157195
.SPX,2012-05-11,1353.39,14.4904,12.61384,11.29932,12.139750819672132,93.39907801026888,111.48416636417848,1120.7889361232264,1400.9861701540333,1681.18340418484,1961.3806382156465,2241.577872246453,2521.77510627726,1337.8099963701418,1672.2624954626772,2006.7149945552126,2341.167493647748,2675.6199927402836,3010.0724918328187,1034.488209881218,1449.5704800063434,1864.6527501314686,2279.7350202565935,2694.817290381719,1148.8543382221508,1485.776867920743,1822.699397619335,2159.621927317927,2496.544457016519
.SPX,2012-05-18,1295.22,13.86476,12.08258,10.82925,12.115664065573771,93.4181334548885,106.9045817868392,1121.017601458662,1401.2720018233276,1681.526402187993,1961.7808025526585,2242.035202917324,2522.2896032819895,1282.8549814420703,1603.5687268025881,1924.2824721631057,2244.9962175236233,2565.7099628841406,2886.4237082446584,1034.6992679902805,1449.8662239322198,1865.0331798741588,2280.200135816098,2695.367091758037,1101.66130821155,1424.7436194191548,1747.8259306267596,2070.9082418343646,2393.990553041969
.SPX,2012-05-25,1317.82,14.11469,12.31177,11.02979,12.091577311475412,93.36513943983184,108.98660828553226,1120.381673277982,1400.4770915974775,1680.572509916973,1960.6679282364685,2240.763346555964,2520.8587648754597,1307.839299426387,1634.799124282984,1961.7589491395806,2288.7187739961773,2615.678598852774,2942.6384237093707,1034.1123062671213,1449.0437472924107,1863.9751883176998,2278.906629342989,2693.8380703682783,1123.1167781076372,1452.491297955415,1781.8658178031926,2111.2403376509706,2440.6148574987483
.SPX,2012-06-01,1278.04,13.68814,11.94438,10.6884,12.06749055737705,93.36841966841367,105.90768593713244,1120.421036020964,1400.526295026205,1680.631554031446,1960.736813036687,2240.842072041928,2520.947331047169,1270.8922312455893,1588.6152890569865,1906.338346868384,2224.0614046797814,2541.7844624911786,2859.507520302576,1034.1486380796607,1449.0946570296499,1864.040675979639,2278.986694929628,2693.932713879617,1091.3882070255931,1411.4577435721574,1731.5272801187216,2051.5968166652856,2371.66635321185
.SPX,2012-06-08,1325.66,14.19729,12.4305,11.15952,12.043403803278691,93.37415802593311,110.07353250408352,1120.4898963111973,1400.6123703889966,1680.734844466796,1960.8573185445953,2240.9797926223946,2521.102266700194,1320.8823900490022,1651.1029875612528,1981.3235850735032,2311.544182585754,2641.7647800980044,2971.985377610255,1034.2121961288879,1449.183717369871,1864.1552386108535,2279.126759851836,2694.098281092819,1134.317629713077,1466.977003986807,1799.636378260537,2132.2957525342667,2464.9551268079967
.SPX,2012-06-15,1342.84,14.38042,12.6065,11.31962,12.01931704918033,93.37974829664223,111.72348599387153,1120.5569795597069,1400.6962244496335,1680.8354693395602,1960.9747142294868,2241.1139591194137,2521.25320400934,1340.6818319264585,1675.852289908073,2011.0227478896877,2346.1932058713023,2681.363663852917,3016.5341218345316,1034.2741139685693,1449.2704793761757,1864.2668447837818,2279.2632101913878,2694.259575598994,1151.3205484810717,1488.966339407445,1826.6121303338182,2164.2579212601913,2501.903712186565
.SPX,2012-06-22,1335.02,14.28924,12.55949,11.24989,12.09715942622951,93.42834188522274,110.35813887889748,1121.1401026226729,1401.425128278341,1681.7101539340092,1961.9951795896775,2242.2802052453458,2522.565230901014,1324.2976665467697,1655.372083183462,1986.4464998201547,2317.520916456847,2648.5953330935395,2979.669749730232,1034.8123365670497,1450.0246606060603,1865.2369846450706,2280.449308684081,2695.6616327230913,1137.2505239441969,1470.7700230490836,1804.2895221539707,2137.8090212588577,2471.3285203637442
.SPX,2012-06-29,1362.16,14.54157,12.82405,11.51161,12.175001803278688,93.67351668354931,111.88170827483367,1124.0822002025916,1405.1027502532397,1686.1233003038876,1967.1438503545355,2248.164400405183,2529.1849504558313,1342.580499298004,1678.225624122505,2013.8707489470062,2349.515873771507,2685.160998596008,3020.8061234205093,1037.527892690644,1453.8298175483658,1870.1317424060874,2286.433667263809,2702.7355921215308,1152.9510432841898,1491.075006608447,1829.1989699327041,2167.3229332569613,2505.4468965812184
.SPX,2012-07-06,1354.68,14.46705,12.77256,11.45544,12.096006557377049,93.63899343680986,111.99398690585323,1123.6679212417182,1404.5849015521478,1685.5018818625774,1966.418862173007,2247.3358424834364,2528.252822793866,1343.9278428702387,1679.9098035877985,2015.8917643053583,2351.873725022918,2687.8556857404774,3023.8376464580374,1037.1455132016852,1453.294010553119,1869.442507904553,2285.5910052559866,2701.7395026074205,1154.1080846519758,1492.571371501967,1831.034658351958,2169.4979452019493,2507.96123205194
.SPX,2012-07-13,1356.78,14.49077,12.87615,11.56979,12.180138524590165,93.63063522504325,111.392821786126,1123.567622700519,1404.4595283756487,1685.3514340507786,1966.2433397259083,2247.135245401038,2528.0271510761677,1336.7138614335122,1670.8923267918901,2005.070792150268,2339.249257508646,2673.4277228670244,3007.606188225402,1037.0529376462039,1453.164289604041,1869.275641561878,2285.386993519715,2701.498345477552,1147.913024148672,1484.559496292946,1821.20596843722,2157.8524405814937,2494.498912725768
.SPX,2012-07-20,1362.66,14.56831,13.00696,11.64305,12.254200928961748,93.53590086976457,111.19941707332957,1122.4308104371748,1403.0385130464686,1683.6462156557623,1964.253918265056,2244.8616208743497,2525.4693234836436,1334.3930048799548,1667.9912560999435,2001.5895073199322,2335.187758539921,2668.7860097599096,3002.3842609798985,1036.0036599049854,1451.6939953808014,1867.3843308566172,2283.074666332433,2698.7650018082486,1145.9199712284667,1481.9819441813654,1818.0439171342641,2154.1058900871626,2490.1678630400615
.SPX,2012-07-27,1385.97,14.82379,13.30768,11.91421,12.511955327868852,93.4963325843121,110.77165508359202,1121.9559910117453,1402.4449887646815,1682.9339865176178,1963.422984270554,2243.9119820234905,2524.4009797764265,1329.2598610031043,1661.5748262538802,1993.8897915046564,2326.2047567554323,2658.5197220062087,2990.8346872569846,1035.5654015660616,1451.0798884778396,1866.5943753896174,2282.108862301395,2697.623349213173,1141.5118455397371,1476.2810550770628,1811.0502646143884,2145.819474151714,2480.5886836890395
.SPX,2012-08-03,1390.99,14.79632,13.34066,11.96357,12.527951147540984,94.00918606788716,111.03092465945853,1128.1102328146458,1410.1377910183073,1692.1653492219689,1974.1929074256302,2256.2204656292915,2538.248023832953,1332.3710959135024,1665.463869891878,1998.5566438702535,2331.649417848629,2664.7421918270047,2997.8349658053803,1041.2457668700592,1459.0394667327457,1876.833166595432,2294.6268664581185,2712.4205663208045,1144.1836417841496,1479.7364043965322,1815.289167008915,2150.841929621298,2486.3946922336804
.SPX,2012-08-10,1405.87,14.95597,13.47371,12.0987,12.63593068306011,94.00058973105722,111.25971131550502,1128.0070767726866,1410.0088459658582,1692.0106151590298,1974.0123843522015,2256.014153545373,2538.0159227385448,1335.1165357860602,1668.8956697325752,2002.6748036790902,2336.4539376256052,2670.2330715721205,3004.0122055186353,1041.150553841321,1458.9060500398798,1876.6615462384384,2294.417042436997,2712.1725386355556,1146.5413088044843,1482.7855003563332,1819.0296919081823,2155.273883460031,2491.5180750118802
.SPX,2012-08-17,1418.16,15.07571,13.65533,12.17803,12.726972076502731,94.06920138421341,111.42948939271177,1128.8304166105609,1411.0380207632013,1693.2456249158415,1975.4532290684817,2257.6608332211217,2539.8684373737624,1337.1538727125412,1671.4423408906766,2005.7308090688118,2340.0192772469472,2674.3077454250824,3008.596213603218,1041.9104965277224,1459.970915230398,1878.031333933074,2296.0917526357493,2714.152171338425,1148.2908871248428,1485.0481744922267,1821.8054618596104,2158.5627492269946,2495.3200365943785
.SPX,2012-08-24,1411.13,15.05387,13.59593,12.13061,12.64707524590164,93.73868646401225,111.5775760452825,1124.864237568147,1406.0802969601837,1687.2963563522205,1968.5124157442572,2249.728475136294,2530.9445345283307,1338.93091254339,1673.6636406792375,2008.396368815085,2343.1290969509323,2677.86182508678,3012.5945532226274,1038.24971319429,1454.8412642559786,1871.432815317667,2288.0243663793553,2704.615917441044,1149.8169333678843,1487.0217616841392,1824.2265900003943,2161.4314183166493,2498.636246632904
.SPX,2012-08-31,1406.58,15.00599,13.56307,12.09556,12.58473,93.73456866224754,111.76878645787394,1124.8148239469706,1406.0185299337131,1687.2222359204557,1968.4259419071984,2249.629647893941,2530.8333538806837,1341.2254374944873,1676.5317968681093,2011.838156241731,2347.1445156153527,2682.4508749889746,3017.7572343625966,1038.2041044209811,1454.7773552323802,1871.3506060437787,2287.9238568551773,2704.497107666576,1151.7873738275755,1489.5700698179232,1827.3527658082708,2165.1354617986185,2502.918157788966
.SPX,2012-09-07,1437.92,15.33016,13.8619,12.37234,12.840371147540983,93.796803164481,111.98430197053699,1125.5616379737721,1406.9520474672152,1688.3424569606582,1969.7328664541012,2251.1232759475442,2532.513685440987,1343.8116236464439,1679.7645295580548,2015.7174354696658,2351.6703413812766,2687.6232472928878,3023.576153204499,1038.8934137822714,1455.74324589423,1872.5930780061888,2289.442910118147,2706.292742230106,1154.0082805244808,1492.4422979901897,1830.8763154558983,2169.310332921607,2507.7443503873155
.SPX,2012-09-14,1465.77,15.54412,14.1107,12.60648,13.050348196721307,94.29739348383826,112.31654342895244,1131.568721806059,1414.460902257574,1697.3530827090888,1980.2452631606036,2263.137443612118,2546.029624063633,1347.7985211474293,1684.7481514342867,2021.6977817211439,2358.647412008001,2695.5970422948585,3032.546672581716,1044.4379522765253,1463.5124976360669,1882.5870429956083,2301.66158835515,2720.7361337146913,1157.4320585665662,1496.8701615117716,1836.3082644569772,2175.746367402183,2515.1844703473885
.SPX,2012-09-21,1460.15,15.50205,14.05858,12.57256,12.982636557377049,94.19076831773863,112.46945052700465,1130.2892198128636,1412.8615247660794,1695.4338297192953,1978.0061346725113,2260.5784396257272,2543.150744578943,1349.6334063240558,1687.0417579050697,2024.4501094860839,2361.858461067098,2699.2668126481117,3036.6751642291256,1043.2569719118735,1461.8576558914106,1880.4583398709474,2299.059023850484,2717.659707830021,1159.0077799328487,1498.9079919646158,1838.8082039963829,2178.7084160281497,2518.608628059917
.SPX,2012-09-28,1440.67,15.30522,13.85155,12.41294,12.782419071038252,94.1293231982291,112.70714815352879,1129.5518783787493,1411.9398479734366,1694.327817568124,1976.7157871628112,2259.1037567574986,2541.4917263521857,1352.4857778423454,1690.6072223029319,2028.7286667635183,2366.8501112241047,2704.971555684691,3043.0930001452775,1042.5764057538183,1460.9040165913345,1879.2316274288503,2297.5592382663663,2715.886849103882,1161.4572753035663,1502.0758466166888,1842.694417929811,2183.3129892429333,2523.9315605560555
.SPX,2012-10-05,1460.93,15.50188,14.04263,12.61754,12.956290901639344,94.2421177302366,112.75835122034427,1130.9054127628392,1413.631765953549,1696.3581191442588,1979.0844723349687,2261.8108255256784,2544.537178716388,1353.1002146441313,1691.375268305164,2029.6503219661968,2367.9253756272296,2706.2004292882625,3044.4754829492954,1043.8257180167082,1462.6546080038772,1881.4834979910463,2300.312387978215,2719.1412779653842,1161.9849275017186,1502.7582424646562,1843.5315574275937,2184.3048723905313,2525.078187353469
.SPX,2012-10-12,1428.59,15.09829,13.73707,12.3443,12.648730601092897,94.61932444005248,112.94334942010421,1135.4318932806298,1419.2898666007873,1703.1478399209445,1987.005813241102,2270.8637865612595,2554.721759881417,1355.3201930412506,1694.1502413015633,2032.980289561876,2371.8103378221886,2710.640386082501,3049.470434342814,1048.003659622831,1468.5089239463678,1889.0141882699043,2309.5194525934407,2730.0247169169775,1163.8913505507392,1505.2237589121885,1846.5561672736378,2187.8885756350874,2529.2209839965367
.SPX,2012-10-19,1433.19,15.24033,13.78578,12.41816,12.690936666666666,94.03930229857228,112.9301987428824,1128.4716275828673,1410.5895344785843,1692.707441374301,1974.825348270018,2256.9432551657346,2539.061162061452,1355.1623849145888,1693.952981143236,2032.743577371883,2371.5341736005303,2710.3247698291775,3049.1153660578248,1041.57933424817,1459.5068760466302,1877.4344178450904,2295.3619596435506,2713.2895014420105,1163.755831641915,1505.0484966067788,1846.3411615716425,2187.633826536506,2528.92649150137
.SPX,2012-10-26,1411.94,14.93812,13.64166,12.28718,12.531430491803278,94.51925677394479,112.67189335834726,1134.2310812873375,1417.7888516091718,1701.3466219310062,1984.9043922528406,2268.462162574675,2552.019932896509,1352.0627203001673,1690.078400375209,2028.0940804502507,2366.1097605252926,2704.1254406003345,3042.141120675376,1046.8953101296233,1466.9558557803534,1887.016401431083,2307.0769470818127,2727.137492732543,1161.0939714756923,1501.6059973020076,1842.1180231283226,2182.630048954638,2523.142074780953
.SPX,2012-11-02,1414.2,15.02583,13.64,12.3438,12.552750273224044,94.11792892638877,112.66056993235932,1129.4151471166651,1411.7689338958317,1694.122720674998,1976.4765074541642,2258.8302942333303,2541.184081012497,1351.926839188312,1689.9085489853899,2027.8902587824678,2365.871968579546,2703.853678376624,3041.8353881737016,1042.4502027962506,1460.7271754441542,1879.0041480920577,2297.2811207399614,2715.5580933878646,1160.9772825547986,1501.4550872226018,1841.9328918904052,2182.4106965582087,2522.8885012260116
.SPX,2012-11-09,1379.85,14.67997,13.27259,12.07276,12.243227650273225,93.99542369636994,112.7031236709224,1127.9450843564393,1409.9313554455491,1691.917626534659,1973.9038976237687,2255.8901687128787,2537.8764398019885,1352.4374840510686,1690.546855063836,2028.6562260766032,2366.76559708937,2704.8749681021372,3042.9843391149047,1041.0933348399167,1458.825872252894,1876.5584096658713,2294.2909470788486,2712.023484491826,1161.4158026491773,1502.022211348498,1842.628620047819,2183.23502874714,2523.8414374464605
.SPX,2012-11-16,1359.88,14.49977,13.08183,11.9011,12.046271721311475,93.78631523120713,112.8880396740669,1125.4357827744855,1406.794728468107,1688.1536741617283,1969.5126198553496,2250.871565548971,2532.2305112425925,1354.6564760888027,1693.3205951110035,2031.9847141332043,2370.648833155405,2709.3129521776054,3047.9770711998062,1038.7772494308774,1455.5804712845234,1872.383693138169,2289.186914991815,2705.9901368454607,1163.3213786547,1504.4866323415474,1845.6518860283948,2186.8171397152423,2527.9823934020897
.SPX,2012-11-23,1409.15,15.02081,13.73425,12.33352,12.478950983606556,93.81318317720549,112.92215201832134,1125.758198126466,1407.1977476580823,1688.6372971896988,1970.0768467213152,2251.516396252932,2532.955945784548,1355.065824219856,1693.83228027482,2032.598736329784,2371.3651923847483,2710.131648439712,3048.8981044946763,1039.0748388070378,1455.9974666361622,1872.9200944652862,2289.8427222944106,2706.7653501235345,1163.6729094232544,1504.9412559321138,1846.2096024409734,2187.477948949833,2528.7462954586927
.SPX,2012-11-30,1416.18,15.09604,13.82552,12.40343,12.52388024590164,93.81135715061698,113.07837285201093,1125.7362858074039,1407.1703572592548,1688.6044287111058,1970.0385001629568,2251.4725716148077,2532.9066430666585,1356.940474224131,1696.175592780164,2035.4107113361968,2374.6458298922294,2713.880948448262,3053.116067004295,1039.0546137361166,1455.9691263752645,1872.8836390144124,2289.79815165356,2706.7126642927083,1165.2827791326324,1507.0232493537183,1848.7637195748043,2190.5041897958904,2532.244660016976
.SPX,2012-12-07,1418.07,15.10801,13.84458,12.41858,12.512088196721312,93.86213008860862,113.33599777306505,1126.3455610633034,1407.9319513291293,1689.5183415949552,1971.1047318607812,2252.691122126607,2534.277512392433,1360.0319732767805,1700.0399665959758,2040.0479599151708,2380.055953234366,2720.063946553561,3060.071939872756,1039.6169748091843,1456.7571314997667,1873.8972881903492,2291.0374448809316,2708.177601571514,1167.9376270616228,1510.4566799545423,1852.9757328474616,2195.4947857403813,2538.0138386333006
.SPX,2012-12-14,1413.58,14.98207,13.80765,12.38434,12.450450027322404,94.35144809762602,113.53645827242477,1132.2173771715122,1415.2717214643903,1698.3260657572682,1981.3804100501463,2264.4347543430245,2547.4890986359023,1362.4374992690973,1703.0468740863714,2043.6562489036457,2384.2656237209203,2724.8749985381946,3065.4843733554685,1045.036661191478,1464.3514349588343,1883.6662087261902,2302.9809824935464,2722.2957562609026,1170.003390495502,1513.128266266697,1856.253142037892,2199.3780178090874,2542.5028935802825
.SPX,2012-12-21,1430.15,15.14781,13.96787,12.54129,12.580267595628415,94.41298775202489,113.68200152570448,1132.9558530242987,1416.1948162803733,1699.4337795364481,1982.6727427925227,2265.9117060485974,2549.150669304672,1364.1840183084537,1705.2300228855672,2046.2760274626805,2387.322032039794,2728.3680366169074,3069.414041194021,1045.7182744179897,1465.3065414573864,1884.894808496783,2304.4830755361795,2724.071342575576,1171.5032267806218,1515.0679569515476,1858.632687122473,2202.1974172933988,2545.7621474643242
.SPX,2012-12-28,1402.43,14.84946,13.65783,12.29441,12.30558557377049,94.44316493663743,113.96694546493563,1133.317979239649,1416.6474740495614,1699.9769688594738,1983.306463669386,2266.635958479298,2549.9654532892105,1367.6033455792276,1709.5041819740345,2051.4050183688414,2393.3058547636483,2735.206691158455,3077.107527553262,1046.0525169218145,1465.7748967871814,1885.4972766525482,2305.2196565179147,2724.9420363832814,1174.4395996433516,1518.865474817725,1863.2913499920983,2207.7172251664715,2552.1431003408447
.SPX,2013-01-04,1466.47,15.45483,12.86227,,12.86227,94.8874882480105,114.01331180266003,1138.6498589761259,1423.3123237201576,1707.974788464189,1992.6372532082205,2277.2997179522517,2561.9621826962834,1368.1597416319203,1710.1996770399005,2052.2396124478805,2394.2795478558605,2736.3194832638405,3078.3594186718205,1050.9738420224787,1472.6708744506252,1894.3679068787717,2316.0649393069184,2737.761971735065,1174.9174089142048,1519.4834103890962,1864.0494118639876,2208.615413338879,2553.1814148137705
.SPX,2013-01-11,1472.05,15.50177,12.91249,,12.91249,94.9601239084311,114.0020243965339,1139.5214869011731,1424.4018586264665,1709.2822303517598,1994.1626020770532,2279.0429738023463,2563.92334552764,1368.0242927584068,1710.0303659480085,2052.03643913761,2394.0425123272116,2736.0485855168135,3078.0546587064155,1051.7783546142816,1473.7981929572372,1895.8180313001926,2317.837869643148,2739.857707986104,1174.8010911812191,1519.332980355236,1863.8648695292532,2208.3967587032703,2552.928647877287
.SPX,2013-01-18,1485.98,15.59798,13.04906,,13.04906,95.26746412035405,113.8764018251123,1143.2095694442487,1429.0119618053106,1714.8143541663728,2000.616746527435,2286.4191388884974,2572.221531249559,1366.5168219013476,1708.1460273766845,2049.7752328520214,2391.404438327358,2733.033643802695,3074.662849278032,1055.1824548734055,1478.568168293326,1901.9538817132461,2325.3395951331663,2748.7253085530865,1173.506539310195,1517.6587774904344,1861.8110156706741,2205.9632538509136,2550.1154920311533
.SPX,2013-01-25,1502.96,15.68664,13.23917,,13.23917,95.81146759280509,113.52373298326104,1149.737611113661,1437.1720138920764,1724.6064166704916,2012.0408194489069,2299.475222227322,2586.9096250057373,1362.2847957991326,1702.8559947489157,2043.4271936986988,2383.998392648482,2724.569591598265,3065.1407905480482,1061.2078374614773,1487.0111999750654,1912.8145624886533,2338.6179250022415,2764.4212875158296,1169.8722552487877,1512.9586732124214,1856.0450911760552,2199.1315091396887,2542.2179271033224
.SPX,2013-02-01,1513.17,15.88098,13.3476,11.80191,13.212087452054796,95.28190325785941,114.529214667336,1143.3828390943129,1429.2285488678913,1715.0742586414694,2000.9199684150476,2286.7656781886258,2572.611387962204,1374.350576008032,1717.9382200100401,2061.5258640120483,2405.113508014056,2748.701152016064,3092.2887960180724,1055.3423827637912,1478.792266302968,1902.242149842145,2325.692033381322,2749.1419169204987,1180.2338342283442,1526.3589745829001,1872.484114937456,2218.609255292012,2564.734395646568
.SPX,2013-02-08,1517.93,15.72474,13.40538,11.92946,13.247678958904109,96.53132579616579,114.58082617406424,1158.3759095539895,1447.969886942487,1737.5638643309842,2027.1578417194814,2316.751819107979,2606.3457964964764,1374.969914088771,1718.7123926109637,2062.4548711331563,2406.197349655349,2749.939828177542,3093.6823066997345,1069.1809870902248,1498.1835286919222,1927.1860702936197,2356.188611895317,2785.1911534970145,1180.7656954364481,1527.046813809906,1873.3279321833643,2219.6090505568222,2565.89016893028
.SPX,2013-02-15,1519.79,15.83202,13.41704,12.08448,13.249100931506849,95.9946993497987,114.70891556014065,1151.9363921975844,1439.9204902469803,1727.9045882963765,2015.8886863457726,2303.8727843951688,2591.8568824445647,1376.5069867216878,1720.6337334021098,2064.7604800825316,2408.8872267629536,2753.0139734433756,3097.1407201237976,1063.2373124447836,1489.8549897810892,1916.4726671173948,2343.0903444537007,2769.708021790006,1182.0856680538454,1528.7538925195124,1875.4221169851794,2222.090341450846,2568.7585659165134
.SPX,2013-02-22,1515.6,16.55885709,13.38488,12.06465,13.193175369863017,91.52805605860809,114.87757552757644,1098.3366727032972,1372.9208408791212,1647.5050090549455,1922.0891772307698,2196.6733454065943,2471.257513582418,1378.5309063309173,1723.1636329136466,2067.7963594963758,2412.429086079105,2757.0618126618347,3101.6945392445637,1013.7647703071225,1420.531882984292,1827.2989956614613,2234.0661083386303,2640.8332210157996,1183.8237241526824,1531.0016653318576,1878.1796065110327,2225.357547690208,2572.535488869383
.SPX,2013-03-01,1518.2,16.58596402,13.40839,12.19205,13.208443698630138,91.53522811030433,114.94162632933464,1098.422737323652,1373.028421654565,1647.634105985478,1922.239790316391,2196.845474647304,2471.451158978217,1379.2995159520156,1724.1243949400196,2068.9492739280236,2413.7741529160276,2758.599031904031,3103.423910892035,1013.8442079533871,1420.6431945158556,1827.4421810783238,2234.2411676407924,2641.0401542032605,1184.4837734122889,1531.8552860990726,1879.226798785856,2226.59831147264,2573.9698241594233
.SPX,2013-03-08,1551.18,16.40321,13.71314,12.46681,13.484361616438354,94.56563684790964,115.03547918123213,1134.7876421749156,1418.4845527186446,1702.1814632623737,1985.8783738061024,2269.5752843498312,2553.2721948935605,1380.4257501747857,1725.532187718482,2070.6386252621783,2415.745062805875,2760.8515003495713,3105.9579378932676,1047.4090158397032,1467.6756828655048,1887.9423498913063,2308.209016917108,2728.475683942909,1185.4509354728164,1533.1060861084852,1880.7612367441543,2228.4163873798234,2576.0715380154925
.SPX,2013-03-15,1560.7,16.5228,13.82801,12.55918,13.570767753424656,94.4573558960951,115.00454715291616,1133.488270753141,1416.8603384414264,1700.2324061297118,1983.604473817997,2266.976541506282,2550.3486091945674,1380.0545658349938,1725.0682072937425,2070.0818487524907,2415.0954902112394,2760.1091316699876,3105.1227731287363,1046.209695992086,1465.9951430289113,1885.7805900657365,2305.5660371025615,2725.351484139387,1185.132178145388,1532.6938473695811,1880.2555165937745,2227.8171858179676,2575.378855042161
.SPX,2013-03-22,1556.89,16.47428,13.80136,12.53258,13.519795123287672,94.50428182597358,115.15633083213497,1134.051381911683,1417.5642273896037,1701.0770728675243,1984.589918345445,2268.102763823366,2551.6156093012864,1381.8759699856196,1727.3449624820246,2072.8139549784296,2418.282947474834,2763.751939971239,3109.220932467644,1046.7294476023926,1466.7234418959645,1886.7174361895363,2306.711430483108,2726.7054247766796,1186.6963225797842,1534.716705743698,1882.7370889076117,2230.757472071525,2578.777855235439
.SPX,2013-03-28,1569.19,16.60131,13.90132,12.63633,13.59980183561644,94.52205880138374,115.38329888678655,1134.2647056166047,1417.830882020756,1701.3970584249073,1984.9632348290584,2268.5294112332094,2552.095587637361,1384.5995866414387,1730.7494833017981,2076.899379962158,2423.0492766225175,2769.1991732828774,3115.349069943237,1046.9263453861925,1466.9993437498943,1887.072342113596,2307.145340477298,2727.2183388409994,1189.0352487495556,1537.7415647560235,1886.4478807624914,2235.1541967689595,2583.8605127754277
.SPX,2013-04-05,1553.28,16.43353,13.76294,12.5032,13.435062465753424,94.51894997605504,115.61390235135715,1134.2273997126604,1417.7842496408257,1701.3410995689908,1984.8979494971559,2268.4547994253207,2552.011649353486,1387.3668282162857,1734.2085352703573,2081.050242324429,2427.8919493785,2774.7336564325715,3121.5753634866433,1046.8919120361247,1466.951094221955,1887.0102764077849,2307.069458593615,2727.1286407794446,1191.4116381447595,1540.814873769271,1890.218109393782,2239.621345018293,2589.0245806428043
.SPX,2013-04-12,1588.85,16.75611,14.08283,12.79051,13.721688520547945,94.82212757018186,115.79114316876745,1137.8655308421824,1422.3319135527279,1706.7982962632736,1991.2646789738192,2275.7310616843647,2560.1974443949102,1389.4937180252093,1736.8671475315118,2084.240577037814,2431.6140065441164,2778.9874360504186,3126.360865556721,1050.2499071395655,1471.6564649815814,1893.063022823597,2314.4695806656127,2735.8761385076286,1193.2381206725715,1543.177005676858,1893.1158906811443,2243.0547756854307,2592.9936606897168
.SPX,2013-04-19,1555.25,16.38077,13.78981,12.5315,13.414040712328768,94.9436442853419,115.94194719944294,1139.3237314241028,1424.1546642801286,1708.9855971361542,1993.81652999218,2278.6474628482056,2563.4783957042314,1391.3033663933152,1739.129207991644,2086.955049589973,2434.7808911883017,2782.6067327866303,3130.4325743849595,1051.5958263050923,1473.542426244539,1895.4890261839857,2317.4356261234325,2739.382226062879,1194.792169740822,1545.1868080342163,1895.5814463276106,2245.9760846210047,2596.370722914399
.SPX,2013-04-26,1582.24,16.64531,14.08503,12.83235,13.686918,95.05620502111407,115.60235839799726,1140.6744602533688,1425.843075316711,1711.011690380053,1996.1803054433954,2281.3489205067376,2566.51753557008,1387.2283007759672,1734.035375969959,2080.842451163951,2427.6495263579427,2774.4566015519345,3121.263676745926,1052.8425490408247,1475.2893890974826,1897.7362291541403,2320.183069210798,2742.629909267456,1191.2926766695093,1540.6610246674131,1890.029372665317,2239.3977206632208,2588.766068661125
.SPX,2013-05-03,1614.42,16.94111,14.38528,13.1007,13.9523941369863,95.29599890444015,115.70917393455406,1143.551986853282,1429.4399835666022,1715.3279802799227,2001.2159769932432,2287.103973706564,2572.991970419884,1388.5100872146486,1735.637609018311,2082.765130821973,2429.892652625635,2777.020174429297,3124.14769623296,1055.4985061486154,1479.011033271715,1902.5235603948142,2326.0360875179135,2749.5486146410126,1192.3934203586348,1542.0845815591802,1891.7757427597255,2241.466903960271,2591.158065160816
.SPX,2013-05-10,1633.7,17.05486,14.54866,13.25027,14.086219726027398,95.79087720450357,115.97859693906229,1149.490526454043,1436.8631580675535,1724.2357896810643,2011.608421294575,2298.981052908086,2586.3536845215963,1391.7431632687474,1739.6789540859343,2087.614744903121,2435.550535720308,2783.4863265374947,3131.4221173546816,1060.9797783158351,1486.6916334473267,1912.403488578818,2338.1153437103094,2763.827198841801,1195.1698485963004,1545.675248116047,1896.1806476357933,2246.6860471555397,2597.1914466752864
.SPX,2013-05-17,1667.47,17.38298,14.86094,13.53706,14.364031616438355,95.92543971171801,116.08648912271462,1151.1052765406162,1438.8815956757703,1726.6579148109242,2014.4342339460782,2302.2105530812323,2589.9868722163865,1393.0378694725755,1741.2973368407193,2089.5568042088635,2437.8162715770072,2786.075738945151,3134.3352063132947,1062.470192677207,1488.780067748062,1915.0899428189168,2341.399817889772,2767.7096929606264,1196.2816872303567,1547.1131537481028,1897.9446202658487,2248.7760867835946,2599.607553301341
.SPX,2013-05-24,1649.6,17.20267,14.70971,13.39062,14.18930189041096,95.89209116956843,116.25660041208857,1150.7050940348213,1438.3813675435265,1726.0576410522317,2013.7339145609371,2301.4101880696426,2589.0864615783476,1395.0792049450629,1743.8490061813286,2092.6188074175943,2441.38860865386,2790.1584098901258,3138.9282111263915,1062.1008242165603,1488.2624923792134,1914.4241605418663,2340.5858287045194,2766.7474968671722,1198.0346993319984,1549.3802686843921,1900.7258380367857,2252.0714073891795,2603.4169767415733
.SPX,2013-05-31,1630.74,16.99394,14.54226,13.23416,14.00110082191781,95.96008930242193,116.47227034085655,1151.5210716290633,1439.401339536329,1727.2816074435948,2015.1618753508606,2303.0421432581265,2590.922411165392,1397.6672440902787,1747.0840551128483,2096.500866135418,2445.917677157988,2795.3344881805574,3144.751299203127,1062.8539715519457,1489.3178356243486,1915.7816996967513,2342.2455637691537,2768.7094278415566,1200.2571973007214,1552.2545547980167,1904.2519122953122,2256.2492697926077,2608.246627289903
.SPX,2013-06-07,1643.38,17.12398,14.64601,13.32597,14.074595424657534,95.9695117607005,116.76214842530631,1151.634141128406,1439.5426764105075,1727.451211692609,2015.3597469747106,2303.268282256812,2591.1768175389134,1401.1457811036757,1751.4322263795946,2101.7186716555134,2452.0051169314324,2802.2915622073515,3152.57800748327,1062.9583347020423,1489.4640738705998,1915.9698130391569,2342.475552207714,2768.981291376271,1203.2444169726857,1556.1178312294492,1908.9912454862126,2261.864659742976,2614.7380739997393
.SPX,2013-06-14,1626.73,16.94932,14.49417,13.18202,13.901006301369865,95.97612175591705,117.02246331905447,1151.7134610710045,1439.6418263387557,1727.5701916065068,2015.498556874258,2303.426922142009,2591.3552874097604,1404.2695598286537,1755.336949785817,2106.4043397429805,2457.471729700144,2808.5391196573073,3159.6065096144707,1063.0315470106063,1489.566662184564,1916.1017773585213,2342.6368925324787,2769.172007706436,1205.9269853116682,1559.5871117570787,1913.2472382024891,2266.9073646478996,2620.56749109331
.SPX,2013-06-21,1592.43,16.61252,14.21259,12.89718,13.592725561643835,95.85722093938789,117.15310463513983,1150.2866512726546,1437.8583140908183,1725.4299769089819,2013.0016397271456,2300.573302545309,2588.144965363473,1405.837255621678,1757.2965695270973,2108.755883432517,2460.2151973379364,2811.674511243356,3163.1338251487755,1061.714601538927,1487.7213001385878,1913.7279987382485,2339.734697337909,2765.74139593757,1207.2732557968009,1561.3282006647203,1915.3831455326397,2269.4380904005593,2623.4930352684787
.SPX,2013-06-28,1606.28,16.72924,14.32113,13.03282,13.689328657534247,96.01631634192587,117.33811351778347,1152.1957961031105,1440.244745128888,1728.2936941546657,2016.3426431804432,2304.391592206221,2592.4405412319984,1408.0573622134016,1760.071702766752,2112.0860433201024,2464.1003838734528,2816.114724426803,3168.1290649801535,1063.4767422546388,1490.1904893847432,1916.9042365148475,2343.6179836449514,2770.331730775056,1209.1797889338966,1563.7938594856676,1918.4079300374387,2273.0220005892097,2627.6360711409807
.SPX,2013-07-05,1631.89,16.9936,14.57062,13.23483,13.88991605479452,96.0296817625459,117.48739110894083,1152.3561811505508,1440.4452264381887,1728.5342717258263,2016.623317013464,2304.7123623011016,2592.8014075887395,1409.84869330729,1762.3108666341125,2114.773039960935,2467.2352132877572,2819.69738661458,3172.159559941402,1063.6247776565515,1490.3979231153153,1917.171068574079,2343.9442140328424,2770.717359491606,1210.71810790594,1565.7833186086432,1920.848529311346,2275.913740014049,2630.978950716752
.SPX,2013-07-12,1680.19,17.45073,15.03562,13.6344,14.29470093150685,96.28193204524969,117.53936007830042,1155.3831845429963,1444.2289806787453,1733.0747768144945,2021.9205729502435,2310.7663690859927,2599.6121652217416,1410.472320939605,1763.0904011745063,2115.7084814094073,2468.3265616443086,2820.94464187921,3173.5627221141112,1066.4187018467624,1494.3128928470344,1922.2070838473062,2350.101274847578,2777.99546584785,1211.2536527985365,1566.4759218279373,1921.6981908573382,2276.920459886739,2632.1427289161397
.SPX,2013-07-19,1692.09,17.2988,15.18639,13.7124,14.378724246575342,97.81545540731149,117.68012036276544,1173.7854648877378,1467.2318311096724,1760.6781973316067,2054.124563553541,2347.5709297754756,2641.01729599741,1412.1614443531853,1765.2018054414816,2118.242166529778,2471.2825276180743,2824.3228887063706,3177.363249794667,1083.404006963542,1518.1134510902373,1952.8228952169322,2387.5323393436274,2822.2417834703224,1212.7042001608297,1568.3518687125998,1923.9995372643698,2279.64720581614,2635.2948743679094
.SPX,2013-07-26,1691.65,17.24488,15.21233,13.71847,14.365127205479451,98.09578263229436,117.76087853609366,1177.1493915875324,1471.4367394844153,1765.7240873812984,2060.0114352781816,2354.2987831750647,2648.586131071948,1413.130542433124,1766.4131780414048,2119.695813649686,2472.978449257967,2826.261084866248,3179.5437204745285,1086.5089113730012,1522.4641800131994,1958.4194486533972,2394.374717293595,2830.329985933793,1213.5364203836723,1569.4281527243995,1925.3198850651268,2281.211617405854,2637.1033497465814
.SPX,2013-08-02,1709.67,17.71042,15.32325,13.89489,14.485800575342466,96.534695394011,118.02385315936057,1158.416344728132,1448.020430910165,1737.624517092198,2027.2286032742309,2316.832689456264,2606.4367756382967,1416.286237912327,1770.3577973904085,2124.4293568684902,2478.500916346572,2832.572475824654,3186.6440353027356,1069.2183087567462,1498.235825456194,1927.2533421556418,2356.2708588550895,2785.288375554537,1216.246397474012,1572.9328801206095,1929.619362767207,2286.3058454138045,2642.992328060402
.SPX,2013-08-09,1691.42,17.39307,15.17718,13.73625,14.304726493150683,97.24677702096294,118.2420370504726,1166.9613242515552,1458.701655314444,1750.4419863773328,2042.1823174402216,2333.9226485031104,2625.662979565999,1418.9044446056712,1773.630555757089,2128.3566669085067,2483.0827780599247,2837.8088892113424,3192.5350003627605,1077.1053250233717,1509.2874603092805,1941.469595595189,2373.6517308810976,2805.8338661670064,1218.4948020502763,1575.8406704278736,1933.186538805471,2290.5324071830682,2647.8782755606658
.SPX,2013-08-16,1655.83,17.01016,14.85687,13.40885,13.952353397260277,97.34358759705964,118.67746987580915,1168.1230511647157,1460.1538139558945,1752.1845767470736,2044.2153395382525,2336.2461023294313,2628.27686512061,1424.1296385097098,1780.1620481371374,2136.1944577645645,2492.226867391992,2848.2592770194196,3204.291686646847,1078.1775989868559,1510.7899778528342,1943.4023567188126,2376.0147355847907,2808.627114450769,1222.9819763881828,1581.643790642318,1940.305604896453,2298.9674191505883,2657.629233404723
.SPX,2013-08-23,1663.5,17.08291,14.92794,13.48652,13.999902465753426,97.3780228310048,118.82225637423227,1168.5362739720576,1460.670342465072,1752.8044109580865,2044.9384794511009,2337.0725479441153,2629.2066164371295,1425.8670764907872,1782.333845613484,2138.8006147361807,2495.2673838588776,2851.7341529815744,3208.2009221042713,1078.5590036460844,1511.3244188736924,1944.0898341013003,2376.855249328908,2809.6206645565157,1224.4740142465996,1583.5733958693202,1942.6727774920407,2301.772159114761,2660.8715407374816
.SPX,2013-08-30,1632.97,16.76949,14.68092,13.26922,13.744943561643836,97.37743962398379,118.80514406453509,1168.5292754878055,1460.661594359757,1752.7939132317083,2044.9262321036597,2337.058550975611,2629.190869847562,1425.6617287744211,1782.0771609680262,2138.4925931616317,2494.908025355237,2851.3234575488423,3207.738889742447,1078.5525440449835,1511.31536739589,1944.0781907467963,2376.8410140977026,2809.603837448609,1224.2976703596266,1583.3453359148534,1942.3930014700804,2301.4406670253074,2660.4883325805345
.SPX,2013-09-06,1655.17,16.98622,14.89528,13.45531,13.912944301369862,97.44192645567996,118.96619178134947,1169.3031174681596,1461.6288968351994,1753.9546762022394,2046.2804555692792,2338.606234936319,2630.9320143033588,1427.5943013761935,1784.492876720242,2141.39145206429,2498.2900274083386,2855.188602752387,3212.0871780964358,1079.2668002079292,1512.3162146158768,1945.365629023824,2378.4150434317717,2811.4644578397188,1225.9572815327376,1585.491658393443,1945.0260352541484,2304.560412114854,2664.094788975559
.SPX,2013-09-13,1687.99,17.31087,15.16268,13.71106,14.144557479452054,97.51040820016556,119.33848071614547,1170.1248984019867,1462.6561230024834,1755.18734760298,2047.7185722034767,2340.2497968039734,2632.7810214044703,1432.0617685937457,1790.077210742182,2148.0926528906184,2506.1080950390547,2864.1235371874914,3222.1389793359276,1080.0253040258647,1513.3790636004753,1946.7328231750857,2380.0865827496964,2813.4403423243066,1229.7937524125157,1590.4532444692259,1951.112736525936,2311.772228582646,2672.431720639356
.SPX,2013-09-20,1709.91,17.5481,15.37226,13.90449,14.314661342465753,97.44131843333466,119.45165582977472,1169.2958212000158,1461.61977650002,1753.943731800024,2046.2676871000278,2338.5916424000316,2630.915597700036,1433.4198699572967,1791.774837446621,2150.129804935945,2508.484772425269,2866.8397399145933,3225.1947074039176,1079.2600657522903,1512.3067779997805,1945.3534902472702,2378.40020249476,2811.4469147422496,1230.9600321140385,1591.9615570066794,1952.96308189932,2313.9646067919607,2674.9661316846014
.SPX,2013-09-27,1691.75,17.37702,15.21784,13.76213,14.141013424657537,97.35558801221383,119.63428286194208,1168.267056146566,1460.3338201832075,1752.400584219849,2044.4673482564904,2336.534112293132,2628.600876329773,1435.611394343305,1794.5142429291313,2153.4170915149575,2512.3199401007837,2871.22278868661,3230.125637272436,1078.3105155879098,1510.976226453205,1943.6419373185004,2376.3076481837957,2808.9733590490905,1232.842020068245,1594.395472321298,1955.9489245743514,2317.5023768274045,2679.055829080458
.SPX,2013-10-04,1690.5,17.32226,15.19035,13.77126,14.113396767123287,97.59119191144805,119.77981118889582,1171.0943029373766,1463.8678786717207,1756.641454406065,2049.415030140409,2342.188605874753,2634.9621816090976,1437.35773426675,1796.6971678334373,2156.0366014001247,2515.3760349668123,2874.7154685335,3234.054902100187,1080.9200644309192,1514.6328413211459,1948.3456182113725,2382.058395101599,2815.7711719918257,1234.3417025362364,1596.3349640793363,1958.3282256224359,2320.321487165536,2682.3147487086353
.SPX,2013-10-11,1703.2,17.34765,15.31708,13.89271,14.20880306849315,98.18044518998249,119.86935083763007,1178.16534227979,1472.7066778497374,1767.2480134196849,2061.7893489896323,2356.33068455958,2650.8720201295273,1438.4322100515608,1798.040262564451,2157.648315077341,2517.2563675902315,2876.8644201031216,3236.4724726160116,1087.4466338817517,1523.7781581273416,1960.1096823729313,2396.441206618521,2832.7727308641106,1235.2644166511286,1597.5282809707817,1959.7921452904345,2322.0560096100876,2684.3198739297404
.SPX,2013-10-18,1744.5,16.95825,15.80159,14.25703,14.570173671232876,102.8702843748618,119.73089953239979,1234.4434124983416,1543.054265622927,1851.6651187475122,2160.2759718720977,2468.886824996683,2777.4976781212686,1436.7707943887974,1795.963492985997,2155.1561915831962,2514.3488901803958,2873.541588777595,3232.7342873747943,1139.3912937900986,1596.5653053155677,2053.7393168410367,2510.9133283665055,2968.0873398919744,1233.8376635270417,1595.683106419513,1957.5285493119843,2319.3739922044556,2681.219435096927
.SPX,2013-10-25,1759.77,18.01826,15.94926,14.39131,14.6772898630137,97.66592334664945,119.89747538028557,1171.9910801597935,1464.9888501997418,1757.9866202396902,2050.9843902796383,2343.982160319587,2636.979930359535,1438.7697045634268,1798.4621307042835,2158.15455684514,2517.846982985997,2877.5394091268536,3237.2318352677103,1081.7477898246843,1515.7926866290895,1949.8375834334943,2383.8824802378995,2817.927377042304,1235.554242586901,1597.903103658713,1960.2519647305248,2322.6008258023367,2684.949686874149
.SPX,2013-11-01,1761.64,14.63906,15.85317,14.38613,14.627287260273972,120.3383277341578,120.43518177047164,1444.0599328098936,1805.074916012367,2166.0898992148404,2527.104882417314,2888.119865619787,3249.1348488222607,1445.2221812456596,1806.5277265570746,2167.8332718684896,2529.1388171799044,2890.444362491319,3251.7499078027345,1332.8673461222088,1867.6724782827607,2402.4776104433126,2937.2827426038643,3472.087874764416,1241.0953551879236,1605.0692487923804,1969.0431423968373,2333.0170360012944,2696.9909296057513
.SPX,2013-11-08,1770.61,17.8942,15.91041,14.47452,14.683019095890412,98.94882140581863,120.5889598342599,1187.3858568698236,1484.2323210872796,1781.0787853047354,2077.9252495221913,2374.771713739647,2671.618177957103,1447.0675180111189,1808.8343975138985,2170.601277016678,2532.368156519458,2894.1350360222377,3255.901915525017,1095.957169028022,1535.7034951193468,1975.4498212106716,2415.1961473019965,2854.9424733933215,1242.6800519342708,1607.1186868195157,1971.5573217047609,2335.995956590006,2700.4345914752507
.SPX,2013-11-15,1798.18,18.17392,16.16101,14.72714,14.90784690410959,98.94288078741407,120.61969857661354,1187.3145694489688,1484.1432118112111,1780.9718541734533,2077.8004965356954,2374.6291388979375,2671.4577812601797,1447.4363829193626,1809.2954786492032,2171.154574379044,2533.0136701088845,2894.872765838725,3256.731861568566,1095.891370737184,1535.611295653831,1975.3312205704776,2415.0511454871244,2854.7710704037713,1242.996817432513,1607.5283495889248,1972.0598817453367,2336.5914139017486,2701.122946058161
.SPX,2013-11-22,1804.76,18.25565,16.29986,14.79068,14.951934849315068,98.86035282227694,120.70411075143724,1186.3242338673233,1482.905292334154,1779.4863508009848,2076.0674092678155,2372.6484677346466,2669.2295262014773,1448.4493290172468,1810.5616612715587,2172.67399352587,2534.786325780182,2896.8986580344936,3259.0109902888057,1094.9772909760275,1534.3304467997916,1973.6836026235553,2413.0367584473192,2852.3899142710834,1243.866692468652,1608.6533313761524,1973.4399702836527,2338.226609191153,2703.013248098653
.SPX,2013-11-29,1805.81,18.22125,16.39456,14.79336,14.933739178082192,99.10461686218014,120.92149048982549,1189.2554023461616,1486.569252932702,1783.8831035192425,2081.196954105783,2378.5108046923233,2675.8246552788637,1451.0578858779058,1813.8223573473824,2176.5868288168585,2539.351300286335,2902.1157717558117,3264.8802432252883,1097.6827595391114,1538.1214686076496,1978.5601776761875,2418.9988867447255,2859.4375958132637,1246.1068101789385,1611.5504045425505,1976.9939989061622,2342.437593269774,2707.8811876333857
.SPX,2013-12-06,1805.09,18.21437,16.41213,14.7834,14.894956849315069,99.1025218000952,121.18799794193465,1189.2302616011425,1486.537827001428,1783.8453924017138,2081.1529578019995,2378.460523202285,2675.7680886025705,1454.2559753032158,1817.81996912902,2181.383962954824,2544.947956780628,2908.5119506064316,3272.0759444322357,1097.6595546309688,1538.0889528674861,1978.5183511040032,2418.94774934052,2859.3771475770372,1248.85319338751,1615.1022148164757,1981.3512362454417,2347.6002576744077,2713.849279103373
.SPX,2013-12-13,1775.32,18.19426,16.18902,14.56092,14.641209863013698,97.57582886031089,121.25500669755266,1170.9099463237308,1463.6374329046635,1756.3649194855961,2049.092406066529,2341.8198926474615,2634.547379228394,1455.060080370632,1818.8251004632898,2182.590120555948,2546.355140648606,2910.120160741264,3273.885180833922,1080.7499032729318,1514.3944040058568,1948.0389047387816,2381.6834054717065,2815.3279062046317,1249.5437246270685,1615.9952569613142,1982.4467892955597,2348.898321629805,2715.349853964051
.SPX,2013-12-20,1818.32,18.74659,16.62937,15.0065,15.055408410958906,96.99470677067136,120.7752025296395,1163.9364812480562,1454.9206015600703,1745.9047218720843,2036.8888421840984,2327.8729624961125,2618.8570828081265,1449.302430355674,1811.6280379445925,2173.953645533511,2536.2792531224295,2898.604860711348,3260.9304683002665,1074.3133948722007,1505.3752847129613,1936.437174553722,2367.4990643944825,2798.5609542352427,1244.5992996223245,1609.6007889658447,1974.6022783093651,2339.6037676528854,2704.605256996406
.SPX,2013-12-27,1841.4,18.91316,16.83649,15.20207,15.219981452054794,97.36077947841609,120.98569277503287,1168.3293537409932,1460.4116921762413,1752.4940306114897,2044.576369046738,2336.6587074819863,2628.7410459172343,1451.8283133003945,1814.785391625493,2177.742469950592,2540.69954827569,2903.656626600789,3266.6137049258878,1078.36801626878,1511.0567989418748,1943.7455816149698,2376.4343642880644,2809.1231469611594,1246.768420489082,1612.4060441669,1978.0436678447181,2343.6812915225364,2709.3189152003542
.SPX,2014-01-03,1831.37,18.808,15.12099,,15.12099,97.37186303700553,121.11442438623395,1168.4623564440662,1460.5779455550828,1752.6935346660994,2044.809123777116,2336.9247128881325,2629.040301999149,1453.3730926348073,1816.7163657935093,2180.059638952211,2543.402912110913,2906.7461852696147,3270.0894584283164,1078.4907777663082,1511.2288177635478,1943.9668577607872,2376.7048977580266,2809.442937755266,1248.0950112940181,1614.1216819684864,1980.1483526429547,2346.175023317423,2712.2016939918913
.SPX,2014-01-10,1842.37,18.95304,15.233,,15.233,97.20709712003983,120.9459725595746,1166.4851654404779,1458.1064568005975,1749.727748160717,2041.3490395208364,2332.9703308809558,2624.5916222410756,1451.3516707148951,1814.189588393619,2177.027506072343,2539.8654237510664,2902.7033414297903,3265.541259108514,1076.665830431469,1508.6716211141506,1940.677411796832,2372.6832024795135,2804.688993162195,1246.3591001045595,1611.8766830993925,1977.3942660942255,2342.9118490890587,2708.4294320838917
.SPX,2014-01-17,1838.7,18.76302,15.20881,,15.20881,97.99595161120118,120.89703270670093,1175.9514193344141,1469.9392741680176,1763.9271290016213,2057.9149838352246,2351.9028386688283,2645.890693502432,1450.764392480411,1813.455490600514,2176.146588720617,2538.8376868407195,2901.528784960822,3264.2198830809252,1085.4031829600297,1520.914784620349,1956.4263862806686,2391.9379879409876,2827.4495896013073,1245.854770529163,1611.224449659519,1976.5941287898747,2341.9638079202305,2707.3334870505864
.SPX,2014-01-24,1790.29,17.80769,14.83509,,14.83509,100.53465665675895,120.67941616801785,1206.4158798811075,1508.0198498513844,1809.623819821661,2111.227789791938,2412.831759762215,2714.435729732492,1448.1529940162143,1810.1912425202677,2172.2294910243213,2534.267739528375,2896.3059880324286,3258.344236536482,1113.5218806382522,1560.3159432814562,2007.1100059246598,2453.9040685678633,2900.698131211067,1243.6122125705895,1608.3242205974286,1973.036228624268,2337.748236651107,2702.460244677947
.SPX,2014-01-31,1782.59,17.24887,14.80858,13.27529,14.678355369863016,103.34532059201558,121.44344206708192,1240.143847104187,1550.1798088802338,1860.2157706562805,2170.251732432327,2480.287694208374,2790.323655984421,1457.321304804983,1821.6516310062289,2185.9819572074744,2550.3122834087203,2914.642609609966,3278.9729358112118,1144.6527950423715,1603.937952797637,2063.223110552902,2522.5082683081678,2981.793426063433,1251.4855680189903,1618.506581414601,1985.527594810212,2352.548608205823,2719.5696216014335
.SPX,2014-02-07,1797.02,17.46128,14.96293,13.38963,14.799134383561643,102.91456296445622,121.42737226550672,1234.9747555734748,1543.7184444668433,1852.462133360212,2161.2058222535807,2469.9495111469496,2778.693200040318,1457.1284671860806,1821.4105839826009,2185.692700779121,2549.9748175756413,2914.256934372161,3278.5390511686815,1139.8817234588,1597.25251698553,2054.62331051226,2511.99410403899,2969.3648975657197,1251.319967271762,1618.2924152219373,1985.2648631721129,2352.2373111222882,2719.209759072464
.SPX,2014-02-14,1838.63,17.87042,15.33175,13.75279,15.137083698630136,102.88678162012981,121.46527274381069,1234.6413794415578,1543.3017243019472,1851.9620691623365,2160.622414022726,2469.2827588831155,2777.9431037435047,1457.5832729257281,1821.9790911571604,2186.374909388592,2550.7707276200244,2915.1665458514562,3279.5623640828885,1139.5740172825447,1596.8213455276489,2054.068673772753,2511.316002017857,2968.563330262961,1251.7105351016182,1618.797524205425,1985.8845133092316,2352.9715024130383,2720.0584915168447
.SPX,2014-02-21,1836.25,17.81754,15.34289,13.8016,15.123308958904111,103.05855915014081,121.41853380036092,1236.7027098016897,1545.8783872521121,1855.0540647025346,2164.229742152957,2473.4054196033794,2782.581097053802,1457.022405604331,1821.2780070054139,2185.5336084064966,2549.7892098075795,2914.044811208662,3278.300412609745,1141.4766252451132,1599.487363671907,2057.4981020987,2515.5088405254937,2973.5195789522872,1251.22888609533,1618.174622826032,1985.1203595567338,2352.066096287436,2719.0118330181376
.SPX,2014-02-28,1859.45,17.95853,15.52648,14.06981,15.291018273972602,103.54132548710835,121.60406630113296,1242.4959058453003,1553.1198823066252,1863.7438587679503,2174.3678352292754,2484.9918116906006,2795.6157881519257,1459.2487956135956,1824.0609945169945,2188.8731934203934,2553.6853923237923,2918.497591227191,3283.30979013059,1146.8237453062507,1606.9799840030412,2067.1362226998317,2527.2924613966215,2987.448700093412,1253.1408151642247,1620.6472600343877,1988.1537049045505,2355.6601497747133,2723.1665946448766
.SPX,2014-03-07,1878.04,18.15552,15.67731,14.20403,15.410908684931506,103.4418182459109,121.86432600410589,1241.3018189509307,1551.6272736886635,1861.952728426396,2172.2781831641287,2482.6036379018615,2792.9290926395943,1462.3719120492706,1827.9648900615884,2193.557868073906,2559.1508460862237,2924.743824098541,3290.336802110859,1145.72160307948,1605.4356137323748,2065.14962438527,2524.8636350381644,2984.577645691059,1255.822814757316,1624.1158050209997,1992.4087952846835,2360.7017855483673,2728.9947758120506
.SPX,2014-03-14,1841.13,17.75756,15.37679,13.92466,15.086364,103.6814742565983,122.03934625997358,1244.1776910791796,1555.2221138489747,1866.2665366187696,2177.3109593885642,2488.355382158359,2799.3998049281545,1464.472155119683,1830.5901938996037,2196.7082326795244,2562.8262714594453,2928.944310239366,3295.0623490192866,1148.3760331098924,1609.1551180984711,2069.9342030870494,2530.713288075628,2991.4923730642067,1257.6264141991733,1626.4483429594934,1995.2702717198135,2364.0922004801337,2732.914129240454
.SPX,2014-03-21,1866.52,18.03367,15.6296,14.13878,15.302844931506849,103.50194940907757,121.97209135649305,1242.0233929089309,1552.5292411361636,1863.0350893633963,2173.540937590629,2484.0467858178617,2794.5526340450942,1463.6650962779167,1829.5813703473957,2195.497644416875,2561.4139184863543,2927.3301925558335,3293.246466625312,1146.3876158567746,1606.368860193815,2066.3501045308553,2526.3313488678955,2986.312593204936,1256.9333463838038,1625.5520203416322,1994.1706942994608,2362.7893682572894,2731.408042215118
.SPX,2014-03-28,1857.62,17.97096,15.54719,14.04638,15.189462684931506,103.36787795421056,122.29662355619898,1240.4145354505267,1550.5181693131583,1860.62180317579,2170.7254370384217,2480.8290709010535,2790.932704763685,1467.5594826743877,1834.4493533429848,2201.339224011582,2568.2290946801786,2935.1189653487754,3302.0088360173727,1144.9026403913176,1604.2880471137828,2063.6734538362475,2523.0588605587127,2982.4442672811774,1260.2776798231102,1629.8771406788412,1999.4766015345724,2369.0760623903034,2738.675523246034
.SPX,2014-04-04,1865.09,17.85958,15.65413,14.11523,15.257810547945205,104.43078728615117,122.23837713407542,1253.1694474338142,1566.4618092922676,1879.754171150721,2193.0465330091747,2506.3388948676284,2819.6312567260816,1466.860525608905,1833.5756570111314,2200.2907884133574,2567.0059198155836,2933.72105121781,3300.4361826200366,1156.6754244004317,1620.7845910125884,2084.893757624745,2549.002924236902,3013.1120908490584,1259.6774452164848,1629.1008763046912,1998.5243073928975,2367.947738481104,2737.3711695693105
.SPX,2014-04-11,1815.69,17.39042,15.25327,13.74491,14.835888191780825,104.40748412056755,122.3849881132094,1252.8898094468104,1566.1122618085133,1879.3347141702159,2192.5571665319185,2505.779618893621,2819.0020712553237,1468.619857358513,1835.774821698141,2202.929786037769,2570.0847503773975,2937.239714717026,3304.394679056654,1156.4173185329785,1620.4229216937863,2084.428524854594,2548.4341280154017,3012.439731176209,1261.1882845123437,1631.0547968342569,2000.92130915617,2370.787821478083,2740.6543337999965
.SPX,2014-04-17,1864.85,17.86475,15.673,14.12277,15.218549013698633,104.38713108215899,122.53796326584074,1252.6455729859078,1565.8069662323849,1878.9683594788617,2192.1297527253387,2505.2911459718157,2818.4525392182927,1470.455559190089,1838.0694489876112,2205.6833387851334,2573.2972285826554,2940.911118380178,3308.5250081777003,1156.1918882748062,1620.107038879052,2084.0221894832976,2547.937340087543,3011.8524906917887,1262.764707187171,1633.0935342671926,2003.4223613472143,2373.751188427236,2744.0800155072575
.SPX,2014-04-25,1863.4,17.85527,15.58903,14.06995,15.110415753424656,104.36134541790743,123.31890997623115,1252.336145014889,1565.4201812686115,1878.5042175223336,2191.588253776056,2504.672290029778,2817.7563262835006,1479.8269197147738,1849.7836496434672,2219.7403795721607,2589.6971095008544,2959.6538394295476,3329.6105693582413,1155.9062862515264,1619.706840734673,2083.5073952178195,2547.3079497009658,3011.108504184112,1270.8124331146496,1643.5014028930077,2016.1903726713656,2388.8793424497235,2761.5683122280816
.SPX,2014-05-02,1881.14,17.94889,15.71149,14.19694,15.205256849315068,104.80536679426974,123.71642377647422,1257.664401531237,1572.0805019140462,1886.4966022968554,2200.9127026796646,2515.328803062474,2829.744903445283,1484.5970853176905,1855.7463566471133,2226.8956279765357,2598.0448993059586,2969.194170635381,3340.343441964804,1160.8242671199407,1626.5981323124745,2092.371997505008,2558.145862697542,3023.919727890075,1274.9088484963693,1648.7991669463447,2022.6894853963204,2396.579803846296,2770.4701222962713
.SPX,2014-05-09,1878.48,17.9438,15.6631,14.16453,15.133468410958905,104.68685562701323,124.12752641950198,1256.2422675241587,1570.3028344051984,1884.363401286238,2198.423968167278,2512.4845350483174,2826.5451019293573,1489.5303170340237,1861.9128962925297,2234.2954755510355,2606.6780548095417,2979.0606340680474,3351.443213326553,1159.511637403696,1624.7588176932525,2090.005997982809,2555.253178272365,3020.500358561921,1279.1452981223567,1654.2780328451706,2029.4107675679847,2404.5435022907986,2779.6762370136125
.SPX,2014-05-16,1877.86,17.9538,15.65787,14.1503,15.096145287671234,104.59401352359944,124.39334440783477,1255.1281622831934,1568.9102028539917,1882.69224342479,2196.4742839955884,2510.256324566387,2824.038365137185,1492.7201328940173,1865.9001661175216,2239.080199341026,2612.2602325645303,2985.4402657880346,3358.620299011539,1158.483318244576,1623.3178915591045,2088.152464873633,2552.987038188162,3017.8216115026903,1281.8845763448446,1657.820654466002,2033.7567325871594,2409.6928107083168,2785.6288888294744
.SPX,2014-05-23,1900.53,18.17897,15.85736,14.3151,15.25313210958904,104.54552705681346,124.5993272952256,1254.5463246817615,1568.1829058522019,1881.819487022642,2195.4560681930825,2509.092649363523,2822.7292305339633,1495.1919275427072,1868.9899094283842,2242.7878913140607,2616.5858731997378,2990.3838550854143,3364.1818369710913,1157.9462821271165,1622.565372878727,2087.184463630337,2551.8035543819474,3016.422645133557,1284.0072484829261,1660.5658389998584,2037.1244295167908,2413.683020033723,2790.2416105506554
.SPX,2014-05-30,1923.57,18.39598,16.04028,14.48701,15.401949863013698,104.56469293834847,124.89132980618697,1254.7763152601817,1568.470394075227,1882.1644728902725,2195.858551705318,2509.5526305203634,2823.246709335409,1498.6959576742438,1873.3699470928045,2248.0439365113657,2622.7179259299264,2997.3919153484876,3372.0659047670483,1158.1585634354801,1622.8628308053824,2087.5670981752846,2552.2713655451867,3016.9756329150887,1287.0163605607245,1664.4574281852135,2041.8984958097028,2419.339563434192,2796.780631058681
.SPX,2014-06-06,1949.44,18.6479,16.26491,14.69385,15.58913898630137,104.5393851318379,125.05116553986912,1254.472621582055,1568.0907769775686,1881.7089323730822,2195.327087768596,2508.94524316411,2822.5633985596232,1500.6139864784295,1875.7674830980368,2250.920979717644,2626.0744763372513,3001.227972956859,3376.3814695764663,1157.8782541646513,1622.4700490990426,2087.0618440334338,2551.653638967825,3016.245433902216,1288.6634821389027,1666.5875982669122,2044.5117143949215,2422.435830522931,2800.3599466509404
.SPX,2014-06-13,1936.16,18.51408,16.15678,14.58488,15.45050164383562,104.5777051843786,125.31373055919394,1254.9324622125432,1568.665577765679,1882.3986933188148,2196.131808871951,2509.8649244250864,2823.598039978222,1503.7647667103274,1879.705958387909,2255.647150065491,2631.5883417430728,3007.529533420655,3383.4707250982365,1158.3026870755525,1623.064783202833,2087.8268793301136,2552.5889754573936,3017.351071584674,1291.369238223864,1670.0868667707787,2048.804495317693,2427.522123864608,2806.2397524115227
.SPX,2014-06-20,1962.87,18.78001,16.40613,14.78567,15.646955589041095,104.51911367459334,125.44740661082761,1254.2293640951202,1567.7867051189,1881.34404614268,2194.90138716646,2508.4587281902404,2822.0160692140203,1505.3688793299314,1881.7110991624143,2258.053318994897,2634.39553882738,3010.7377586598627,3387.0799784923456,1157.6537274994705,1622.1554324386384,2086.657137377806,2551.1588423169737,3015.6605472561414,1292.7467819311387,1671.8684003444657,2050.9900187577923,2430.1116371711196,2809.2332555844464
.SPX,2014-06-27,1960.96,18.72944,16.39294,14.77516,15.603995232876713,104.6993396492367,125.6703793313376,1256.3920757908404,1570.4900947385506,1884.5881136862606,2198.686132633971,2512.784151581681,2826.8821705293913,1508.0445519760513,1885.055689970064,2262.0668279640768,2639.0779659580894,3016.0891039521025,3393.100241946115,1159.6499104367624,1624.9525719622711,2090.2552334877796,2555.557895013288,3020.8605565387966,1295.0445358240665,1674.8400125573505,2054.6354892906347,2434.4309660239187,2814.226442757203
.SPX,2014-07-03,1985.44,18.95635,16.59398,14.94982,15.765143178082193,104.73746264444368,125.93859615308143,1256.8495517333242,1571.0619396666552,1885.2743275999862,2199.4867155333172,2513.6991034666485,2827.9114913999792,1511.2631538369772,1889.0789422962216,2266.894730755466,2644.71051921471,3022.5263076739543,3400.3420961331985,1160.0721607405892,1625.5442477008196,2091.0163346610493,2556.4884216212795,3021.9605085815097,1297.8085342401102,1678.4146040202534,2059.0206738003963,2439.626743580539,2820.232813360682
.SPX,2014-07-11,1967.57,18.79165,16.43409,14.79909,15.574035205479452,104.70448310818901,126.33655786958442,1256.453797298268,1570.5672466228352,1884.6806959474022,2198.7941452719692,2512.907594596536,2827.0210439211032,1516.038694435013,1895.0483680437665,2274.0580416525195,2653.067715261273,3032.077388870026,3411.0870624787794,1159.7068793893209,1625.0323993697918,2090.357919350263,2555.6834393307336,3021.0089593112043,1301.9095654390815,1683.7183375636039,2065.527109688126,2447.3358818126485,2829.144653937171
.SPX,2014-07-18,1978.22,18.92577,16.56288,14.83478,15.620710410958903,104.52520557948237,126.64084718017403,1254.3024669537886,1567.8780836922356,1881.4537004306828,2195.02931716913,2508.604933907577,2822.180550646024,1519.6901661620884,1899.6127077026106,2279.5352492431325,2659.4577907836547,3039.380332324177,3419.302873864699,1157.7212014394458,1622.2499798975884,2086.7787583557306,2551.307536813873,3015.8363152720153,1305.0452940895836,1687.7736759454933,2070.5020578014028,2453.230439657312,2835.958821513222
.SPX,2014-07-25,1978.34,18.84316,16.41897,14.78632,15.497529178082193,104.98982124017414,127.6551879507297,1259.8778548820897,1574.8473186026122,1889.8167823231345,2204.786246043657,2519.7557097641793,2834.725173484702,1531.8622554087565,1914.8278192609455,2297.7933831131345,2680.7589469653235,3063.724510817513,3446.690074669702,1162.8672846059087,1629.4608984701827,2096.0545123344564,2562.64812619873,3029.2417400630034,1315.4981667502784,1701.2920445374725,2087.0859223246666,2472.8798001118607,2858.673677899055
.SPX,2014-08-01,1925.15,18.26152,15.95028,14.3774,15.032407561643836,105.4211259522756,128.0666448208965,1265.0535114273073,1581.316889284134,1897.5802671409608,2213.8436449977876,2530.1070228546146,2846.370400711441,1536.799737850758,1920.9996723134475,2305.199606776137,2689.3995412388267,3073.599475701516,3457.7994101642053,1167.6444156979965,1636.154825132726,2104.6652345674556,2573.175644002185,3041.6860534369143,1319.7382667187196,1706.7756313083858,2093.812995898052,2480.8503604877183,2867.8877250773844
.SPX,2014-08-08,1931.59,18.15837,15.97405,14.43097,15.043974383561643,106.37463604938107,128.39625691669772,1276.4956325925727,1595.619540740716,1914.7434488888591,2233.8673570370024,2552.9912651851455,2872.115173333289,1540.7550830003727,1925.943853750466,2311.132624500559,2696.321395250652,3081.5101660007454,3466.6989367508386,1178.2054937564956,1650.9534732414377,2123.7014527263796,2596.4494322113214,3069.1974116962633,1323.1349489431238,1711.1684526685829,2099.201956394042,2487.235460119501,2875.26896384496
.SPX,2014-08-15,1955.06,18.40898,16.203,14.61196,15.21350389041096,106.20142995429404,128.50819995729387,1274.4171594515285,1593.0214493144106,1911.6257391772929,2230.230029040175,2548.834318903057,2867.438608765939,1542.0983994875264,1927.622999359408,2313.14759923129,2698.6721991031714,3084.196798975053,3469.7213988469343,1176.287063006811,1648.2652835104027,2120.2435040139944,2592.221724517586,3064.199945021178,1324.2885320214828,1712.660345066102,2101.0321581107214,2489.4039711553405,2877.7757841999596
.SPX,2014-08-22,1988.4,18.73322,16.54012,14.87705,15.473932657534249,106.1429909006567,128.49997760794503,1273.7158908078804,1592.1448635098504,1910.5738362118207,2229.002808913791,2547.431781615761,2865.860754317731,1541.9997312953403,1927.4996641191753,2312.9995969430106,2698.4995297668456,3083.9994625906807,3469.4993954145157,1175.639792035059,1647.358298893029,2119.076805750999,2590.795312608969,3062.513819466939,1324.2037999736247,1712.5507637967532,2100.897727619882,2489.2446914430107,2877.5916552661392
.SPX,2014-08-29,2003.37,18.87222,16.6635,14.98991,15.55847208219178,106.15444287953405,128.76392935094546,1273.8533145544086,1592.3166431930106,1910.7799718316128,2229.2433004702148,2547.706629108817,2866.169957747419,1545.1671522113456,1931.4589402641818,2317.7507283170185,2704.0425163698546,3090.3343044226913,3476.6260924755275,1175.7666341557822,1647.536035663797,2119.3054371718117,2591.0748386798264,3062.844240187841,1326.9238463704983,1716.0685135076524,2105.2131806448065,2494.35784778196,2883.502514919114
.SPX,2014-09-05,2007.71,18.92096,16.77581,15.02521,15.586361232876712,106.11036649303206,128.81197670211094,1273.3243979163847,1591.655497395481,1909.9865968745771,2228.3176963536735,2546.6487958327693,2864.9798953118657,1545.7437204253313,1932.179650531664,2318.615580637997,2705.05151074433,3091.4874408506626,3477.9233709569953,1175.2784440885798,1646.851962222177,2118.425480355774,2589.998998489371,3061.572516622968,1327.4189786357047,1716.7088523580442,2105.9987260803837,2495.288599802723,2884.5784735250627
.SPX,2014-09-12,1985.54,18.70303,16.60259,14.8555,15.3820202739726,106.16140807131252,129.08187381339403,1273.9368968557503,1592.4211210696878,1910.9053452836254,2229.389569497563,2547.8737937115006,2866.358017925438,1548.9824857607282,1936.2281072009105,2323.4737286410923,2710.7193500812746,3097.9649715214564,3485.2105929616387,1175.8437806215493,1647.6441366922522,2119.4444927629547,2591.2448488336577,3063.04520490436,1330.2002925862284,1720.3058374523498,2110.411382318471,2500.5169271845925,2890.622472050714
.SPX,2014-09-19,2010.4,18.9702,16.83609,15.06711,15.566301616438356,105.97674246976838,129.1507802904817,1271.7209096372205,1589.6511370465257,1907.581364455831,2225.511591865136,2543.441819274441,2861.3720466837462,1549.8093634857803,1937.2617043572254,2324.7140452286703,2712.1663861001157,3099.6187269715606,3487.0710678430055,1173.7984243756662,1644.7780933610582,2115.75776234645,2586.737431331842,3057.717100317234,1330.9103800158207,1721.2241709973334,2111.5379619788464,2501.851752960359,2892.165543941872
.SPX,2014-09-26,1982.85,18.70215,16.61456,14.85844,15.320323616438356,106.0225695976131,129.42611720502086,1272.2708351713572,1590.3385439641966,1908.4062527570359,2226.473961549875,2544.5416703427145,2862.609379135554,1553.1134064602502,1941.391758075313,2329.6701096903753,2717.948461305438,3106.2268129205004,3494.5051645355634,1174.30600565439,1645.4893386230283,2116.6726715916666,2587.8560045603044,3059.0393375289427,1333.7477516270296,1724.8936536857595,2116.0395557444895,2507.1854578032194,2898.3313598619493
.SPX,2014-10-03,1967.9,18.57218,16.48701,14.76003,15.181129232876714,105.95955886707969,129.62803819219562,1271.5147064049563,1589.3933830061953,1907.2720596074346,2225.1507362086736,2543.0294128099126,2860.9080894111516,1555.5364583063474,1944.4205728829343,2333.304687459521,2722.188802036108,3111.072916612695,3499.9570311892817,1173.608098788268,1644.5114007584295,2115.414702728591,2586.318004698752,3057.221306668913,1335.8285655188968,1727.5847042777507,2119.340843036605,2511.0969817954588,2902.8531205543127
.SPX,2014-10-10,1906.13,18.01338,15.97444,14.33922,14.706584493150684,105.81745347069788,129.61065167019197,1269.8094416483746,1587.2618020604682,1904.7141624725618,2222.1665228846555,2539.618883296749,2857.0712437088428,1555.3278200423038,1944.1597750528795,2332.9917300634556,2721.8236850740313,3110.6556400846075,3499.487595095183,1172.0341393847148,1642.3058994619175,2112.57765953912,2582.8494196163224,3053.121179693525,1335.6493958494998,1727.3529898285237,2119.0565838075477,2510.7601777865716,2902.4637717655955
.SPX,2014-10-17,1886.76,17.71336,15.85046,14.28741,14.608584657534244,106.51621149234249,129.154195579578,1278.1945379081099,1597.7431723851373,1917.2918068621648,2236.8404413391922,2556.3890758162197,2875.937710293247,1549.850346954936,1937.3129336936697,2324.775520432404,2712.238107171138,3099.700693909872,3487.1632806486055,1179.773583395841,1653.1507495656015,2126.527915735362,2599.9050819051226,3073.282248074883,1330.945574876423,1721.2696873939844,2111.593799911546,2501.917912429107,2892.2420249466686
.SPX,2014-10-24,1964.58,18.16722,16.59477,14.98951,15.288572136986302,108.13872458196685,128.4999006053197,1297.6646949836022,1622.0808687295028,1946.4970424754033,2270.913216221304,2595.3293899672044,2919.745563713105,1541.9988072638366,1927.4985090797957,2312.9982108957547,2698.497912711714,3083.9976145276732,3469.497316343632,1197.7445387559121,1678.3324443772437,2158.9203499985756,2639.508255619907,3120.0961612412384,1324.203006454661,1712.5497375638522,2100.8964686730433,2489.2431997822346,2877.589930891426
.SPX,2014-10-31,2018.05,18.45573,16.96564,15.45326,15.70601391780822,109.34544447713529,128.4889985811002,1312.1453337256235,1640.1816671570293,1968.2180005884352,2296.254334019841,2624.290667451247,2952.327000882653,1541.8679829732023,1927.334978716503,2312.801974459803,2698.268970203104,3083.7359659464046,3469.2029616897053,1211.1101685969645,1697.06095406853,2183.0117395400953,2668.96252501166,3154.9133104832254,1324.0906601168044,1712.4044436093193,2100.7182271018337,2489.0320105943483,2877.345794086863
.SPX,2014-11-07,2031.92,18.51934,17.03288,15.57167,15.78784901369863,109.71881287346093,128.70150951133152,1316.6257544815312,1645.782193101914,1974.9386317222968,2304.0950703426797,2633.2515089630624,2962.407947583445,1544.4181141359782,1930.5226426699728,2316.6271712039675,2702.731699737962,3088.8362282719563,3474.940756805951,1215.2455970419721,1702.8556986956821,2190.465800349392,2678.0759020031014,3165.6860036568114,1326.28060432214,1715.2366289735314,2104.192653624923,2493.1486782763145,2882.1047029277056
.SPX,2014-11-14,2039.82,18.56533,17.09284,15.64709,15.833255068493152,109.87254199090455,128.83137366106547,1318.4705038908546,1648.0881298635682,1977.705755836282,2307.3233818089957,2636.9410077817092,2966.5586337544228,1545.9764839327856,1932.470604915982,2318.9647258991786,2705.458846882375,3091.9529678655713,3478.4470888487676,1216.9483007827241,1705.241602232537,2193.53490368235,2681.8282051321626,3170.1215065819756,1327.6188660382838,1716.96736039432,2106.3158547503563,2495.6643491063924,2885.0128434624285
.SPX,2014-11-21,2063.5,18.78407,17.35468,15.86753,16.030505342465755,109.85372179724628,128.7233281744192,1318.2446615669553,1647.8058269586943,1977.366992350433,2306.928157742172,2636.4893231339106,2966.0504885256496,1544.6799380930306,1930.849922616288,2317.019907139546,2703.1898916628033,3089.3598761860612,3475.5298607093187,1216.7398483133643,1704.9495094438691,2193.1591705743735,2681.368831704878,3169.578492835383,1326.5054476031187,1715.5274116556097,2104.549375708101,2493.571339760592,2882.593303813083
.SPX,2014-11-28,2067.56,18.84073,17.53695,15.92465,16.070419589041094,109.73884769857644,128.65625496237396,1316.8661723829173,1646.0827154786466,1975.299258574376,2304.5158016701052,2633.7323447658346,2962.948887861564,1543.8750595484876,1929.8438244356093,2315.8125893227316,2701.7813542098534,3087.750119096975,3473.718883984097,1215.4675027696362,1703.1666427829066,2190.865782796177,2678.564922809447,3166.2640628227177,1325.8142521342936,1714.6335104841337,2103.452768833974,2492.2720271838143,2881.091285533654
.SPX,2014-12-12,2002.33,18.26029,17.03225,15.55403,15.630978438356165,109.65488499908817,128.1001063302967,1315.858619989058,1644.8232749863225,1973.787929983587,2302.7525849808517,2631.717239978116,2960.6818949753806,1537.2012759635604,1921.5015949544506,2305.801913945341,2690.102232936231,3074.402551927121,3458.7028709180113,1214.537531890471,1701.863526593832,2189.1895212971926,2676.515516000553,3163.8415107039136,1320.0830905756995,1707.2215810629916,2094.360071550284,2481.498562037576,2868.637052524868
.SPX,2014-12-19,2070.65,18.90169,17.67276,16.3065,16.3514181369863,109.54840546004088,126.6342761620331,1314.5808655204905,1643.2260819006133,1971.8712982807358,2300.5165146608583,2629.161731040981,2957.806947421104,1519.6113139443974,1899.5141424304966,2279.416970916596,2659.319799402695,3039.2226278887947,3419.125456374894,1213.3581644910853,1700.2109450072057,2187.063725523326,2673.916506039446,3160.769286555567,1304.9775791580025,1687.6861023727529,2070.3946255875035,2453.103148802254,2835.8116720170046
.SPX,2014-12-26,2088.77,19.0682,17.81874,16.47438,16.49279589041096,109.5420647989847,126.64741708314156,1314.5047775878163,1643.1309719847704,1971.7571663817246,2300.3833607786787,2629.0095551756326,2957.635749572587,1519.7690049976986,1899.7112562471234,2279.653507496548,2659.595758745973,3039.5380099953973,3419.480261244822,1213.2879353277442,1700.1125368078253,2186.9371382879062,2673.7617397679874,3160.586341248068,1305.112997529203,1687.8612346560437,2070.609471782884,2453.3577089097253,2836.105946036566
.SPX,2015-01-02,2058.2,18.78917,16.23165,,16.23165,109.54182648834409,126.80164986307615,1314.501917860129,1643.1273973251614,1971.7528767901936,2300.3783562552258,2629.003835720258,2957.62931518529,1521.6197983569139,1902.0247479461423,2282.429697535371,2662.834647124599,3043.2395967138277,3423.644546303056,1213.2852957990333,1700.1088381838447,2186.9323805686563,2673.7559229534677,3160.579465338279,1306.7023801662413,1689.9167327969487,2073.131085427656,2456.345438058364,2839.559790689071
.SPX,2015-01-09,2044.81,18.66991,16.26062,,16.26062,109.52436299907176,125.75227758843144,1314.2923559888611,1642.8654449860762,1971.4385339832916,2300.0116229805067,2628.5847119777222,2957.1578009749373,1509.0273310611774,1886.2841638264715,2263.540996591766,2640.7978293570604,3018.054662122355,3395.3114948876487,1213.0918701877695,1699.8378016911258,2186.583733194482,2673.329664697839,3160.075596201195,1295.8885047124172,1675.9314907455228,2055.9744767786283,2436.017462811734,2816.0604488448394
.SPX,2015-01-16,2019.42,18.52816,16.20955,,16.20955,108.99193443925355,124.58211363054497,1307.9032132710427,1634.8790165888033,1961.854819906564,2288.830623224325,2615.8064265420853,2942.7822298598458,1494.9853635665395,1868.7317044581746,2242.4780453498092,2616.2243862414443,2989.970727133079,3363.717068024714,1207.1946913347253,1691.574414734138,2175.9541381335503,2660.3338615329626,3144.7135849323754,1283.8298601237536,1660.3364282626324,2036.842996401511,2413.34956454039,2789.8561326792687
.SPX,2015-01-23,2051.82,19.22425,16.61447,,16.61447,106.73082174857277,123.49596466212886,1280.769860982873,1600.9623262285916,1921.1547914743098,2241.347256720028,2561.539721965746,2881.732187211465,1481.9515759455462,1852.4394699319328,2222.9273639183193,2593.415257904706,2963.9031518910924,3334.391045877479,1182.1506066440295,1656.4815393203332,2130.8124719966368,2605.1434046729405,3079.474337349244,1272.636997540522,1645.8610541802088,2019.0851108198954,2392.309167459582,2765.5332240992684
.SPX,2015-01-30,1994.99,18.82179,16.24097,,16.24097,105.99363822463219,122.83687489109332,1271.9236586955863,1589.904573369483,1907.8854880433794,2225.866402717276,2543.8473173911725,2861.828232065069,1474.0424986931198,1842.5531233663996,2211.06374803968,2579.5743727129598,2948.0849973862396,3316.5956220595194,1173.9855617604885,1645.0403185137015,2116.0950752669146,2587.1498320201276,3058.2045887733407,1265.8450183077177,1637.077202915726,2008.3093875237346,2379.541572131743,2750.773756739751
.SPX,2015-02-06,2055.47,19.17306,16.7847,14.74208,16.57763989041096,107.20615279981389,123.99050851556679,1286.4738335977668,1608.0922919972083,1929.7107503966502,2251.3292087960917,2572.9476671955335,2894.566125594975,1487.8861021868015,1859.8576277335019,2231.8291532802023,2603.8006788269026,2975.772204373603,3347.7437299203034,1187.4153734787228,1663.8587626804372,2140.3021518821515,2616.7455410838656,3093.1889302855798,1277.7333163272394,1652.4519615850343,2027.170606842829,2401.889252100624,2776.607897358419
.SPX,2015-02-13,2096.99,19.4659,17.17625,15.20303,16.938382383561645,107.72633168772056,123.80107807904288,1292.7159802526467,1615.8949753158083,1939.07397037897,2262.252965442132,2585.4319605052933,2908.610955568455,1485.6129369485145,1857.0161711856433,2228.419405422772,2599.8226396599007,2971.225873897029,3342.629108134158,1193.1768749628104,1671.9320325273743,2150.687190091938,2629.442347656502,3108.1975052210655,1275.7812186806473,1649.9273756295008,2024.0735325783546,2398.2196895272086,2772.3658464760624
.SPX,2015-02-20,2110.3,19.6159,17.31932,15.4491,17.058001589041098,107.58109492809406,123.71320221682716,1290.9731391371288,1613.716423921411,1936.4597087056932,2259.202993489975,2581.9462782742576,2904.6895630585395,1484.558426601926,1855.6980332524074,2226.837639902889,2597.97724655337,2969.116853203852,3340.256459854333,1191.5682325792266,1669.6779319104153,2147.787631241604,2625.8973305727923,3104.0070299039808,1274.8756500351253,1648.7562324296478,2022.6368148241702,2396.5173972186926,2770.397979613215
.SPX,2015-02-27,2104.5,19.49576,17.29089,15.56908,17.017287315068494,107.94654837769853,123.66835918298824,1295.3585805323823,1619.198225665478,1943.0378707985735,2266.877515931669,2590.7171610647647,2914.5568061978606,1484.0203101958589,1855.0253877448235,2226.0304652937884,2597.035542842753,2968.0406203917178,3339.0456979406827,1195.6159950724996,1675.3498351416752,2155.0836752108503,2634.817515280026,3114.551355349201,1274.413538547503,1648.1585983033126,2021.9036580591223,2395.648717814932,2769.393777570742
.SPX,2015-03-06,2071.26,19.26746,17.03743,15.34234,16.735564657534248,107.50041780286557,123.76397464829678,1290.0050136343868,1612.5062670429836,1935.0075204515801,2257.508773860177,2580.0100272687737,2902.5112806773705,1485.1676957795614,1856.4596197244516,2227.751543669342,2599.043467614232,2970.335391559123,3341.627315504013,1190.674652721331,1668.4258084244625,2146.1769641275937,2623.928119830725,3101.679275533856,1275.3988644973963,1649.4328890945883,2023.46691369178,2397.500938288972,2771.534962886164
.SPX,2015-03-13,2053.4,19.10895,16.91764,15.22811,16.584362849315067,107.45750028128181,123.81542894696165,1289.4900033753818,1611.862504219227,1934.2350050630725,2256.607505906918,2578.9800067507636,2901.352507594609,1485.7851473635396,1857.2314342044247,2228.6777210453097,2600.1240078861947,2971.5702947270793,3343.0165815679643,1190.199298242234,1667.7597207746892,2145.3201433071445,2622.8805658395995,3100.4409883720546,1275.9291056623003,1650.11863317112,2024.3081606799399,2398.4976881887596,2772.6872156975796
.SPX,2015-03-20,2108.1,19.59027,17.30046,15.58311,16.928759589041096,107.60954290063383,124.52772980276046,1291.314514807606,1614.1431435095074,1936.971772211409,2259.8004009133106,2582.629029615212,2905.4576583171133,1494.3327576331255,1867.915947041407,2241.499136449688,2615.08232585797,2988.665515266251,3362.2487046745323,1191.883322329729,1670.119449558,2148.355576786271,2626.591704014542,3104.8278312428124,1283.2694298983954,1659.6116416319708,2035.9538533655464,2412.2960650991217,2788.6382768326976
.SPX,2015-03-27,2061.02,19.13625,16.93309,15.26121,16.539167589041096,107.7023972826442,124.6144939824927,1292.4287673917304,1615.535959239663,1938.6431510875955,2261.7503429355284,2584.857534783461,2907.964726631393,1495.3739277899124,1869.2174097373907,2243.0608916848687,2616.904373632347,2990.7478555798248,3364.591337527303,1192.911777486588,1671.5605662581743,2150.2093550297604,2628.858143801346,3107.5069325729323,1284.1635425561701,1660.7679691663147,2037.3723957764596,2413.9768223866045,2790.5812489967493
.SPX,2015-04-02,2066.96,19.18908,17.00359,15.32201,16.579739698630135,107.7154298173753,124.66781973487666,1292.5851578085035,1615.7314472606295,1938.8777367127552,2262.024026164881,2585.170315617007,2908.316605069133,1496.0138368185198,1870.0172960231498,2244.02075522778,2618.0242144324097,2992.0276736370397,3366.0311328416697,1193.056125844317,1671.762833539911,2150.4695412355045,2629.1762489310986,3107.8829566266922,1284.713069219581,1661.4786545662284,2038.2442399128756,2415.009825259523,2791.77541060617
.SPX,2015-04-10,2102.06,19.50176,17.27248,15.62517,16.82116219178082,107.78822014013093,124.96520609183064,1293.4586416815712,1616.823302101964,1940.1879625223569,2263.5526229427496,2586.9172833631424,2910.281943783535,1499.5824731019677,1874.4780913774596,2249.3737096529517,2624.2693279284435,2999.1649462039354,3374.0605644794273,1193.8623514761791,1672.8925524337646,2151.92275339135,2630.9529543489352,3109.9831553065205,1287.7776623134434,1665.4419955895094,2043.1063288655755,2420.7706621416414,2798.4349954177073
.SPX,2015-04-17,2081.18,19.44757,17.11118,15.50457,16.640201178082194,107.01491240293774,125.06940136885164,1284.1789488352529,1605.2236860440662,1926.2684232528793,2247.3131604616924,2568.3578976705057,2889.402634879319,1500.8328164262198,1876.0410205327746,2251.2492246393294,2626.4574287458845,3001.6656328524396,3376.873836958994,1185.2971947982048,1660.8906773438143,2136.4841598894236,2612.077642435033,3087.671124980642,1288.8514039929282,1666.830631638854,2044.8098592847793,2422.789086930705,2800.7683145766305
.SPX,2015-04-24,2117.69,19.77676,17.50475,15.83336,16.982726821917808,107.0797238779254,124.6967004890476,1284.9566865351048,1606.195858168881,1927.4350298026573,2248.6742014364336,2569.9133730702097,2891.1525447039858,1496.3604058685712,1870.450507335714,2244.5406088028567,2618.63071027,2992.7208117371424,3366.810913204285,1186.015046710323,1661.8965630860425,2137.778079461762,2613.659595837481,3089.5411122132004,1285.0106879828772,1661.8635554707669,2038.7164229586563,2415.569290446546,2792.4221579344353
.SPX,2015-05-01,2108.29,19.64542,17.4113,15.72727,16.853032520547945,107.31712531470438,125.09855406909598,1287.8055037764525,1609.7568797205658,1931.708255664679,2253.659631608792,2575.611007552905,2897.5623834970183,1501.1826488291517,1876.4783110364397,2251.7739732437276,2627.0696354510155,3002.3652976583035,3377.6609598655914,1188.6445050795985,1665.581076059801,2142.517647040003,2619.454218020205,3096.3907890004075,1289.1518251849134,1667.2191568355079,2045.2864884861024,2423.353820136697,2801.4211517872914
.SPX,2015-05-08,2116.1,19.65444,17.45525,15.84429,16.890310602739728,107.66524001701396,125.2848482050267,1291.9828802041675,1614.9786002552094,1937.9743203062512,2260.9700403572933,2583.965760408335,2906.9614804593766,1503.4181784603204,1879.2727230754006,2255.1272676904805,2630.9818123055607,3006.836356920641,3382.690901535721,1192.500223603779,1670.9838788162551,2149.467534028731,2627.9511892412065,3106.4348444536827,1291.0716029724624,1669.7019445426965,2048.332286112931,2426.962627683165,2805.592969253399
.SPX,2015-05-15,2122.73,19.7429,17.5124,15.8718,16.905602739726028,107.51865227499506,125.56369818225131,1290.2238272999407,1612.779784124926,1935.335740949911,2257.8916977748963,2580.4476545998814,2903.003611424867,1506.7643781870158,1883.4554727337697,2260.146567280524,2636.8376618272778,3013.5287563740317,3390.2198509207856,1190.8766177389011,1668.7088107097154,2146.5410036805292,2624.3731966513433,3102.2053896221573,1293.9451770098835,1673.4182466804114,2052.891316350939,2432.364386021467,2811.8374556919953
.SPX,2015-05-22,2126.06,19.77699,17.5644,15.89564,16.91518378082192,107.50169767998061,125.68944136512913,1290.0203721597672,1612.525465199709,1935.0305582396509,2257.535651279593,2580.0407443195345,2902.5458373594765,1508.2732963815495,1885.341620476937,2262.409944572324,2639.4782686677117,3016.546592763099,3393.6149168584866,1190.6888286405565,1668.4456723473568,2146.202516054157,2623.959359760957,3101.716203467757,1295.240971792787,1675.0940569637146,2054.9471421346425,2434.80022730557,2814.653312476498
.SPX,2015-05-29,2107.39,19.61636,17.41698,15.75476,16.73842991780822,107.43022660677107,125.90129482562293,1289.162719281253,1611.453399101566,1933.7440789218792,2256.0347587421925,2578.325438562506,2900.616118382819,1510.8155379074751,1888.519422384344,2266.2233068612127,2643.9271913380817,3021.6310758149502,3399.334960291819,1189.8972150169757,1667.3364284436052,2144.7756418702347,2622.214855296864,3099.6540687234933,1297.4241407134803,1677.9174800672467,2058.4108194210135,2438.90415877478,2819.397498128547
.SPX,2015-06-05,2092.83,19.47238,17.30274,15.66439,16.602513698630137,107.4768466925974,126.05500817461623,1289.7221603111689,1612.152700388961,1934.5832404667533,2257.0137805445456,2579.4443206223377,2901.87486070013,1512.660098095395,1890.8251226192435,2268.990147143092,2647.155171666941,3025.32019619079,3403.485220714638,1190.4135790984892,1668.059980555991,2145.7063820134927,2623.352783470994,3100.999184928495,1299.0081705680584,1679.9660556244146,2060.923940680771,2441.881825737127,2822.8397107934834
.SPX,2015-06-12,2094.11,19.50447,17.33021,15.68336,16.594767397260274,107.36564490088682,126.19098236626859,1288.3877388106418,1610.4846735133024,1932.5816082159627,2254.6785429186234,2576.7754776212837,2898.872412323944,1514.291788395223,1892.8647354940288,2271.4376825928343,2650.01062969164,3028.583576790446,3407.1565238892517,1189.1819080275006,1666.334108759165,2143.486309490829,2620.638510222493,3097.7907109541575,1300.4093968144452,1681.7782170746007,2063.147037334756,2444.5158575949113,2825.8846778550665
.SPX,2015-06-19,2109.99,19.68358,17.50178,15.81858,16.71782383561644,107.19543904106874,126.21200108023496,1286.3452684928247,1607.931585616031,1929.5179027392373,2251.1042198624436,2572.6905369856495,2894.276854108856,1514.5440129628196,1893.1800162035242,2271.8160194442294,2650.452022684934,3029.088025925639,3407.724029166344,1187.2967078843562,1663.6924832188222,2140.0882585532877,2616.4840338877534,3092.879809222219,1300.6259965479467,1682.0583386382552,2063.490680728564,2444.9230228188726,2826.355364909181
.SPX,2015-06-26,2101.49,19.55715,17.41417,15.78443,16.623857726027396,107.45379567063706,126.41409922016898,1289.4455480476447,1611.806935059556,1934.1683220714672,2256.5297090833783,2578.8910960952894,2901.2524831072005,1516.9691906420278,1896.2114883025347,2275.453785963042,2654.6960836235485,3033.9383812840556,3413.1806789445623,1190.1582659738665,1667.7022245515473,2145.2461831292276,2622.790141706908,3100.3341002845887,1302.7086360148946,1684.7517501885816,2066.7948643622685,2448.8379785359557,2830.8810927096424
.SPX,2015-07-02,2076.78,19.30962,17.18361,15.59742,16.388342136986303,107.55157273939106,126.72300728412209,1290.6188728726927,1613.273591090866,1935.9283093090392,2258.5830275272124,2581.2377457453854,2903.892463963559,1520.676087409465,1900.8451092618313,2281.0141311141974,2661.1831529665637,3041.35217481893,3421.5211966712964,1191.241244810249,1669.2197422348777,2147.1982396595063,2625.1767370841344,3103.155234508763,1305.8919613332635,1688.8686438310065,2071.8453263287493,2454.822008826492,2837.7986913242353
.SPX,2015-07-10,2076.62,19.29617,17.21056,15.62091,16.378715753424657,107.61824755897155,126.78771835733185,1291.4189707076584,1614.2737133845733,1937.128456061488,2259.9831987384023,2582.837941415317,2905.692684092232,1521.4526202879822,1901.8157753599778,2282.178930431973,2662.542085503969,3042.9052405759644,3423.26839564796,1191.979735127513,1670.2545474201386,2148.529359712764,2626.8041720053893,3105.078984298015,1306.5588147494266,1689.7310641980325,2072.9033136466383,2456.0755630952444,2839.24781254385
.SPX,2015-07-17,2126.64,19.25361,17.58798,15.96369,16.706858301369863,110.45409146648343,127.29143694393026,1325.4490975978013,1656.8113719972514,1988.1736463967018,2319.535920796152,2650.8981951956025,2982.2604695950527,1527.4972433271632,1909.371554158954,2291.245864990745,2673.1201758225357,3054.9944866543265,3436.8687974861173,1223.3895429102192,1714.2673546320375,2205.1451663538555,2696.0229780756736,3186.9007897974916,1311.7496799846415,1696.4442455251894,2081.138811065737,2465.833376606285,2850.527942146833
.SPX,2015-07-24,2079.65,19.21579,17.25023,15.67586,16.365994794520546,108.22609947340183,127.07140788632549,1298.7131936808219,1623.3914921010276,1948.069790521233,2272.7480889414383,2597.4263873616437,2922.1046857818496,1524.856894635906,1906.0711182948824,2287.2853419538587,2668.4995656128353,3049.713789271812,3430.928012930788,1198.7123030738767,1679.6885183987024,2160.6647337235277,2641.640949048353,3122.6171643731786,1309.4822608020963,1693.5118642308657,2077.541467659635,2461.5710710884046,2845.600674517174
.SPX,2015-07-31,2103.84,19.39381,17.39303,15.86652,16.506399534246576,108.47997376482498,127.4560206564168,1301.7596851778997,1627.1996064723746,1952.6395277668496,2278.0794490613243,2603.5193703557993,2928.9592916502743,1529.4722478770016,1911.840309846252,2294.2083718155022,2676.5764337847527,3058.944495754003,3441.3125577232536,1201.524214785043,1683.6286930376752,2165.7331712903074,2647.8376495429397,3129.942127795572,1313.4457299104506,1698.6376930866145,2083.8296562627784,2469.021619438942,2854.2135826151057
.SPX,2015-08-07,2077.57,19.42843,17.2649,15.70934,16.331564,106.93452842046425,127.21194369381892,1283.214341045571,1604.0179263069638,1924.8215115683565,2245.625096829749,2566.428682091142,2887.2322673525346,1526.5433243258271,1908.1791554072838,2289.8149864887405,2671.4508175701976,3053.0866486516543,3434.722479733111,1184.4068617895323,1659.6431034861141,2134.8793451826955,2610.115586879277,3085.3518285758587,1310.9304949090545,1695.3848194557918,2079.8391440025293,2464.2934685492664,2848.747793096004
.SPX,2015-08-14,2091.54,19.56438,17.3588,15.81548,16.40321008219178,106.90550888911379,127.50796883780022,1282.8661066693655,1603.5826333367067,1924.2991600040482,2245.0156866713896,2565.732213338731,2886.4487400060725,1530.0956260536027,1912.6195325670033,2295.143439080404,2677.667345593805,3060.1912521072054,3442.715158620606,1184.085441453509,1659.1927151430448,2134.2999888325803,2609.407262522116,3084.514536211652,1313.9810605810871,1699.3300192594443,2084.6789779378014,2470.0279366161585,2855.3768952945156
.SPX,2015-08-21,1970.89,18.4389,16.37049,14.92581,15.448269616438356,106.88761260161941,127.57998461541575,1282.6513512194329,1603.3141890242912,1923.9770268291493,2244.6398646340076,2565.3027024388657,2885.9655402437243,1530.959815384989,1913.6997692312364,2296.4397230774834,2679.1796769237308,3061.919630769978,3444.6595846162254,1183.8872221690367,1658.9149615441206,2133.9427009192045,2608.970440294288,3083.998179669372,1314.7231896316268,1700.2897912162705,2085.856392800914,2471.422994385558,2856.9895959702017
.SPX,2015-08-28,1988.87,18.58318,16.52206,15.06029,15.560896164383562,107.02527769735858,127.81204751897322,1284.303332368303,1605.3791654603785,1926.4549985524543,2247.5308316445303,2568.606664736606,2889.6824978286813,1533.7445702276787,1917.1807127845982,2300.6168553415177,2684.0529978984378,3067.4891404553573,3450.925283012277,1185.412000801634,1661.0515485764765,2136.691096351319,2612.3306441261616,3087.970191901004,1317.1146186765507,1703.3825505313634,2089.6504823861765,2475.9184142409895,2862.186346095802
.SPX,2015-09-04,1921.22,17.96034,15.94198,14.53122,14.987301315068493,106.97013530924248,128.18985617299708,1283.6416237109097,1604.5520296386371,1925.4624355663645,2246.372841494092,2567.2832474218194,2888.193653349547,1538.2782740759649,1922.8478425949563,2307.4174111139473,2691.9869796329385,3076.5565481519297,3461.1261166709214,1184.801243697966,1660.1957288005965,2135.590213903227,2610.9846990058572,3086.3791841084876,1321.0079707582743,1708.4176992610517,2095.8274277638293,2483.2371562666067,2870.646884769384
.SPX,2015-09-11,1961.05,18.32544,16.25539,14.9138,15.321790383561645,107.0124373548466,127.99091691686111,1284.149248258159,1605.186560322699,1926.2238723872388,2247.2611844517787,2568.298496516318,2889.335808580858,1535.8910030023333,1919.8637537529166,2303.8365045035,2687.8092552540834,3071.7820060046665,3455.75475675525,1185.2697811649687,1660.8522641525287,2136.4347471400883,2612.0172301276484,3087.5997131152085,1318.957883872322,1705.7663869309883,2092.5748899896544,2479.3833930483206,2866.1918961069864
.SPX,2015-09-18,1958.03,18.37343,16.28425,14.8911,15.288052328767124,106.5685612321706,128.0758305827896,1278.822734786047,1598.528418482559,1918.2341021790708,2237.9397858755824,2557.645469572094,2877.351153268606,1536.909966993475,1921.1374587418438,2305.364950490213,2689.5924422385815,3073.81993398695,3458.047425735319,1180.3534091264178,1653.9632269380493,2127.573044749681,2601.182862561312,3074.7926803729433,1319.8329268192965,1706.8980522133456,2093.9631776073948,2481.028303001444,2868.093428395493
.SPX,2015-09-25,1931.34,18.13982,16.05766,14.67323,15.04114701369863,106.46963420805719,128.40377121778306,1277.6356104966862,1597.0445131208578,1916.4534157450294,2235.8623183692007,2555.2712209933725,2874.6801236175443,1540.8452546133967,1926.056568266746,2311.267881920095,2696.4791955734445,3081.6905092267934,3466.9018228801424,1179.2576933842056,1652.4278617408265,2125.598030097447,2598.7681984540677,3071.9383668106884,1323.2123844900912,1711.2685976048128,2099.3248107195345,2487.381023834256,2875.437236948978
.SPX,2015-10-02,1951.36,18.31053,16.24522,14.86995,15.209057671232877,106.57037234858848,128.3024919874486,1278.8444681830617,1598.555585228827,1918.2667022745927,2237.977819320358,2557.6889363661235,2877.400053411889,1539.6299038493833,1924.5373798117291,2309.4448557740748,2694.3523317364206,3079.2598076987665,3464.1672836611124,1180.3734690522858,1653.9913357904186,2127.609202528551,2601.227069266684,3074.8449360048166,1322.1686929333775,1709.9188244259008,2097.6689559184238,2485.4190874109468,2873.16921890347
.SPX,2015-10-09,2014.89,18.96394,16.8311,15.41856,15.739767726027395,106.24849055628735,128.01268958169968,1274.981886675448,1593.7273583443102,1912.4728300131724,2231.2183016820345,2549.963773350896,2868.7092450197583,1536.1522749803962,1920.190343725495,2304.2284124705943,2688.266481215693,3072.3045499607924,3456.3426187058913,1176.808306245493,1648.9956725128866,2121.18303878028,2593.3704050476736,3065.557771315067,1319.182253137216,1706.0565565831025,2092.9308600289887,2479.805163474875,2866.6794669207616
.SPX,2015-10-16,2033.11,19.00607,17.00507,15.63547,15.920646986301367,106.97161485777963,127.70272475417316,1283.6593782933555,1604.5742228666945,1925.4890674400333,2246.403912013372,2567.318756586711,2888.23360116005,1532.4326970500779,1915.5408713125973,2298.649045575117,2681.7572198376365,3064.8653941001558,3447.9735683626755,1184.8176311779093,1660.2186916598546,2135.6197521418,2611.020812623745,3086.42187310569,1315.9880377753964,1701.9255791929722,2087.863120610548,2473.8006620281235,2859.7382034456996
.SPX,2015-10-23,2075.15,19.72079,17.36832,15.98777,16.248750684931508,105.22651475929717,127.71135702909255,1262.718177111566,1578.3977213894577,1894.0772656673491,2209.7568099452405,2525.436354223132,2841.115898501024,1532.5362843491107,1915.6703554363883,2298.804426523666,2681.9384976109436,3065.0725686982214,3448.2066397854987,1165.4889020790615,1633.1344244346665,2100.779946790271,2568.425469145876,3036.0709915014804,1316.076994143043,1702.0406236410856,2088.004253139128,2473.967882637171,2859.931512135214
.SPX,2015-10-30,2079.36,19.51562,17.27881,15.97244,16.19434394520548,106.54849807487543,128.40038516136485,1278.5819768985052,1598.2274711231314,1917.8729653477576,2237.518459572384,2557.1639537970104,2876.8094480216364,1540.8046219363782,1926.005777420473,2311.206932904567,2696.408088388662,3081.6092438727565,3466.810399356851,1180.131189591525,1653.6518431303034,2127.1724966690813,2600.693150207859,3074.213803746637,1323.1774908748596,1711.223470799243,2099.269450723626,2487.3154306480096,2875.3614105723927
.SPX,2015-11-06,2099.2,19.93394,17.42161,16.19782,16.382226712328766,105.30783176833079,128.13886884010742,1263.6939812199694,1579.6174765249618,1895.540971829954,2211.4644671349465,2527.3879624399387,2843.3114577449314,1537.666426081289,1922.0830326016112,2306.499639121934,2690.916245642256,3075.332852162578,3459.7494586829002,1166.3895692901322,1634.3964790322993,2102.4033887744663,2570.4102985166332,3038.4172082588,1320.482541717586,1707.7381785521022,2094.9938153866183,2482.2494522211346,2869.505089055651
.SPX,2015-11-13,2023.04,19.18592,16.86915,15.68134,15.837545150684932,105.4439922609914,127.73696811923588,1265.3279071318966,1581.659883914871,1897.9918606978451,2214.3238374808193,2530.655814263793,2846.9877910467676,1532.8436174308306,1916.0545217885383,2299.2654261462458,2682.4763305039537,3065.687234861661,3448.8981392193687,1167.8976829386793,1636.5097143544108,2105.121745770142,2573.733777185873,3042.345808601604,1316.340918725137,1702.381948930032,2088.422979134927,2474.464009339822,2860.505039544717
.SPX,2015-11-20,2089.17,19.78648,17.42152,16.20714,16.343549808219176,105.58573328858897,127.82841087248718,1267.0287994630676,1583.7859993288346,1900.5431991946014,2217.3003990603684,2534.057598926135,2850.8147987919024,1533.940930469846,1917.4261630873077,2300.9113957047693,2684.3966283222308,3067.881860939692,3451.367093557154,1169.4676065934934,1638.709560581893,2107.951514570292,2577.1934685586916,3046.435422547091,1317.2832445028494,1703.6006289628176,2089.918013422786,2476.235397882754,2862.5527823427224
.SPX,2015-11-27,2090.11,19.79604,17.61199,16.20909,16.33977109589041,105.58222755662243,127.915500635482,1266.986730679469,1583.7334133493364,1900.4800960192038,2217.226778689071,2533.973461358938,2850.7201440288054,1534.9860076257842,1918.73250953223,2302.479011438676,2686.225513345122,3069.9720152515683,3453.718517158014,1169.428777105412,1638.6551509915867,2107.881524877761,2577.1078987639353,3046.3342726501096,1318.1807123253607,1704.761295625272,2091.341878925183,2477.9224622250945,2864.5030455250057
.SPX,2015-12-04,2091.69,19.82305,17.64199,16.23848,16.342301287671233,105.51807113436128,127.99237776738262,1266.2168536123354,1582.7710670154192,1899.325280418503,2215.879493821587,2532.433707224671,2848.9879206277546,1535.9085332085915,1919.8856665107394,2303.8627998128873,2687.839933115035,3071.817066417183,3455.7941997193307,1168.718180557446,1637.6594317854253,2106.6006830134047,2575.541934241384,3044.483185469363,1318.9729380680333,1705.785856044703,2092.598774021373,2479.411691998043,2866.2246099747126
.SPX,2015-12-11,2012.37,19.1023,16.95641,15.62042,15.69362493150685,105.34700009946445,128.22850098576802,1264.1640011935733,1580.2050014919669,1896.2460017903602,2212.2870020887535,2528.3280023871466,2844.36900268554,1538.7420118292162,1923.4275147865203,2308.1130177438245,2692.7985207011284,3077.4840236584323,3462.1695266157367,1166.8233977349273,1635.0043785723378,2103.1853594097483,2571.366340247159,3039.5473210845694,1321.4062090216044,1708.9327281728042,2096.459247324004,2483.985766475204,2871.5122856264043
.SPX,2015-12-18,2005.55,19.06531,16.88986,15.65215,15.696232821917809,105.19367374566687,127.77269697474813,1262.3240849480026,1577.905106185003,1893.4861274220036,2209.0671486590045,2524.648169896005,2840.2291911330053,1533.2723636969777,1916.5904546212219,2299.9085455454665,2683.2266364697107,3066.5447273939553,3449.8628183181995,1165.125155004413,1632.6247259996696,2100.124296994926,2567.6238679901826,3035.123438985439,1316.7091077872578,1702.8581161631794,2089.007124539101,2475.1561329150227,2861.305141290944
.SPX,2015-12-24,2060.99,19.29709,17.3459,15.98711,16.01316898630137,106.8031501122708,128.7059420757437,1281.6378013472495,1602.047251684062,1922.4567020208744,2242.8661523576866,2563.275602694499,2883.685053031312,1544.4713049089246,1930.5891311361556,2316.7069573633867,2702.8247835906177,3088.942609817849,3475.06043604508,1182.9517156172615,1657.6040885265718,2132.256461435882,2606.9088343451917,3081.561207254502,1326.326282296156,1715.2957028481808,2104.2651234002055,2493.2345439522305,2882.203964504255
.SPX,2015-12-31,2043.94,19.16294,17.23148,15.89941,15.89941,106.66108645124392,128.5544557942716,1279.933037414927,1599.9162967686589,1919.8995561223905,2239.8828154761222,2559.866074829854,2879.8493341835856,1542.6534695312594,1928.316836914074,2313.980204296889,2699.6435716797037,3085.3069390625187,3470.9703064453333,1181.3782184745091,1655.3992349702705,2129.420251466032,2603.441267961793,3077.4622844575547,1324.765202572226,1713.2768079668813,2101.7884133615366,2490.300018756192,2878.8116241508474
.SPX,2016-01-08,1922.03,18.04744,14.97448,,14.97448,106.49876104311745,128.3537057714191,1277.9851325174095,1597.481415646762,1916.9776987761143,2236.4739819054666,2555.970265034819,2875.4665481641714,1540.2444692570293,1925.3055865712865,2310.3667038855438,2695.427821199801,3080.4889385140586,3465.5500558283156,1179.580302216144,1652.8799154567607,2126.1795286973775,2599.479141937994,3072.7787551786105,1322.696455572774,1710.6013631040255,2098.506270635277,2486.4111781665283,2874.3160856977797
.SPX,2016-01-15,1880.33,17.65813,14.69249,,14.69249,106.48522805076189,127.97898790470505,1277.8227366091428,1597.2784207614284,1916.734104913714,2236.189789066,2555.6454732182856,2875.101157370571,1535.7478548564607,1919.6848185705758,2303.621782284691,2687.558745998806,3071.4957097129213,3455.432673427036,1179.4304107896492,1652.6698809827308,2125.909351175812,2599.148821368893,3072.3882915619743,1318.8349543316247,1705.6074060559756,2092.379857780327,2479.1523095046778,2865.924761229029
.SPX,2016-01-22,1906.9,17.91548,15.00063,,15.00063,106.43867761288004,127.1213275709087,1277.2641313545605,1596.5801641932007,1915.8961970318408,2235.2122298704808,2554.528262709121,2873.8442955477612,1525.4559308509045,1906.8199135636305,2288.183896276357,2669.5478789890826,3050.911861701809,3432.275844414535,1178.914818128785,1651.947409818963,2124.980001509141,2598.012593199319,3071.045184889497,1309.9966876311832,1694.177156128599,2078.357624626015,2462.538093123431,2846.7185616208467
.SPX,2016-01-29,1940.24,18.17011,15.30151,,15.30151,106.78196224458739,126.8005575920285,1281.3835469350488,1601.7294336688108,1922.075320402573,2242.4212071363354,2562.7670938700976,2883.1129806038593,1521.606691104342,1902.0083638804274,2282.410036656513,2662.8117094325985,3043.213382208684,3423.6150549847694,1182.7170387898457,1657.275249011424,2131.833459233002,2606.39166945458,3080.949879676158,1306.6911242150823,1689.9021758324127,2073.113227449743,2456.324279067074,2839.535330684404
.SPX,2016-02-05,1880.05,17.52692,14.90469,13.18281,14.73532475409836,107.26642216658716,127.58795828216128,1287.197065999046,1608.9963324988075,1930.795598998569,2252.5948654983304,2574.394131998092,2896.193398497853,1531.0554993859355,1913.8193742324192,2296.583249078903,2679.3471239253868,3062.110998771871,3444.8748736183547,1188.0829169991964,1664.794154086695,2141.5053911741934,2618.2166282616918,3094.9278653491906,1314.8053589829426,1700.3960582314833,2085.986757480024,2471.5774567285644,2857.168155977105
.SPX,2016-02-12,1864.78,17.40311,14.82247,13.18741,14.630372786885246,107.1521124672544,127.45949998427928,1285.8253496070529,1607.2816870088159,1928.738024410579,2250.1943618123423,2571.6506992141058,2893.1070366158688,1529.5139998113514,1911.892499764189,2294.270999717027,2676.649499669865,3059.0279996227027,3441.4064995755402,1186.8168227426577,1663.0200470048997,2139.2232712671416,2615.4264955293834,3091.629719791625,1313.481584696285,1698.6840629436315,2083.8865411909783,2469.0890194383246,2854.2914976856714
.SPX,2016-02-19,1917.78,18.07262,15.26486,13.67737,15.047989781420764,106.11521738408709,127.44426517140629,1273.382608609045,1591.7282607613063,1910.0739129135677,2228.419565065829,2546.76521721809,2865.1108693703513,1529.3311820568754,1911.6639775710944,2293.996773085313,2676.329568599532,3058.6623641137508,3440.9951596279698,1175.3321725590397,1646.9272489233404,2118.5223252876413,2590.1174016519417,3061.712478016242,1313.324588582559,1698.4810248504923,2083.6374611184256,2468.793897386359,2853.950333654292
.SPX,2016-02-26,1948.05,18.41586,15.54111,14.11399,15.318853606557376,105.78110389631546,127.16682658068612,1269.3732467557854,1586.7165584447318,1904.0598701336783,2221.4031818226244,2538.746493511571,2856.0898052005173,1526.0019189682334,1907.5023987102918,2289.00287845235,2670.5033581944085,3052.003837936467,3433.5043176785252,1171.6315314903554,1641.7417475333539,2111.851963576352,2581.96217961935,3052.0723956623488,1310.4655590097145,1694.7835326073875,2079.1015062050606,2463.419479802734,2847.7374534004066
.SPX,2016-03-04,1999.99,18.85525,15.98731,14.4785,15.7234743715847,106.07072300818074,127.19771424147586,1272.8486760981689,1591.060845122711,1909.2730141472532,2227.4851831717956,2545.6973521963378,2863.90952122088,1526.3725708977104,1907.965713622138,2289.5588563465653,2671.151999070993,3052.7451417954207,3434.3382845198485,1174.8393528410968,1646.2366882110273,2117.6340235809575,2589.0313589508883,3060.4286943208185,1310.783859125804,1695.195180049372,2079.6065009729405,2464.0178218965084,2848.429142820077
.SPX,2016-03-11,2022.19,19.06393,16.17932,14.65018,15.882683551912567,106.07414106115581,127.3204237426547,1272.8896927338697,1591.1121159173372,1909.3345391008047,2227.5569622842722,2545.7793854677393,2864.001808651207,1527.8450849118562,1909.8063561398205,2291.7676273677844,2673.7288985957484,3055.6901698237125,3437.651441051677,1174.877211196648,1646.289737007625,2117.702262818602,2589.1147886295785,3060.5273144405555,1312.048391546577,1696.8305597115389,2081.6127278765007,2466.3948960414627,2851.1770642064243
.SPX,2016-03-18,2049.58,19.35046,16.42963,14.85728,16.09453901639344,105.91892905905078,127.34630037631746,1271.0271487086093,1588.7839358857618,1906.5407230629141,2224.2975102400665,2542.0542974172185,2859.811084594371,1528.1556045158095,1910.1945056447619,2292.2334067737143,2674.2723079026664,3056.311209031619,3438.3501101605716,1173.1580830250396,1643.8808188342637,2114.6035546434873,2585.3262904527114,3056.0490262619355,1312.315052578467,1697.1754239641916,2082.0357953499165,2466.896166735641,2851.756538121366
.SPX,2016-03-24,2035.94,19.15537,16.33416,14.76843,15.97481213114754,106.28560033035123,127.44688220967201,1275.4272039642146,1594.2840049552685,1913.1408059463222,2231.9976069373756,2550.8544079284293,2869.7112089194834,1529.362586516064,1911.7032331450803,2294.0438797740962,2676.3845264031124,3058.725173032128,3441.0658196611444,1177.219334111702,1649.571622877159,2121.9239116426156,2594.2762004080723,3066.628489173529,1313.351557396723,1698.5159027622576,2083.6802481277928,2468.8445934933275,2854.008938858862
.SPX,2016-04-01,2072.78,19.50995,16.68881,15.04256,16.274998524590163,106.24219949307918,127.35976577006767,1274.9063939169503,1593.6329923961878,1912.3595908754253,2231.086189354663,2549.8127878339005,2868.539386313138,1528.317189240812,1910.396486551015,2292.475783861218,2674.555081171421,3056.634378481624,3438.713675791827,1176.7386264279282,1648.898034081023,2121.0574417341177,2593.2168493872127,3065.3762570403073,1312.4538146693567,1697.354880574076,2082.2559464787955,2467.157012383515,2852.058078288234
.SPX,2016-04-08,2047.6,19.30376,16.50348,14.8939,16.06810180327869,106.07259932779934,127.43260063128227,1272.871191933592,1591.0889899169902,1909.3067879003881,2227.524585883786,2545.742383867184,2863.960181850582,1529.1912075753871,1911.4890094692341,2293.7868113630807,2676.0846132569277,3058.3824151507742,3440.6802170446213,1174.860134957631,1646.2658090287928,2117.671483099954,2589.0771571711152,3060.4828312422765,1313.2043844498837,1698.3255686592106,2083.4467528685377,2468.5679370778644,2853.6891212871915
.SPX,2016-04-15,2080.73,19.68062,16.80849,15.16219,16.331692732240437,105.72481964490956,127.40442978653557,1268.6978357389148,1585.8722946736434,1903.046753608372,2220.2212125431006,2537.3956714778296,2854.5701304125582,1528.853157438427,1911.0664467980337,2293.2797361576404,2675.493025517247,3057.706314876854,3439.9196042364606,1171.0081271086228,1640.8682058339564,2110.72828455929,2580.588363284623,3050.4484420099566,1312.9140813669069,1697.9501288919373,2082.9861764169677,2468.022223941998,2853.0582714670286
.SPX,2016-04-22,2091.58,19.60906,16.91824,15.28292,16.41334612021858,106.66396043461543,127.43166351823365,1279.9675252153852,1599.9594065192314,1919.9512878230778,2239.943169126924,2559.9350504307704,2879.9269317346166,1529.1799622188037,1911.4749527735048,2293.7699433282055,2676.0649338829066,3058.3599244376073,3440.6549149923085,1181.410050715004,1655.4438397088197,2129.4776287026352,2603.5114176964507,3077.5452066902662,1313.1947274158274,1698.3130795234376,2083.431431631048,2468.549783738658,2853.668135846268
.SPX,2016-04-29,2065.3,19.32168,16.74143,15.11,16.206534918032787,106.89029111340216,127.43624781272457,1282.6834933608259,1603.3543667010324,1924.0252400412387,2244.6961133814452,2565.3669867216518,2886.0378600618583,1529.234973752695,1911.5437171908686,2293.8524606290425,2676.161204067216,3058.46994750539,3440.7786909435636,1183.9168893661686,1658.9565325284743,2133.99617569078,2609.0358188530854,3084.0754620153907,1313.2419689819203,1698.3741755421145,2083.5063821023086,2468.6385886625026,2853.770795222697
.SPX,2016-05-06,2057.14,19.35178,16.65861,15.0191,16.08970898907104,106.30236598390431,127.85439447023657,1275.6283918068516,1594.5354897585646,1913.4425877102776,2232.3496856619904,2551.256783613703,2870.1638815654164,1534.2527336428388,1917.8159170535487,2301.379100464258,2684.942283874968,3068.5054672856777,3452.0686506963875,1177.4050304943762,1649.831828834073,2122.2586271737696,2594.6854255134663,3067.112223853163,1317.55100780925,1703.9469187521254,2090.3428296950005,2476.7387406378757,2863.134651580751
.SPX,2016-05-13,2046.61,19.19809,16.56581,14.96641,15.98023732240437,106.60487579754027,128.07131450611453,1279.2585095704833,1599.0731369631042,1918.8877643557248,2238.7023917483457,2558.5170191409666,2878.3316465335874,1536.8557740733745,1921.069717591718,2305.2836611100615,2689.497604628405,3073.711548146749,3457.9254916650925,1180.7556292609438,1654.5268355204419,2128.29804177994,2602.0692480394378,3075.8404542989356,1319.7863882439176,1706.8378653502566,2093.8893424565954,2480.9408195629344,2867.992296669273
.SPX,2016-05-20,2052.32,19.22103,16.57711,14.93771,15.94553786885246,106.77471498665786,128.7081073639379,1281.2965798398943,1601.6207247998677,1921.9448697598414,2242.269014719815,2562.5931596797886,2882.9173046397623,1544.497288367255,1930.6216104590685,2316.745932550882,2702.8702546426957,3088.99457673451,3475.1188988263234,1182.6367681593235,1657.1627702656008,2131.688772371878,2606.2147744781546,3080.7407765844314,1326.3485957852956,1715.3245601757837,2104.300524566272,2493.27648895676,2882.2524533472483
.SPX,2016-05-27,2099.06,19.65535,16.97184,15.28164,16.288371147540985,106.79331581477817,128.8686254129769,1281.519789777338,1601.8997372216725,1922.2796846660071,2242.6596321103416,2563.039579554676,2883.4195269990105,1546.4235049557228,1933.0293811946538,2319.6352574335842,2706.241133672515,3092.8470099114456,3479.452886150377,1182.8427909359336,1657.4514584616866,2132.0601259874397,2606.668793513192,3081.277461038945,1328.0027486844529,1717.4638236418339,2106.924898599215,2496.385973556596,2885.847048513977
.SPX,2016-06-03,2099.13,19.64729,16.9734,15.33563,16.27980887978142,106.84068897033636,128.94070289774703,1282.0882676440363,1602.6103345550455,1923.1324014660545,2243.6544683770635,2564.1765352880725,2884.6986021990815,1547.2884347729644,1934.1105434662054,2320.9326521594467,2707.7547608526875,3094.5768695459287,3481.39897823917,1183.3674960179733,1658.1866983516816,2133.00590068539,2607.8251030190977,3082.644305352806,1328.7455136327576,1718.4244179850657,2108.103322337374,2497.782226689682,2887.46113104199
.SPX,2016-06-10,2096.07,19.64621,16.94282,15.31277,16.221322459016392,106.69080703097443,129.21696152060213,1280.289684371693,1600.3621054646164,1920.4345265575396,2240.5069476504627,2560.579368743386,2880.6517898363095,1550.6035382472255,1938.254422809032,2325.9053073708383,2713.5561919326447,3101.207076494451,3488.8579610562574,1181.7074036225538,1655.8605037102177,2130.0136037978814,2604.1667038855453,3078.319803973209,1331.5923835308702,1722.1061845066085,2112.619985482347,2503.1337864580855,2893.647587433824
.SPX,2016-06-17,2071.22,19.41456,16.7813,15.14047,16.02364898907104,106.68384964686295,129.26019544066892,1280.2061957623555,1600.2577447029444,1920.3092936435332,2240.360842584122,2560.412391524711,2880.4639404653,1551.1223452880272,1938.9029316100339,2326.6835179320406,2714.4641042540475,3102.2446905760544,3490.025276898061,1181.6303436345083,1655.7525238581582,2129.8747040818075,2603.996884305457,3078.119064529107,1332.0379129566797,1722.6823735784715,2113.326834200263,2503.971294822055,2894.6157554438464
.SPX,2016-06-24,2037.41,19.07541,16.51689,14.88683,15.73303601092896,106.80818918177906,129.49884552382085,1281.6982701813486,1602.122837726686,1922.547405272023,2242.97197281736,2563.396540362697,2883.8211079080347,1553.9861462858503,1942.4826828573127,2330.979219428775,2719.4757560002377,3107.9722925717006,3496.468829143163,1183.0075283523133,1657.682295791156,2132.3570632299984,2607.031830668841,3081.7065981076835,1334.4972234784136,1725.8629218539656,2117.228620229517,2508.5943186050695,2899.9600169806213
.SPX,2016-07-01,2102.95,19.67894,17.07242,15.44275,16.257585,106.86297127792452,129.35193019135374,1282.355655335094,1602.9445691688677,1923.5334830026413,2244.1223968364147,2564.711310670188,2885.300224503962,1552.223162296245,1940.278952870306,2328.3347434443676,2716.3905340184288,3104.44632459249,3492.502115166551,1183.61429486203,1658.5325237708862,2133.450752679742,2608.3689815885978,3083.2872104974535,1332.9832477941463,1723.904945132774,2114.8266424714016,2505.7483398100294,2896.6700371486572
.SPX,2016-07-08,2129.9,19.9353,17.34508,15.65627,16.468375355191256,106.8406294362262,129.332733439829,1282.0875532347143,1602.609441543393,1923.1313298520715,2243.65321816075,2564.1751064694286,2884.696994778107,1551.9928012779483,1939.9910015974351,2327.9892019169224,2715.9874022364093,3103.9856025558965,3491.9838028753834,1183.3668366181553,1658.1857743715902,2133.004712125025,2607.8236498784595,3082.642587631894,1332.7854235470966,1723.6491053100901,2114.512787073084,2505.3764688360775,2896.2401505990706
.SPX,2016-07-15,2161.74,20.23006,17.6139,15.9819,16.7354737704918,106.85781455912635,129.17112653312552,1282.2937747095161,1602.8672183868953,1923.4406620642744,2244.0141057416536,2564.5875494190323,2885.1609930964114,1550.0535183975062,1937.5668979968827,2325.0802775962593,2712.593657195636,3100.1070367950124,3487.620416394389,1183.5571790434158,1658.4524905681742,2133.3478020929324,2608.24311361769,3083.1384251424483,1331.1200498720002,1721.4953303705,2111.8706108689994,2502.245891367499,2892.621171865999
.SPX,2016-07-22,2175.03,20.11788,17.70566,16.09871,16.809982950819673,108.11427446629567,129.38918536463734,1297.371293595548,1621.714116994435,1946.056940393322,2270.399763792209,2594.742587191096,2919.085410589983,1552.670224375648,1940.8377804695601,2329.005336563472,2717.172892657384,3105.340448751296,3493.5080048452082,1197.4737292690209,1677.9529741869085,2158.4322191047963,2638.9114640226835,3119.390708940571,1333.3671656978624,1724.401453977755,2115.4357422576477,2506.47003053754,2897.5043188174327
.SPX,2016-07-29,2173.6,19.88006,17.77255,16.08789,16.801338907103826,109.33568610959927,129.37064194812316,1312.0282333151913,1640.035291643989,1968.0423499727867,2296.0494083015847,2624.0564666303826,2952.06352495918,1552.4477033774779,1940.5596292218474,2328.671555066217,2716.7834809105866,3104.8954067549557,3493.0073325993253,1211.0020849158539,1696.9095024502205,2182.816919984587,2668.7243375189532,3154.63175505332,1333.1760741267224,1724.1543213112293,2115.132568495736,2506.110815680243,2897.08906286475
.SPX,2016-08-05,2182.87,20.06701,17.87737,16.18797,16.871115355191257,108.77903584041668,129.38504384823193,1305.3484300850002,1631.6855376062501,1958.0226451275003,2284.35975264875,2610.6968601700005,2937.0339676912504,1552.6205261787832,1940.775657723479,2328.9307892681745,2717.0859208128704,3105.2410523575663,3493.3961839022622,1204.836626404226,1688.2701902098368,2171.7037540154474,2655.137317821058,3138.5708816266683,1333.324486999673,1724.3462589713793,2115.3680309430856,2506.3898029147917,2897.411574886498
.SPX,2016-08-12,2184.05,20.04417,17.95541,16.20151,16.877192786885246,108.96185773718743,129.4083694829367,1307.5422928462492,1634.4278660578113,1961.3134392693737,2288.199012480936,2615.0845856924984,2941.9701589040606,1552.9004337952406,1941.1255422440506,2329.3506506928607,2717.575759141671,3105.800867590481,3494.025976039291,1206.8615617756082,1691.107618911526,2175.3536760474435,2659.5997331833614,3143.8457903192793,1333.5648597583913,1724.6571254343414,2115.7493911102915,2506.841656786242,2897.933922462192
.SPX,2016-08-19,2183.87,19.96633,17.94911,16.17074,16.821837213114755,109.37763725231427,129.8235128739325,1312.5316470277712,1640.664558784714,1968.7974705416568,2296.9303822986,2625.0632940555424,2953.1962058124855,1557.8821544871898,1947.3526931089873,2336.8232317307848,2726.293770352582,3115.7643089743797,3505.234847596177,1211.4667357823746,1697.5605917262358,2183.654447670097,2669.748303613958,3155.842159557819,1337.8429496547785,1730.1898433738272,2122.5367370928757,2514.8836308119244,2907.230524530973
.SPX,2016-08-26,2169.04,19.84599,17.83041,16.08688,16.69187538251366,109.29361548605033,129.94585391359183,1311.523385832604,1639.4042322907549,1967.285078748906,2295.1659252070567,2623.046771665208,2950.927618123359,1559.350246963102,1949.1878087038774,2339.025370444653,2728.8629321854287,3118.700493926204,3508.5380556669793,1210.5361106795883,1696.2565588101847,2181.977006940781,2667.697455071377,3153.4179032019733,1339.1036850465302,1731.8203124588222,2124.536939871114,2517.253567283406,2909.970194695698
.SPX,2016-09-02,2179.98,20.01643,17.95088,16.16574,16.75103180327869,108.90953082043102,130.14004304936674,1306.9143698451721,1633.6429623064653,1960.3715547677582,2287.1001472290513,2613.8287396903443,2940.5573321516376,1561.6805165924009,1952.100645740501,2342.5207748886014,2732.9409040367013,3123.3610331848017,3513.781162332902,1206.2819888333786,1690.2954957572535,2174.3090026811283,2658.3225096050032,3142.3360165288777,1341.1048215159176,1734.4083187681072,2127.7118160202967,2521.0153132724863,2914.318810524676
.SPX,2016-09-09,2127.81,19.39648,17.52826,15.82196,16.348768469945355,109.70083231596661,130.1510877661302,1316.4099877915992,1645.512484739499,1974.614981687399,2303.717478635299,2632.8199755831984,2961.9224725310983,1561.8130531935622,1952.266316491953,2342.7195797903432,2733.1728430887338,3123.6261063871243,3514.0793696855153,1215.0464443829605,1702.5766372112103,2190.10683003946,2677.6370228677097,3165.1672156959594,1341.2186383132437,1734.5555144212215,2127.8923905291995,2521.2292666371773,2914.566142745155
.SPX,2016-09-16,2139.16,19.62311,17.70219,15.94971,16.457258852459017,109.01228194715311,129.98276439459235,1308.1473833658374,1635.1842292072968,1962.2210750487561,2289.2579208902152,2616.294766731675,2943.331612573134,1559.7931727351083,1949.7414659188853,2339.6897591026623,2729.6380522864392,3119.5863454702167,3509.5346386539936,1207.4200603369786,1691.8902117143784,2176.3603630917783,2660.8305144691776,3145.3006658465774,1339.484050865339,1732.3122275050832,2125.1404041448272,2517.9685807845717,2910.796757424316
.SPX,2016-09-23,2164.69,19.92391,17.89654,16.13414,16.610854754098362,108.64785074817142,130.31779712997073,1303.774208978057,1629.7177612225714,1955.6613134670856,2281.6048657116,2607.548417956114,2933.491970200628,1563.8135655596489,1954.7669569495608,2345.7203483394733,2736.6737397293855,3127.6271311192977,3518.5805225092095,1203.3836202918426,1686.2341739965427,2169.0847277012426,2651.935281405942,3134.785835110642,1342.9365932669975,1736.7772910603446,2130.6179888536917,2524.458686647039,2918.2993844403863
.SPX,2016-09-30,2168.27,19.84588,17.89892,16.16843,16.60341655737705,109.25542228412144,130.5917967249107,1311.0650674094572,1638.8313342618217,1966.5976011141859,2294.36386796655,2622.1301348189145,2949.896401671279,1567.1015606989283,1958.8769508736605,2350.6523410483924,2742.4277312231247,3134.2031213978566,3525.9785115725886,1210.1130827660934,1695.663793450692,2181.2145041352906,2666.7652148198895,3152.315925504488,1345.7601836797346,1740.4289509619991,2135.097718244264,2529.7664855265284,2924.435252808793
.SPX,2016-10-07,2153.74,19.68424,17.75009,16.0591,16.4518162568306,109.41443510138059,130.9119896780875,1312.973221216567,1641.2165265207088,1969.4598318248507,2297.7031371289922,2625.946442433134,2954.189747737276,1570.9438761370502,1963.6798451713125,2356.4158142055753,2749.1517832398376,3141.8877522741004,3534.6237213083627,1211.8743087672376,1698.1317009584748,2184.3890931497117,2670.6464853409484,3156.903877532185,1349.0598007941837,1744.6962410949072,2140.3326813956305,2535.9691216963543,2931.6055619970775
.SPX,2016-10-14,2132.98,19.5245,17.59137,15.92484,16.28000213114754,109.24633153217752,131.0184103673487,1310.9559783861303,1638.6949729826629,1966.4339675791953,2294.172962175728,2621.9119567722605,2949.650951368793,1572.2209244081846,1965.2761555102306,2358.3313866122767,2751.3866177143227,3144.441848816369,3537.4970799184152,1210.0123935954368,1695.5227033463818,2181.0330130973266,2666.543322848271,3152.053632599216,1350.1564755464974,1746.1145357597834,2142.0725959730694,2538.0306561863554,2933.9887163996414
.SPX,2016-10-21,2141.16,19.48663,17.61232,15.9879,16.303019726775958,109.87841407159677,131.33517813778846,1318.5409688591612,1648.1762110739514,1977.8114532887419,2307.4466955035323,2637.0819377183225,2966.7171799331127,1576.0221376534614,1970.0276720668269,2364.0332064801923,2758.0387408935576,3152.044275306923,3546.0498097202885,1217.013339949844,1705.332737980437,2193.65213601103,2681.971534041623,3170.290932072216,1353.4207958454883,1750.3361776410597,2147.2515594366314,2544.166941232203,2941.0823230277747
.SPX,2016-10-28,2126.41,19.41816,17.40749,15.88007,16.147159836065573,109.50625599953857,131.68941297345344,1314.0750719944629,1642.5938399930785,1971.1126079916942,2299.63137599031,2628.1501439889257,2956.6689119875414,1580.2729556814413,1975.3411946018016,2370.409433522162,2765.4776724425224,3160.5459113628826,3555.614150283243,1212.891317056706,1699.556777803482,2186.222238550258,2672.887699297034,3159.5531600438103,1357.0712176136676,1755.0571523032684,2153.043086992869,2551.02902168247,2949.014956372071
.SPX,2016-11-04,2085.18,19.07211,17.05033,15.61772,15.840831393442624,109.33137445201396,131.63324248644983,1311.9764934241675,1639.9706167802094,1967.9647401362513,2295.958863492293,2623.952986848335,2951.947110204377,1579.598909837398,1974.4986372967473,2369.398364756097,2764.2980922154466,3159.197819674796,3554.0975471341453,1210.9543289954308,1696.842584749439,2182.730840503447,2668.619096257455,3154.507352011463,1356.4923757047336,1754.308554426354,2152.124733147974,2549.9409118695944,2947.757090591215
.SPX,2016-11-11,2164.45,19.82077,17.70498,16.20825,16.41272131147541,109.2011057088095,131.87636339664556,1310.4132685057139,1638.0165856321423,1965.6199027585708,2293.2232198849993,2620.8265370114277,2948.429854137856,1582.5163607597467,1978.1454509496834,2373.77454113962,2769.403631329557,3165.0327215194934,3560.66181170943,1209.5114723652373,1694.8207904379794,2180.1301085107216,2665.4394265834635,3150.7487446562054,1358.997758500336,1757.5486865119872,2156.099614523638,2554.6505425352893,2953.2014705469405
.SPX,2016-11-18,2181.9,19.93493,17.84638,16.34197,16.51871762295082,109.45109915108806,132.08652449924477,1313.4131898130568,1641.7664872663208,1970.1197847195851,2298.4730821728494,2626.8263796261135,2955.1796770793776,1585.0382939909373,1981.2978674886717,2377.5574409864057,2773.81701448414,3170.0765879818746,3566.336161479609,1212.2803997903707,1698.7007336006127,2185.1210674108543,2671.5414012210963,3157.961735031338,1361.1634875210648,1760.3495551461806,2159.5356227712964,2558.721690396412,2957.907758021528
.SPX,2016-11-25,2213.35,20.25558,18.1818,16.57093,16.729376229508198,109.27112430253787,132.3031994519898,1311.2534916304544,1639.066864538068,1966.8802374456816,2294.6936103532953,2622.506983260909,2950.3203561685227,1587.6383934238775,1984.547991779847,2381.457590135816,2778.367188491786,3175.276786847755,3572.1863852037245,1210.2869983257453,1695.907491599088,2181.5279848724304,2667.1484781457725,3152.768971419115,1363.3963423520554,1763.2372354612016,2163.0781285703483,2562.9190216794946,2962.7599147886413
.SPX,2016-12-02,2191.95,20.00324,17.96537,16.37777,16.503563442622955,109.57974808081089,132.81677060961007,1314.9569769697307,1643.6962212121632,1972.435465454596,2301.1747096970284,2629.9139539394614,2958.653198181894,1593.8012473153208,1992.251559144151,2390.7018709729814,2789.1521828018117,3187.6024946306416,3586.052806459472,1213.7053153660627,1700.6973881156616,2187.6894608652606,2674.6815336148593,3161.673606364458,1368.688739215754,1770.0817244223595,2171.474709628965,2572.8676948355705,2974.260680042176
.SPX,2016-12-09,2259.53,20.62519,18.52894,16.88425,16.983111147540985,109.55196049103064,133.04570525213583,1314.6235258923678,1643.2794073654595,1971.9352888385515,2300.5911703116435,2629.2470517847355,2957.9029332578275,1596.54846302563,1995.6855787820375,2394.822694538445,2793.9598102948526,3193.09692605126,3592.2340418076674,1213.3975400151592,1700.2661197272141,2187.134699439269,2674.003279151324,3160.8718588633787,1371.047931250037,1773.1327926343183,2175.2176540185997,2577.302515402881,2979.3873767871623
.SPX,2016-12-16,2258.07,20.6507,18.48983,16.89784,16.963085491803277,109.34593016217369,133.11670221146505,1312.1511619460844,1640.1889524326052,1968.2267429191263,2296.2645334056474,2624.3023238921687,2952.3401143786896,1597.4004265375806,1996.7505331719758,2396.100639806371,2795.450746440766,3194.8008530751613,3594.1509597095564,1211.1155480445634,1697.068491987632,2183.0214359307,2668.9743798737686,3154.9273238168366,1371.7795612867142,1774.0789865496001,2176.3784118124863,2578.6778370753723,2980.9772623382582
.SPX,2016-12-23,2263.79,20.69434,18.53638,16.93422,16.969239890710384,109.3917467288157,133.40550399309788,1312.7009607457885,1640.8762009322356,1969.0514411186828,2297.2266813051297,2625.401921491577,2953.577161678024,1600.8660479171745,2001.0825598964682,2401.299071875762,2801.5155838550554,3201.732095834349,3601.948607813643,1211.6230123474038,1697.7795733378377,2183.9361343282712,2670.0926953187054,3156.249256309139,1374.7556895615699,1777.9279188290295,2181.100148096489,2584.2723773639486,2987.444606631408
.SPX,2016-12-30,2238.83,20.46974,18.34023,16.74864,16.75298860655738,109.37266423510997,133.63764833718605,1312.4719708213197,1640.5899635266494,1968.7079562319793,2296.8259489373095,2624.9439416426394,2953.061934347969,1603.6517800462325,2004.5647250577908,2405.4776700693487,2806.390615080907,3207.303560092465,3608.2165051040233,1211.411654642657,1697.4834096052823,2183.5551645679075,2669.626919530533,3155.6986744931583,1377.1479578584706,1781.0217635220788,2184.895569185687,2588.7693748492948,2992.643180512903
.SPX,2017-01-06,2276.98,20.80761,17.04068,,17.04068,109.43015560172456,133.62025459077927,1313.1618672206948,1641.4523340258684,1969.7428008310421,2298.033267636216,2626.3237344413897,2954.6142012465634,1603.4430550893512,2004.303818861689,2405.164582634027,2806.0253464063644,3206.8861101787024,3607.7468739510405,1212.0484290327233,1698.3756859497082,2184.702942866693,2671.0301997836773,3157.357456700662,1376.968713740951,1780.7899527914567,2184.6111918419624,2588.432430892468,2992.253669942974
.SPX,2017-01-13,2274.64,20.80531,17.00456,,17.00456,109.32978167592792,133.76647205220246,1311.957380111135,1639.9467251389187,1967.9360701667026,2295.9254151944865,2623.91476022227,2951.904105250054,1605.1976646264295,2006.4970807830368,2407.7964969396444,2809.0959130962515,3210.395329252859,3611.6947454094666,1210.9366874071293,1696.8178645782684,2182.6990417494076,2668.5802189205465,3154.4613960916854,1378.4754978014885,1782.7386288138346,2187.0017598261807,2591.2648908385268,2995.528021850873
.SPX,2017-01-20,2271.31,20.66926,16.97763,,16.97763,109.88830756398632,133.78251263574478,1318.6596907678359,1648.3246134597948,1977.9895361517538,2307.6544588437127,2637.3193815356717,2966.9843042276307,1605.3901516289375,2006.7376895361717,2408.085227443406,2809.4327653506402,3210.780303257875,3612.127841165109,1217.122920273864,1705.4862867607633,2193.8496532476624,2682.2130197345614,3170.5763862214603,1378.6407974542662,1782.9524056105977,2187.264013766929,2591.5756219232603,2995.887230079592
.SPX,2017-01-27,2294.69,20.722,17.25421,,17.25421,110.73689798282018,132.99304923262207,1328.842775793842,1661.0534697423027,1993.2641636907633,2325.474857639224,2657.685551587684,2989.8962455361448,1595.9165907914648,1994.895738489331,2393.8748861871973,2792.8540338850635,3191.8331815829297,3590.812329280796,1226.5219079512935,1718.6565626024858,2210.7912172536776,2702.9258719048694,3195.060526556061,1370.5053062439506,1772.4310329288658,2174.3567596137814,2576.2824862986963,2978.2082129836117
.SPX,2017-02-03,2297.42,20.53477,17.31133,15.46077,17.13894906849315,111.87950972910824,134.0467254333225,1342.5541167492988,1678.1926459366236,2013.8311751239482,2349.469704311273,2685.1082334985977,3020.7467626859225,1608.56070519987,2010.7008814998376,2412.841057799805,2814.981234099773,3217.12141039974,3619.2615866997075,1239.1774759203568,1736.3901022991577,2233.602728677958,2730.815355056759,3228.0279814355595,1381.3635340419842,1786.4736344599685,2191.583734877953,2596.6938352959373,3001.803935713922
.SPX,2017-02-10,2316.1,20.82219,17.51163,15.53964,17.29011879452055,111.23229593044728,133.9551235896656,1334.7875511653674,1668.4844389567093,2002.181326748051,2335.878214539393,2669.575102330735,3003.2719901220767,1607.461483075987,2009.3268538449838,2411.1922246139807,2813.0575953829775,3214.922966151974,3616.788336920971,1232.00893573505,1726.3452278016969,2220.6815198683435,2715.0178119349903,3209.3541040016366,1380.4195688233663,1785.2528341902714,2190.0860995571766,2594.919364924082,2999.7526302909873
.SPX,2017-02-17,2351.16,21.11456,17.79161,15.9207,17.545572520547942,111.35254535259081,134.0030367915617,1336.2305442310897,1670.2881802888621,2004.3458163466346,2338.403452404407,2672.4610884621793,3006.518724519952,1608.0364414987403,2010.0455518734254,2412.0546622481106,2814.0637726227956,3216.0728829974805,3618.081993372166,1233.3408183628299,1728.2115204492316,2223.0822225356333,2717.952924622035,3212.823626708436,1380.913318668314,1785.8913852004007,2190.869451732487,2595.847518264574,3000.82558479666
.SPX,2017-02-24,2367.34,21.32935,17.91486,16.09403,17.640488356164386,110.98978637417456,134.19923259509673,1331.8774364900946,1664.8467956126183,1997.816154735142,2330.7855138576656,2663.7548729801892,2996.724232102713,1610.3907911411607,2012.988488926451,2415.586186711741,2818.183884497031,3220.7815822823213,3623.379280067612,1229.3228998330676,1722.5814358951673,2215.839971957267,2709.0985080193664,3202.357044081466,1382.9351340290345,1788.5061348638035,2194.0771356985724,2599.648136533341,3005.2191373681103
.SPX,2017-03-03,2383.12,21.5205,18.07066,16.2938,17.768837205479453,110.73720406124393,134.11794888103915,1328.8464487349272,1661.0580609186588,1993.2696731023907,2325.4812852861223,2657.6928974698544,2989.904509653586,1609.4153865724697,2011.7692332155873,2414.123079858705,2816.476926501822,3218.8307731449395,3621.1846197880573,1226.5252980759867,1718.6613129946425,2210.797327913298,2702.9333428319537,3195.0693577506095,1382.0974980618173,1787.42284684162,2192.7481956214224,2598.073544401225,3003.3988931810277
.SPX,2017-03-10,2372.6,21.45311,17.97948,16.21171,17.64529882191781,110.59468766999284,134.46074356377093,1327.136252039914,1658.9203150498925,1990.704378059871,2322.4884410698496,2654.272504079828,2986.056567089807,1613.528922765251,2016.911153456564,2420.2933841478766,2823.6756148391896,3227.057845530502,3630.440076221815,1224.946786493165,1716.4494329838794,2207.9520794745936,2699.4547259653077,3190.957372456022,1385.6300280274577,1791.9913557757527,2198.3526835240477,2604.714011272343,3011.0753390206382
.SPX,2017-03-17,2378.25,21.54951,18.0407,16.26479,17.670921479452055,110.36213816462647,134.58551116111605,1324.3456579755177,1655.432072469397,1986.5184869632765,2317.604901457156,2648.6913159510354,2979.7777304449146,1615.0261339333924,2018.7826674167407,2422.539200900089,2826.295734383437,3230.052267866785,3633.8088013501333,1222.3710681173502,1712.8402228578211,2203.309377598292,2693.778532338763,3184.247687079234,1386.915769313904,1793.654164191038,2200.392559068172,2607.130953945306,3013.86934882244
.SPX,2017-03-24,2343.98,21.26653,17.7662,16.0071,17.366185479452056,110.21920360303257,134.97379737038017,1322.6304432363909,1653.2880540454885,1983.9456648545863,2314.603275663684,2645.2608864727817,2975.9184972818794,1619.685568444562,2024.6069605557025,2429.528352666843,2834.4497447779836,3239.371136889124,3644.2925290002645,1220.7879248797137,1710.6218527681679,2200.455780656622,2690.289708545076,3180.12363643353,1390.9170935425639,1798.8289498729143,2206.740806203265,2614.6526625336155,3022.564518863966
.SPX,2017-03-31,2362.72,21.40385,17.89681,16.13189,17.46162424657534,110.38761718102117,135.30929119972262,1324.6514061722542,1655.8142577153176,1986.977109258381,2318.1399608014444,2649.3028123445083,2980.4656638875717,1623.7114943966715,2029.6393679958394,2435.567241595007,2841.495115194175,3247.422988793343,3653.350862392511,1222.6532737088955,1713.2356617723392,2203.8180498357824,2694.400437899226,3184.9828259626693,1394.3743875588978,1803.3001585406892,2212.225929522481,2621.1517005042724,3030.0774714860636
.SPX,2017-04-07,2355.54,21.21912,17.81768,16.09792,17.36064789041096,111.01025867236719,135.68272422027908,1332.1231040684063,1665.1538800855078,1998.1846561026093,2331.215432119711,2664.2462081368126,2997.276984153914,1628.1926906433491,2035.2408633041862,2442.2890359650237,2849.337208625861,3256.3853812866982,3663.433553947535,1229.549651012636,1722.8991696431885,2216.2486882737408,2709.598206904293,3202.947725534845,1398.2226483450997,1808.2769921284123,2218.331335911725,2628.3856796950377,3038.44002347835
.SPX,2017-04-13,2328.95,20.76128,17.66497,15.91816,17.172034575342465,112.17757286641286,135.62458133785543,1346.1308743969544,1682.6635929961928,2019.1963115954316,2355.72903019467,2692.2617487939087,3028.794467393147,1627.4949760542652,2034.3687200678314,2441.242464081398,2848.116208094964,3254.9899521085304,3661.863696122097,1242.4788232988387,1741.016095769536,2239.553368240233,2738.09064071093,3236.627913181627,1397.6234807243727,1807.5021076532744,2217.380734582176,2627.2593615110777,3037.1379884399794
.SPX,2017-04-21,2348.69,20.92701,17.75932,16.03574,17.235162794520548,112.23246894802459,136.27315436479094,1346.7896273762951,1683.4870342203687,2020.1844410644426,2356.881847908516,2693.5792547525903,3030.276661596664,1635.2778523774914,2044.097315471864,2452.916778566237,2861.7362416606097,3270.555704754983,3679.3751678493554,1243.0868523116067,1741.8680928241924,2240.649333336778,2739.4305738493636,3238.2118143619496,1404.3070839655247,1816.145799686009,2227.9845154064938,2639.823231126978,3051.661946847463
.SPX,2017-04-28,2384.2,21.32705,17.96504,16.2571,17.412884054794517,111.79230132624998,136.9216031357842,1341.5076159149999,1676.8845198937497,2012.2614238724998,2347.63832785125,2683.0152318299997,3018.3921358087496,1643.0592376294105,2053.824047036763,2464.5888564441157,2875.3536658514686,3286.118475258821,3696.8832846661735,1238.2115556299068,1735.0366122103376,2231.8616687907684,2728.686725371199,3225.5117819516295,1410.9894067380417,1824.7878357292818,2238.5862647205217,2652.384693711762,3066.1831227030016
.SPX,2017-05-05,2399.29,21.29335,18.10101,16.35881,17.504366164383562,112.67790178623842,137.06808789694293,1352.1348214348611,1690.1685267935763,2028.2022321522916,2366.235937511007,2704.2696428697222,3042.3033482284372,1644.8170547633151,2056.021318454144,2467.2255821449726,2878.4298458358016,3289.6341095266303,3700.838373217459,1248.0204665318186,1748.781290543652,2249.542114555485,2750.3029385673185,3251.063762579152,1412.4989453463395,1826.7400741208894,2240.9812028954393,2655.2223316699888,3069.4634604445387
.SPX,2017-05-12,2390.9,21.25115,18.00419,16.30931,17.39124709589041,112.5068525703315,137.47720257306764,1350.082230843978,1687.6027885549724,2025.123346265967,2362.6439039769616,2700.164461687956,3037.6850193989508,1649.7264308768117,2062.1580385960146,2474.5896463152176,2887.0212540344205,3299.4528617536234,3711.8844694728264,1246.125925376437,1746.12657596521,2246.127226553983,2746.1278771427556,3246.1285277315283,1416.7149087950042,1832.1924458965132,2247.669982998022,2663.1475200995305,3078.6250572010395
.SPX,2017-05-19,2381.73,21.05341,17.91694,16.24384,17.279786849315066,113.12799209249238,137.8332974109809,1357.5359051099085,1696.9198813873857,2036.3038576648628,2375.68783394234,2715.071810219817,3054.455786497294,1653.9995689317707,2067.4994611647135,2480.999353397656,2894.4992456305986,3307.9991378635414,3721.499030096484,1253.0056668691318,1755.766773004314,2258.5278791394962,2761.2889852746785,3264.0500914098607,1420.384498053256,1836.938209265539,2253.4919204778216,2670.045631690104,3086.599342902387
.SPX,2017-05-26,2415.82,21.38244,18.18137,16.45515,17.490882,112.98149322528207,138.1188209948475,1355.7779187033848,1694.722398379231,2033.6668780550772,2372.6113577309234,2711.5558374067696,3050.5003170826158,1657.4258519381701,2071.7823149227124,2486.138777907255,2900.495240891798,3314.8517038763403,3729.2081668608826,1251.3830453816545,1753.4930842507797,2255.6031231199045,2757.7131619890292,3259.8232008581545,1423.3268442059677,1840.7434521981456,2258.1600601903237,2675.5766681825016,3092.9932761746795
.SPX,2017-06-02,2439.07,21.6417,18.36777,16.61181,17.63171005479452,112.7023292994543,138.33428478690038,1352.4279515934518,1690.5349394918146,2028.6419273901774,2366.7489152885405,2704.8559031869036,3042.962891085266,1660.0114174428045,2075.014271803506,2490.0171261642067,2905.019980524908,3320.022834885609,3735.0256892463103,1248.2910256739094,1749.160409939818,2250.0297942057264,2750.8991784716345,3251.7685627375427,1425.5472179173441,1843.6149910771367,2261.6827642369294,2679.750537396722,3097.8183105565145
.SPX,2017-06-09,2431.77,21.57373,18.31808,16.57239,17.55284602739726,112.71903375077002,138.5399265853746,1352.6284050092404,1690.7855062615504,2028.9426075138604,2367.0997087661704,2705.256810018481,3043.413911270791,1662.479119024495,2078.0988987806186,2493.7186785367426,2909.3384582928666,3324.95823804899,3740.5780178051136,1248.4760441805884,1749.4196660270065,2250.3632878734247,2751.3069097198427,3252.2505315662606,1427.6663751035328,1846.3556298352228,2265.044884566913,2683.734139298603,3102.423394030293
.SPX,2017-06-16,2433.15,21.6159,18.33231,16.58803,17.53424216438356,112.56297447712102,138.76562084572652,1350.7556937254521,1688.4446171568152,2026.1335405881782,2363.8224640195413,2701.5113874509043,3039.2003108822673,1665.1874501487182,2081.4843126858977,2497.7811752230773,2914.078037760257,3330.3749002974364,3746.671762834616,1246.7475316291607,1746.9975980469783,2247.247664464796,2747.4977308826133,3247.7477973004306,1429.9921747087444,1849.363512678047,2268.73485064735,2688.1061886166526,3107.4775265859553
.SPX,2017-06-23,2438.3,21.59761,18.38042,16.60896,17.535943178082192,112.89675107569774,139.045842886146,1354.7610129083728,1693.451266135466,2032.1415193625592,2370.8317725896522,2709.5220258167456,3048.212279043839,1668.550114633752,2085.68764329219,2502.825171950628,2919.962700609066,3337.100229267504,3754.2377579259423,1250.4444413130432,1752.1778708561012,2253.911300399159,2755.6447299422166,3257.3781594852744,1432.8798879805086,1853.0981006389668,2273.316313297425,2693.5345259558835,3113.7527386143415
.SPX,2017-06-30,2423.41,21.4169,18.27837,16.51847,17.405652465753423,113.15409793200696,139.23120691787867,1357.8491751840836,1697.3114689801043,2036.7737627761253,2376.236056572146,2715.698350368167,3055.160644164188,1670.7744830145439,2088.46810376818,2506.161724521816,2923.855345275452,3341.5489660290878,3759.242586782724,1253.2948151536996,1756.1719403263294,2259.049065498959,2761.9261906715888,3264.8033158442186,1434.790080960835,1855.5684926190552,2276.3469042772754,2697.1253159354956,3117.9037275937158
.SPX,2017-07-07,2425.18,21.44282,18.29475,16.54039,17.391134438356165,113.0998627978969,139.4492123901511,1357.198353574763,1696.4979419684535,2035.7975303621442,2375.097118755835,2714.396707149526,3053.6962955432164,1673.3905486818132,2091.7381858522667,2510.08582302272,2928.4334601931732,3346.7810973636265,3765.1287345340797,1252.6941067956147,1755.33020129571,2257.966295795805,2760.6023902958996,3263.2384847959947,1437.0366469149474,1858.473905094621,2279.9111632742943,2701.348421453968,3122.7856796336414
.SPX,2017-07-14,2459.27,21.69615,18.58348,16.79189,17.62632917808219,113.35052532361733,139.52252764336367,1360.206303883408,1700.25787985426,2040.309455825112,2380.361031795964,2720.412607766816,3060.464183737668,1674.270331720364,2092.837914650455,2511.405497580546,2929.9730805106374,3348.540663440728,3767.108246370819,1255.4704449891067,1759.2205287536342,2262.9706125181615,2766.720696282689,3270.4707800472165,1437.7921671781207,1859.4509954819066,2281.1098237856922,2702.768652089478,3124.427480393264
.SPX,2017-07-21,2472.54,21.73001,18.62084,16.98145,17.71356115068493,113.78457718151073,139.58458036567052,1365.4149261781288,1706.768657722661,2048.1223892671933,2389.476120811725,2730.8298523562576,3072.1835839007895,1675.0149643880463,2093.7687054850576,2512.5224465820693,2931.276187679081,3350.0299287760927,3768.783669873104,1260.2780034686282,1765.9570916126916,2271.6361797567547,2777.315267900818,3282.9943560448814,1438.4316260496867,1860.2779873535042,2282.1243486573217,2703.970709961139,3125.817071264957
.SPX,2017-07-28,2472.1,21.71542,18.58946,16.95207,17.651885999999998,113.84076384430969,140.04735811232862,1366.0891661317164,1707.6114576646453,2049.1337491975746,2390.6560407305037,2732.178332263433,3073.7006237963615,1680.5682973479434,2100.710371684929,2520.852446021915,2940.994520358901,3361.1365946958867,3781.278669032873,1260.9003269589275,1766.829118719367,2272.757910479806,2778.6867022402453,3284.6154940006845,1443.2005922555609,1866.4455400508712,2289.6904878461814,2712.9354356414915,3136.180383436802
.SPX,2017-08-04,2476.83,21.98215,18.67838,16.95426,17.658078849315068,112.67460189289946,140.26610828595733,1352.0952227147936,1690.1190283934918,2028.1428340721902,2366.166639750889,2704.1904454295873,3042.214251108285,1683.193299431488,2103.99162428936,2524.7899491472317,2945.588274005104,3366.386598862976,3787.184923720848,1247.9839169124245,1748.730075605847,2249.4762342992694,2750.2223929926918,3250.968551686114,1445.454832423974,1869.3608773443257,2293.2669222646773,2717.172967185029,3141.0790121053806
.SPX,2017-08-11,2441.32,21.69011,18.45451,16.70012,17.382649808219178,112.55452369766682,140.4457908854409,1350.654284372002,1688.3178554650024,2025.9814265580028,2363.6449976510035,2701.308568744004,3038.9721398370043,1685.3494906252909,2106.6868632816136,2528.0242359379363,2949.361608594259,3370.6989812505817,3792.036353906905,1246.65393079395,1746.866440430749,2247.078950067548,2747.291459704347,3247.5039693411454,1447.3064777351606,1871.755551481355,2296.2046252275495,2720.653698973744,3145.102772719939
.SPX,2017-08-18,2425.55,21.54781,18.35206,16.58794,17.24042273972603,112.5659637800779,140.68970561904825,1350.7915653609348,1688.4894567011684,2026.1873480414022,2363.885239381636,2701.5831307218696,3039.281022062103,1688.276467428579,2110.345584285724,2532.4147011428686,2954.4838180000133,3376.552934857158,3798.622051714303,1246.78064114941,1747.043992566222,2247.3073439830337,2747.5706953998456,3247.834046816657,1449.820040952252,1875.006263046574,2300.192485140896,2725.378707235219,3150.564929329541
.SPX,2017-08-25,2443.05,21.64023,18.46728,16.7234,17.334952438356165,112.89390177461146,140.9320278603354,1354.7268212953377,1693.4085266191719,2032.0902319430063,2370.7719372668407,2709.4536425906754,3048.1353479145096,1691.1843343240248,2113.980417905031,2536.7765014860374,2959.5725850670437,3382.3686686480496,3805.164752229056,1250.4128824535455,1752.1336491910558,2253.854415928566,2755.575182666076,3257.2959494035863,1452.3171933930842,1878.2357510754935,2304.1543087579025,2730.072866440312,3155.991424122721
.SPX,2017-09-01,2476.55,22.03494,18.74895,16.95481,17.549579698630136,112.39195568492586,141.11733970434128,1348.7034682191104,1685.8793352738878,2023.0552023286655,2360.231069383443,2697.406936438221,3034.582803492998,1693.4080764520954,2116.760095565119,2540.112114678143,2963.4641337911667,3386.816152904191,3810.1681720172146,1244.8533274468177,1744.3433556500117,2243.8333838532058,2743.3234120563993,3242.8134402595933,1454.2268485742031,1880.7054475369284,2307.184046499654,2733.6626454623793,3160.1412444251046
.SPX,2017-09-08,2461.43,21.92186,18.6465,16.85488,17.414454465753426,112.2819870211743,141.3440774065332,1347.3838442540916,1684.2298053176146,2021.0757663811373,2357.9217274446605,2694.7676885081833,3031.613649571706,1696.1289288783983,2120.161161097998,2544.1933933175974,2968.2256255371967,3392.2578577567965,3816.2900899763963,1243.6353145013916,1742.6366222207753,2241.6379299401588,2740.639237659542,3239.6405453789253,1456.5634009412072,1883.7272365854449,2310.8910722296823,2738.05490787392,3165.2187435181577
.SPX,2017-09-15,2500.23,22.3131,18.99037,17.16107,17.697330547945203,112.05211288435942,141.2772391421652,1344.625354612313,1680.7816932653914,2016.9380319184695,2353.0943705715476,2689.250709224626,3025.4070478777044,1695.3268697059825,2119.158587132478,2542.9903045589735,2966.8220219854693,3390.653739411965,3814.4854568384603,1241.0892285082784,1739.0689342955566,2237.048640082834,2735.028345870112,3233.00805165739,1455.8746266292787,1882.8364666193715,2309.7983066094644,2736.760146599557,3163.72198658965
.SPX,2017-09-22,2502.22,22.32591,19.00809,17.18533,17.684716301369864,112.07695453399211,141.4905366509146,1344.9234544079054,1681.1543180098815,2017.385181611858,2353.6160452138342,2689.846908815811,3026.077772417787,1697.8864398109754,2122.358049763719,2546.829659716463,2971.3012696692067,3395.772879621951,3820.2444895746944,1241.364374625419,1739.454481163356,2237.5445877012926,2735.6346942392292,3233.724800777166,1458.0726765968254,1885.6791349086939,2313.2855932205625,2740.892051532431,3168.4985098443
.SPX,2017-09-29,2519.36,22.41582,19.15662,17.26716,17.74858405479452,112.3920516849261,141.94709798945522,1348.7046202191132,1685.8807752738915,2023.0569303286698,2360.2330853834483,2697.4092404382263,3034.585395493005,1703.3651758734627,2129.206469841828,2555.047763810194,2980.8890577785596,3406.7303517469254,3832.5716457152907,1244.854390742843,1744.3448455872724,2243.8353004317014,2743.325755276131,3242.8162101205603,1462.7775821592302,1891.7638400082024,2320.7500978571748,2749.7363557061467,3178.722613555119
.SPX,2017-10-06,2549.33,22.67846,19.41834,17.47176,17.93040624657534,112.41195389810419,142.1791545011377,1348.9434467772503,1686.1793084715628,2023.4151701658755,2360.651031860188,2697.8868935545006,3035.122755248813,1706.1498540136524,2132.6873175170654,2559.2247810204785,2985.7622445238917,3412.299708027305,3838.837171530718,1245.074827660657,1744.65373151339,2244.232635366123,2743.8115392188556,3243.3904430715884,1465.1689453353088,1894.8565141372078,2324.544082939107,2754.2316517410054,3183.9192205429044
.SPX,2017-10-13,2553.17,22.77053,19.5208,17.56834,17.99092723287671,112.12606821185102,141.91430863742946,1345.5128185422122,1681.8910231777654,2018.2692278133184,2354.6474324488713,2691.0256370844245,3027.4038417199777,1702.9717036491534,2128.714629561442,2554.4575554737303,2980.2004813860185,3405.9434072983067,3831.6863332105954,1241.9083577328686,1740.216734272332,2238.525110811795,2736.833487351258,3235.1418638907217,1462.4396849443087,1891.3268482600215,2320.214011575734,2749.1011748914466,3177.9883382071594
.SPX,2017-10-20,2575.21,22.77902,19.59061,17.61349,18.00349723287671,113.0518345389749,143.03943098884886,1356.6220144676988,1695.7775180846236,2034.9330217015481,2374.088525318473,2713.2440289353976,3052.3995325523224,1716.4731718661865,2145.591464832733,2574.7097577992795,3003.828050765826,3432.946343732373,3862.0646366989195,1252.1621457885642,1754.5847940837482,2257.007442378932,2759.4300906741155,3261.852738969299,1474.0341717365984,1906.3216301903879,2338.609088644177,2770.8965470979665,3203.184005551756
.SPX,2017-10-27,2581.07,22.66564,19.49523,17.65151,17.979843698630134,113.87589320222152,143.55352823209745,1366.5107184266583,1708.1383980333228,2049.7660776399875,2391.393757246652,2733.0214368533166,3074.649116459981,1722.6423387851694,2153.3029234814617,2583.963508177754,3014.6240928740463,3445.2846775703388,3875.9452622666313,1261.2894197353733,1767.3743326689626,2273.4592456025516,2779.544158536141,3285.6290714697298,1479.3319899599041,1913.1731304239313,2347.0142708879584,2780.855411351986,3214.6965518160127
.SPX,2017-11-03,2587.84,22.65431,19.51309,17.66305,17.957028958904107,114.23168483171636,144.1129268055673,1370.7802179805963,1713.4752724757454,2056.1703269708946,2398.865381466044,2741.5604359611925,3084.2554904563417,1729.3551216668075,2161.6939020835093,2594.032682500211,3026.371462916913,3458.710243333615,3891.0490237503172,1265.2301679068528,1772.8962827153257,2280.5623975237986,2788.2285123322713,3295.894627140744,1485.0966424561766,1920.6283726122645,2356.1601027683523,2791.69183292444,3227.2235630805276
.SPX,2017-11-10,2582.3,22.6303,19.5248,17.62608,17.89138060273973,114.10807634012808,144.33207013686632,1369.296916081537,1711.6211451019212,2053.9453741223056,2396.2696031426894,2738.593832163074,3080.918061183458,1731.9848416423958,2164.981052052995,2597.977262463594,3030.973472874193,3463.9696832847917,3896.9658936953906,1263.8610802251176,1770.977856706187,2278.094633187256,2785.211409668325,3292.328186149394,1487.3549341496619,1923.5489496145588,2359.7429650794556,2795.936980544353,3232.13099600925
.SPX,2017-11-17,2578.85,22.57712,19.61561,17.61121,17.852836301369862,114.22404629111242,144.4504366962757,1370.688555493349,1713.3606943666862,2056.0328332400236,2398.704972113361,2741.377110986698,3084.049249860035,1733.4052403553083,2166.7565504441354,2600.107860532962,3033.4591706217893,3466.8104807106165,3900.1617907994437,1265.1455634293372,1772.777731192059,2280.4098989547806,2788.042066717502,3295.6742344802237,1488.5747121657942,1925.126449825049,2361.6781874843036,2798.229925143558,3234.7816628028127
.SPX,2017-11-24,2602.42,22.82541,19.85816,17.74556,17.95971397260274,114.01416228667962,144.90319856819272,1368.1699474401555,1710.2124343001942,2052.254921160233,2394.297408020272,2736.339894880311,3078.38238174035,1738.8383828183128,2173.547978522891,2608.257574227469,3042.967169932047,3477.6767656366255,3912.3863613412036,1262.8208881471626,1769.5202937148085,2276.2196992824543,2782.9191048501,3289.6185104177457,1493.2404638837045,1931.1605184996386,2369.0805731155724,2807.000627731506,3244.92068234744
.SPX,2017-12-01,2642.22,23.19962,20.14684,18.00382,18.179958630136987,113.8906585538901,145.33696438780566,1366.6879026466813,1708.3598783083517,2050.031853970022,2391.7038296316923,2733.3758052933626,3075.047780955033,1744.043572653668,2180.0544658170847,2616.065358980502,3052.076252143919,3488.087145307336,3924.0980384707527,1261.452960773907,1767.6034935810578,2273.7540263882083,2779.904559195359,3286.05509200251,1497.7104595780434,1936.9414221193535,2376.1723846606637,2815.403347201974,3254.634309743284
.SPX,2017-12-08,2651.5,23.28485,20.23948,18.05524,18.19287704109589,113.8723247089846,145.74385315805338,1366.4678965078153,1708.084870634769,2049.701844761723,2391.3188188886766,2732.9357930156307,3074.5527671425843,1748.9262378966405,2186.157797370801,2623.3893568449607,3060.620916319121,3497.852475793281,3935.0840352674413,1261.2498951034468,1767.3189490124582,2273.3880029214697,2779.457056830481,3285.5261107394927,1501.9034848669078,1942.3641287006267,2382.8247725343454,2823.2854163680645,3263.7460602017836
.SPX,2017-12-15,2675.81,23.53665,20.38333,18.22879,18.323235589041097,113.68695205137519,146.03370605573446,1364.2434246165021,1705.3042807706279,2046.3651369247534,2387.425993078879,2728.4868492330042,3069.54770538713,1752.4044726688135,2190.505590836017,2628.60670900322,3066.7078271704236,3504.808945337627,3942.9100635048303,1259.1967075044192,1764.4419320440318,2269.687156583644,2774.9323811232566,3280.177605662869,1504.8904449869608,1946.2270694618064,2387.5636939366523,2828.9003184114977,3270.2369428863435
.SPX,2017-12-22,2683.34,23.48999,20.45051,18.20512,18.26048578082192,114.23333939265194,146.94789789317537,1370.8000727118233,1713.5000908897791,2056.200109067735,2398.900127245691,2741.6001454236466,3084.3001636016024,1763.3747747181044,2204.2184683976307,2645.0621620771567,3085.9058557566827,3526.749549436209,3967.593243115735,1265.248493824162,1772.9219617984675,2280.5954297727726,2788.2688977470775,3295.942365721383,1514.3112739052162,1958.4107286235446,2402.510183341873,2846.609638060201,3290.7090927785293
.SPX,2017-12-29,2673.61,23.39865,20.37844,18.13308,18.145383342465752,114.26342972778345,147.3438146519029,1371.1611567334014,1713.9514459167517,2056.7417351001022,2399.5320242834523,2742.322313466803,3085.112602650153,1768.1257758228348,2210.1572197785435,2652.1886637342523,3094.220107689961,3536.2515516456697,3978.2829956013784,1265.5817743831146,1773.3889692087048,2281.1961640342947,2789.0033588598844,3296.810553685474,1518.3912316308108,1963.6872085123384,2408.9831853938663,2854.279162275394,3299.5751391569215
.SPX,2018-01-05,2743.15,23.97936,18.50953,,18.50953,114.39629748250162,148.2020343034102,1372.7555697900195,1715.9444622375242,2059.133354685029,2402.322247132534,2745.511139580039,3088.700032027544,1778.4244116409222,2223.030514551153,2667.636617461383,3112.242720371614,3556.8488232818445,4001.454926192075,1267.0534176654417,1775.4511006460516,2283.8487836266613,2792.246466607271,3300.644149587881,1527.2352621504529,1975.1249126042285,2423.014563058004,2870.90421351178,3318.793863965556
.SPX,2018-01-12,2786.24,24.33328,18.47113,,18.47113,114.50326466468968,150.84296412834516,1374.039175976276,1717.5489699703453,2061.058763964414,2404.5685579584833,2748.078351952552,3091.5881459466214,1810.115569540142,2262.6444619251774,2715.1733543102127,3167.7022466952485,3620.231139080284,4072.760031465319,1268.2381862003688,1777.1112505418805,2285.9843148833925,2794.857379224904,3303.730443566416,1554.4502809756882,2010.321233047372,2466.192185119056,2922.06313719074,3377.9340892624236
.SPX,2018-01-19,2810.3,24.57413,18.46718,,18.46718,114.36010145628758,152.1780802483108,1372.321217475451,1715.4015218443137,2058.4818262131766,2401.562130582039,2744.642434950902,3087.7227393197645,1826.1369629797296,2282.671203724662,2739.2054444695946,3195.739685214527,3652.273925959459,4108.808166704392,1266.6525104706311,1774.889331812663,2283.1261531546943,2791.362974496726,3299.5997958387575,1568.2087723962754,2028.1146535099074,2488.0205346235393,2947.9264157371713,3407.8322968508032
.SPX,2018-01-26,2872.87,25.02918,18.64313,,18.64313,114.7808278177711,154.09805113197194,1377.3699338132533,1721.7124172665665,2066.0549007198797,2410.397384173193,2754.7398676265066,3099.0823510798195,1849.1766135836633,2311.470766979579,2773.764920375495,3236.059073771411,3698.3532271673266,4160.647380563242,1271.312475748801,1781.4190805720664,2291.5256853953315,2801.632290218597,3311.738895041862,1587.9942446376776,2053.7025770604723,2519.410909483267,2985.1192419060617,3450.8275743288564
.SPX,2018-02-02,2762.13,23.38637,17.64648,15.85065,17.484117287671236,118.10853929019339,157.9793794879019,1417.3024714823207,1771.6280893529008,2125.953707223481,2480.2793250940613,2834.6049429646414,3188.9305608352215,1895.7525538548227,2369.6906923185284,2843.628830782234,3317.5669692459396,3791.5051077096455,4265.443246173351,1308.1702087954682,1833.0657608087968,2357.9613128221254,2882.856864835454,3407.7524168487826,1627.9916816298382,2105.429993393367,2582.868305156896,3060.3066169204253,3537.744928683954
.SPX,2018-02-09,2619.55,22.20995,16.628,14.8634,16.434619178082194,117.94488506277592,159.39219349198717,1415.338620753311,1769.1732759416388,2123.0079311299664,2476.8425863182943,2830.677241506622,3184.51189669495,1912.706321903846,2390.8829023798075,2869.059482855769,3347.2360633317307,3825.412643807692,4303.5892242836535,1306.357574534325,1830.525817781024,2354.6940610277225,2878.862304274421,3403.03054752112,1642.5508567183635,2124.2589126417497,2605.966968565136,3087.6750244885225,3569.383080411909
.SPX,2018-02-16,2732.22,23.29971,17.2954,15.58797,17.075539150684932,117.2641204547181,160.00783201568223,1407.1694454566173,1758.9618068207715,2110.7541681849257,2462.54652954908,2814.3388909132345,3166.1312522773887,1920.0939841881868,2400.1174802352334,2880.14097628228,3360.1644723293266,3840.1879683763736,4320.21146442342,1298.8174255762935,1819.9602286906775,2341.103031805061,2862.245834919445,3383.3886380338286,1648.8950669483017,2132.463678460413,2616.0322899725247,3099.6009014846363,3583.169512996748
.SPX,2018-02-23,2747.3,23.22779,17.38195,15.73793,17.13872512328767,118.2764266423969,160.29780396367042,1419.3171197087627,1774.1463996359535,2128.9756795631442,2483.804959490335,2838.6342394175254,3193.463519344716,1923.5736475640451,2404.467059455056,2885.3604713460677,3366.2538832370788,3847.1472951280903,4328.040707019101,1310.0297291477311,1835.6714026941897,2361.313076240648,2886.9547497871063,3412.596423333565,1651.8832538924526,2136.328205834277,2620.773157776102,3105.218109717927,3589.6630616597513
.SPX,2018-03-02,2691.25,22.35833,16.99762,15.42172,16.734250410958907,120.36900788207349,160.82285933988157,1444.4280945848818,1805.5351182311024,2166.642141877323,2527.749165523543,2888.8561891697636,3249.963212815984,1929.874312078579,2412.3428900982235,2894.8114681178686,3377.280046137513,3859.748624157158,4342.217202176803,1333.2071594476968,1868.1486396934324,2403.090119939168,2938.0316001849033,3472.9730804306387,1657.2939966592467,2143.325747797354,2629.357498935461,3115.3892500735687,3601.421001211676
.SPX,2018-03-09,2786.57,23.20674,17.60066,15.95236,17.293579452054797,120.07589174524298,161.13321176368171,1440.9107009429158,1801.1383761786446,2161.366051414374,2521.593726650103,2881.8214018858316,3242.0490771215605,1933.5985411641805,2416.998176455226,2900.3978117462707,3383.797447037316,3867.197082328361,4350.596717619406,1329.960605047623,1863.5994245596783,2397.2382440717333,2930.8770635837886,3464.515883095844,1660.4922062354462,2147.461890778224,2634.431575321002,3121.4012598637805,3608.3709444065585
.SPX,2018-03-16,2752.01,23.05491,17.41702,15.78608,17.081895342465756,119.36763145030713,161.106829472165,1432.4115774036854,1790.514471754607,2148.617366105528,2506.7202604564495,2864.823154807371,3222.9260491582927,1933.28195366598,2416.602442082475,2899.92293049897,3383.243418915465,3866.56390733196,4349.884395748455,1322.115913855301,1852.607097466399,2383.0982810774963,2913.589464688594,3444.080648299692,1660.220334353997,2147.110287499152,2634.0002406443073,3120.890193789462,3607.7801469346173
.SPX,2018-03-23,2588.26,21.58891,16.3751,14.83788,16.02975194520548,119.88840566753952,161.46600451756538,1438.6608680104741,1798.3260850130928,2157.9913020157114,2517.6565190183296,2877.3217360209483,3236.986953023567,1937.5920542107847,2421.9900677634805,2906.388081316177,3390.786094868873,3875.1841084215694,4359.582121974266,1327.8840092071393,1860.6896069314867,2393.4952046558337,2926.300802380181,3459.106400104528,1663.921665426801,2151.8971015499205,2639.8725376730404,3127.84797379616,3615.8234099192796
.SPX,2018-03-29,2640.87,22.00948,16.70041,15.13688,16.323449342465754,119.98784160280024,161.78382060032666,1439.854099233603,1799.8176240420037,2159.7811488504044,2519.7446736588054,2879.708198467206,3239.6717232756064,1941.40584720392,2426.7573090049,2912.10877080588,3397.46023260686,3882.81169440784,4368.16315620882,1328.9853616493383,1862.2328705211971,2395.480379393056,2928.7278882649143,3461.975397136773,1667.1967886783336,2156.132714546993,2645.068640415652,3134.0045662843117,3622.9404921529713
.SPX,2018-04-06,2604.47,21.72915,16.47345,14.94642,16.07182019178082,119.86064802350758,162.0519623117694,1438.327776282091,1797.9097203526137,2157.4916644231366,2517.0736084936593,2876.655552564182,3236.2374966347047,1944.6235477412326,2430.779434676541,2916.935321611849,3403.0912085471573,3889.2470954824653,4375.402982417773,1327.5765655353512,1860.258803306436,2392.941041077521,2925.6232788486054,3458.30551661969,1669.9600130759848,2159.706304996464,2649.4525969169435,3139.198888837423,3628.9451807579026
.SPX,2018-04-13,2656.3,22.13471,16.78831,15.21879,16.345404356164384,120.00608998265622,162.51051011767862,1440.0730797918745,1800.0913497398433,2160.109619687812,2520.127889635781,2880.146159583749,3240.164429531718,1950.1261214121434,2437.6576517651793,2925.1891821182153,3412.720712471251,3900.252242824287,4387.7837731773225,1329.1874807088902,1862.5160886568651,2395.8446966048396,2929.1733045528144,3462.501912500789,1674.6853893628754,2165.817484234511,2656.9495791061468,3148.081673977783,3639.2137688494186
.SPX,2018-04-20,2670.14,22.01875,16.84876,15.29926,16.381787397260272,121.2666477434005,162.9944239446399,1455.199772920806,1818.9997161510075,2182.799659381209,2546.5996026114103,2910.399545841612,3274.1994890718133,1955.9330873356787,2444.9163591695983,2933.899631003518,3422.8829028374375,3911.8661746713574,4400.849446505277,1343.1494187616497,1882.0801716997073,2421.0109246377647,2959.9416775758223,3498.87243051388,1679.6721647728837,2172.266722665531,2664.8612805581784,3157.4558384508255,3650.050396343473
.SPX,2018-04-27,2669.91,21.42263,16.70627,15.21568,16.228464438356163,124.63035584333015,164.52018674605077,1495.5642701199617,1869.4553376499523,2243.346405179943,2617.237472709933,2991.1285402399235,3365.0196077699143,1974.2422409526093,2467.8028011907613,2961.363361428914,3454.923921667066,3948.4844819052187,4442.045042143371,1380.4058504630054,1934.2855260660551,2488.1652016691046,3042.0448772721543,3595.9245528752035,1695.3952873531148,2192.6009382784005,2689.806589203686,3187.012240128972,3684.217891054258
.SPX,2018-05-04,2663.42,21.20356,16.61142,15.1406,16.11174416438356,125.61192554457837,165.30922864873477,1507.3431065349405,1884.1788831686756,2261.0146598024107,2637.8504364361456,3014.686213069881,3391.521989703616,1983.7107437848172,2479.6384297310215,2975.5661156772258,3471.49380162343,3967.4214875696343,4463.349173515839,1391.2777167035508,1949.5196642750172,2507.7616118464834,3066.0035594179494,3624.2455069894154,1703.526434963587,2203.116693520257,2702.7069520769264,3202.2972106335956,3701.887469190265
.SPX,2018-05-11,2727.72,21.73266,16.99758,15.49895,16.459715534246577,125.51247753381315,165.72096852613424,1506.149730405758,1882.6871630071973,2259.2245956086367,2635.762028210076,3012.299460811516,3388.8368934129553,1988.651622313611,2485.8145278920138,2982.977433470416,3480.140339048819,3977.303244627222,4474.466150205624,1390.1762305130615,1947.9762132713065,2505.776196029551,3063.576178787796,3621.3761615460407,1707.769451346956,2208.604051998072,2709.438652649188,3210.273253300304,3711.10785395142
.SPX,2018-05-18,2712.97,21.60305,16.88962,15.39875,16.325948602739725,125.5827302163352,166.1753363320478,1506.9927625960222,1883.7409532450279,2260.4891438940335,2637.237334543039,3013.9855251920444,3390.73371584105,1994.1040359845738,2492.6300449807172,2991.1560539768607,3489.682062973004,3988.2080719691476,4486.734080965291,1390.9543492411026,1949.0665475325718,2507.178745824041,3065.29094411551,3623.403142406979,1712.4517523588063,2214.6595233494836,2716.8672943401607,3219.075065330838,3721.2828363215153
.SPX,2018-05-25,2721.33,21.69705,16.94163,15.38814,16.3244901369863,125.42396316549944,166.7022968046211,1505.0875579859933,1881.3594474824918,2257.63133697899,2633.9032264754883,3010.1751159719865,3386.447005468485,2000.4275616554532,2500.5344520693166,3000.64134248318,3500.748232897043,4000.8551233109065,4500.96201372477,1389.1958453489215,1946.6024543638591,2504.009063378797,3061.4156723937344,3618.8222814086716,1717.882127314563,2221.682454999709,2725.4827826848555,3229.2831103700014,3733.083438055148
.SPX,2018-06-01,2734.62,21.77174,17.02051,15.45779,16.369733452054795,125.60410881261672,167.05342258683748,1507.2493057514007,1884.0616321892508,2260.873958627101,2637.686285064951,3014.4986115028014,3391.3109379406515,2004.6410710420498,2505.8013388025624,3006.961606563075,3508.1218743235872,4009.2821420840996,4510.4424098446125,1391.1911385785156,1949.3983471898475,2507.605555801179,3065.8127644125107,3624.0199730238423,1721.5005100079688,2226.361994542961,2731.2234790779535,3236.084963612946,3740.946448147938
.SPX,2018-06-08,2779.03,22.17015,17.29854,15.71874,16.61035315068493,125.35007656691543,167.30709905980575,1504.2009188029851,1880.2511485037314,2256.3013782044777,2632.3516079052242,3008.4018376059703,3384.452067306717,2007.685188717669,2509.6064858970863,3011.5277830765035,3513.4490802559208,4015.370377435338,4517.291674614755,1388.377477365728,1945.4557210720843,2502.5339647784403,3059.612208484796,3616.6904521911524,1724.1146688251272,2229.7428032063253,2735.3709375875237,3240.999071968722,3746.62720634992
.SPX,2018-06-15,2779.66,22.21007,17.31414,15.71821,16.588319780821916,125.15313999460604,167.56730257959094,1501.8376799352725,1877.2970999190904,2252.7565199029086,2628.2159398867266,3003.675359870545,3379.134779854363,2010.8076309550913,2513.509538693864,3016.211446432637,3518.91335417141,4021.6152619101827,4524.317169648955,1386.1962078447796,1942.399230068801,2498.6022522928224,3054.8052745168434,3611.008296740865,1726.7960894454275,2233.210599425795,2739.625109406162,3246.0396193865295,3752.454129366897
.SPX,2018-06-22,2754.88,21.94883,17.14819,15.55646,16.393753589041097,125.51375175806638,168.04449237553402,1506.1650210967964,1882.7062763709957,2259.2475316451946,2635.7887869193937,3012.330042193593,3388.8712974677924,2016.5339085064084,2520.6673856330103,3024.8008627596123,3528.9343398862143,4033.0678170128167,4537.201294139419,1390.190343821188,1947.9959894607691,2505.8016351003503,3063.607280739931,3621.412926379512,1731.7135731124238,2239.570225043876,2747.426876975328,3255.2835289067802,3763.1401808382325
.SPX,2018-06-29,2718.37,21.67788,16.90118,15.35482,16.138591506849316,125.39833230924796,168.43911061546524,1504.7799877109755,1880.9749846387194,2257.1699815664633,2633.364978494207,3009.559975421951,3385.754972349695,2021.269327385583,2526.5866592319785,3031.9039910783745,3537.22132292477,4042.538654771166,4547.855986617561,1388.9119579790868,1946.2046588674696,2503.497359755852,3060.7900606442345,3618.082761532617,1735.7801494853018,2244.8293992537288,2753.878649022155,3262.927898790582,3771.9771485590086
.SPX,2018-07-06,2759.82,21.97057,17.16476,15.59526,16.36066,125.61440144702665,168.68634883922778,1507.3728173643199,1884.2160217053997,2261.0592260464796,2637.90243038756,3014.7456347286397,3391.5888390697196,2024.2361860707333,2530.2952325884166,3036.3542791061,3542.4133256237833,4048.4723721414666,4554.5314186591495,1391.305139799647,1949.5580907260792,2507.8110416525114,3066.0639925789433,3624.3169435053755,1738.3279615666702,2248.1244037885626,2757.9208460104555,3267.7172882323484,3777.513730454241
.SPX,2018-07-13,2801.31,22.25266,17.42244,15.80811,16.564412547945206,125.88652322913306,169.11616949237953,1510.6382787495968,1888.297848436996,2265.957418124395,2643.6169878117944,3021.2765574991936,3398.936127186593,2029.3940339085543,2536.742542385693,3044.0910508628313,3551.43955933997,4058.7880678171086,4566.136576294247,1394.3191607218876,1953.7814697005997,2513.2437786793116,3072.7060876580235,3632.1683966367355,1742.7573019666136,2253.852729205836,2764.948156445059,3276.0435836842817,3787.139010923504
.SPX,2018-07-20,2801.83,22.05716,17.27737,15.87423,16.50468194520548,127.02587277781909,169.7597087482147,1524.3104733338291,1905.3880916672863,2286.4657100007435,2667.543328334201,3048.6209466676582,3429.698565001115,2037.1165049785764,2546.395631223221,3055.6747574678648,3564.9538837125087,4074.2330099571527,4583.512136201797,1406.9385965895478,1971.4643795040802,2535.9901624186123,3100.5159453331444,3665.0417282476765,1749.3890317448797,2262.42933493472,2775.4696381245603,3288.5099413144003,3801.5502445042407
.SPX,2018-07-27,2818.82,21.85113,17.39855,15.89907,16.54405180821918,129.00110886713867,170.38268694248129,1548.013306405664,1935.0166330070801,2322.019959608496,2709.023286209912,3096.026612811328,3483.029939412744,2044.5922433097753,2555.7403041372195,3066.888364964663,3578.036425792107,4089.1844866195506,4600.332547446995,1428.8163119767205,2002.1203986759829,2575.424485375245,3148.728572074507,3722.0326587737695,1755.80887793867,2270.7319183458626,2785.6549587530553,3300.577999160248,3815.501039567441
.SPX,2018-08-03,2840.35,21.7906,17.59392,15.98351,16.645322328767122,130.3474892843703,170.63953126886534,1564.1698714124436,1955.2123392655546,2346.2548071186657,2737.2972749717765,3128.3397428248873,3519.3822106779985,2047.6743752263842,2559.59296903298,3071.511562839576,3583.4301566461722,4095.3487504527684,4607.267344259364,1443.728821792802,2023.016464774869,2602.304107756936,3181.591750739003,3760.8793937210703,1758.4556817695402,2274.154945769789,2789.8542097700374,3305.553473770286,3821.2527377705346
.SPX,2018-08-10,2833.28,21.63547,17.56379,15.94248,16.577678164383563,130.95532475143827,170.90933796067907,1571.4638970172591,1964.3298712715741,2357.1958455258887,2750.0618197802037,3142.9277940345182,3535.7937682888332,2050.912055528149,2563.640069410186,3076.368083292223,3589.0960971742606,4101.824111056298,4614.552124938335,1450.4612075681766,2032.4501804874128,2614.439153406649,3196.428126325885,3778.4170992451213,1761.2360639393185,2277.7507258216174,2794.2653877039165,3310.7800495862152,3827.294711468514
.SPX,2018-08-17,2850.13,21.73939,17.65969,16.01803,16.62971701369863,131.10441461328952,171.3877631021756,1573.2529753594742,1966.5662191993429,2359.8794630392113,2753.19270687908,3146.5059507189485,3539.819194558817,2056.6531572261074,2570.816446532634,3084.9797358391606,3599.1430251456877,4113.306314452215,4627.469603758741,1452.1125269129027,2034.7640819435283,2617.4156369741536,3200.0671920047794,3782.7187470354047,1766.1662779530948,2284.1268151933155,2802.087352433536,3320.047889673757,3838.0084269139775
.SPX,2018-08-24,2874.69,21.88083,17.80556,16.1675,16.74643079452055,131.37938551691138,171.6598620489688,1576.5526262029366,1970.6907827536706,2364.828939304405,2758.967095855139,3153.105252405873,3547.2434089566073,2059.9183445876256,2574.8979307345317,3089.877516881438,3604.8571030283447,4119.836689175251,4634.816275322158,1455.1581047057148,2039.0316797961227,2622.9052548865307,3206.778829976938,3790.652405067346,1768.970282016128,2287.75314469028,2806.536007364432,3325.318870038584,3844.1017327127356
.SPX,2018-08-31,2901.52,22.03632,17.9751,16.31477,16.869729616438356,131.66989769616706,171.99564343773918,1580.0387723540048,1975.0484654425059,2370.058158531007,2765.067851619508,3160.0775447080096,3555.0872377965106,2063.94772125287,2579.9346515660877,3095.921581879305,3611.9085121925227,4127.89544250574,4643.882372818958,1458.375817671081,2043.5404810402317,2628.7051444093822,3213.869807778533,3799.0344711476832,1772.4305393581703,2292.2281857331814,2812.0258321081924,3331.8234784832034,3851.621124858214
.SPX,2018-09-07,2871.68,21.83417,17.80926,16.13235,16.660691506849314,131.52228822987087,172.36259364261286,1578.2674587584504,1972.834323448063,2367.4011881376755,2761.9680528272884,3156.534917516901,3551.1017822065132,2068.3511237113544,2585.438904639193,3102.5266855670316,3619.61446649487,4136.702247422709,4653.790028350548,1456.740895187869,2041.2495555892447,2625.75821599062,3210.266876391996,3794.7755367933714,1776.211994147037,2297.1186212439884,2818.0252483409395,3338.931875437891,3859.838502534842
.SPX,2018-09-14,2904.98,22.1101,18.01514,16.32214,16.823082465753423,131.38701317497433,172.6782238578238,1576.644158099692,1970.805197624615,2364.966237149538,2759.127276674461,3153.288316199384,3547.4493557243068,2072.1386862938857,2590.173357867357,3108.208029440829,3626.2427010143,4144.277372587771,4662.312044161243,1455.2425886482035,2039.1500624203968,2623.05753619259,3206.9650099647824,3790.8724837369755,1779.4645918373187,2301.325102647324,2823.185613457329,3345.046124267334,3866.906635077339
.SPX,2018-09-21,2929.67,22.25724,18.26273,16.43264,16.939048465753423,131.62773102145638,172.95363466980274,1579.5327722574766,1974.4159653218458,2369.299158386215,2764.182351450584,3159.065544514953,3553.9487375793224,2075.4436160376326,2594.304520047041,3113.1654240564494,3632.0263280658573,4150.887232075265,4669.748136084674,1457.9087795721257,2042.8860466689,2627.863313765674,3212.840580862448,3797.8178479592216,1782.3027249682755,2304.9955701850804,2827.6884154018853,3350.38126061869,3873.0741058354947
.SPX,2018-09-28,2913.98,22.1323,18.18511,16.37059,16.837891041095894,131.66186975596753,173.0608656920222,1579.9424370716104,1974.928046339513,2369.9136556074154,2764.8992648753183,3159.8848741432207,3554.870483411123,2076.7303883042664,2595.912985380333,3115.0955824563994,3634.278179532466,4153.460776608533,4672.643373684599,1458.2869002035538,2043.415885965244,2628.5448717269337,3213.6738574886235,3798.802843250313,1783.4077502744378,2306.4246643563256,2829.441578438213,3352.4584925201007,3875.475406601988
.SPX,2018-10-05,2885.57,21.91115,17.98652,16.22202,16.642599452054796,131.69413745969518,173.38457302376102,1580.3296495163422,1975.4120618954278,2370.4944742745133,2765.576886653599,3160.6592990326844,3555.7417114117698,2080.614876285132,2600.7685953564155,3120.9223144276984,3641.0760334989814,4161.229752570264,4681.383471641548,1458.6442972975865,2043.9166865274942,2629.1890757574015,3214.461464987309,3799.733854217216,1786.7435833753252,2310.7387914755327,2834.7339995757397,3358.7292076759472,3882.7244157761543
.SPX,2018-10-12,2767.13,20.96252,17.26514,15.51894,15.901668767123288,132.003690396002,174.01506977186213,1584.0442847520242,1980.0553559400303,2376.066427128036,2772.0774983160422,3168.0885695040483,3564.0996406920544,2088.1808372623454,2610.226046577932,3132.271255893518,3654.3164652091045,4176.361674524691,4698.406883840277,1462.0729056925036,2048.7210037437767,2635.3691017950496,3222.0171998463225,3808.6652978975953,1793.2409089410448,2319.1415765003385,2845.0422440596317,3370.9429116189253,3896.8435791782185
.SPX,2018-10-19,2767.78,20.73937,17.17437,15.52722,15.85665,133.4553556834176,174.55010989080293,1601.4642682010112,2001.830335251264,2402.1964023015166,2802.5624693517693,3202.9285364020225,3603.294603452275,2094.6013186896353,2618.251648362044,3141.901978034453,3665.5523077068615,4189.2026373792705,4712.852967051679,1478.151550755361,2071.251109953778,2664.3506691521948,3257.4502283506113,3850.549787549028,1798.7545453776315,2326.2721875822294,2853.7898297868273,3381.3074719914252,3908.8251141960227
.SPX,2018-10-26,2658.69,19.56731,16.43604,14.93503,15.206445506849317,135.8740675136235,174.83967563639166,1630.488810163482,2038.1110127043523,2445.7332152452227,2853.3554177860933,3260.977620326964,3668.599822867834,2098.0761076367,2622.5951345458748,3147.1141614550497,3671.6331883642247,4196.1522152734,4720.671242182575,1504.9412035522882,2108.789952342812,2712.6387011333354,3316.487449923859,3920.3361987143826,1801.738546369606,2330.1313013969443,2858.524056424282,3386.9168114516206,3915.309566478959
.SPX,2018-11-02,2723.06,19.65319,16.74016,15.32583,15.554447726027398,138.55562379440693,175.0663249485534,1662.6674855328831,2078.334356916104,2494.001228299325,2909.6680996825453,3325.3349710657662,3741.001842448987,2100.7958993826405,2625.994874228301,3151.193849073961,3676.392823919621,4201.591798765281,4726.790773610942,1534.642121545273,2150.4081878533584,2766.1742541614435,3381.9403204695286,3997.706386777614,1804.0741878694175,2333.1519124498177,2862.2296370302183,3391.3073616106185,3920.3850861910187
.SPX,2018-11-09,2781.01,19.73693,17.08913,15.6674,15.86994783561644,140.90387917472475,175.23750101803512,1690.846550096697,2113.558187620871,2536.2698251450456,2958.9814626692196,3381.693100193394,3804.4047377175684,2102.8500122164214,2628.562515270527,3154.275018324632,3679.9875213787373,4205.700024432843,4731.412527486948,1560.6513986867653,2186.853533474977,2813.055668263189,3439.257803051401,4065.459937839613,1805.838172625616,2335.433217972135,2865.0282633186544,3394.6233086651737,3924.218354011693
.SPX,2018-11-16,2736.27,19.37302,16.788,15.42756,15.595285479452055,141.2412726565089,175.4549478177388,1694.8952718781068,2118.6190898476334,2542.3429078171603,2966.0667257866867,3389.7905437562135,3813.5143617257404,2105.4593738128656,2631.824217266082,3158.189060719298,3684.5539041725146,4210.918747625731,4737.283591078947,1564.3883689698991,2192.0899409616454,2819.7915129533912,3447.493084945137,4075.1946569368833,1808.0789814087757,2338.331184881156,2868.5833883535356,3398.835591825916,3929.0877952982955
.SPX,2018-11-23,2632.56,18.59125,16.21845,14.86619,15.006973232876712,141.6020977610435,175.42244922731564,1699.2251731325218,2124.0314664156526,2548.837759698783,2973.6440529819133,3398.4503462650437,3823.2566395481745,2105.069390727788,2631.3367384097346,3157.6040860916814,3683.8714337736283,4210.138781455576,4736.406129137522,1568.3848679120958,2197.690011445436,2826.9951549787756,3456.300298512115,4085.6054420454548,1807.74408051826,2337.8980681842695,2868.052055850279,3398.2060435162884,3928.3600311822975
.SPX,2018-11-30,2760.17,19.51466,17.03745,15.58457,15.707965287671232,141.44084498525726,175.71785711586622,1697.290139823087,2121.612674778859,2545.9352097346305,2970.2577446904024,3394.580279646174,3818.902814601946,2108.614285390395,2635.7678567379935,3162.921428085592,3690.074999433191,4217.22857078079,4744.382142128388,1566.5988321297818,2195.1873393786614,2823.77584662754,3452.364353876419,4080.952861125298,1810.788285317691,2341.8350416731864,2872.8817980286817,3403.928554384177,3934.9753107396723
.SPX,2018-12-07,2633.08,18.44415,16.33468,14.86657,14.963103260273972,142.75962839165805,175.97151835412708,1713.1155406998967,2141.3944258748706,2569.673311049845,2997.952196224819,3426.2310813997933,3854.5099665747675,2111.658220249525,2639.5727753119063,3167.4873303742875,3695.4018854366686,4223.31644049905,4751.230995561431,1581.205677447448,2215.6550949086527,2850.1045123698577,3484.5539298310623,4119.003347292267,1813.4022871398226,2345.215647299863,2877.029007459904,3408.842367619944,3940.6557277799848
.SPX,2018-12-14,2599.95,18.20844,16.06118,14.74785,14.809018794520547,142.78817954750653,175.56531165738014,1713.4581545700785,2141.822693212598,2570.1872318551177,2998.5517704976373,3426.916309140157,3855.280847782676,2106.7837398885617,2633.479674860702,3160.1756098328424,3686.871544804983,4213.5674797771235,4740.263414749264,1581.5219100563017,2216.098213979737,2850.674517903172,3485.2508218266066,4119.827125750041,1809.2162906795884,2339.802030879666,2870.3877710797437,3400.973511279821,3931.559251479899
.SPX,2018-12-21,2416.62,16.98279,14.96481,13.81306,13.844614794520549,142.29817362164871,174.55306889119478,1707.5780834597845,2134.4726043247306,2561.3671251896767,2988.261646054623,3415.156166919569,3842.0506877845155,2094.6368266943373,2618.2960333679216,3141.955240041506,3665.6144467150903,4189.273653388675,4712.932860062259,1576.0946043069225,2208.493233927647,2840.8918635483715,3473.2904931690955,4105.6891227898195,1798.7850381421904,2326.3116229072425,2853.8382076722946,3381.3647924373468,3908.891377202399
.SPX,2018-12-28,2485.74,17.57715,15.41178,14.21183,14.221692602739727,141.41883069780937,174.78510254968782,1697.0259683737124,2121.2824604671405,2545.5389525605688,2969.7954446539966,3394.051936747425,3818.308428840853,2097.4212305962537,2621.776538245317,3146.1318458943806,3670.487153543444,4194.8424611925075,4719.197768841571,1566.3550018768615,2194.8456736802127,2823.3363454835635,3451.8270172869143,4080.317689090265,1801.176165814101,2329.403992466179,2857.6318191182563,3385.8596457703343,3914.087472422412
.SPX,2019-01-04,2531.94,17.89362,14.56439,,14.56439,141.4995959453705,173.84456197616242,1697.9951513444457,2122.4939391805574,2546.9927270166686,2971.4915148527803,3395.9903026888915,3820.489090525003,2086.1347437139493,2607.6684296424364,3129.2021155709235,3650.735801499411,4172.269487427899,4693.803173356386,1567.2495577777338,2196.0991648406084,2824.948771903483,3453.7983789663576,4082.647986029232,1791.4838108061365,2316.8691772268558,2842.254543647575,3367.639910068294,3893.025276489013
.SPX,2019-01-11,2596.26,18.32826,15.06172,,15.06172,141.65338117202617,172.3747354219837,1699.840574064314,2124.8007175803928,2549.760861096471,2974.7210046125497,3399.681148128628,3824.6412916447066,2068.4968250638044,2585.6210313297556,3102.7452375957064,3619.8694438616576,4136.993650127609,4654.11785639356,1568.9528829841317,2198.485939202521,2828.01899542091,3457.552051639299,4087.085107857688,1776.3371162729752,2297.2804377199323,2818.223759166889,3339.1670806138463,3860.110402060803
.SPX,2019-01-18,2670.71,18.70999,15.56759,,15.56759,142.74246004407271,171.5557770984462,1712.9095205288727,2141.1369006610907,2569.364280793309,2997.591660925527,3425.8190410577454,3854.0464211899634,2058.6693251813545,2573.3366564766934,3088.003987772032,3602.6713190673704,4117.338650362709,4632.005981658048,1581.0155208255783,2215.3886390679704,2849.761757310362,3484.1348755527542,4118.507993795146,1767.8976772611095,2286.3659789892786,2804.8342807174477,3323.3025824456167,3841.770884173786
.SPX,2019-01-25,2664.76,18.70526,15.56282,,15.56282,142.46046299276247,171.22603744051528,1709.5255559131497,2136.906944891437,2564.2883338697247,2991.669722848012,3419.0511118262993,3846.4325008045867,2054.7124492861835,2568.390561607729,3082.068673929275,3595.746786250821,4109.424898572367,4623.103010893913,1577.8921214193267,2211.0119941402418,2844.1318668611566,3477.251739582072,4110.371612302986,1764.4996804975121,2281.971457577247,2799.443234656982,3316.915011736717,3834.386788816452
.SPX,2019-02-01,2706.53,18.78982,15.88417,13.81312,15.702598493150685,144.04235910721872,172.361918390804,1728.5083092866246,2160.635386608281,2592.762463929937,3024.889541251593,3457.016618573249,3889.1436958949052,2068.343020689648,2585.42877586206,3102.514531034472,3619.600286206884,4136.686041379296,4653.771796551708,1595.4132031529382,2235.5633061960243,2875.7134092391107,3515.8635122821966,4156.013615325282,1776.2050356165541,2297.109621997276,2818.014208377998,3338.9187947587197,3859.823381139441
.SPX,2019-02-08,2707.88,18.57196,15.94002,13.91948,15.724126684931507,145.80475081789967,172.211789834724,1749.657009814796,2187.071262268495,2624.4855147221942,3061.899767175893,3499.314019629592,3936.7282720832914,2066.541478016688,2583.1768475208596,3099.8122170250317,3616.447586529204,4133.082956033376,4649.718325537548,1614.9334541525402,2262.9159423508495,2910.8984305491585,3558.8809187474676,4206.863406945777,1774.6579473746228,2295.108821855762,2815.559696336901,3336.0105708180404,3856.4614452991796
.SPX,2019-02-15,2775.6,18.85638,16.37457,14.47507,16.135180958904108,147.1968638731294,172.0216220115152,1766.3623664775528,2207.9529580969406,2649.543549716329,3091.1341413357172,3532.7247329551055,3974.3153245744934,2064.2594641381825,2580.324330172728,3096.389196207274,3612.4540622418194,4128.518928276365,4644.583794310911,1630.3524986777818,2284.5217872123008,2938.691075746819,3592.8603642813373,4247.029652815856,1772.6982508920748,2292.574408566762,2812.4505662414495,3332.3267239161364,3852.202881590824
.SPX,2019-02-22,2792.67,18.91831,16.51255,14.63845,16.240420410958905,147.61730831136606,171.95798688287212,1771.4076997363927,2214.2596246704907,2657.111549604589,3099.9634745386875,3542.8153994727854,3985.6673244068834,2063.4958425944656,2579.3698032430816,3095.243763891698,3611.1177245403146,4126.991685188931,4642.865645837547,1635.0093413740037,2291.0471604722347,2947.0849795704657,3603.1227986686968,4259.160617766928,1772.0424851812195,2291.7263275772502,2811.410169973281,3331.0940123693113,3850.777854765342
.SPX,2019-03-01,2803.69,19.63184,16.59176,14.78512,16.294778082191783,142.81340923723909,172.06064334586387,1713.7609108468691,2142.201138558586,2570.6413662703035,2999.081593982021,3427.5218216937383,3855.962049405455,2064.7277201503666,2580.909650187958,3097.0915802255495,3613.2735102631414,4129.455440300733,4645.637370338324,1581.801354105679,2216.48978329964,2851.1782124936,3485.8666416875603,4120.555070881521,1773.10036924405,2293.094455474062,2813.088541704075,3333.082627934087,3853.0767141641
.SPX,2019-03-08,2743.07,19.21003,16.23628,14.50071,15.91769591780822,142.79363436704682,172.3283328293223,1713.5236124045618,2141.9045155057024,2570.2854186068425,2998.666321707983,3427.0472248091237,3855.4281279102643,2067.9399939518676,2584.9249924398346,3101.9099909278016,3618.8949894157686,4135.879987903735,4652.864986391703,1581.5823276388055,2216.182873759553,2850.7834198803,3485.383966001047,4119.984512121794,1775.858933391743,2296.6620189701107,2817.465104548478,3338.2681901268456,3859.0712757052133
.SPX,2019-03-15,2822.48,19.80677,16.7479,14.95465,16.38433698630137,142.50077120095804,172.26696462358052,1710.0092544114964,2137.511568014371,2565.013881617245,2992.516195220119,3420.0185088229928,3847.520822425867,2067.2035754829662,2584.004469353708,3100.805363224449,3617.606257095191,4134.4071509659325,4651.208044836674,1578.338575142726,2211.6375847771837,2844.9365944116416,3478.235604046099,4111.5346136805565,1775.2265285248038,2295.8441498189068,2816.4617711130095,3337.079392407112,3857.697013701215
.SPX,2019-03-22,2800.71,19.7145,16.62038,14.86932,16.231788602739726,142.0634558320018,172.544755759527,1704.7614699840217,2130.9518374800273,2557.1422049760326,2983.332572472038,3409.5229399680434,3835.7133074640487,2070.537069114324,2588.171336392905,3105.805603671486,3623.439870950067,4141.074138228648,4658.708405507229,1573.4948700139093,2204.850371639787,2836.2058732656646,3467.561374891542,4098.91687651742,1778.0891911078404,2299.5463405188348,2821.003489929829,3342.460639340823,3863.917788751817
.SPX,2019-03-29,2834.4,19.9472,16.84368,15.05653,16.412805479452054,142.09513114622604,172.6944247007933,1705.1415737547125,2131.4269671933907,2557.712360632069,2983.997754070747,3410.283147509425,3836.568540948103,2072.3330964095194,2590.4163705118995,3108.499644614279,3626.582918716659,4144.666192819039,4662.749466921419,1573.8457058016636,2205.341978210457,2836.8382506192506,3468.334523028044,4099.830795436837,1779.631542977874,2301.5410152608356,2823.4504875437974,3345.359959826759,3867.269432109721
.SPX,2019-04-05,2892.74,20.29314,17.19682,15.39826,16.728701643835617,142.54767867367985,172.9207718320417,1710.5721440841583,2138.2151801051978,2565.8582161262375,2993.501252147277,3421.1442881683165,3848.7873241893562,2075.0492619845004,2593.8115774806256,3112.573892976751,3631.336208472876,4150.098523969001,4668.860839465126,1578.8581223215613,2212.365597185848,2845.873072050134,3479.3805469144204,4112.888021778707,1781.964070476258,2304.557599074456,2827.1511276726537,3349.7446562708515,3872.338184869049
.SPX,2019-04-12,2907.41,20.37014,17.31211,15.48592,16.801777452054797,142.72901413539623,173.04181109983898,1712.7481696247546,2140.9352120309436,2569.122254437132,2997.3092968433207,3425.496339249509,3853.683381655698,2076.501733198068,2595.6271664975848,3114.7525997971015,3633.8780330966188,4153.003466396136,4672.128899695653,1580.8665939379334,2215.1799561482935,2849.4933183586536,3483.8066805690137,4118.120042779374,1783.2113909921588,2306.170719126103,2829.130047260048,3352.089375393992,3875.0487035279366
.SPX,2019-04-18,2905.03,20.30263,17.28361,15.44255,16.738858,143.08638831520844,173.5500713370052,1717.0366597825014,2146.2958247281267,2575.554989673752,3004.8141546193774,3434.0733195650027,3863.3324845106276,2082.6008560440623,2603.251070055078,3123.9012840660935,3644.551498077109,4165.201712088125,4685.85192609914,1584.824870437098,2220.7264676600594,2856.62806488302,3492.529662105981,4128.431259328942,1788.449058344012,2312.944428145899,2837.4397979477862,3361.935167749674,3886.430537551561
.SPX,2019-04-26,2939.88,20.56863,17.46836,15.60387,16.875809753424658,142.93027780654327,174.20675173251473,1715.1633336785194,2143.954167098149,2572.745000517779,3001.535833937409,3430.326667357039,3859.1175007766683,2090.481020790177,2613.101275987721,3135.721531185265,3658.3417863828095,4180.962041580354,4703.582296777898,1583.0957904066195,2218.3036045033705,2853.511418600121,3488.7192326968716,4123.927046793622,1795.2162087458198,2321.696169070955,2848.1761293960903,3374.6560897212253,3901.1360500463607
.SPX,2019-05-03,2945.64,20.66928,17.5321,15.65442,16.899347561643836,142.51294674995935,174.30495403773276,1710.1553609995121,2137.6942012493905,2565.2330414992684,2992.7718817491464,3420.3107219990243,3847.8495622489027,2091.659448452793,2614.5743105659913,3137.48917267919,3660.404034792388,4183.318896905586,4706.233759018784,1578.4734315263115,2211.8265514863438,2845.179671446376,3478.532791406408,4111.88591136644,1796.228192313106,2323.004935313085,2849.781678313064,3376.558421313043,3903.335164313022
.SPX,2019-05-10,2881.4,19.87318,17.1665,15.31145,16.505797260273972,144.9893776436383,174.5689683790635,1739.8725317236597,2174.8406646545745,2609.8087975854896,3044.7769305164043,3479.7450634473194,3914.7131963782344,2094.827620548762,2618.5345256859528,3142.241430823143,3665.9483359603337,4189.655241097524,4713.362146234715,1605.9023806837627,2250.2612041159773,2894.620027548192,3538.978850980406,4183.337674412621,1798.9488837913907,2326.5235192873074,2854.0981547832243,3381.6727902791413,3909.2474257750578
.SPX,2019-05-17,2859.53,19.69537,17.05538,15.19668,16.35773095890411,145.1879299551113,174.8121427833763,1742.2551594613356,2177.818949326669,2613.382739192003,3048.946529057337,3484.510318922671,3920.0741087880047,2097.7457134005153,2622.1821417506444,3146.618570100773,3671.054998450902,4195.491426801031,4719.92785515116,1608.1015461320649,2253.3427716815227,2898.58399723098,3543.8252227804373,4189.066448329894,1801.4548178486696,2329.764364302178,2858.0739107556865,3386.383457209195,3914.6930036627036
.SPX,2019-05-24,2826.06,19.42459,16.87428,15.03243,16.147632328767124,145.48878509147426,175.01389321116469,1745.865421097691,2182.331776372114,2618.7981316465366,3055.2644869209594,3491.730842195382,3928.197197469805,2100.166718533976,2625.2083981674705,3150.2500778009644,3675.2917574344583,4200.333437067952,4725.375116701446,1611.43381769277,2258.012097479172,2904.5903772655743,3551.168657051976,4197.746936838378,1803.5338741107555,2332.4531418073343,2861.3724095039133,3390.2916772004924,3919.2109448970714
.SPX,2019-05-31,2752.06,18.89276,16.41179,14.6201,15.670570301369864,145.66744086094357,175.61964542920464,1748.009290331323,2185.0116129141534,2622.0139354969842,3059.016258079815,3496.018580662646,3933.0209032454763,2107.4357451504557,2634.2946814380693,3161.1536177256835,3688.0125540132976,4214.871490300911,4741.730426588525,1613.4126090371872,2260.784867136246,2908.1571252353046,3555.529383334363,4202.901641433421,1809.7762050737872,2340.5261504022537,2871.2760957307205,3402.0260410591873,3932.775986387654
.SPX,2019-06-07,2873.34,19.74249,17.18429,15.28082,16.36032216438356,145.54091201261846,175.62857082700145,1746.4909441514214,2183.113680189277,2619.7364162271324,3056.3591522649876,3492.981888302843,3929.6046243406986,2107.5428499240174,2634.4285624050217,3161.3142748860264,3688.1999873670306,4215.085699848035,4741.97141232904,1612.011175483552,2258.8211166655924,2905.6310578476323,3552.440999029672,4199.250940211712,1809.8681820989884,2340.6451013709516,2871.422020642915,3402.1989399148783,3932.9758591868417
.SPX,2019-06-14,2886.98,20.03036,17.26886,15.35465,16.40353219178082,144.1302103407028,175.99745995234824,1729.5625240884337,2161.953155110542,2594.3437861326506,3026.734417154759,3459.1250481768675,3891.5156791989757,2111.969519428179,2639.9618992852234,3167.954279142268,3695.946658999313,4223.939038856358,4751.931418713402,1596.3862434355503,2236.926773131712,2877.467302827873,3518.0078325240343,4158.5483622201955,1813.6696176373162,2345.5613773511423,2877.4531370649684,3409.344896778794,3941.23665649262
.SPX,2019-06-21,2950.46,20.51742,17.7016,15.7354,16.775061917808216,143.80268084388777,175.88370251365959,1725.6321701266534,2157.0402126583167,2588.44825518998,3019.8562977216434,3451.2643402533067,3882.6723827849696,2110.604430163915,2638.255537704894,3165.9066452458724,3693.5577527868513,4221.20886032783,4748.859967868809,1592.7585266522408,2231.8434564649006,2870.92838627756,3510.0133160902196,4149.098245902879,1812.4973370238022,2344.045304024591,2875.59327102538,3407.141238026169,3938.689205026958
.SPX,2019-06-28,2941.76,20.50761,17.67515,15.72633,16.719427315068494,143.4472373913879,175.94861023431824,1721.3668486966546,2151.7085608708185,2582.050273044982,3012.3919852191457,3442.7336973933093,3873.075409567473,2111.3833228118187,2639.2291535147738,3167.0749842177283,3694.920814920683,4222.7666456236375,4750.6124763265925,1588.8216348892388,2226.326910188087,2863.832185486935,3501.3374607857827,4138.842736084631,1813.1662169095719,2344.910345160469,2876.6544734113663,3408.398601662264,3940.142729913161
.SPX,2019-07-05,2990.41,20.86979,17.97864,15.99615,16.96838482191781,143.2889358254204,176.23421624298217,1719.4672299050449,2149.3340373813057,2579.200844857567,3009.0676523338284,3438.9344598100897,3868.8012672863506,2114.810594915786,2643.5132436447325,3172.2158923736793,3700.9185411026256,4229.621189831572,4758.323838560518,1587.0682867075673,2223.870041428205,2860.6717961488416,3497.4735508694785,4134.275305590116,1816.1094124572162,2348.716686588595,2881.323960719974,3413.931234851353,3946.538508982732
.SPX,2019-07-12,3013.77,21.07293,18.13846,16.1467,17.085282794520545,143.01618237236113,176.39567552060373,1716.1941884683336,2145.242735585417,2574.2912827025,3003.339829819584,3432.388376936667,3861.4369240537503,2116.748106247245,2645.935132809056,3175.122159370867,3704.3091859326782,4233.49621249449,4762.6832390563,1584.0472693977051,2219.6368588069477,2855.2264482161895,3490.816037625432,4126.405627034674,1817.773264801376,2350.8684940391495,2883.9637232769232,3417.058952514697,3950.154181752471
.SPX,2019-07-19,2976.61,20.68876,17.77567,16.14451,16.88188369863014,143.87570835564821,176.31977883140692,1726.5085002677786,2158.135625334723,2589.7627504016677,3021.3898754686124,3453.017000535557,3884.644125602502,2115.837345976883,2644.796682471104,3173.7560189653245,3702.715355459545,4231.674691953766,4760.634028447987,1593.5673793895755,2232.9768565747454,2872.3863337599155,3511.795810945085,4151.205288130254,1816.9911426087444,2349.8570002204488,2882.722857832153,3415.5887154438574,3948.454573055562
.SPX,2019-07-26,3025.86,20.89604,18.15861,16.44426,17.186362191780823,144.80542724841646,176.06169160376956,1737.6651269809977,2172.081408726247,2606.4976904714963,3040.9139722167456,3475.3302539619954,3909.7465357072447,2112.740299245235,2640.925374056543,3169.110448867852,3697.295523679161,4225.48059849047,4753.665673301778,1603.8649460632726,2247.40626091547,2890.9475757676673,3534.4888906198644,4178.030205472061,1814.3315305689293,2346.417408346238,2878.503286123547,3410.589163900855,3942.675041678164
.SPX,2019-08-02,2932.05,20.16131,17.69373,15.98662,16.69284906849315,145.42953806077085,175.6470682727304,1745.1544567292503,2181.4430709115627,2617.7316850938755,3054.020299276188,3490.3089134585007,3926.597527640813,2107.7648192727647,2634.706024090956,3161.647228909147,3688.5884337273383,4215.529638545529,4742.470843363721,1610.7775975668453,2257.0925729124924,2903.4075482581393,3549.7225236037857,4196.037498949433,1810.0587999370616,2340.8916213735315,2871.724442810001,3402.557264246471,3933.3900856829405
.SPX,2019-08-09,2918.65,20.20788,17.74747,15.95174,16.660192383561643,144.43128126255698,175.18705263450542,1733.1753751506837,2166.4692189383545,2599.7630627260255,3033.0569065136965,3466.3507503013675,3899.6445940890385,2102.244631614065,2627.805789517581,3153.3669474210974,3678.9281053246136,4204.48926322813,4730.0504211316465,1599.7209050364065,2241.5994479589745,2883.477990881542,3525.3565338041094,4167.235076726677,1805.3182975064437,2334.7608799736827,2864.203462440922,3393.646044908161,3923.0886273754004
.SPX,2019-08-16,2888.68,19.97741,17.58814,15.77897,16.45802832876712,144.5973226759625,175.51798686303465,1735.16787211155,2168.9598401394373,2602.7518081673247,3036.543776195212,3470.3357442231,3904.1277122509873,2106.215842356416,2632.7698029455196,3159.3237635346236,3685.8777241237276,4212.431684712832,4738.985645301936,1601.5599797701113,2244.1764405423987,2886.7929013146863,3529.4093620869735,4172.025822859261,1808.7286044272494,2339.1713217214888,2869.6140390157284,3400.056756309968,3930.499473604207
.SPX,2019-08-23,2847.11,19.70139,17.31685,15.58311,16.200606438356164,144.5131536404284,175.74095209542597,1734.157843685141,2167.6973046064263,2601.236765527711,3034.7762264489966,3468.315687370282,3901.8551482915673,2108.8914251451115,2636.1142814313894,3163.3371377176672,3690.559994003945,4217.782850290223,4745.005706576501,1600.6277235128546,2242.8701219808027,2885.1125204487503,3527.354918916698,4169.597317384645,1811.0262811544424,2342.142834138377,2873.259387122312,3404.3759401062466,3935.4924930901816
.SPX,2019-08-30,2926.46,20.25344,17.82185,16.0245,16.630182328767123,144.49199740883523,175.97281509883197,1733.9039689060228,2167.3799611325285,2600.855953359034,3034.33194558554,3467.8079378120456,3901.2839300385513,2111.673781185984,2639.5922264824794,3167.5106717789754,3695.4291170754714,4223.347562371968,4751.266007668463,1600.3933970867815,2242.541773463462,2884.690149840142,3526.838526216822,4168.986902593502,1813.4156502103676,2345.232929335052,2877.0502084597365,3408.8674875844213,3940.6847667091056
.SPX,2019-09-06,2978.71,20.45766,18.0793,16.32388,16.88176690410959,145.6036516395326,176.4453932410879,1747.243819674391,2184.054774592989,2620.8657295115863,3057.676684430184,3494.487639348782,3931.29859426738,2117.344718893055,2646.6808986163187,3176.0170783395824,3705.353258062846,4234.68943778611,4764.025617509374,1612.7060796059234,2259.7948469532867,2906.8836143006497,3553.9723816480127,4201.061148995376,1818.2856103722993,2351.531094311729,2884.776578251158,3418.0220621905873,3951.2675461300164
.SPX,2019-09-13,3007.39,20.64135,18.25486,16.46153,16.997072383561644,145.6973502217636,176.93576470901735,1748.3682026611632,2185.460253326454,2622.552303991745,3059.6443546570354,3496.7364053223264,3933.8284559876174,2123.229176508208,2654.0364706352602,3184.8437647623123,3715.6510588893643,4246.458353016416,4777.265647143468,1613.7438851246236,2261.2490657926373,2908.7542464606513,3556.259427128665,4203.764607796678,1823.3389323519496,2358.0663953100593,2892.793858268169,3427.5213212262793,3962.248784184389
.SPX,2019-09-20,2992.07,20.62725,18.24442,16.44942,16.951036438356166,145.05423650753252,176.51251065862007,1740.6508380903902,2175.813547612988,2610.9762571355855,3046.138966658183,3481.3016761807803,3916.464385703378,2118.150127903441,2647.687659879301,3177.2251918551615,3706.7627238310215,4236.300255806882,4765.8377877827415,1606.620757475421,2251.267825342554,2895.9148932096864,3540.561961076819,4185.209028943952,1818.9772613826337,2352.4255846205865,2885.873907858539,3419.322231096492,3952.7705543344446
.SPX,2019-09-27,2961.79,20.61052,18.17079,16.29767,16.785194383561645,143.7028274880983,176.45252907530158,1724.4339298571797,2155.542412321475,2586.6508947857697,3017.7593772500645,3448.8678597143594,3879.9763421786542,2117.4303489036192,2646.7879361295236,3176.1455233554284,3705.503110581333,4234.8606978072385,4764.218285033143,1591.652550860168,2230.293714433549,2868.9348780069304,3507.576041580311,4146.217205153692,1818.3591457841928,2351.6261953270005,2884.8932448698083,3418.160294412616,3951.427343955424
.SPX,2019-10-04,2952.01,20.63781,18.12827,16.28681,16.730778438356165,143.03891740451144,176.44187990872956,1716.4670088541372,2145.5837610676717,2574.700513281206,3003.8172654947402,3432.9340177082745,3862.0507699218088,2117.3025589047547,2646.628198630943,3175.953838357132,3705.279478083321,4234.6051178095095,4763.930757535698,1584.299082619118,2219.9897105927375,2855.680338566357,3491.3709665399765,4127.061594513596,1818.2494051670835,2351.4842712684426,2884.719137369802,3417.954003471161,3951.18886957252
.SPX,2019-10-11,2970.27,20.75369,18.29684,16.42597,16.841149369863015,143.12009093322683,176.3697913228686,1717.441091198722,2146.8013639984024,2576.1616367980832,3005.5219095977636,3434.882182397444,3864.2424551971244,2116.437495874423,2645.546869843029,3174.656243811635,3703.7656177802405,4232.874991748846,4761.984365717452,1585.1981606421505,2221.24953835004,2857.3009160579295,3493.3522937658186,4129.403671473708,1817.5065258210416,2350.5235289782463,2883.5405321354515,3416.557535292656,3949.5745384498614
.SPX,2019-10-18,2986.2,20.86744,18.41899,16.56817,16.943404739726027,143.10332268836044,176.24556845994852,1717.2398722603252,2146.5498403254064,2575.859808390488,3005.1697764555693,3434.4797445206505,3863.7897125857316,2114.946821519382,2643.6835268992277,3172.4202322790734,3701.1569376589187,4229.893643038764,4758.63034841861,1585.0124355580895,2220.989292175477,2856.966148792865,3492.943005410253,4128.919862027641,1816.226398071726,2348.8679803724417,2881.5095626731572,3414.1511449738728,3946.7927272745887
.SPX,2019-10-25,3022.55,21.17042,18.55629,16.83424,17.150342328767124,142.77232100260647,176.23846463578317,1713.2678520312777,2141.584815039097,2569.9017780469167,2998.218741054736,3426.5357040625554,3854.852667070375,2114.861575629398,2643.5769695367476,3172.292363444097,3701.007757351447,4229.723151258796,4758.438545166146,1581.3462608092805,2215.852086512178,2850.357912215076,3484.863737917973,4119.36956362087,1816.1531925262527,2348.773305962946,2881.3934193996392,3414.0135328363326,3946.633646273026
.SPX,2019-11-01,3066.91,21.60999,18.83214,17.099,17.383899726027398,141.92093564133995,176.42243963293132,1703.0512276960794,2128.8140346200994,2554.576841544119,2980.339648468139,3406.102455392159,3831.865262316179,2117.069275595176,2646.3365944939696,3175.603913392764,3704.8712322915576,4234.138551190352,4763.4058700891455,1571.9163163488133,2202.638432661486,2833.3605489741585,3464.082665286831,4094.8047815995037,1818.0490713805432,2351.225185937951,2884.4013004953595,3417.5774150527677,3950.7535296101755
.SPX,2019-11-08,3093.08,21.89359,18.95979,17.25948,17.506374328767123,141.2778808774623,176.68307222914436,1695.3345705295478,2119.1682131619345,2543.0018557943217,2966.8354984267085,3390.6691410590956,3814.5027836914824,2120.196866749732,2650.2460834371655,3180.2953001245983,3710.3445168120315,4240.393733499464,4770.442950186898,1564.7938416337392,2192.6581071314845,2820.5223726292297,3448.386638126975,4076.25090362472,1820.7349136719347,2354.6987005643646,2888.662487456794,3422.626274349224,3956.590061241654
.SPX,2019-11-15,3120.46,22.14995,19.22054,17.42696,17.653000219178082,140.87887331574112,176.76655306501138,1690.5464797888935,2113.1830997361167,2535.8197196833403,2958.4563396305634,3381.092959577787,3803.72957952501,2121.1986367801364,2651.4982959751705,3181.7979551702047,3712.0976143652388,4242.397273560273,4772.696932755307,1560.3744337868154,2186.4654380485335,2812.556442310251,3438.6474465719684,4064.7384508336863,1821.5951911765533,2355.8112701685604,2890.0273491605676,3424.2434281525752,3958.4595071445824
.SPX,2019-11-22,3110.29,22.1634,19.30127,17.41824,17.619440465753428,140.33451546242904,176.526037024014,1684.0141855491484,2105.0177319364357,2526.0212783237225,2947.02482471101,3368.0283710982967,3789.031917485584,2118.312444288168,2647.89055536021,3177.4686664322517,3707.046777504294,4236.624888576336,4766.202999648378,1554.3451260762438,2178.0169063121275,2801.6886865480105,3425.360466783894,4049.032247019777,1819.1166517917832,2352.6058538145426,2886.095055837302,3419.584257860061,3953.0734598828203
.SPX,2019-11-29,3140.98,22.39997,19.57452,17.59934,17.772506465753423,140.22250922657486,176.7325281919286,1682.6701107188983,2103.337638398623,2524.0051660783474,2944.672693758072,3365.3402214377966,3786.007749117521,2120.790338303143,2650.987922878929,3181.1855074547148,3711.3830920305004,4241.580676606286,4771.778261182072,1553.1045449817325,2176.278549397587,2799.452553813441,3422.6265582292954,4045.8005626451495,1821.2445618062718,2355.3578123277834,2889.471062849295,3423.5843133708063,3957.6975638923177
.SPX,2019-12-06,3145.91,22.43375,19.60303,17.64413,17.778301232876714,140.23112497910515,176.95222725680856,1682.7734997492616,2103.4668746865773,2524.1602496238925,2944.853624561208,3365.5469994985233,3786.240374435839,2123.4267270817027,2654.2834088521286,3185.140090622554,3715.9967723929794,4246.853454163405,4777.710135933831,1553.1999730587727,2176.4122674256128,2799.6245617924524,3422.836856159292,4046.049150526132,1823.5085803841762,2358.2857957280103,2893.0630110718444,3427.8402264156784,3962.6174417595125
.SPX,2019-12-13,3168.8,22.5909,19.69398,17.77617,17.87074693150685,140.26886932348867,177.31771437114793,1683.226431881864,2104.03303985233,2524.839647822796,2945.6462557932623,3366.452863763728,3787.259471734194,2127.812572453775,2659.765715567219,3191.718858680663,3723.6720017941066,4255.62514490755,4787.5782880209945,1553.6180294259902,2176.998066435315,2800.3781034446397,3423.7581404539646,4047.138177463289,1827.274957893799,2363.1567322719015,2899.0385066500044,3434.920281028107,3970.80205540621
.SPX,2019-12-20,3221.22,23.07108,20.12213,18.13182,18.191801945205484,139.6215521770112,177.0698696974856,1675.4586261241345,2094.323282655168,2513.1879391862017,2932.0525957172354,3350.917252248269,3769.7819087793027,2124.838436369827,2656.048045462284,3187.2576545547404,3718.4672636471973,4249.676872739654,4780.886481832111,1546.4483445602439,2166.9515879611645,2787.4548313620853,3407.9580747630057,4028.461318163926,1824.7208962917946,2359.853645430296,2894.986394568798,3430.1191437073,3965.2518928458016
.SPX,2019-12-27,3240.02,23.20009,20.30708,18.23561,18.25831104109589,139.65549271576103,177.45452975948038,1675.8659125891322,2094.8323907364156,2513.7988688836986,2932.7653470309815,3351.7318251782644,3770.698303325548,2129.4543571137647,2661.8179463922056,3194.181535670647,3726.545124949088,4258.908714227529,4791.27230350597,1546.8242699753732,2167.4783512236654,2788.132432471957,3408.7865137202493,4029.440594968541,1828.6848527474579,2364.9801045568584,2901.275356366259,3437.57060817566,3973.865859985061
.SPX,2020-01-03,3234.85,23.16533,18.20688,,18.20688,139.64186998415303,177.6718471259216,1675.7024398098365,2094.6280497622956,2513.5536597147548,2932.479269667214,3351.404879619673,3770.3304895721317,2132.062165511059,2665.077706888824,3198.093248266589,3731.1087896443537,4264.124331022118,4797.139872399884,1546.6733845968977,2167.2669239803063,2787.8604633637146,3408.454002747123,4029.0475421305314,1830.9243277092335,2367.8763464769986,2904.828365244764,3441.7803840125293,3978.7324027802947
.SPX,2020-01-10,3265.35,23.39007,18.40477,,18.40477,139.60411405352784,177.41868004870477,1675.249368642334,2094.0617108029173,2512.874052963501,2931.686395124085,3350.498737284668,3769.3110794452514,2129.024160584457,2661.280200730572,3193.536240876686,3725.7922810228,4258.048321168914,4790.3043613150285,1546.2551999004645,2166.6809451500503,2787.1066903996357,3407.532435649221,4027.9581808988064,1828.3154182610033,2364.502326655932,2900.68923505086,3436.876143445789,3973.0630518407174
.SPX,2020-01-17,3329.62,23.8073,18.78032,,18.78032,139.8571026533878,177.2930386702676,1678.2852318406538,2097.8565398008172,2517.4278477609805,2936.9991557211442,3356.5704636813075,3776.1417716414708,2127.5164640432113,2659.3955800540143,3191.274696064817,3723.1538120756195,4255.0329280864225,4786.912044097226,1549.0573016916699,2170.607373696752,2792.157445701834,3413.707517706916,4035.2575897119978,1827.020672581996,2362.8278731454143,2898.6350737088324,3434.442274272251,3970.2494748356694
.SPX,2020-01-24,3295.47,23.5616,18.58737,,18.58737,139.86613812304768,177.29619628812466,1678.3936574765721,2097.992071845715,2517.590486214858,2937.188900584001,3356.7873149531442,3776.3857293222873,2127.554355457496,2659.44294432187,3191.331533186244,3723.220122050618,4255.108710914992,4786.997299779366,1549.1573785557352,2170.7476058100765,2792.3378330644173,3413.9280603187585,4035.5182875730993,1827.0532121173562,2362.8699554941704,2898.686698870985,3434.5034422477993,3970.3201856246137
.SPX,2020-01-31,3225.52,22.71913,18.17971,,18.17971,141.97374635384367,177.42417233278198,1703.6849562461239,2129.606195307655,2555.527434369186,2981.448673430717,3407.3699124922477,3833.291151553779,2129.090067993384,2661.36258499173,3193.635101990076,3725.9076189884217,4258.180135986768,4790.452652985114,1572.501247812853,2203.458064412723,2834.414881012593,3465.3716976124624,4096.328514212332,1828.3720167412594,2364.5755236748455,2900.779030608432,3436.9825375420182,3973.1860444756044
.SPX,2020-02-07,3327.71,23.4802,18.8818,16.48294,18.63273803278688,141.72409093619305,178.59479342995292,1700.6890912343165,2125.8613640428957,2551.033636851475,2976.205909660054,3401.378182468633,3826.550455277212,2143.137521159435,2678.9219014492937,3214.7062817391525,3750.490662029011,4286.27504231887,4822.059422608729,1569.736064348578,2199.5833674530786,2829.430670557579,3459.277973662079,4089.1252767665796,1840.43537219127,2380.1766785652626,2919.9179849392553,3459.659291313248,3999.400597687241
.SPX,2020-02-14,3380.16,23.77949,19.19383,16.89027,18.910605409836062,142.14602583991498,178.74414524253473,1705.75231007898,2132.1903875987246,2558.6284651184696,2985.0665426382147,3411.50462015796,3837.9426976777045,2144.9297429104167,2681.162178638021,3217.394614365625,3753.627050093229,4289.8594858208335,4826.091921548437,1574.409415440863,2206.131873005268,2837.854330569673,3469.576788134078,4101.299245698483,1841.9744560217528,2382.1671268553923,2922.359797689032,3462.552468522671,4002.7451393563106
.SPX,2020-02-21,3337.75,23.50131,18.98714,16.751,18.66943704918033,142.02399781118584,178.78150215282156,1704.28797373423,2130.3599671677875,2556.431960601345,2982.5039540349026,3408.57594746846,3834.6479409020176,2145.378025833859,2681.722532292323,3218.067038750788,3754.411545209253,4290.756051667718,4827.1005581261825,1573.0578329661253,2204.237976063805,2835.4181191614844,3466.5982622591637,4097.778405356843,1842.3594223344164,2382.664991574404,2922.970560814392,3463.2761300543793,4003.581699294367
.SPX,2020-02-28,2954.22,20.70442,16.82937,14.99755,16.534076612021856,142.68547488893677,178.6746287271948,1712.2256986672412,2140.2821233340514,2568.338548000862,2996.394972667672,3424.4513973344824,3852.507822001293,2144.0955447263377,2680.119430907922,3216.1433170895066,3752.167203271091,4288.191089452675,4824.21497563426,1580.3843532339677,2214.504219216689,2848.6240851994103,3482.7439511821312,4116.863817164853,1841.2580820932303,2381.240663180783,2921.2232442683353,3461.205825355888,4001.1884064434407
.SPX,2020-03-06,2972.37,20.8455,17.04684,15.12686,16.700614098360656,142.59048715550117,177.9796828124883,1711.085845866014,2138.8573073325174,2566.628768799021,2994.4002302655244,3422.171691732028,3849.9431531985315,2135.7561937498594,2669.6952421873248,3203.6342906247896,3737.5733390622545,4271.512387499719,4805.451435937184,1579.3322690762238,2213.029992518907,2846.72771596159,3480.4254394042728,4114.123162846956,1834.0966020824073,2371.9789482825972,2909.861294482787,3447.7436406829765,3985.625986883166
.SPX,2020-03-13,2711.02,19.0893,15.59654,13.80476,15.239163114754096,142.01777959380385,177.8982204984257,1704.213355125646,2130.2666939070577,2556.3200326884694,2982.373371469881,3408.426710251292,3834.480049032704,2134.7786459811086,2668.4733074763853,3202.1679689716625,3735.8626304669397,4269.557291962217,4803.251953457494,1572.9889599889484,2204.1414682122586,2835.2939764355683,3466.446484658878,4097.598992882188,1833.2571256261122,2370.893280014279,2908.5294344024455,3446.165588790612,3983.801743178779
.SPX,2020-03-20,2304.92,16.23511,13.48599,11.90294,13.1399681420765,141.97132018200062,175.4129062626293,1703.6558421840075,2129.5698027300095,2555.4837632760114,2981.397723822013,3407.311684368015,3833.225644914017,2104.9548751515513,2631.1935939394393,3157.4323127273274,3683.671031515215,4209.909750303103,4736.148469090991,1572.4743755329523,2203.420409789594,2834.3664440462353,3465.3124783028766,4096.258512559518,1807.6457394108459,2337.7708867499477,2867.89603408905,3398.0211814281515,3928.1463287672536
.SPX,2020-03-27,2541.47,17.90513,15.14699,13.30634,14.709458442622951,141.94088509829305,172.77794487903742,1703.2906211795166,2129.1132764743957,2554.935931769275,2980.758587064154,3406.5812423590332,3832.4038976539123,2073.335338548449,2591.6691731855612,3110.0030078226737,3628.3368424597857,4146.670677096898,4665.0045117340105,1572.1372765386907,2202.9480518194846,2833.7588271002783,3464.569602381072,4095.3803776618656,1780.4922259092186,2302.6541091905547,2824.8159924718902,3346.9778757532263,3869.1397590345623
.SPX,2020-04-03,2488.65,17.47719,15.47628,13.43947,14.953164863387975,142.39417206084045,166.42965036072908,1708.7300647300854,2135.9125809126067,2563.095097095128,2990.2776132776494,3417.4601294601707,3844.642645642692,1997.1558043287491,2496.444755410936,2995.7337064931235,3495.022657575311,3994.3116086574983,4493.600559739685,1577.1578830418575,2209.9831469604474,2842.8084108790367,3475.633674797626,4108.458938716216,1715.0724812447972,2218.048828874432,2721.025176504066,3224.001524133701,3726.9778717633353
.SPX,2020-04-09,2789.82,19.59174,18.07564,15.50412,17.373038907103826,142.3977655889676,160.58330467787326,1708.7731870676112,2135.966483834514,2563.1597806014165,2990.353077368319,3417.5463741352223,3844.739670902125,1926.9996561344792,2408.7495701680987,2890.4994842017186,3372.2493982353385,3853.9993122689584,4335.749226302578,1577.197684960234,2210.038919162948,2842.880153365662,3475.7213875683756,4108.56262177109,1654.8253643712267,2140.1331439772575,2625.4409235832886,3110.7487031893193,3596.0564827953503
.SPX,2020-04-17,2874.56,20.47673,19.79114,16.47358,18.81218786885245,140.381789475175,152.80306682241044,1684.5814737021,2105.726842127625,2526.87221055315,2948.017578978675,3369.1629474042,3790.308315829725,1833.6368018689254,2292.0460023361566,2750.455202803388,3208.8644032706193,3667.273603737851,4125.682804205082,1554.8687330524722,2178.7506074878547,2802.6324819232373,3426.5143563586194,4050.396230794002,1574.649315124464,2036.4440030923845,2498.238691060305,2960.033379028225,3421.828066996146
.SPX,2020-04-24,2836.74,20.32555,19.8205,16.63834,18.820640983606555,139.56522701722707,150.72494090243265,1674.7827242067249,2093.478405258406,2512.174086310087,2930.8697673617685,3349.5654484134498,3768.261129465131,1808.6992908291918,2260.87411353649,2713.0489362437875,3165.2237589510855,3617.3985816583836,4069.5734043656817,1545.8244870773044,2166.0774113563834,2786.3303356354622,3406.583259914541,4026.83618419362,1553.2340410420493,2008.7483085267245,2464.2625760113992,2919.7768434960744,3375.291110980749
.SPX,2020-05-01,2830.71,20.50754,20.17959,16.78194,19.047040000000003,138.0326455537817,148.61679295050567,1656.3917466453804,2070.4896833067255,2484.5876199680706,2898.6855566294157,3312.783493290761,3726.8814299521055,1783.401515406068,2229.2518942575853,2675.102273109102,3120.952651960619,3566.803030812136,4012.6534096636533,1528.8496144298201,2142.2914715490215,2755.7333286682224,3369.1751857874237,3982.6170429066246,1531.509387226423,1980.6525029672541,2429.795618708085,2878.938734448916,3328.0818501897465
.SPX,2020-05-08,2929.8,21.47387,21.13585,17.54584,19.870518606557376,136.43558427055765,147.44456639562245,1637.2270112466917,2046.5337640583648,2455.840516870038,2865.147269681711,3274.4540224933835,3683.7607753050565,1769.3347967474692,2211.6684959343365,2654.002195121204,3096.335894308071,3538.6695934949385,3981.003292681806,1511.1605632833905,2117.504793347893,2723.849023412396,3330.1932534768985,3936.537483541401,1519.4294873906244,1965.029951747572,2410.63041610452,2856.2308804614677,3301.8313448184153
.SPX,2020-05-15,2863.7,21.12582,20.98633,17.23865,19.593749453551915,135.5545015530758,146.15375208244657,1626.6540186369095,2033.3175232961369,2439.9810279553644,2846.6445326145918,3253.308037273819,3659.9715419330464,1753.845024989359,2192.3062812366984,2630.7675374840383,3069.228793731378,3507.690049978718,3946.1513062260574,1501.401690898538,2103.830231190384,2706.25877148223,3308.6873117740756,3911.1158520659214,1506.1275300643522,1947.8269523455517,2389.526374626751,2831.2257969079506,3272.92521918915
.SPX,2020-06-05,3193.93,22.21285,23.36141,19.22599,21.58747300546448,143.7874923749091,147.95293544508493,1725.4499084989093,2156.8123856236366,2588.174862748364,3019.5373398730912,3450.8998169978186,3882.262294122546,1775.4352253410193,2219.294031676274,2663.1528380115287,3107.0116443467837,3550.8704506820386,3994.729257017293,1592.5902991662817,2231.607728696094,2870.625158225906,3509.6425877557176,4148.66001728553,1524.6682760629549,1971.805110935567,2418.9419458081793,2866.0787806807916,3313.215615553404
.SPX,2020-06-12,3041.31,21.17362,22.25157,18.30582,20.48352901639344,143.63675176941874,148.47588018480457,1723.6410212330247,2154.551276541281,2585.461531849537,3016.3717871577933,3447.2820424660495,3878.192297774306,1781.7105622176548,2227.1382027720683,2672.565843326482,3117.993483880896,3563.4211244353096,4008.8487649897233,1590.9206961846228,2229.268207401964,2867.615718619305,3505.963229836646,4144.310741053987,1530.0572685313095,1978.7745239277058,2427.491779324102,2876.2090347204985,3324.926290116895
.SPX,2020-06-19,3097.74,21.59859,22.73843,18.66783,20.83659229508197,143.42325124001147,148.66826379912203,1721.0790148801375,2151.348768600172,2581.6185223202065,3011.8882760402407,3442.158029760275,3872.4277834803097,1784.0191655894644,2230.0239569868304,2676.0287483841967,3122.0335397815625,3568.0383311789287,4014.043122576295,1588.555964270985,2225.954640807008,2863.353317343031,3500.7519938790538,4138.150670415077,1532.0397989400626,1981.3384676090548,2430.637136278047,2879.935804947039,3329.2344736160308
.SPX,2020-06-26,3009.05,21.08396,22.14529,18.15093,20.20267775956284,142.71749709257654,148.943127035508,1712.6099651109184,2140.762456388648,2568.914947666378,2997.0674389441074,3425.219930221837,3853.3724214995664,1787.317524426096,2234.14690553262,2680.9762866391443,3127.8056677456684,3574.635048852192,4021.464429958716,1580.7390311689694,2215.0012095734446,2849.2633879779196,3483.525566382394,4117.78774478687,1534.8722892553983,1985.0016374723882,2435.130985689378,2885.260333906368,3335.389682123358
.SPX,2020-07-02,3130.01,21.96081,23.05877,18.85747,20.946641038251364,142.5270743656541,149.42777671533034,1710.324892387849,2137.9061154848114,2565.4873385817737,2993.068561678736,3420.649784775698,3848.231007872661,1793.1333205839642,2241.416650729955,2689.699980875946,3137.983311021937,3586.2666411679284,4034.5499713139193,1578.62990900105,2212.0458146214864,2845.461720241923,3478.8776258623593,4112.2935314827955,1539.86664769517,1991.4606827952277,2443.054717895285,2894.648752995343,3346.2427880954006
.SPX,2020-07-10,3185.04,22.42357,23.60402,19.2082,21.29801606557377,142.03982684291572,149.54632347884817,1704.4779221149886,2130.5974026437357,2556.716883172483,2982.83636370123,3408.955844229977,3835.0753247587245,1794.5558817461779,2243.1948521827226,2691.833822619267,3140.4727930558115,3589.1117634923557,4037.7507339289004,1573.2331553252668,2204.4836454816573,2835.7341356380475,3466.9846257944373,4098.235115950828,1541.0882827308105,1993.040584630133,2444.9928865294555,2896.945188428778,3348.8974903281005
.SPX,2020-07-17,3224.73,23.13342,23.68208,19.50765,21.4123762568306,139.3970281955716,150.60122058948517,1672.7643383468594,2090.955422933574,2509.146507520289,2927.3375921070037,3345.528676693719,3763.7197612804334,1807.214647073822,2259.0183088422773,2710.821970610733,3162.6256323791886,3614.429294147644,4066.2329559160994,1543.9615168893185,2163.4669354091066,2782.972353928895,3402.4777724486826,4021.983190968471,1551.9590921152967,2007.0994575278407,2462.239822940385,2917.3801883529286,3372.5205537654724
.SPX,2020-07-24,3215.63,23.32479,23.08428,19.60081,21.123638415300547,137.86319190869457,152.22898332092322,1654.3583029043348,2067.9478786304185,2481.537454356502,2895.127030082586,3308.7166058086696,3722.3061815347537,1826.7477998510785,2283.434749813848,2740.121699776618,3196.8086497393874,3653.495599702157,4110.182549664927,1526.972745817212,2139.6615205165203,2752.3502952158287,3365.0390699151367,3977.727844614445,1568.7333331272457,2028.793051261446,2488.852769395646,2948.912487529846,3408.9722056640467
.SPX,2020-07-31,3271.12,24.31287,23.74136,19.86697,21.486592049180327,134.5427339511954,152.24005707898135,1614.512807414345,2018.141009267931,2421.7692111215174,2825.3974129751036,3229.02561482869,3632.6538166822756,1826.8806849477762,2283.60085618472,2740.3210274216644,3197.041198658608,3653.7613698955524,4110.481541132496,1490.1953527035294,2088.1274161352785,2686.059479567027,3283.991542998776,3881.923606430525,1568.8474491977195,2028.9406339550276,2489.0338187123357,2949.127003469644,3409.220188226952
.SPX,2020-08-07,3351.28,24.89851,24.31028,20.31334,21.90774775956284,134.59761246757336,152.97236561148327,1615.1713496108803,2018.9641870136004,2422.7570244163203,2826.5498618190404,3230.3426992217605,3634.1355366244807,1835.6683873377992,2294.585484172249,2753.502581006699,3212.4196778411488,3671.3367746755985,4130.253871510048,1490.8031871637638,2088.9791405743495,2687.1550939849344,3285.33104739552,3883.5070008061048,1576.393954337594,2038.7002896375939,2501.0066249375936,2963.312960237594,3425.6192955375936
.SPX,2020-08-14,3372.85,25.10714,24.47963,20.43636,21.97191882513661,134.33827986779855,153.5073029735276,1612.0593584135827,2015.0741980169782,2418.089037620374,2821.1038772237694,3224.1187168271654,3627.133556430561,1842.0876356823312,2302.609544602914,2763.131453523497,3223.6533624440794,3684.1752713646624,4144.697180285245,1487.9308192280184,2084.9542520085806,2681.9776847891426,3279.0011175697045,3876.0245503502665,1581.906531855142,2045.8295312530865,2509.752530651031,2973.675530048976,3437.5985294469206
.SPX,2020-08-21,3397.16,25.33978,24.71546,20.57653,22.06925885245902,134.0643052149624,153.93176647712747,1608.7716625795488,2010.9645782244359,2413.157493869323,2815.3504095142102,3217.5433251590975,3619.7362408039844,1847.1811977255297,2308.976497156912,2770.7717965882944,3232.5670960196767,3694.3623954510595,4156.157694882441,1484.8962759091417,2080.702116147265,2676.507956385388,3272.3137966235113,3868.1196368616343,1586.2806663482388,2051.486460622457,2516.692254896675,2981.898049170893,3447.103843445111
.SPX,2020-08-28,3508.01,26.26111,25.54215,21.26124,22.72329942622951,133.58193922496042,154.3794294217108,1602.983270699525,2003.7290883744063,2404.4749060492877,2805.2207237241687,3205.96654139905,3606.7123590739316,1852.5531530605294,2315.691441325662,2778.829729590794,3241.9680178559265,3705.106306121059,4168.244594386191,1479.5535900910884,2073.215709273002,2666.8778284549157,3260.5399476368293,3854.202066818743,1590.8938731624319,2057.4525746400695,2524.0112761177074,2990.5699775953453,3457.1286790729832
.SPX,2020-09-04,3426.96,25.6223,,15.58239,22.17906229508197,133.7491169801306,154.5132952153663,1604.9894037615672,2006.236754701959,2407.4841056423506,2808.7314565827423,3209.9788075231345,3611.226158463526,1854.1595425843957,2317.6994282304945,2781.2393138765933,3244.779199522692,3708.3190851687914,4171.85897081489,1481.4052509464443,2075.8103380848816,2670.2154252233186,3264.6205123617556,3859.025599500192,1592.2733721782677,2059.236636952286,2526.1999017263042,2993.1631665003224,3460.126431274341
.SPX,2020-09-11,3340.97,26.76827,,15.27598,21.634825163934426,124.81083013582871,154.42556039553517,1497.7299616299445,1872.1624520374307,2246.594942444917,2621.027432852403,2995.459923259889,3369.892413667375,1853.106724746422,2316.3834059330275,2779.6600871196333,3242.9367683062387,3706.213449492844,4169.49013067945,1382.4047837689197,1937.086519527438,2491.768255285956,3046.449991044474,3601.131726802992,1591.3692569871753,2058.067373458935,2524.765489930695,2991.463606402455,3458.161722874215
.SPX,2020-09-18,3319.47,26.63144,23.81891,20.00759,21.090588032786886,124.64478075537784,157.39105969163293,1495.737369064534,1869.6717113306677,2243.606053596801,2617.5403958629345,2991.474738129068,3365.4090803952017,1888.6927162995953,2360.865895374494,2833.039074449393,3305.2122535242916,3777.3854325991906,4249.558611674089,1380.5656207922186,1934.5094032940372,2488.4531857958555,3042.396968297674,3596.3407507994925,1621.9289933374248,2097.589310965148,2573.2496285928714,3048.9099462205945,3524.570263848318
.SPX,2020-09-25,3298.46,26.44553,23.29157,19.70728,20.657214781420763,124.72656059455038,159.67593089880913,1496.7187271346045,1870.8984089182557,2245.0780907019066,2619.257772485558,2993.437454269209,3367.61713605286,1916.1111707857094,2395.138963482137,2874.1667561785644,3353.1945488749916,3832.222341571419,4311.250134267846,1381.4714143100161,1935.778641098624,2490.0858678872314,3044.393094675839,3598.7003214644465,1645.4747961563505,2128.040350754161,2610.6059053519716,3093.171459949782,3575.7370145475925
.SPX,2020-10-02,3348.44,26.75744,23.56162,19.98097,20.86145770491803,125.14052166425488,160.508438449659,1501.6862599710585,1877.107824963823,2252.5293899565877,2627.9509549493523,3003.372519942117,3378.7940849348815,1926.1012613959078,2407.626576744885,2889.151892093862,3370.677207442839,3852.2025227918157,4333.727838140793,1386.0564472148596,1942.2033913134976,2498.350335412136,3054.4972795107733,3610.6442236094113,1654.053861171487,2139.1353833651733,2624.2169055588597,3109.298427752546,3594.3799499462325
.SPX,2020-10-09,3477.13,27.65249,24.34726,20.7209,21.5432712568306,125.74382994081185,161.40213612626385,1508.9259592897422,1886.1574491121778,2263.388938934613,2640.620428757049,3017.8519185794844,3395.0834084019198,1936.8256335151664,2421.0320418939577,2905.2384502727496,3389.444858651541,3873.6512670303327,4357.857675409124,1392.738689827076,1951.5668442155097,2510.394998603943,3069.2231529923765,3628.0513073808097,1663.2634959233187,2151.0459118116655,2638.8283277000123,3126.6107435883587,3614.3931594767055
.SPX,2020-10-16,3483.81,27.8164,24.25496,20.78966,21.50923049180328,125.24302210206928,161.96813741559038,1502.9162652248312,1878.6453315310391,2254.3743978372468,2630.103464143455,3005.8325304496625,3381.5615967558706,1943.6176489870845,2429.5220612338558,2915.4264734806266,3401.330885727398,3887.235297974169,4373.13971022094,1387.1917420880595,1943.7942165337117,2500.396690979364,3056.9991654250157,3613.601639870668,1669.0961899989777,2158.589150015982,2648.0821100329867,3137.575070049991,3627.0680300669956
.SPX,2020-10-23,3465.39,27.6576,23.93336,20.52472,21.167332459016396,125.29612113849358,163.71406301240802,1503.553453661923,1879.4418170774036,2255.330180492884,2631.218543908365,3007.106907323846,3382.9952707393263,1964.5687561488962,2455.71094518612,2946.8531342233446,3437.9953232605685,3929.1375122977925,4420.279701335016,1387.7798670279112,1944.618323124025,2501.4567792201387,3058.2952353162523,3615.133691412366,1687.088109941804,2181.8575292797113,2676.6269486176184,3171.3963679555254,3666.1657872934325
.SPX,2020-10-30,3269.96,25.91701,22.24209,19.35007,19.839975027322403,126.17041857837768,164.81673971347297,1514.0450229405321,1892.5562786756652,2271.067534410798,2649.578790145931,3028.0900458810643,3406.6013016161974,1977.8008765616755,2472.2510957020945,2966.7013148425135,3461.1515339829325,3955.601753123351,4450.05197226377,1397.4635856765042,1958.187576553505,2518.911567430506,3079.6355583075065,3640.359549184507,1698.4512922930694,2196.5531725146943,2694.655052736319,3192.7569329579437,3690.8588131795686
.SPX,2020-11-06,3509.44,27.72117,23.59696,20.64852,21.09159158469945,126.59783118822185,166.3904777364391,1519.1739742586622,1898.9674678233278,2278.760961387993,2658.554454952659,3038.3479485173243,3418.1414420819897,1996.6857328372691,2495.8571660465864,2995.028599255904,3494.200032465221,3993.3714656745383,4492.542898883856,1402.19760784308,1964.8210970893765,2527.4445863356727,3090.068075581969,3652.6915648282657,1714.6688038364011,2217.5267656889237,2720.384727541446,3223.2426893939687,3726.100651246491
.SPX,2020-11-13,3585.15,28.11195,23.94453,21.06033,21.43858573770492,127.53117446495175,167.2288482021764,1530.374093579421,1912.967616974276,2295.5611403691314,2678.1546637639867,3060.748187158842,3443.3417105536973,2006.7461784261168,2508.432723032646,3010.119267639175,3511.8058122457046,4013.4923568522336,4515.178901458763,1412.5353181943838,1979.3067525207,2546.078186847016,3112.849621173332,3679.621055499648,1723.3082867155513,2228.6999348066925,2734.0915828978336,3239.483230988975,3744.874879080116
.SPX,2020-11-20,3557.54,27.72467,23.71815,20.81999,21.144647267759566,128.3167662590754,168.24778181210814,1539.8011951089047,1924.751493886131,2309.701792663357,2694.6520914405833,3079.6023902178094,3464.5526889950356,2018.9733817452977,2523.716727181622,3028.4600726179465,3533.203418054271,4037.9467634905955,4542.6901089269195,1421.236533089792,1991.4992783823757,2561.762023674959,3132.0247689675425,3702.2875142601256,1733.808488998147,2242.279513297132,2750.7505375961164,3259.221561895101,3767.692586194086
.SPX,2020-11-27,3638.35,28.30843,24.23652,21.25301,21.530166666666663,128.52531913638444,168.9884735371301,1542.3038296366133,1927.8797870457665,2313.45574445492,2699.031701864073,3084.6076592732265,3470.18361668238,2027.8616824455612,2534.8271030569513,3041.792523668342,3548.757944279732,4055.7233648911224,4562.6887855025125,1423.546464807633,1994.736056527384,2565.925648247135,3137.115239966886,3708.304831686637,1741.441383689192,2252.150893845496,2762.8604040017995,3273.569914158103,3784.2794243144067
.SPX,2020-12-04,3699.12,28.69416,24.58089,21.56985,21.791975901639344,128.91543087513278,169.74688374732125,1546.9851705015935,1933.7314631269917,2320.4777557523903,2707.2240483777887,3093.970341003187,3480.716633628585,2036.962604967855,2546.203256209819,3055.4439074517823,3564.684558693746,4073.92520993571,4583.165861177674,1427.8673425172292,2000.790660838696,2573.7139791601626,3146.6372974816295,3719.560615803096,1749.2568689598434,2262.258412997731,2775.2599570356188,3288.261501073506,3801.263045111394
.SPX,2020-12-11,3663.46,28.31458,24.2218,21.32682,21.485015628415304,129.38422537081604,170.51232651443084,1552.6107044497926,1940.7633805622406,2328.9160566746887,2717.068732787137,3105.221408899585,3493.374085012033,2046.1479181731702,2557.6848977164627,3069.2218772597553,3580.758856803048,4092.2958363463404,4603.832815889633,1433.0597104610351,2008.0664356815398,2583.0731609020445,3158.079886122549,3733.0866113430534,1757.1448253605936,2272.459656763358,2787.774488166122,3303.0893195688864,3818.404150971651
.SPX,2020-12-18,3709.41,29.24377,25.02431,21.92501,22.03509442622951,126.84445268171648,168.34100767839223,1522.1334321805978,1902.666790225747,2283.2001482708965,2663.733506316046,3044.2668643611955,3424.800222406345,2020.0920921407069,2525.1151151758836,3030.1381382110603,3535.161161246237,4040.1841842814138,4545.20720731659,1404.9291875626939,1968.648707000746,2532.368226438798,3096.08774587685,3659.807265314902,1734.7691899156666,2243.521957315274,2752.2747247148814,3261.0274921144887,3769.780259514096
.SPX,2020-12-24,3703.06,29.20736,25.07024,21.86568,21.926969398907104,126.7851664785862,168.88152359917873,1521.4219977430344,1901.777497178793,2282.1329966145518,2662.4884960503105,3042.8439954860687,3423.1994949218274,2026.5782831901447,2533.222853987681,3039.8674247852173,3546.5119955827536,4053.1565663802894,4559.801137177826,1404.2725335629602,1967.7285744709598,2531.1846153789593,3094.640656286959,3658.096697194958,1740.3392549816351,2250.7255457533315,2761.111836525028,3271.4981272967243,3781.884418068421
.SPX,2020-12-31,3756.07,29.62333,25.43341,22.17599,22.17599,126.79432055747954,169.3755273158042,1521.5318466897545,1901.914808362193,2282.297770034632,2662.68073170707,3043.063693379509,3423.4466550519473,2032.5063277896502,2540.632909737063,3048.7594916844755,3556.886073631888,4065.0126555793004,4573.139237526713,1404.3739241429232,1967.8706474209087,2531.367370698894,3094.8640939768793,3658.3608172548643,1745.4300076100315,2257.3092546221887,2769.188501634346,3281.067748646503,3792.94699565866
.SPX,2021-01-08,3824.68,30.10621,22.4972,,22.4972,127.03957090580315,170.00693419625554,1524.4748508696377,1905.5935635870471,2286.7122763044567,2667.830989021866,3048.9497017392755,3430.068414456685,2040.0832103550665,2550.1040129438334,3060.1248155325998,3570.145618121366,4080.166420710133,4590.1872232989,1407.0903170583024,1971.6769769127488,2536.2636367671953,3100.850296621642,3665.436956476088,1751.9367121712894,2265.724169204373,2779.5116262374568,3293.2990832705405,3807.086540303624
.SPX,2021-01-15,3768.25,29.57554,22.04917,,22.04917,127.41102951966388,170.90212466047475,1528.9323542359666,1911.1654427949584,2293.3985313539497,2675.6316199129415,3057.864708471933,3440.097797030925,2050.825495925697,2563.5318699071213,3076.2382438885456,3588.94461786997,4101.650991851394,4614.357365832819,1411.204592752282,1977.4420813727459,2543.6795699932095,3109.9170586136734,3676.154547234137,1761.16173023344,2277.6545923980607,2794.1474545626816,3310.6403167273024,3827.1331788919233
.SPX,2021-01-22,3841.47,30.26032,22.30667,,22.30667,126.94743479249392,172.21171963363423,1523.369217509927,1904.211521887409,2285.0538262648906,2665.8961306423726,3046.738435019854,3427.580739397336,2066.540635603611,2583.1757945045133,3099.810953405416,3616.446112306319,4133.081271207222,4649.716430108124,1406.0698174457452,1970.2470078719316,2534.424198298118,3098.601388724304,3662.7785791504903,1774.6572239460936,2295.107886268596,2815.5585485910988,3336.0092109136012,3856.4598732361037
.SPX,2021-01-29,3714.24,28.81297,21.236,,21.236,128.90861303086768,174.90299491429647,1546.9033563704122,1933.6291954630153,2320.355034555618,2707.0808736482213,3093.8067127408244,3480.5325518334275,2098.835938971558,2623.544923714447,3148.2539084573364,3672.962893200226,4197.671877943116,4722.380862686005,1427.7918280725548,2000.6848466701356,2573.5778652677163,3146.470883865297,3719.363902462878,1802.3910572102611,2330.975172966088,2859.5592887219145,3388.143404477741,3916.7275202335677
.SPX,2021-02-05,3886.83,29.75155,22.01107,19.12876,21.72678736986301,130.64294129213434,178.89575360742836,1567.7152955056122,1959.644119382015,2351.572943258418,2743.501767134821,3135.4305910112244,3527.3594148876273,2146.7490432891404,2683.436304111425,3220.1235649337104,3756.8108257559957,4293.498086578281,4830.185347400566,1447.0012482998816,2027.6019330454044,2608.202617790927,3188.8033025364493,3769.4039872819717,1843.5367938262966,2384.1876487724367,2924.8385037185767,3465.4893586647167,4006.140213610857
.SPX,2021-02-12,3934.83,30.17917,22.25034,19.38025,21.91221980821918,130.38231336382015,179.5724045504537,1564.5877603658419,1955.734700457302,2346.881640548763,2738.028580640223,3129.1755207316837,3520.322460823144,2154.8688546054445,2693.5860682568054,3232.303281908167,3771.020495559528,4309.737709210889,4848.45492286225,1444.1145333049312,2023.556940747858,2602.999348190785,3182.4417556337116,3761.8841630766383,1850.5097425122776,2393.2055420894094,2935.9013416665416,3478.5971412436734,4021.292940820805
.SPX,2021-02-19,3906.71,29.94124,22.02927,19.13074,21.63221109589041,130.4792319890559,180.5968877930458,1565.7507838686709,1957.1884798358385,2348.6261758030064,2740.063871770174,3131.5015677373417,3522.9392637045094,2167.1626535165497,2708.953316895687,3250.7439802748245,3792.5346436539617,4334.325307033099,4876.1159704122365,1445.188004020705,2025.061135233473,2604.9342664462406,3184.8073976590085,3764.6805288717765,1861.067134257425,2406.859081897416,2952.651029537408,3498.442977177399,4044.23492481739
.SPX,2021-02-26,3811.15,28.97586,21.41172,18.9101,21.02105605479452,131.52845161455087,181.30154784163406,1578.3414193746105,1972.926774218263,2367.512129061916,2762.0974839055684,3156.682838749221,3551.2681935928736,2175.618574099609,2719.523217624511,3263.4278611494133,3807.3325046743153,4351.237148199218,4895.14179172412,1456.809160838026,2041.3452124273997,2625.8812640167735,3210.417315606147,3794.953367195521,1868.3287192895807,2416.250259443834,2964.171799598087,3512.0933397523404,4060.0148799065937
.SPX,2021-03-05,3841.94,29.11431,21.54715,18.95746,21.09306736986301,131.9605376187861,182.1423092541401,1583.5264514254332,1979.4080642817917,2375.2896771381497,2771.1712899945082,3167.0529028508663,3562.934515707225,2185.707711049681,2732.1346388121015,3278.5615665745217,3824.988494336942,4371.415422099362,4917.842349861782,1461.5949455219697,2048.0512648843032,2634.5075842466367,3220.9639036089698,3807.4202229713032,1876.9928410897298,2427.455293296455,2977.9177455031795,3528.380197709904,4078.8426499166294
.SPX,2021-03-12,3943.34,29.80612,22.02625,19.42681,21.52060550684932,132.29967536868267,183.23555063285562,1587.5961044241922,1984.49513053024,2381.3941566362882,2778.2931827423363,3175.1922088483843,3572.091234954432,2198.8266075942674,2748.533259492834,3298.239911391401,3847.9465632899683,4397.653215188535,4947.3598670871015,1465.3512353191247,2053.314743725623,2641.2782521321215,3229.24176053862,3817.205268945118,1888.2587915975218,2442.025189672979,2995.7915877484365,3549.557985823894,4103.324383899351
.SPX,2021-03-19,3913.1,29.70574,21.82684,19.31301,21.28963797260274,131.72875006648547,183.80303155157918,1580.7450007978257,1975.9312509972822,2371.1175011967384,2766.303751396195,3161.4900015956514,3556.676251795108,2205.6363786189504,2757.0454732736875,3308.454567928425,3859.8636625831627,4411.272757237901,4962.6818518926375,1459.0276665384893,2044.453880406793,2629.8800942750963,3215.3063081433997,3800.7325220117036,1894.1067333868893,2449.5881472616975,3005.069561136506,3560.5509750113138,4116.032388886122
.SPX,2021-03-26,3974.54,30.21345,22.15927,19.57777,21.558098767123287,131.54869768265456,184.36412426411584,1578.5843721918548,1973.2304652398184,2367.8765582877822,2762.5226513357456,3157.1687443837095,3551.8148374316734,2212.36949116939,2765.4618639617374,3318.554236754085,3871.646609546433,4424.73898233878,4977.831355131128,1457.0334062930765,2041.6594350437738,2626.285463794471,3210.911492545168,3795.537521295865,1899.888844138266,2457.065967657489,3014.2430911767124,3571.420214695935,4128.597338215159
.SPX,2021-04-01,4019.87,30.06836,22.30183,19.68542,21.649519561643835,133.69102937439888,185.679409122868,1604.2923524927864,2005.3654406159833,2406.4385287391797,2807.5116168623763,3208.584704985573,3609.65779310877,2228.152909474416,2785.19113684302,3342.229364211624,3899.2675915802283,4456.305818948832,5013.344046317437,1480.7618726117773,2074.908808002179,2669.0557433925806,3263.202678782982,3857.349614173383,1913.442972632524,2474.59509203087,3035.747211429216,3596.8993308275617,4158.0514502259075
.SPX,2021-04-09,4128.8,30.97805,22.77656,20.12225,22.056623863013694,133.28146865280416,187.19093301144338,1599.37762383365,1999.2220297920626,2399.0664357504747,2798.9108417088873,3198.7552476673,3598.5996536257126,2246.2911961373206,2807.8639951716505,3369.4367942059807,3931.009593240311,4492.582392274641,5054.155191308972,1476.2255779636268,2068.5523519809694,2660.879125998312,3253.205900015654,3845.5326740329965,1929.019361938281,2494.739542155013,3060.4597223717456,3626.1799025884775,4191.900082805209
.SPX,2021-04-16,4185.47,30.38694,22.68877,20.30942,21.99778068493151,137.73910765611808,190.26783019375446,1652.8692918734168,2066.0866148417713,2479.3039378101253,2892.5212607784797,3305.7385837468337,3718.955906715188,2283.2139623250537,2854.017452906317,3424.8209434875803,3995.6244340688436,4566.427924650107,5137.23141523137,1525.5983886066601,2137.7357106113222,2749.8730326159844,3362.0103546206465,3974.1476766253086,1960.7270635020561,2535.7461066523842,3110.7651498027126,3685.784192953041,4260.803236103369
.SPX,2021-04-23,4180.17,29.88984,22.45136,20.22038,21.76067304109589,139.85253852145078,192.0974591229593,1678.2304622574093,2097.788077821762,2517.345693386114,2936.9033089504665,3356.4609245148185,3776.018540079171,2305.1695094755114,2881.4618868443895,3457.754264213267,4034.046641582145,4610.339018951023,5186.631396319901,1549.0067493652682,2170.5365375486476,2792.0663257320266,3413.5961139154056,4035.1259020987845,1979.5815537961066,2560.130020786083,3140.6784877760597,3721.2269547660367,4301.775421756013
.SPX,2021-04-30,4181.17,28.16703,21.91617,19.96983,21.27627739726028,148.4419905116017,196.5179303658827,1781.3038861392201,2226.6298576740255,2671.9558292088304,3117.2818007436354,3562.6077722784403,4007.9337438132457,2358.2151643905927,2947.7689554882404,3537.3227465858886,4126.876537683537,4716.430328781185,5305.984119878833,1644.1435216166487,2303.846376463605,2963.549231310561,3623.2520861575167,4282.954941004473,2025.1349066177913,2619.0427267984305,3212.9505469790697,3806.858367159709,4400.766187340348
.SPX,2021-05-07,4232.6,28.17771,22.00599,20.03521,21.32026654794521,150.21092913512135,198.52472249733327,1802.5311496214563,2253.1639370268203,2703.7967244321844,3154.4295118375485,3605.0622992429126,4055.695086648276,2382.296669967999,2977.870837459999,3573.4450049519987,4169.019172443998,4764.593339935998,5360.167507427998,1663.7362862243829,2331.3006218825503,2998.8649575407176,3666.429293198885,4333.9936288570525,2045.8150796084185,2645.7877384433546,3245.760397278291,3845.733056113227,4445.705714948163
.SPX,2021-05-14,4173.85,27.74137,21.65814,19.72262,20.94756553424657,150.455799407167,199.25227077945135,1805.4695928860042,2256.836991107505,2708.204389329006,3159.571787550507,3610.9391857720084,4062.3065839935093,2391.027249353416,2988.78406169177,3586.5408740301245,4184.297686368478,4782.054498706832,5379.811311045187,1666.4484694148184,2335.101052522235,3003.753635629651,3672.406218737067,4341.058801844483,2053.312529940935,2655.483953099841,3257.6553762587473,3859.8267994176535,4461.99822257656
.SPX,2021-05-21,4155.86,27.43642,21.47658,19.58883,20.747339589041093,151.47238597455498,200.30809165504562,1817.6686316946598,2272.0857896183247,2726.5029475419897,3180.9201054656546,3635.3372633893196,4089.7544213129845,2403.6970998605475,3004.621374825684,3605.5456497908212,4206.469924755958,4807.394199721095,5408.318474686232,1677.708182472916,2350.8786587882687,3024.0491351036208,3697.2196114189733,4370.390087734326,2064.1928588061983,2669.5551372400296,3274.9174156738613,3880.2796941076926,4485.641972541524
.SPX,2021-05-28,4204.11,27.6504,21.66862,19.76801,20.897961698630137,152.04517836993315,201.17320821176446,1824.5421404391977,2280.6776755489973,2736.813210658797,3192.9487457685964,3649.0842808783955,4105.2198159881955,2414.0784985411738,3017.5981231764667,3621.11774781176,4224.637372447054,4828.1569970823475,5431.67662171764,1684.0524311780605,2359.7684997288934,3035.4845682797263,3711.2006368305597,4386.916705381393,2073.1079625529273,2681.084758081695,3289.0615536104624,3897.0383491392304,4505.015144667998
.SPX,2021-06-04,4229.89,27.71873,21.79628,19.89266,20.987893424657532,152.60042577708288,201.53952159060105,1831.2051093249945,2289.006386656243,2746.8076639874917,3204.6089413187406,3662.410218649989,4120.211495981238,2418.474259087213,3023.092823859016,3627.711388630819,4232.329953402622,4836.948518174426,5441.567082946229,1690.2023515894841,2368.3860392983506,3046.569727007217,3724.753414716083,4402.937102424949,2076.882854792337,2685.9667064554883,3295.050558118639,3904.13440978179,4513.218261444941
.SPX,2021-06-11,4247.44,27.83923,21.87407,19.95662,21.023037397260275,152.5703117507201,202.03740875966508,1830.8437410086412,2288.5546762608014,2746.2656115129616,3203.976546765122,3661.6874820172825,4119.398417269443,2424.448905115981,3030.561131394976,3636.6733576739716,4242.785583952967,4848.897810231962,5455.010036510957,1689.8688086264483,2367.9186641959454,3045.9685197654417,3724.0183753349384,4402.068230904435,2082.013626746588,2692.6021710488494,3303.1907153511106,3913.779259653372,4524.367803955633
.SPX,2021-06-18,4166.45,27.41124,21.46399,19.54165,20.57392024657534,151.9978665686047,202.51123510083266,1823.9743988232565,2279.9679985290704,2735.9615982348846,3191.955197940699,3647.948797646513,4103.942397352327,2430.134821209992,3037.6685265124897,3645.202231814988,4252.735937117486,4860.269642419984,5467.803347722482,1683.5284056554835,2359.034212067573,3034.5400184796626,3710.0458248917516,4385.5516313038415,2086.896449710309,2698.9169710790043,3310.9374924476992,3922.958013816394,4534.97853518509
.SPX,2021-06-25,4280.7,28.06444,21.96912,20.06169,21.04937293150685,152.53110341770582,203.3647279626377,1830.3732410124699,2287.9665512655874,2745.5598615187046,3203.153171771822,3660.7464820249397,4118.339792278057,2440.376735551652,3050.4709194395655,3660.5651033274785,4270.6592872153915,4880.753471103304,5490.8476549912175,1689.4345371208142,2367.310143819529,3045.1857505182434,3723.0613572169577,4400.936963915672,2095.6917702379187,2710.2916800835364,3324.8915899291537,3939.491499774771,4554.091409620389
.SPX,2021-07-02,4352.34,28.58112,21.69539,20.3173,21.00445720547945,152.28024654037353,207.21030576617812,1827.3629584844823,2284.203698105603,2741.0444377267236,3197.885177347844,3654.7259169689646,4111.566656590086,2486.5236691941373,3108.154586492672,3729.7855037912063,4351.416421089741,4973.0473383882745,5594.678255686809,1686.6560462888237,2363.416799989652,3040.1775536904797,3716.9383073913077,4393.699061092136,2135.320794579691,2761.542640023671,3387.764485467651,4013.9863309116304,4640.208176355611
.SPX,2021-07-09,4369.55,28.80613,22.43241,20.37182,21.35977410958904,151.68819969916126,204.56911096444503,1820.2583963899351,2275.3229954874187,2730.3875945849027,3185.4521936823867,3640.5167927798702,4095.581391877354,2454.8293315733404,3068.5366644666756,3682.2439973600103,4295.951330253346,4909.658663146681,5523.3659960400155,1680.0985353371186,2354.22812658853,3028.3577178399405,3702.4873090913516,4376.616900342762,2108.103045144774,2726.3427881696553,3344.5825311945364,3962.8222742194175,4581.062017244299
.SPX,2021-07-16,4327.16,27.77277,22.00968,20.08922,20.97315775342466,155.80584867839974,206.31895544167295,1869.670184140797,2337.087730175996,2804.5052762111955,3271.9228222463944,3739.340368281594,4206.757914316793,2475.8274653000753,3094.784331625094,3713.741197950113,4332.698064275132,4951.654930600151,5570.61179692517,1725.7056163939928,2418.134778929103,3110.5639414642133,3802.9931039993235,4495.422266534434,2126.1353495018825,2749.663395315169,3373.1914411284556,3996.7194869417426,4620.247532755029
.SPX,2021-07-23,4411.79,27.79176,22.32345,20.47331,21.28939915068493,158.74453435118897,207.22942760261333,1904.9344122142677,2381.1680152678346,2857.4016183214017,3333.6352213749683,3809.8688244285354,4286.102427482102,2486.75313123136,3108.4414140392,3730.1296968470397,4351.81797965488,4973.50626246272,5595.1945452705595,1758.2544995929584,2463.7437088247975,3169.2329180566367,3874.722127288476,4580.211336520315,2135.517846820021,2761.797481434556,3388.0771160490913,4014.356750663626,4640.6363852781615
.SPX,2021-07-30,4395.26,27.0971,21.93778,20.36173,21.02669356164384,162.20407349864007,209.03238957254223,1946.4488819836808,2433.0611024796012,2919.6733229755214,3406.2855434714415,3892.8977639673617,4379.509984463282,2508.3886748705067,3135.4858435881333,3762.5830123057603,4389.6801810233865,5016.7773497410135,5643.8745184586405,1796.5723559990697,2517.436378275133,3238.3004005511953,3959.164422827258,4680.028445103321,2154.0975317058196,2785.8259984520355,3417.5544651982514,4049.2829319444677,4681.011398690684
.SPX,2021-08-06,4436.52,26.34021,21.71522,20.3486,20.898992164383564,168.4314589747007,212.2839209232681,2021.1775076964082,2526.4718846205105,3031.7662615446125,3537.0606384687144,4042.3550153928163,4547.649392316918,2547.407051079217,3184.258813849022,3821.110576618826,4457.96233938863,5094.814102158434,5731.665864928239,1865.546878988065,2614.0865202896525,3362.6261615912404,4111.165802892828,4859.705444194416,2187.604854045605,2829.1599554055847,3470.7150567655644,4112.270158125544,4753.825259485524
.SPX,2021-08-13,4468.0,26.744,21.86575,20.46406,21.001694520547943,167.06551002093929,212.74473807951702,2004.7861202512713,2505.9826503140894,3007.179180376907,3508.375710439725,4009.5722405025426,4510.768770565361,2552.9368569542044,3191.1710711927553,3829.4052854313063,4467.639499669857,5105.873713908409,5744.107928146959,1850.4176280568042,2592.886746986212,3335.3558659156197,4077.824984845027,4820.294103774435,2192.353616191382,2835.301378833007,3478.2491414746323,4121.196904116257,4764.144666757883
.SPX,2021-08-20,4441.67,26.48931,21.70034,20.28438,20.800332547945203,167.67782928283145,213.53841289613314,2012.1339513939774,2515.167439242472,3018.200927090966,3521.2344149394603,4024.267902787955,4527.3013906364495,2562.4609547535974,3203.076193441997,3843.6914321303966,4484.306670818796,5124.921909507195,5765.537148195594,1857.1996763447003,2602.390052000428,3347.5804276561557,4092.7708033118834,4837.961178967611,2200.532506395651,2845.8788780567747,3491.2252497178984,4136.571621379022,4781.917993040145
.SPX,2021-08-27,4509.37,26.88849,21.97423,20.5984,21.07334405479452,167.70633085011465,213.98454788546226,2012.4759702013757,2515.59496275172,3018.713955302064,3521.832947852408,4024.9519404027515,4528.0709329530955,2567.8145746255473,3209.768218281934,3851.7218619383207,4493.675505594708,5135.6291492510945,5777.582792907481,1857.5153597105934,2602.832401448065,3348.1494431855363,4093.466484923008,4838.783526660479,2205.1299674938414,2851.824628639418,3498.5192897849943,4145.213950930571,4791.908612076147
.SPX,2021-09-03,4535.43,27.01221,22.13745,20.69955,21.168344794520547,167.9029594394535,214.25529695519708,2014.8355132734418,2518.5443915918027,3022.253269910163,3525.9621482285233,4029.6710265468837,4533.3799048652445,2571.063563462365,3213.8294543279562,3856.5953451935475,4499.361236059139,5142.12712692473,5784.893017790321,1859.6932180120882,2605.8841125002828,3352.075006988477,4098.265901476671,4844.456795964866,2207.9200609526592,2855.432967993268,3502.9458750338767,4150.4587820744855,4797.971689115094
.SPX,2021-09-10,4458.58,26.5544,21.79114,20.34244,20.786972602739723,167.9036242581267,214.48914592846285,2014.8434910975207,2518.5543638719005,3022.2652366462808,3525.976109420661,4029.6869821950413,4533.397854969421,2573.869751141554,3217.337188926943,3860.8046267123314,4504.27206449772,5147.739502283108,5791.206940068497,1859.700581543868,2605.894430605598,3352.0882796673277,4098.282128729057,4844.475977790787,2210.329895606197,2858.549530698059,3506.7691657899204,4154.9888008817825,4803.208435973644
.SPX,2021-09-17,4432.99,26.48741,21.73269,20.29572,20.70909493150685,167.36215432161922,214.06005499813716,2008.3458518594307,2510.4323148242884,3012.518777789146,3514.6052407540037,4016.6917037188614,4518.778166683719,2568.720659977646,3210.9008249720573,3853.080989966469,4495.26115496088,5137.441319955292,5779.621484949704,1853.7032604004994,2597.490719857127,3341.278179313754,4085.0656387703816,4828.8530982270095,2205.9080750654566,2852.8309304761233,3499.7537858867895,4146.676641297457,4793.599496708122
.SPX,2021-09-24,4455.48,26.56489,21.75599,20.41718,20.77664131506849,167.72062673702018,214.44659569535975,2012.647520844242,2515.8094010553027,3018.9712812663633,3522.133161477424,4025.295041688484,4528.456921899545,2573.359148344317,3216.698935430396,3860.0387225164754,4503.378509602555,5146.718296688634,5790.058083774713,1857.673700957302,2603.0542761826473,3348.434851407993,4093.815426633338,4839.196001858683,2209.891411635898,2857.9824532902885,3506.073494944679,4154.16453659907,4802.255578253461
.SPX,2021-10-01,4357.04,25.89852,21.29453,19.93187,20.27160167123288,168.23509605954317,214.933189328745,2018.8211527145181,2523.5264408931475,3028.231729071777,3532.9370172504064,4037.6423054290362,4542.347593607666,2579.1982719449397,3223.997839931175,3868.7974079174096,4513.596975903644,5158.3965438898795,5803.196111876115,1863.3719632938646,2611.0389325484866,3358.7059018031077,4106.372871057729,4854.039840312351,2214.9058026915727,2864.4674061597357,3514.0290096278986,4163.590613096061,4813.152216564225
.SPX,2021-10-08,4391.34,26.11707,21.47589,20.04991,20.37808073972603,168.14060689043603,215.49330656244317,2017.6872826852323,2522.1091033565403,3026.5309240278484,3530.9527446991565,4035.3745653704646,4539.796386041773,2585.919678749318,3232.3995984366475,3878.879518123977,4525.359437811307,5171.839357498636,5818.319277185966,1862.3254012347397,2609.5724436587034,3356.819486082667,4104.066528506631,4851.313570930593,2220.677861045986,2871.9322261094494,3523.186591172913,4174.440956236376,4825.69532129984
.SPX,2021-10-15,4471.37,26.38553,21.82769,20.38737,20.69121832876712,169.46295943268905,216.09988976741056,2033.5555131922686,2541.944391490336,3050.333269788403,3558.72214808647,4067.111026384537,4575.499904682604,2593.1986772089267,3241.498346511158,3889.79801581339,4538.097685115622,5186.397354417853,5834.697023720085,1876.9717783019394,2630.0955928187045,3383.219407335469,4136.343221852234,4889.467036368998,2226.928755403872,2880.016309471258,3533.103863538644,4186.19141760603,4839.278971673416
.SPX,2021-10-22,4544.9,26.57598,22.02129,20.70774,20.959653698630134,171.0153303848061,216.84041470098535,2052.183964617673,2565.2299557720917,3078.2759469265097,3591.3219380809282,4104.367929235346,4617.413920389765,2602.0849764118243,3252.60622051478,3903.127464617736,4553.648708720692,5204.169952823649,5854.691196926605,1894.1658393305784,2654.1886690475812,3414.2114987645837,4174.234328481586,4934.257158198589,2234.5599312940876,2889.8854671490385,3545.2110030039894,4200.536538858941,4855.862074713891
.SPX,2021-10-29,4605.38,26.10143,22.10006,21.01627,21.20333512328767,176.44167388530053,217.20073626256567,2117.300086623606,2646.625108279508,3175.9501299354097,3705.275151591311,4234.600173247212,4763.925194903114,2606.408835150788,3258.0110439384853,3909.613252726182,4561.215461513879,5212.817670301576,5864.419879089273,1954.268021210895,2738.4064956071347,3522.5449700033737,4306.683444399613,5090.821918795852,2238.273077319006,2894.687561102545,3551.102044886083,4207.516528669622,4863.93101245316
.SPX,2021-11-05,4697.53,26.17421,22.40812,21.33498,21.499626136986304,179.47170134265752,218.49356682155184,2153.6604161118903,2692.075520139863,3230.4906241678354,3768.905728195808,4307.320832223781,4845.735936251753,2621.922801858622,3277.4035023232777,3932.884202787933,4588.364903252588,5243.845603717244,5899.3263041819,1987.8286060370915,2785.4330664187914,3583.037526800491,4380.641987182191,5178.24644756389,2251.595812239278,2911.9174315077103,3572.2390507761424,4232.560670044574,4892.882289313006
.SPX,2021-11-12,4682.85,26.09631,22.28461,21.24553,21.38502293150685,179.44491002750965,218.978020972832,2153.338920330116,2691.6736504126447,3230.0083804951737,3768.3431105777026,4306.677840660232,4845.0125707427605,2627.736251673984,3284.6703145924803,3941.604377510976,4598.538440429472,5255.472503347968,5912.406566266464,1987.5318654242492,2785.017260391727,3582.502655359205,4379.988050326683,5177.473445294161,2256.5881557398775,2918.3738709736426,3580.1595862074078,4241.945301441173,4903.731016674938
.SPX,2021-11-19,4697.96,26.15328,22.39323,21.26398,21.39392109589041,179.6317708524514,219.59321897763,2155.581250229417,2694.476562786771,3233.3718753441253,3772.2671879014797,4311.162500458834,4850.057813016188,2635.11862773156,3293.89828466445,3952.6779415973397,4611.45759853023,5270.23725546312,5929.0169123960095,1989.6015359649975,2787.9173739846624,3586.233212004327,4384.549050023992,5182.864888043657,2262.927826383052,2926.572765888764,3590.217705394476,4253.862644900189,4917.5075844059
.SPX,2021-11-26,4594.62,25.48777,22.02078,20.76381,20.88434136986301,180.2676342418344,220.00310752582467,2163.2116109020126,2704.014513627516,3244.8174163530193,3785.6203190785222,4326.423221804025,4867.2261245295285,2640.037290309896,3300.04661288737,3960.055935464844,4620.065258042318,5280.074580619792,5940.083903197266,1996.6443590144875,2797.7860880897956,3598.9278171651035,4400.069546240412,5201.211275315719,2267.1517646528396,2932.0354512475433,3596.9191378422465,4261.80282443695,4926.686511031653
.SPX,2021-12-03,4538.43,25.14209,21.7472,20.49607,20.592047095890408,180.51124628063937,220.3972232030172,2166.1349553676723,2707.6686942095907,3249.2024330515087,3790.7361718934267,4332.269910735345,4873.803649577263,2644.7666784362063,3305.958348045258,3967.1500176543095,4628.341687263362,5289.533356872413,5950.725026481465,1999.342606013255,2801.5669907234064,3603.7913754335573,4406.015760143709,5208.240144853859,2271.213162071599,2937.2879276803374,3603.362693289076,4269.437458897814,4935.512224506553
.SPX,2021-12-10,4712.02,26.12421,22.41654,21.23872,21.30648498630137,180.3698561602437,221.15426373845852,2164.4382739229245,2705.5478424036555,3246.6574108843865,3787.7669793651175,4328.876547845849,4869.98611632658,2653.851164861502,3317.3139560768777,3980.7767472922533,4644.239538507629,5307.702329723004,5971.16512093838,1997.7765690066913,2799.3725906387763,3600.968612270861,4402.564633902945,5204.16065553503,2279.014532721048,2947.377192840762,3615.7398529604757,4284.10251308019,4952.465173199904
.SPX,2021-12-17,4620.64,23.67389,20.81056,18.91637,18.9890238630137,195.17873910878188,243.33214984262338,2342.1448693053826,2927.6810866317282,3513.217303958074,4098.75352128442,4684.289738610765,5269.825955937111,2919.9857981114806,3649.9822476393506,4379.978697167221,5109.975146695091,5839.971596222961,6569.968045750831,2161.7997600074573,3029.2091160240707,3896.6184720406836,4764.027828057297,5631.43718407391,2507.559639118806,3242.947328292183,3978.33501746556,4713.722706638937,5449.110395812314
.SPX,2021-12-31,4766.18,26.50911,22.78538,21.45526,21.45526,179.794040614717,222.1450590671006,2157.528487376604,2696.910609220755,3236.292731064906,3775.6748529090573,4315.056974753208,4854.439096597359,2665.740708805207,3332.175886006509,3998.6110632078107,4665.046240409112,5331.481417610414,5997.916594811716,1991.3988358897948,2790.435829864409,3589.4728238390226,4388.509817813637,5187.54681178825,2289.2247674900136,2960.581765545118,3631.938763600222,4303.295761655327,4974.6527597104305
.SPX,2022-01-07,4677.03,25.88659,21.00382,,21.00382,180.67385468692476,222.6752086049109,2168.086256243097,2710.1078203038714,3252.1293843646454,3794.1509484254198,4336.172512486194,4878.194076546968,2672.1025032589305,3340.1281290736633,4008.153754888396,4676.179380703129,5344.205006517861,6012.230632332594,2001.1436567592946,2804.0907024192143,3607.0377480791335,4409.984793739052,5212.9318393989715,2294.6880060492026,2967.6471986510564,3640.60639125291,4313.565583854764,4986.5247764566175
.SPX,2022-01-14,4662.85,25.77905,20.92434,,20.92434,180.87749548567538,222.8433489419499,2170.5299458281047,2713.1624322851308,3255.794918742157,3798.427405199183,4341.059891656209,4883.6923781132355,2674.120187303399,3342.6502341292485,4011.180280955098,4679.710327780947,5348.240374606798,6016.770421432648,2003.3991822938738,2807.2512442220077,3611.103306150141,4414.955368078275,5218.807430006408,2296.4207073101725,2969.8880462214715,3643.3553851327706,4316.82272404407,4990.290062955369
.SPX,2022-01-21,4397.94,24.16343,19.73818,,19.73818,182.00810067113812,222.8138561914016,2184.0972080536576,2730.121510067072,3276.1458120804864,3822.170114093901,4368.194416107315,4914.218718120729,2673.7662742968196,3342.2078428710242,4010.649411445229,4679.090980019434,5347.532548593639,6015.974117167843,2015.9217655924283,2824.798439936388,3633.6751142803478,4442.551788624307,5251.428462968267,2296.1167818692916,2969.4949890908933,3642.8731963124956,4316.251403534097,4989.6296107557
.SPX,2022-01-28,4431.85,23.46894,19.86224,,19.86224,188.8389505448478,223.1294154133673,2266.0674065381736,2832.584258172717,3399.1011098072604,3965.617961441804,4532.134813076347,5098.65166471089,2677.5529849604077,3346.9412312005093,4016.3294774406113,4685.717723680713,5355.105969920815,6024.494216160917,2091.5802603908924,2930.814457880333,3770.0486553697738,4609.2828528592145,5448.517050348655,2299.36864796781,2973.700524349812,3648.0324007318136,4322.364277113816,4996.696153495817
.SPX,2022-02-04,4500.53,23.09005,19.90478,,19.90478,194.91209417043268,226.10297627002157,2338.945130045192,2923.68141255649,3508.4176950677884,4093.153977579086,4677.890260090384,5262.626542601683,2713.2357152402587,3391.5446440503238,4069.8535728603883,4748.162501670453,5426.4714304805175,6104.780359290582,2158.8464006079516,3025.0707386491717,3891.2950766903914,4757.519414731611,5623.743752772831,2330.0114594229844,3013.329900253645,3696.6483410843057,4379.966781914966,5063.285222745627
.SPX,2022-02-11,4418.64,22.55896,19.12374,,19.12374,195.87073162947232,231.05522246171512,2350.448779553668,2938.060974442085,3525.673169330502,4113.285364218918,4700.897559107336,5288.509753995752,2772.662669540581,3465.828336925727,4158.994004310872,4852.1596716960175,5545.325339081162,6238.491006466308,2169.4642693284327,3039.948964336789,3910.433659345145,4780.918354353501,5651.403049361857,2381.044800809653,3079.3297016230267,3777.6146024364,4475.899503249774,5174.184404063148
.SPX,2022-02-18,4348.87,22.01598,19.2734,,19.2734,197.53242871768597,225.64103894486703,2370.3891446122316,2962.9864307652897,3555.5837169183474,4148.181003071405,4740.778289224463,5333.375575377521,2707.6924673384046,3384.6155841730056,4061.5387010076065,4738.461817842208,5415.384934676809,6092.30805151141,2187.8692266660414,3065.7388018501974,3943.6083770343535,4821.477952218509,5699.347527402665,2325.251153836118,3007.173548060081,3689.0959422840433,4371.018336508006,5052.940730731968
.SPX,2022-02-25,4384.65,22.01586,,,19.115996407914764,199.15869741177494,229.37072734459107,2389.9043689412993,2987.380461176624,3584.856553411949,4182.332645647273,4779.8087378825985,5377.284830117924,2752.448728135093,3440.560910168866,4128.673092202639,4816.785274236413,5504.897456270186,6193.009638303959,2205.8817791020406,3090.9787843182326,3976.075789534424,4861.172794750616,5746.269799966807,2363.685927472427,3056.8800214507532,3750.074115429079,4443.268209407405,5136.462303385731
.SPX,2022-03-04,4328.87,21.7301,,,18.958592815829526,199.21077215475307,228.33287481049746,2390.529265857037,2988.161582321296,3585.7938987855555,4183.426215249815,4781.058531714074,5378.690848178333,2739.9944977259693,3424.993122157462,4109.991746588954,4794.990371020446,5479.9889954519385,6164.987619883432,2206.458558967443,3091.786993690136,3977.1154284128284,4862.443863135521,5747.772297858213,2352.990763978686,3043.048305811135,3733.1058476435833,4423.163389476032,5113.22093130848
.SPX,2022-03-11,4204.31,21.12544,,,18.80118922374429,199.01644652135056,223.6193652415517,2388.197358256207,2985.2466978202583,3582.2960373843102,4179.345376948362,4776.394716512414,5373.444056076465,2683.4323828986203,3354.2904786232752,4025.1485743479307,4696.006670072586,5366.864765797241,6037.7228615218955,2204.306208206438,3088.7710249280262,3973.2358416496145,4857.700658371203,5742.16547509279,2304.4176249120524,2980.230206051697,3656.042787191342,4331.8553683309865,5007.667949470631
.SPX,2022-03-18,4463.12,22.46451,,,18.643785631659053,198.67426442864766,239.3891502604045,2384.091173143772,2980.1139664297148,3576.1367597156577,4172.159553001601,4768.182346287544,5364.205139573487,2872.6698031248543,3590.8372539060674,4309.004704687281,5027.172155468495,5745.339606249709,6463.507057030922,2200.516199267648,3083.460297339105,3966.404395410562,4849.348493482019,5732.292591553475,2466.926674605777,3190.3980043788247,3913.8693341518724,4637.34066392492,5360.811993697967
.SPX,2022-03-25,4543.06,22.86132,,,18.48638203957382,198.72255845244285,245.75171011151164,2384.6707014293142,2980.8383767866426,3577.0060521439714,4173.1737275013,4769.3414028586285,5365.509078215957,2949.0205213381396,3686.2756516726745,4423.530782007209,5160.785912341745,5898.041042676279,6635.2961730108145,2201.051103886496,3084.2098292696724,3967.368554652848,4850.527280036024,5733.6860054192,2532.4934248047653,3275.1934022890136,4017.8933797732625,4760.59335725751,5503.293334741759
.SPX,2022-04-01,4545.86,22.84249,,,18.328978447488584,199.00895217640456,248.01491327100493,2388.1074261168546,2985.1342826460686,3582.161139175282,4179.187995704496,4776.214852233709,5373.241708762923,2976.178959252059,3720.223699065074,4464.268438878089,5208.3131786911035,5952.357918504118,6696.4026583171335,2204.2232008400633,3088.6547113472916,3973.086221854519,4857.517732361746,5741.949242868974,2555.815936447974,3305.355666684442,4054.8953969209106,4804.435127157379,5553.974857393847
.SPX,2022-04-08,4488.28,22.52814,,,18.171574855403346,199.22994086506918,246.99455252032834,2390.75929038083,2988.4491129760377,3586.1389355712454,4183.828758166453,4781.51858076166,5379.208403356868,2963.93463024394,3704.918287804925,4445.90194536591,5186.885602926895,5927.86926048788,6668.852918048865,2206.6708716073867,3092.0844955199823,3977.498119432578,4862.911743345173,5748.325367257768,2545.3010273519403,3291.757068338761,4038.2131093255825,4784.669150312403,5531.125191299225
.SPX,2022-04-15,4392.59,21.66106,,,18.01417126331811,202.78739821596912,243.84080376456404,2433.4487785916294,3041.810973239537,3650.173167887444,4258.535362535352,4866.897557183259,5475.259751831166,2926.0896451747685,3657.6120564684607,4389.134467762153,5120.656879055845,5852.179290349537,6583.701701643229,2246.0732700577937,3147.2968730894822,4048.5204761211703,4949.744079152858,5850.967682184546,2512.8013634275867,3249.726284045665,3986.651204663744,4723.576125281823,5460.501045899901
.SPX,2022-04-22,4271.78,21.12106,,,17.856767671232873,202.25215969274268,239.224706209389,2427.025916312912,3033.78239539114,3640.5388744693682,4247.295353547596,4854.051832625824,5460.808311704052,2870.696474512668,3588.3705931408354,4306.044711769002,5023.718830397169,5741.392949025336,6459.067067653504,2240.144968049383,3138.989874995283,4037.834781941183,4936.679688887083,5835.524595832983,2465.2320639039594,3188.206418120128,3911.1807723362963,4634.155126552465,5357.129480768634
.SPX,2022-04-29,4131.93,20.46255,,,17.69936407914764,201.9264461174194,233.4507602376517,2423.117353409033,3028.896691761291,3634.676030113549,4240.455368465808,4846.234706818066,5452.014045170324,2801.4091228518205,3501.7614035647757,4202.1136842777305,4902.465964990686,5602.818245703641,6303.170526416596,2236.537364412941,3133.9347417564513,4031.332119099962,4928.729496443472,5826.126873786982,2405.731032550128,3111.255621955876,3816.780211361624,4522.3048007673715,5227.8293901731195
.SPX,2022-05-06,4123.34,20.15068,,,17.541960487062404,204.6253525935601,235.0558253190148,2455.504231122721,3069.380288903402,3683.256346684082,4297.132404464763,4911.008462245442,5524.884520026123,2820.6699038281777,3525.837379785222,4231.004855742266,4936.17233169931,5641.339807656355,6346.5072836133995,2266.43045317376,3175.8222554177896,4085.214057661819,4994.605859905848,5903.997662149877,2422.27137224132,3132.646718531926,3843.0220648225322,4553.397411113138,5263.772757403744
.SPX,2022-05-13,4023.89,19.59035,,,17.384556894977166,205.40163907229834,231.46347786192942,2464.81966886758,3081.0245860844752,3697.22950330137,4313.434420518265,4929.63933773516,5545.844254952055,2777.561734343153,3471.9521679289414,4166.34260151473,4860.733035100518,5555.123468686306,6249.513902272094,2275.0286023937833,3187.870361111973,4100.712119830162,5013.553878548351,5926.395637266541,2385.251909342955,3084.7706216175366,3784.289333892118,4483.8080461667,5183.326758441281
.SPX,2022-05-20,3901.36,18.99609,,,17.22715330289193,205.37700126710288,226.465738790696,2464.5240152052347,3080.655019006543,3696.786022807852,4312.9170266091605,4929.048030410469,5545.179034211777,2717.588865488352,3396.98608186044,4076.383298232528,4755.780514604616,5435.177730976704,6114.574947348792,2274.7557140576773,3187.4879779464823,4100.220241835287,5012.952505724092,5925.684769612896,2333.7497597504034,3018.164525468548,3702.579291186693,4386.994056904838,5071.408822622982
.SPX,2022-05-27,4158.24,20.22448,,,17.069749710806697,205.60429736635996,243.60286884390914,2467.2515683963193,3084.0644604953995,3700.8773525944794,4317.690244693559,4934.5031367926385,5551.316028891719,2923.2344261269095,3654.043032658637,4384.851639190364,5115.6602457220915,5846.468852253819,6577.2774587855465,2277.273245706197,3191.0156542653795,4104.758062824561,5018.5004713837425,5932.242879942924,2510.3494227195583,3246.555266916427,3982.7611111132965,4718.966955310166,5455.172799507034
.SPX,2022-06-03,4108.54,19.98772,,,16.91234611872146,205.55320967073783,242.93140473585564,2466.638516048854,3083.2981450610673,3699.957774073281,4316.6174030854945,4933.277032097708,5549.936661109921,2915.1768568302678,3643.9710710378345,4372.765285245401,5101.559499452968,5830.3537136605355,6559.147927868102,2276.707398377541,3190.2227640458714,4103.738129714202,5017.2534953825325,5930.768861050863,2503.4299248333937,3237.606499823117,3971.7830748128395,4705.959649802562,5440.136224792285
.SPX,2022-06-10,3900.86,18.97507,,,16.754942526636224,205.5781612399849,232.81846498718784,2466.937934879819,3083.672418599773,3700.406902319728,4317.141386039682,4933.875869759638,5550.610353479592,2793.8215798462543,3492.2769748078176,4190.732369769381,4889.187764730945,5587.643159692509,6286.098554654071,2276.9837619643554,3190.610016885845,4104.236271807334,5017.8625267288235,5931.488781650312,2399.2151732561747,3102.8288678483327,3806.4425624404907,4510.056257032649,5213.669951624807
.SPX,2022-06-17,3674.84,17.87173,,,16.597538934550986,205.623070626067,221.4087289983764,2467.476847512804,3084.346059391005,3701.215271269206,4318.084483147407,4934.953695025608,5551.822906903809,2656.9047479805167,3321.130934975646,3985.357121970775,4649.5833089659045,5313.8094959610335,5978.035682956163,2277.4811783351024,3191.3070186306873,4105.132858926272,5018.958699221857,5932.784539517442,2281.6368200585025,2950.7685138615457,3619.900207664589,4289.031901467632,4958.163595270676
.SPX,2022-06-24,3911.74,19.07073,17.15741,15.66138,16.44013534246575,205.11747583862808,237.93843046387613,2461.409710063537,3076.762137579421,3692.1145650953054,4307.46699261119,4922.819420127074,5538.171847642958,2855.2611655665137,3569.076456958142,4282.891748349771,4996.707039741399,5710.522331133027,6424.337622524656,2271.8812103512055,3183.460096644627,4095.0389829380483,5006.61786923147,5918.19675552489,2451.976876924715,3171.063905324117,3890.1509337235193,4609.237962122921,5328.324990522324
.SPX,2022-07-01,3825.33,18.65759,16.80453,15.37599,16.09221690410959,205.0280877648185,237.71305239013378,2460.337053177822,3075.421316472278,3690.5055797667333,4305.589843061189,4920.674106355644,5535.7583696501,2852.5566286816056,3565.695785852007,4278.834943022408,4991.97410019281,5705.113257363211,6418.252414533612,2270.8911480247893,3182.072777670828,4093.2544073168665,5004.436036962905,5915.617666608943,2449.6543356508873,3168.0602363779003,3886.4661371049137,4604.872037831927,5323.27793855894
.SPX,2022-07-08,3899.38,19.01927,17.1535,15.67568,16.388272657534248,205.02259024662882,237.9372177584147,2460.2710829595458,3075.3388536994325,3690.406624439319,4305.474395179205,4920.5421659190915,5535.609936658978,2855.2466131009764,3569.0582663762207,4282.869919651464,4996.681572926709,5710.493226201953,6424.304879477197,2270.8302575120347,3181.987455200298,4093.144652888561,5004.301850576824,5915.4590482650865,2451.964379886115,3171.047743300567,3890.13110671502,4609.214470129473,5328.297833543926
.SPX,2022-07-15,3863.16,18.91277,17.01178,15.55213,16.22796794520548,204.26198806414925,238.05568343763966,2451.143856769791,3063.929820962239,3676.7157851546863,4289.501749347134,4902.287713539582,5515.07367773203,2856.668201251676,3570.8352515645947,4285.002301877514,4999.169352190433,5713.336402503352,6427.5034528162705,2262.4058275610396,3170.1827726034358,4077.959717645832,4985.736662688228,5893.513607730623,2453.185179340841,3172.6265645051853,3892.06794966953,4611.509334833874,5330.950719998219
.SPX,2022-07-22,3961.63,19.44405,17.53115,16.05657,16.71104112328767,203.7451045435493,237.06661785897174,2444.9412545225914,3056.1765681532397,3667.4118817838876,4278.647195414535,4889.882509045183,5501.117822675831,2844.7994143076608,3555.999267884576,4267.199121461491,4978.398975038406,5689.5988286153215,6400.798682192237,2256.6808255660117,3162.1606474494697,4067.640469332927,4973.120291216384,5878.600113099842,2442.9927698005754,3159.445044603597,3875.8973194066184,4592.349594209641,5308.801869012662
.SPX,2022-07-29,4130.29,20.17798,18.36371,17.05186,17.60894698630137,204.69293754875363,234.5563311203731,2456.3152505850435,3070.3940632313047,3684.4728758775655,4298.551688523827,4912.630501170087,5526.709313816348,2814.675973444477,3518.3449668055964,4222.013960166716,4925.682953527835,5629.351946888954,6333.020940250074,2267.1790241532867,3176.8711860713693,4086.5633479894523,4996.255509907534,5905.947671825617,2417.1240397030674,3125.9898366606644,3834.8556336182614,4543.721430575859,5252.587227533456
.SPX,2022-08-05,4145.19,20.09275,18.44991,17.1318,17.666266520547943,206.30277089995147,234.63871074166445,2475.6332507994175,3094.541563499272,3713.4498761991263,4332.358188898981,4951.266501598835,5570.17481429869,2815.6645288999734,3519.580661124967,4223.49679334996,4927.412925574954,5631.329057799947,6335.24519002494,2285.0095387275805,3201.8560890633403,4118.702639399099,5035.549189734858,5952.395740070618,2417.972969092668,3127.08773010773,3836.2024911227913,4545.317252137853,5254.432013152915
.SPX,2022-08-12,4280.15,20.66634,18.76968,17.34139,17.893140383561644,207.1073058896737,239.20619344897983,2485.2876706760844,3106.6095883451057,3727.9315060141266,4349.253423683148,4970.575341352169,5591.897259021191,2870.474321387758,3588.0929017346975,4305.711482081637,5023.330062428577,5740.948642775516,6458.567223122455,2293.9205684618682,3214.342616725908,4134.764664989947,5055.186713253986,5975.608761518026,2465.041288246732,3187.959694015043,3910.878099783354,4633.796505551665,5356.714911319977
.SPX,2022-08-19,4228.48,20.4334,18.57668,17.24793,17.735745068493152,206.93961846780272,238.41569574157484,2483.2754216136327,3104.094277017041,3724.913132420449,4345.731987823857,4966.550843227265,5587.369698630673,2860.988348898898,3576.2354361236225,4291.482523348347,5006.729610573071,5721.976697797796,6437.223785022521,2292.063262538015,3211.7400777952153,4131.416893052415,5051.093708309614,5970.7705235668145,2456.895138437976,3177.424536906095,3897.9539353742143,4618.483333842333,5339.0127323104525
.SPX,2022-08-26,4057.66,19.60897,17.805,16.55704,16.991261698630137,206.92876780371432,238.8086342244458,2483.145213644572,3103.9315170557147,3724.717820466858,4345.504123878,4966.290427289144,5587.076730700287,2865.7036106933497,3582.1295133666868,4298.555416040024,5014.981318713361,5731.407221386699,6447.833124060036,2291.943080580035,3211.571673538063,4131.200266496091,5050.828859454119,5970.457452412147,2460.944404763618,3182.661324581023,3904.3782443984283,4626.095164215833,5347.8120840332385
.SPX,2022-09-02,3924.26,18.96227,17.24069,16.03203,16.429397671232877,206.95096104000208,238.85598720829552,2483.411532480025,3104.2644156000315,3725.1172987200375,4345.970181840044,4966.82306496005,5587.6759480800565,2866.271846499546,3582.8398081244327,4299.407769749319,5015.975731374206,5732.543692999092,6449.111654623979,2292.1888928703474,3211.916116554674,4131.643340239,5051.370563923327,5971.097787607653,2461.4323815113275,3183.292409427647,3905.1524373439665,4627.012465260286,5348.8724931766055
.SPX,2022-09-09,4067.36,19.64989,17.89529,16.63591,17.02580024657534,206.99148951978867,238.89391048260012,2483.897874237464,3104.8723427968303,3725.846811356196,4346.821279915562,4967.795748474928,5588.770217034295,2866.726925791201,3583.408657239002,4300.090388686802,5016.772120134602,5733.453851582402,6450.135583030204,2292.6377863219404,3212.5451258463045,4132.4524653706685,5052.359804895032,5972.267144419396,2461.8231842560162,3183.797822219034,3905.7724601820523,4627.747098145071,5349.721736108088
.SPX,2022-09-16,3873.33,18.84124,17.14522,15.91191,16.270076739726026,205.5772337701765,238.06464234693115,2466.926805242118,3083.6585065526474,3700.390207863177,4317.121909173707,4933.853610484236,5550.585311794765,2856.775708163174,3570.9696352039673,4285.163562244761,4999.357489285554,5713.551416326348,6427.745343367141,2276.973489308541,3190.595622387698,4104.217755466854,5017.839888546011,5931.462021625168,2453.277501705002,3172.745962089804,3892.214422474606,4611.682882859408,5331.15134324421
.SPX,2022-09-23,3693.23,17.9614,16.28134,15.1859,15.483019342465754,205.62038593873527,238.53422373958188,2467.4446312648233,3084.305789081029,3701.166946897235,4318.02810471344,4934.889262529647,5551.750420345852,2862.4106848749825,3578.0133560937284,4293.616027312473,5009.218698531219,5724.821369749965,6440.424040968711,2277.451442737588,3191.2653518007032,4105.0792608638185,5018.893169926933,5932.707078990048,2458.116580093344,3179.004188648429,3899.891797203514,4620.7794057586,5341.667014313684
.SPX,2022-09-30,3585.62,17.46238,15.8188,14.7318,15.005783561643836,205.33398082048382,238.94920150422365,2464.007769845806,3080.0097123072574,3696.0116547687085,4312.0135972301605,4928.015539691612,5544.017482153063,2867.390418050684,3584.2380225633547,4301.085627076026,5017.933231588697,5734.780836101368,6451.6284406140385,2274.279219580865,3186.8202928816595,4099.361366182453,5011.902439483247,5924.443512784042,2462.392963195291,3184.534699244814,3906.6764352943364,4628.818171343859,5350.959907393382
.SPX,2022-10-07,3639.66,17.72533,16.11941,14.9627,15.232070821917809,205.33665663770435,238.94715581041035,2464.0398796524523,3080.049849565565,3696.0598194786785,4312.069789391791,4928.079759304905,5544.089729218017,2867.3658697249243,3584.207337156155,4301.048804587386,5017.890272018617,5734.731739449849,6451.573206881079,2274.3088569330253,3186.861822045923,4099.41478715882,5011.967752271718,5924.520717384616,2462.371882136978,3184.5074357809,3906.6429894248213,4628.778543068743,5350.914096712665
.SPX,2022-10-14,3583.07,17.50187,15.92421,14.80212,15.04190909589041,204.72498081633563,238.20580068383262,2456.699769796028,3070.8747122450345,3685.0496546940412,4299.224597143048,4913.399539592056,5527.574482041062,2858.4696082059913,3573.0870102574895,4287.704412308987,5002.321814360485,5716.939216411983,6431.556618463481,2267.5339353925174,3177.368503344295,4087.203071296072,4997.037639247849,5906.872207199626,2454.732151033372,3174.627213917057,3894.5222768007425,4614.417339684428,5334.312402568113
.SPX,2022-10-21,3752.75,18.42952,16.76437,15.75411,15.950626328767123,203.62711562753668,235.27289290401566,2443.52538753044,3054.4067344130503,3665.28808129566,4276.16942817827,4887.05077506088,5497.9321219434905,2823.274714848188,3529.0933935602347,4234.912072272282,4940.730750984329,5646.549429696376,6352.368108408423,2255.373980304667,3160.329438263432,4065.284896222197,4970.240354180962,5875.195812139727,2424.5082731829393,3135.5396315534595,3846.57098992398,4557.6023482945,5268.63370666502
.SPX,2022-10-28,3901.06,19.87985,16.96634,16.75904,16.795388493150686,196.23186291647067,232.269709128246,2354.7823549976483,2943.47794374706,3532.173532496472,4120.869121245884,4709.564709995297,5298.260298744708,2787.2365095389523,3484.04563692369,4180.8547643084285,4877.663891693166,5574.473019077905,6271.282146462642,2173.4641595476696,3045.553786827456,3917.643414107242,4789.733041387028,5661.822668666813,2393.560194888119,3095.5154637305823,3797.470732573046,4499.426001415509,5201.381270257973
.SPX,2022-11-04,3770.55,19.0627,16.37888,16.28961,16.303550794520547,197.79726901225956,231.27170562545447,2373.5672281471147,2966.9590351838933,3560.3508422206723,4153.7426492574505,4747.1344562942295,5340.5262633310085,2775.2604675054536,3469.075584381817,4162.89070125818,4856.705818134544,5550.520935010907,6244.3360518872705,2190.802597830666,3069.8491708292986,3948.8957438279313,4827.942316826564,5706.988889825196,2383.2756792377304,3082.214825918862,3781.1539725999937,4480.093119281125,5179.032265962257
.SPX,2022-11-11,3992.93,19.82402,17.32778,17.26888,17.276948493150684,201.41878387935444,231.11315065753462,2417.025406552253,3021.2817581903164,3625.5381098283797,4229.794461466443,4834.050813104506,5438.3071647425695,2773.3578078904156,3466.697259863019,4160.0367118356235,4853.376163808227,5546.715615780831,6240.055067753435,2230.9144973454268,3126.055732565033,4021.1969677846387,4916.338203004245,5811.479438223851,2381.6417560656596,3080.1017249170595,3778.5616937684595,4477.02166261986,5175.48163147126
.SPX,2022-11-18,3965.34,19.76934,17.84707,16.76116,16.889089123287672,200.58029251355887,234.78708478909945,2406.9635101627064,3008.704387703383,3610.4452652440596,4212.186142784736,4813.927020325413,5415.667897866089,2817.4450174691933,3521.8062718364918,4226.16752620379,4930.528780571089,5634.890034938387,6339.2512893056855,2221.627366781811,3113.0421958418565,4004.457024901902,4895.871853961948,5787.286683021993,2419.5019769655746,3129.0651474815886,3838.628317997602,4548.191488513616,5257.75465902963
.SPX,2022-11-25,4026.12,20.09501,18.16557,17.03281,17.144534273972603,200.35421729076026,234.83402556534406,2404.250607489123,3005.313259361404,3606.3759112336847,4207.438563105966,4808.501214978246,5409.563866850527,2818.0083067841288,3522.510383480161,4227.012460176193,4931.514536872225,5636.0166135682575,6340.51869026429,2219.12335756123,3109.533467745058,3999.943577928885,4890.353688112712,5780.76379829654,2419.9857058769253,3129.6907387362126,3839.3957715955003,4549.100804454788,5258.805837314076
.SPX,2022-12-02,4071.7,20.35808,18.3772,17.22751,17.31885523287671,200.0041261258429,235.10214418044296,2400.0495135101146,3000.0618918876435,3600.0742702651723,4200.086648642701,4800.099027020229,5400.111405397758,2821.2257301653153,3526.5321627066446,4231.838595247973,4937.145027789302,5642.451460330631,6347.75789287196,2215.245747736744,3104.099989933645,3992.9542321305453,4881.808474327446,5770.662716524346,2422.7486922646804,3133.264021375037,3843.779350485393,4554.294679595749,5264.810008706106
.SPX,2022-12-09,3934.38,19.65399,17.78778,16.67305,16.74023920547945,200.18225306922412,235.02531545141784,2402.1870368306895,3002.7337960383616,3603.280555246034,4203.827314453706,4804.374073661379,5404.920832869051,2820.3037854170143,3525.3797317712674,4230.455678125521,4935.531624479775,5640.607570834029,6345.683517188281,2217.2186818032856,3106.86455211477,3996.510422426254,4886.156292737738,5775.802163049223,2421.9569653179833,3132.240106032616,3842.523246747249,4552.806387461881,5263.089528176514
.SPX,2022-12-16,3852.36,19.27361,17.02829,16.44005,16.46422424657534,199.877449009293,233.98369351057121,2398.529388111516,2998.161735139395,3597.794082167274,4197.426429195153,4797.058776223032,5396.691123250911,2807.8043221268545,3509.755402658568,4211.706483190282,4913.657563721996,5615.608644253709,6317.559724785423,2213.842671964216,3102.13393831349,3990.425204662763,4878.716471012036,5767.007737361309,2411.2229577494113,3118.358154583357,3825.4933514173026,4532.6285482512485,5239.763745085194
.SPX,2022-12-23,3844.82,19.21208,17.00591,16.41154,16.42456728767123,200.12512960595626,234.0895764654961,2401.501555271475,3001.876944089344,3602.252332907213,4202.627721725082,4803.00311054295,5403.378499360819,2809.0749175859532,3511.3436469824414,4213.61237637893,4915.881105775418,5618.1498351719065,6320.418564568395,2216.5859823107735,3105.9779856964196,3995.369989082065,4884.761992467711,5774.153995853356,2412.3140911011365,3119.7692827306546,3827.2244743601723,4534.679665989691,5242.134857619209
.SPX,2022-12-30,3839.5,19.17806,16.96072,16.4096,16.411109917808222,200.20273166316093,233.9573629833309,2402.4327799579314,3003.040974947414,3603.6491699368967,4204.2573649263795,4804.865559915863,5405.473754905345,2807.488355799971,3509.360444749964,4211.232533699957,4913.104622649949,5614.976711599942,6316.848800549935,2217.445502714518,3107.182383573873,3996.919264433227,4886.656145292581,5776.393026151935,2410.9516193034756,3118.007241179511,3825.062863055546,4532.118484931581,5239.174106807617
.SPX,2023-01-06,3895.08,19.44665,16.66307,,16.66307,200.29568074706953,233.75524438173755,2403.548168964834,3004.435211206043,3605.3222534472516,4206.20929568846,4807.096337929668,5407.983380170877,2805.0629325808504,3506.3286657260633,4207.594398871276,4908.860132016489,5610.125865161701,6311.391598306914,2218.475006789624,3108.6249700645308,3998.774933339437,4888.924896614343,5779.07485988925,2408.868768977292,3115.313556931625,3821.7583448859577,4528.20313284029,5234.647920794623
.SPX,2023-01-13,3999.09,19.98023,17.44732,,17.44732,200.1523505985667,229.20941439716816,2401.8282071828003,3002.2852589785007,3602.7423107742006,4203.199362569901,4803.6564143656005,5404.1134661613005,2750.512972766018,3438.1412159575225,4125.769459149027,4813.397702340531,5501.025945532036,6188.654188723541,2216.8874820312917,3106.400460394941,3995.9134387585896,4885.4264171222385,5774.939395485887,2362.023583074095,3054.7301641786976,3747.4367452833,4440.143326387903,5132.849907492505
.SPX,2023-01-20,3972.61,19.89899,17.46491,,17.46491,199.6387756363514,227.46238028137563,2395.6653076362168,2994.581634545271,3593.4979614543254,4192.4142883633795,4791.3306152724335,5390.246942181488,2729.5485633765074,3411.9357042206343,4094.322845064761,4776.7099859088885,5459.097126753015,6141.484267597142,2211.199125629706,3098.4296846618463,3985.6602436939856,4872.890802726125,5760.121361758265,2344.0202397437615,3031.447011410315,3718.873783076869,4406.300554743423,5093.727326409977
.SPX,2023-01-27,4070.56,20.72124,17.89454,,17.89454,196.44384216388593,227.47497281293624,2357.326105966631,2946.657632458289,3535.9891589499466,4125.320685441605,4714.652211933262,5303.98373842492,2729.699673755235,3412.1245921940435,4094.5495106328526,4776.974429071661,5459.39934751047,6141.824265949279,2175.8120417416085,3048.843742852432,3921.8754439632557,4794.907145074079,5667.938846184903,2344.1500069114627,3031.614835171406,3719.0796634313497,4406.544491691294,5094.009319951237
.SPX,2023-02-03,4136.48,20.84795,18.40964,16.21025,18.20476531506849,198.4118342570852,227.21962785074427,2380.9420110850224,2976.177513856278,3571.4130166275336,4166.648519398789,4761.884022170045,5357.1195249413,2726.6355342089314,3408.294417761164,4089.953301313397,4771.612184865629,5453.271068417863,6134.929951970095,2197.609522626058,3079.387333902377,3961.165145178695,4842.942956455014,5724.720767731332,2341.5186541631347,3028.2117901423426,3714.90492612155,4401.598062100758,5088.291198079965
.SPX,2023-02-10,4090.46,20.68594,18.26798,16.05224,18.019088657534247,197.7410743722548,227.00704112966739,2372.892892467057,2966.1161155838217,3559.3393387005863,4152.562561817351,4745.785784934114,5339.009008050879,2724.0844935560085,3405.1056169450108,4086.126740334013,4767.147863723015,5448.168987112017,6129.190110501019,2190.1801859848333,3068.9770199149552,3947.7738538450767,4826.570687775198,5705.36752170532,2339.3279289263346,3025.3785946949156,3711.4292604634966,4397.479926232078,5083.5305920006585
.SPX,2023-02-17,4079.09,20.59617,18.25233,16.0579,17.963747424657534,198.05089975466313,227.07344428595835,2376.610797055958,2970.763496319947,3564.9161955839363,4159.068894847926,4753.221594111916,5347.374293375905,2724.8813314315003,3406.101664289375,4087.3219971472504,4768.542330005125,5449.7626628630005,6130.982995720875,2193.611811992834,3073.785565543708,3953.959319094581,4834.133072645454,5714.306826196327,2340.0122194104856,3026.263565868775,3712.5149123270644,4398.766258785354,5085.017605243643
.SPX,2023-02-24,3970.04,20.0934,17.75474,15.80587,17.461074657534247,197.57930464729714,227.36515809391918,2370.9516557675656,2963.689569709457,3556.4274836513487,4149.1653975932395,4741.903311535131,5334.641225477023,2728.3818971270302,3410.477371408788,4092.5728456905454,4774.668319972303,5456.7637942540605,6138.859268535818,2188.388424473376,3066.466324704114,3944.544224934852,4822.62212516559,5700.700025396328,2343.0183563779574,3030.1513074383306,3717.2842584987043,4404.4172095590775,5091.550160619451
.SPX,2023-03-03,4045.64,20.4491,18.11375,16.08571,17.76926101369863,197.8395137194302,227.67632243575835,2374.074164633162,2967.5927057914528,3561.1112469497434,4154.629788108034,4748.148329266324,5341.666870424615,2732.1158692291,3415.1448365363754,4098.173803843651,4781.202771150925,5464.2317384582,6147.260705765476,2191.270500217166,3070.504816278436,3949.739132339706,4828.973448400976,5708.207764462245,2346.2249328424055,3034.298271050331,3722.3716092582567,4410.444947466182,5098.518285674108
.SPX,2023-03-10,3861.59,19.52867,17.29495,15.32491,16.922531479452054,197.73952860077003,228.19221844491065,2372.8743432092406,2966.0929290115505,3559.3115148138604,4152.530100616171,4745.748686418481,5338.967272220791,2738.306621338928,3422.8832766736596,4107.459932008392,4792.036587343124,5476.613242677856,6161.189898012588,2190.1630650195066,3068.953029263646,3947.7429935077853,4826.532957751924,5705.322921996063,2351.541287509758,3041.173743878887,3730.8062002480156,4420.438656617144,5110.071112986274
.SPX,2023-03-17,3916.64,19.85277,17.58711,15.53643,17.16011909589041,197.2843084365557,228.24084017796687,2367.4117012386687,2959.2646265483354,3551.1175518580026,4142.97047716767,4734.823402477337,5326.676327787004,2738.8900821356024,3423.6126026695033,4108.335123203404,4793.057643737305,5477.780164271205,6162.502684805106,2185.1210463742245,3061.887930485303,3938.6548145963807,4815.421698707459,5692.188582818537,2352.0423388318895,3041.8217376578164,3731.6011364837436,4421.38053530967,5111.159934135598
.SPX,2023-03-24,3970.99,20.14901,17.85663,15.77232,17.382663616438354,197.08114691491045,228.44542629500884,2364.973762978925,2956.217203723657,3547.460644468388,4138.7040852131195,4729.94752595785,5321.190966702582,2741.3451155401062,3426.6813944251326,4112.017673310159,4797.353952195186,5482.6902310802125,6168.026509965239,2182.8708293129766,3058.734827149339,3934.598824985701,4810.462822822063,5686.326820658425,2354.1506171261894,3044.5483070901582,3734.9459970541275,4425.343687018097,5115.741376982066
.SPX,2023-03-31,4109.31,20.88581,18.56211,16.35322,18.017452191780823,196.75128711790447,228.07386728488615,2361.0154454148537,2951.269306768567,3541.5231681222804,4131.777029475994,4722.0308908297075,5312.284752183421,2736.886407418634,3421.1080092732923,4105.329611127951,4789.551212982609,5473.772814837268,6157.994416691926,2179.2173021242074,3053.6153438046726,3928.013385485138,4802.411427165603,5676.809468846068,2350.3216681856684,3039.596448899781,3728.8712296138942,4418.146010328007,5107.42079104212
.SPX,2023-04-06,4105.02,20.84109,18.54943,16.36734,17.975510438356164,196.96762501385484,228.36736759589894,2363.6115001662583,2954.5143752078225,3545.417250249387,4136.320125290952,4727.223000332517,5318.12587537408,2740.4084111507873,3425.510513938484,4110.612616726181,4795.714719513878,5480.816822301575,6165.918925089271,2181.61346071034,3056.9729468384185,3932.332432966497,4807.6919190945755,5683.051405222654,2353.346215227399,3043.507999634312,3733.669784041225,4423.831568448138,5113.993352855051
.SPX,2023-04-14,4137.64,20.90815,18.77522,16.56538,18.145566958904112,197.89603575639168,228.02483986148704,2374.7524290767,2968.4405363458754,3562.1286436150504,4155.816750884225,4749.5048581534,5343.192965422575,2736.2980783378443,3420.3725979223054,4104.4471175067665,4788.521637091228,5472.596156675689,6156.67067626015,2191.896538311768,3071.3820484524003,3950.8675585930323,4830.353068733664,5709.838578874296,2349.816436188149,3038.943048386006,3728.069660583863,4417.19627278172,5106.322884979576
.SPX,2023-04-21,4133.52,20.97395,18.68014,16.58692,18.0435717260274,197.0787572202661,229.08546394046263,2364.9450866431935,2956.1813583039916,3547.41762996479,4138.653901625588,4729.890173286387,5321.126444947185,2749.0255672855515,3436.2819591069397,4123.538350928327,4810.794742749716,5498.051134571103,6185.307526392491,2182.8443610545373,3058.6977386588906,3934.551116263244,4810.404493867597,5686.25787147195,2360.746262495264,3053.0782459974225,3745.4102294995805,4437.7422130017385,5130.074196503897
.SPX,2023-04-28,4169.48,21.59979,18.74173,16.66098,18.069049178082192,193.03335819468614,230.75259571807413,2316.400298336234,2895.500372920292,3474.6004475043505,4053.700522088409,4632.800596672468,5211.900671256526,2769.0311486168894,3461.288935771112,4153.5467229253345,4845.804510079557,5538.062297233779,6230.320084388001,2138.037520501279,2995.9124185866476,3853.7873166720155,4711.6622147573835,5569.537112842752,2377.926205060744,3075.296520679222,3772.6668362977,4470.037151916178,5167.407467534656
.SPX,2023-05-05,4136.25,21.49096,18.56262,16.51332,17.86080493150685,192.46464559982428,231.5825079475318,2309.5757471978914,2886.969683997364,3464.363620796837,4041.75755759631,4619.151494395783,5196.545431195255,2778.990095370382,3473.7376192129773,4168.485143055573,4863.232666898168,5557.980190740764,6252.727714583359,2131.738459667607,2987.0858968834145,3842.433334099222,4697.78077131503,5553.128208530837,2386.478525056047,3086.356964804577,3786.235404553106,4486.113844301635,5185.992284050165
.SPX,2023-05-12,4124.08,21.84587,18.57215,16.48649,17.817883917808217,188.78076267962777,231.45733909951886,2265.3691521555334,2831.7114401944164,3398.0537282333,3964.3960162721833,4530.738304311067,5097.08059234995,2777.4880691942262,3471.860086492783,4166.23210379134,4860.604121089896,5554.9761383884525,6249.348155687009,2090.9357715821093,2929.9113717523496,3768.88697192259,4607.86257209283,5446.83817226307,2385.1886488454634,3084.6888088230858,3784.1889688007086,4483.689128778331,5183.189288755953
.SPX,2023-05-19,4191.98,22.17456,18.86023,16.72112,18.04561002739726,189.04456277824676,232.29915717094846,2268.5347533389613,2835.668441673701,3402.8021300084415,3969.935818343182,4537.069506677923,5104.203195012662,2787.5898860513817,3484.487357564227,4181.384829077072,4878.282300589918,5575.179772102763,6272.0772436156085,2093.857621536097,2934.0055967032513,3774.153571870405,4614.3015470375585,5454.449522204712,2393.863659610637,3095.907925028718,3797.952190446799,4499.99645586488,5202.0407212829605
.SPX,2023-05-26,4205.45,22.26074,18.87805,16.69529,18.004946,188.91779877937572,233.57193073503245,2267.0135853525085,2833.766981690636,3400.520378028763,3967.27377436689,4534.027170705017,5100.780567043144,2802.8631688203895,3503.578961025487,4204.294753230584,4905.010545435682,5605.726337640779,6306.4421298458765,2092.4535834549606,2932.0381966538544,3771.622809852748,4611.207423051642,5450.792036250535,2406.979705398662,3112.870490936415,3818.761276474168,4524.652062011921,5230.542847549674
.SPX,2023-06-02,4282.37,22.64342,19.22991,17.00636,18.29784657534247,189.12204958438258,234.0368295453286,2269.464595012591,2836.8307437657386,3404.1968925188867,3971.5630412720343,4538.929190025182,5106.29533877833,2808.441954543943,3510.552443179929,4212.662931815915,4914.7734204519,5616.883909087886,6318.994397723873,2094.7158654189766,2935.2082058633987,3775.7005463078203,4616.192886752242,5456.685227196664,2411.7705293556564,3119.0663115698626,3826.3620937840687,4533.657875998275,5240.953658212481
.SPX,2023-06-09,4298.86,22.7221,19.30293,17.09792,18.3363502739726,189.1929003041092,234.4446924152614,2270.3148036493103,2837.893504561638,3405.4722054739655,3973.0509063862933,4540.629607298621,5108.208308210948,2813.3363089831364,3516.670386228921,4220.004463474705,4923.338540720489,5626.672617966273,6330.006695212058,2095.5006080072353,2936.3078217695816,3777.1150355319273,4617.922249294273,5458.729463056618,2415.973592829185,3124.5020002168976,3833.0304076046104,4541.558814992323,5250.087222380036
.SPX,2023-06-16,4409.59,23.30765,19.80846,17.53752,18.76942717808219,189.19067344841716,234.9347136789158,2270.288081381006,2837.860101726257,3405.4321220715087,3973.0041424167603,4540.576162762012,5108.148183107263,2819.2165641469896,3524.0207051837374,4228.824846220485,4933.628987257232,5638.433128293979,6343.237269330727,2095.47594335307,2936.2732605689444,3777.070577784819,4617.867895000693,5458.665212216568,2421.023305922356,3131.032633956838,3841.0419619913196,4551.051290025802,5261.060618060284
.SPX,2023-06-23,4348.33,23.12278,19.63574,17.32813,18.5356738630137,188.05394507061868,234.59249618524572,2256.647340847424,2820.80917605928,3384.9710112711364,3949.132846482992,4513.294681694848,5077.456516906705,2815.1099542229485,3518.887442778686,4222.664931334423,4926.44241989016,5630.219908445897,6333.997397001634,2082.885539574773,2918.6310318088167,3754.3765240428606,4590.122016276904,5425.867508510948,2417.4967239417897,3126.4718173630995,3835.4469107844097,4544.4220042057195,5253.397097627029
.SPX,2023-06-30,4450.38,23.64659,20.10165,17.7534,18.93717534246575,188.20388055952253,235.0075932401717,2258.4465667142704,2823.058208392838,3387.6698500714056,3952.281491749973,4516.893133428541,5081.504775107109,2820.0911188820605,3525.1138986025753,4230.136678323091,4935.159458043606,5640.182237764121,6345.205017484636,2084.5462250849314,2920.9580575487976,3757.369890012663,4593.781722476529,5430.193554940394,2421.77433634082,3132.003917770402,3842.233499199984,4552.463080629566,5262.692662059149
.SPX,2023-07-07,4398.95,23.36934,19.92141,17.58376,18.7173601369863,188.2359536041668,235.01978739552524,2258.831443250002,2823.539304062502,3388.2471648750025,3952.955025687503,4517.662886500004,5082.370747312504,2820.237448746303,3525.2968109328785,4230.356173119454,4935.4155353060305,5640.474897492606,6345.534259679182,2084.901466134911,2921.455836967082,3758.0102077992524,4594.5645786314235,5431.118949463594,2421.8999982059595,3132.166432273932,3842.4328663419046,4552.699300409877,5262.96573447785
.SPX,2023-07-14,4505.42,23.76434,20.50005,18.05484,19.19370493150685,189.587423845981,234.73425355228125,2275.049086151772,2843.811357689715,3412.573629227658,3981.335900765601,4550.098172303544,5118.860443841487,2816.811042627375,3521.0138032842187,4225.216563941062,4929.419324597906,5633.62208525475,6337.824845911594,2099.870350849259,2942.430898058429,3784.991445267599,4627.551992476769,5470.112539685939,2418.957546329443,3128.361052612083,3837.7645588947225,4547.168065177362,5256.571571460002
.SPX,2023-07-21,4536.34,23.92081,20.67428,18.18184,19.294902246575344,189.63989931779068,235.10562230524678,2275.6787918134883,2844.59848976686,3413.518187720232,3982.4378856736043,4551.3575836269765,5120.277281580348,2821.2674676629613,3526.5843345787016,4231.901201494442,4937.218068410182,5642.534935325923,6347.851802241663,2100.451569187293,2943.2453268138324,3786.039084440371,4628.83284206691,5471.626599693449,2422.7845346528875,3133.3103751985955,3843.836215744304,4554.362056290012,5264.88789683572
.SPX,2023-07-28,4582.23,24.08093,20.72957,18.54895,19.480941013698637,190.28459449032906,235.21605022970195,2283.415133883949,2854.2689173549356,3425.122700825923,3995.9764842969103,4566.830267767898,5137.684051238884,2822.5926027564233,3528.240753445529,4233.888904134635,4939.537054823741,5645.185205512847,6350.8333562019525,2107.5922130690774,2953.251111781126,3798.9100104931745,4644.568909205223,5490.227807917271,2423.9225043234574,3134.7820752711605,3845.6416462188636,4556.501217166567,5267.36078811427
.SPX,2023-08-04,4478.03,23.78128,20.1171,18.09034,18.917702301369864,188.30062973902162,236.71109359172746,2259.6075568682595,2824.5094460853243,3389.411335302389,3954.313224519454,4519.215113736519,5084.117002953583,2840.5331231007294,3550.666403875912,4260.799684651094,4970.9329654262765,5681.066246201459,6391.199526976641,2085.617819019686,2922.4596222061195,3759.301425392553,4596.143228578986,5432.985031765419,2439.3290603242663,3154.7068853700202,3870.084710415774,4585.462535461528,5300.840360507283
.SPX,2023-08-11,4464.05,22.86632,20.05584,18.0247,18.814896931506848,195.2238051422354,237.26146447949122,2342.6856617068247,2928.3570771335308,3514.0284925602373,4099.699907986943,4685.371323413649,5271.042738840356,2847.1375737538947,3558.9219671923684,4270.706360630842,4982.490754069316,5694.275147507789,6406.059540946263,2162.298911404526,3029.9085489642757,3897.5181865240256,4765.1278240837755,5632.7374616435245,2445.000681709254,3162.0418133735648,3879.0829450378756,4596.124076702186,5313.165208366497
.SPX,2023-08-18,4369.71,22.32274,19.62268,17.61578,18.358058082191786,195.75150720744855,238.02680983120064,2349.0180864893828,2936.2726081117285,3523.527129734074,4110.781651356419,4698.0361729787655,5285.290694601111,2856.321717974408,3570.4021474680094,4284.482576961612,4998.563006455213,5712.643435948816,6426.723865442417,2168.1437396022193,3038.0985798753654,3908.0534201485116,4778.008260421658,5647.963100694803,2452.887634235564,3172.241758860226,3891.5958834848884,4610.95000810955,5330.3041327342125
.SPX,2023-08-25,4405.71,22.4419,19.69648,17.65219,18.36909169863014,196.3162655568379,239.84364998997486,2355.795186682055,2944.743983352568,3533.692780023082,4122.641576693596,4711.59037336411,5300.539170034623,2878.1237998796983,3597.654749849623,4317.185699819547,5036.716649789472,5756.2475997593965,6475.778549729322,2174.399003212113,3046.863730978055,3919.328458743997,4791.793186509939,5664.2579142758805,2471.6103351027486,3196.4552339092133,3921.300132715678,4646.145031522143,5370.989930328607
.SPX,2023-09-01,4515.77,22.9663,20.1916,18.06338,18.76889950684932,196.62592581303912,240.59854965668416,2359.5111097564695,2949.388887195587,3539.2666646347043,4129.144442073822,4719.022219512939,5308.899996952056,2887.18259588021,3608.9782448502624,4330.773893820315,5052.569542790367,5774.36519176042,6496.160840730472,2177.8288002822055,3051.6697138183904,3925.5106273545753,4799.35154089076,5673.192454426944,2479.3896439078067,3206.5159671862048,3933.642290464603,4660.768613743001,5387.8949370213995
.SPX,2023-09-08,4457.49,22.67546,19.98726,17.84601,18.51478397260274,196.57771000014992,240.7530115715081,2358.9325200017993,2948.6656500022486,3538.3987800026985,4128.131910003149,4717.865040003599,5307.5981700040475,2889.0361388580973,3611.2951735726215,4333.554208287146,5055.81324300167,5778.072277716195,6500.331312430719,2177.2947619273705,3050.9213957351435,3924.548029542916,4798.174663350689,5671.801297158461,2480.981387800441,3208.5745190640605,3936.1676503276803,4663.7607815913,5391.353912854919
.SPX,2023-09-15,4450.32,22.7299,20.00944,17.86182,18.491396273972605,195.79144650878357,240.66976522827574,2349.497358105403,2936.8716976317537,3524.246037158104,4111.620376684455,4698.994716210806,5286.3690557371565,2888.0371827393087,3610.0464784241362,4332.055774108963,5054.065069793791,5776.074365478617,6498.083661163445,2168.586107313145,3038.718445011518,3908.85078270989,4778.983120408262,5649.115458106635,2480.1235267634643,3207.465074600803,3934.8066224381414,4662.14817027548,5389.489718112818
.SPX,2023-09-22,4320.06,22.08352,19.41603,17.32376,17.896984657534247,195.62370491660752,241.38479652667903,2347.4844589992904,2934.355573749113,3521.2266884989353,4108.097803248758,4694.968917998581,5281.840032748403,2896.6175583201484,3620.7719479001853,4344.926337480222,5069.08072706026,5793.235116640297,6517.389506220334,2166.72820139898,3036.1150653479526,3905.501929296925,4774.888793245897,5644.275657194869,2487.49198845561,3216.9944723408958,3946.4969562261817,4675.999440111467,5405.501923996753
.SPX,2023-09-29,4288.05,21.89662,19.20455,17.20848,17.71706769863014,195.83159409991134,242.02932860789073,2349.979129198936,2937.47391149867,3524.9686937984043,4112.463476098138,4699.958258397872,5287.453040697606,2904.3519432946887,3630.439929118361,4356.527914942033,5082.615900765705,5808.703886589377,6534.7918724130495,2169.030782041864,3039.341542842695,3909.6523036435265,4779.963064444358,5650.273825245188,2494.1339493884707,3225.584309697431,3957.0346700063906,4688.485030315351,5419.9353906243105
.SPX,2023-10-06,4308.5,22.01621,19.31525,17.31841,17.788898328767125,195.6967161922965,242.20162037986105,2348.360594307558,2935.450742884447,3522.5408914613367,4109.631040038226,4696.721188615116,5283.811337192005,2906.4194445583325,3633.0243056979157,4359.629166837499,5086.234027977082,5812.838889116665,6539.443750256249,2167.5368743055833,3037.24821347105,3906.9595526365156,4776.670891801982,5646.382230967448,2495.90943155893,3227.8804844608526,3959.8515373627756,4691.822590264699,5423.793643166621
.SPX,2023-10-13,4327.78,22.0575,19.50021,17.42036,17.870519315068492,196.2044656012694,242.1742716984614,2354.453587215233,2943.066984019041,3531.680380822849,4120.293777626657,4708.907174430466,5297.520571234273,2906.091260381537,3632.6140754769212,4359.136890572306,5085.659705667689,5812.182520763074,6538.705335858458,2173.160706878094,3045.128575570629,3917.096444263164,4789.064312955698,5661.032181648233,2495.62760094302,3227.5160018664455,3959.4044027898717,4691.292803713298,5423.181204636723
.SPX,2023-10-20,4224.16,21.58765,19.14804,17.01522,17.435940657534246,195.6748418656037,242.26739944625228,2348.0981023872446,2935.1226279840553,3522.1471535808664,4109.171679177678,4696.196204774489,5283.220730371299,2907.2087933550274,3634.0109916937845,4360.813190032541,5087.615388371298,5814.417586710055,6541.219785048812,2167.294594258019,3036.9087199886794,3906.5228457193393,4776.136971449999,5645.751097180659,2496.5872907406624,3228.757138235329,3960.926985729996,4693.096833224663,5425.266680719329
.SPX,2023-10-27,4117.37,20.70498,18.4981,16.60479,16.941954794520548,198.85892186324256,243.02803601693356,2386.3070623589106,2982.8838279486386,3579.460593538366,4176.037359128094,4772.614124717821,5369.190890307549,2916.3364322032025,3645.4205402540033,4374.504648304804,5103.588756355604,5832.672864406405,6561.756972457206,2202.5614650564,3086.326213917779,3970.090962779158,4853.855711640536,5737.620460501916,2504.425718855943,3238.8943286406557,3973.3629384253686,4707.831548210082,5442.300157994794
.SPX,2023-11-03,4358.34,22.11494,19.59008,17.69167,17.993335150684928,197.0767273164657,242.21968653955167,2364.9207277975884,2956.1509097469857,3547.3810916963826,4138.61127364578,4729.841455595177,5321.0716375445745,2906.63623847462,3633.295298093275,4359.95435771193,5086.613417330585,5813.27247694924,6539.931536567895,2182.821877839569,3058.6662341870156,3934.510590534462,4810.354946881908,5686.199303229354,2496.095604955677,3228.121256608467,3960.1469082612566,4692.172559914046,5424.198211566836
.SPX,2023-11-10,4415.24,22.48001,19.87019,17.96449,18.23076589041096,196.40738593977494,242.18620471245987,2356.8886312772993,2946.110789096624,3535.332946915949,4124.555104735274,4713.777262554599,5302.999420373923,2906.2344565495187,3632.793070686898,4359.351684824278,5085.910298961658,5812.468913099037,6539.027527236416,2175.40825259483,3048.27793570091,3921.1476188069896,4794.017301913069,5666.886985019149,2495.7505717230624,3227.6750360749948,3959.5995004269275,4691.523964778859,5423.448429130793
.SPX,2023-11-17,4514.02,22.91403,20.37065,18.3447,18.58892410958904,196.9980837067945,242.83384952179438,2363.977004481534,2954.971255601917,3545.9655067223007,4136.959757842685,4727.954008963068,5318.948260083451,2914.0061942615325,3642.5077428269155,4371.009291392299,5099.510839957682,5828.012388523065,6556.513937088448,2181.9508212004616,3057.445671228054,3932.9405212556453,4808.435371283237,5683.930221310829,2502.4246095985436,3236.3063575237716,3970.188105449,4704.069853374228,5437.951601299455
.SPX,2023-11-24,4559.34,23.01606,20.64529,18.52697,18.741703808219174,198.09385272718268,243.2724391898938,2377.126232726192,2971.40779090774,3565.689349089288,4159.9709072708365,4754.252465452384,5348.5340236339325,2919.2692702787253,3649.086587848407,4378.9039054180885,5108.72122298777,5838.538540557451,6568.355858127133,2194.0875591265044,3074.452203398377,3954.8168476702494,4835.181491942122,5715.546136213994,2506.9443154843952,3242.1515497571017,3977.358784029808,4712.566018302514,5447.773252575221
.SPX,2023-12-01,4594.63,23.14517,20.83978,18.61571,18.798510273972603,198.5135559600556,244.4145803596722,2382.1626715206676,2977.703339400834,3573.244007281001,4168.784675161168,4764.325343041335,5359.866010921502,2932.9749643160662,3666.218705395083,4399.462446474099,5132.706187553116,5865.9499286321325,6599.193669711149,2198.736192231944,3080.9660730178284,3963.1959538037117,4845.425834589596,5727.655715375479,2518.714182727029,3257.373145659907,3996.032108592786,4734.6910715256645,5473.350034458543
.SPX,2023-12-08,4604.37,23.19225,20.88086,18.65665,18.79680569863013,198.53054360831743,244.95491807608332,2382.366523299809,2977.9581541247617,3573.5497849497137,4169.141415774666,4764.733046599618,5360.324677424571,2939.4590169129997,3674.32377114125,4409.1885253695,5144.05327959775,5878.918033825999,6613.78278805425,2198.9243474280643,3081.2297243725275,3963.53510131699,4845.840478261453,5728.145855205916,2524.282411380918,3264.5743591244836,4004.866306868049,4745.158254611614,5485.4502023551795
.SPX,2023-12-15,4719.19,23.82931,21.52584,19.25083,19.350556465753424,198.0414036327531,243.87877466738553,2376.496843593037,2970.6210544912965,3564.7452653895557,4158.869476287815,4752.993687186074,5347.117898084333,2926.5452960086263,3658.181620010783,4389.81794401294,5121.454268015096,5853.090592017253,6584.726916019409,2193.5066329443384,3073.6381840246545,3953.7697351049706,4833.901286185286,5714.032837265602,2513.1926569884154,3250.2323315939952,3987.2720061995756,4724.311680805155,5461.351355410736
.SPX,2023-12-22,4754.63,23.99544,21.63429,19.4276,19.482011534246578,198.14723130728174,244.05231418953036,2377.7667756873807,2972.208469609226,3566.6501635310715,4161.091857452917,4755.533551374761,5349.975245296607,2928.6277702743646,3660.7847128429553,4392.941655411547,5125.098597980138,5857.255540548729,6589.412483117319,2194.678780292163,3075.280648556773,3955.882516821383,4836.4843850859925,5717.0862533506015,2514.9809973363876,3252.545135430466,3990.1092735245447,4727.6734116186235,5465.237549712702
.SPX,2023-12-29,4769.83,24.06152,21.70158,19.48866,19.500785589041097,198.23477486044106,244.59681268843408,2378.8172983252925,2973.521622906616,3568.2259474879393,4162.930272069262,4757.634596650585,5352.338921231909,2935.161752261209,3668.9521903265113,4402.742628391814,5136.533066457116,5870.323504522418,6604.11394258772,2195.6484127074264,3076.639340238512,3957.630267769597,4838.621195300682,5719.612122831768,2520.5921032272236,3259.801800665294,3999.011498103365,4738.221195541435,5477.430892979506
.SPX,2024-01-05,4697.24,23.70186,19.19518,,19.19518,198.18022720579734,244.7093489094658,2378.162726469568,2972.70340808696,3567.244089704352,4161.784771321744,4756.325452939136,5350.866134556528,2936.5121869135896,3670.640233641987,4404.768280370385,5138.8963270987815,5873.024373827179,6607.152420555577,2195.0442428718375,3075.7927508330317,3956.5412587942255,4837.289766755419,5718.038274716613,2521.751799083199,3261.3015985241755,4000.8513979651516,4740.401197406128,5479.950996847104
.SPX,2024-01-12,4783.83,24.22318,19.60659,,19.60659,197.48975980858006,243.99092345991832,2369.8771177029607,2962.346397128701,3554.815676554441,4147.284955980182,4739.7542354059215,5332.223514831661,2927.8910815190197,3659.863851898775,4391.83662227853,5123.809392658285,5855.7821630380395,6587.754933417795,2187.396625818807,3065.0765727107705,3942.756519602734,4820.436466494697,5698.1164133866605,2514.3483603589443,3251.726966098111,3989.1055718372777,4726.484177576444,5463.8627833156115
.SPX,2024-01-19,4839.81,24.61953,19.87819,,19.87819,196.58417524623744,243.4733745879278,2359.010102954849,2948.7626286935615,3538.515154432274,4128.267680170986,4718.020205909698,5307.772731648411,2921.6804950551336,3652.1006188189167,4382.5207425827,5112.940866346484,5843.360990110267,6573.781113874051,2177.3663709945477,3051.0217375166053,3924.6771040386625,4798.33247056072,5671.987837082777,2509.014972791727,3244.8294651605333,3980.6439575293393,4716.458449898146,5452.272942266952
.SPX,2024-01-26,4890.97,24.92293,20.1784,,20.1784,196.24378032598895,242.38641319430678,2354.9253639118674,2943.656704889834,3532.3880458678013,4121.119386845768,4709.850727823735,5298.582068801702,2908.6369583316814,3635.7961979146016,4362.955437497522,5090.114677080443,5817.273916663363,6544.433156246283,2173.596156778281,3045.7387471654365,3917.8813375525915,4790.0239279397465,5662.1665183269015,2497.8137380938574,3230.3432636878556,3962.872789281854,4695.402314875852,5427.931840469851
.SPX,2024-02-02,4958.61,25.02389,20.36416,17.57082,20.11230147540984,198.1550430408701,246.5461253185076,2377.860516490441,2972.3256456130516,3566.790774735662,4161.255903858272,4755.721032980882,5350.186162103493,2958.553503822091,3698.191879777614,4437.830255733136,5177.468631688659,5917.107007644182,6656.745383599705,2194.7653030552146,3075.401888066291,3956.0384730773667,4836.675058088443,5717.311643099519,2540.6799447983362,3285.780768877228,4030.88159295612,4775.982417035012,5521.0832411139045
.SPX,2024-02-09,5026.61,25.27764,20.65265,17.70358,20.330347267759564,198.8559849732807,247.24663744289992,2386.2718196793685,2982.8397745992106,3579.4077295190527,4175.975684438895,4772.543639358737,5369.111594278579,2966.959649314799,3708.699561643499,4450.439473972198,5192.179386300899,5933.919298629598,6675.659210958298,2202.528936062495,3086.28063285764,3970.0323296527836,4853.784026447927,5737.5357232430715,2547.898785099446,3295.116666019072,4042.3345469386977,4789.552427858323,5536.77030877795
.SPX,2024-02-16,5005.57,25.14839,20.56681,17.71094,20.200072595628413,199.04137004396702,247.7996044966332,2388.496440527604,2985.620550659505,3582.744660791406,4179.868770923307,4776.992881055208,5374.116991187109,2973.5952539595983,3716.9940674494983,4460.392880939397,5203.791694429297,5947.1905079191965,6690.589321409097,2204.5822611487656,3089.157842479251,3973.7334238097365,4858.309005140221,5742.884586470706,2553.5971602077116,3302.486193764163,4051.3752273206146,4800.264260877067,5549.153294433518
.SPX,2024-02-23,5088.8,25.38446,20.85406,18.21336,20.464448524590168,200.46910590179976,248.66538640830103,2405.629270821597,3007.0365885269966,3608.443906232396,4209.851223937795,4811.258541643194,5412.665859348594,2983.9846368996123,3729.9807961245156,4475.976955349419,5221.973114574322,5967.9692737992245,6713.965433024128,2220.395863843968,3111.316559640606,4002.2372554372437,4893.157951233881,5784.078647030519,2562.5191204968946,3314.0246819546583,4065.530243412422,4817.0358048701855,5568.54136632795
.SPX,2024-03-01,5137.08,25.4812,21.04966,18.34342,20.59862,201.60275026293894,249.3895222107112,2419.2330031552674,3024.041253944084,3628.849504732901,4233.657755521718,4838.466006310535,5443.274257099351,2992.674266528534,3740.842833160668,4489.011399792801,5237.179966424935,5985.348533057068,6733.517099689202,2232.952109053025,3128.910923907803,4024.86973876258,4920.828553617357,5816.787368472134,2569.981404919808,3323.6754176559025,4077.3694303919974,4831.063443128092,5584.757455864186
.SPX,2024-03-08,5123.69,25.39651,20.98708,18.30631,20.489013442622948,201.74779920548139,250.0701175460832,2420.9735904657764,3026.2169880822207,3631.460385698665,4236.703783315109,4841.947180931553,5447.190578547998,3000.8414105529982,3751.051763191248,4501.262115829498,5251.472468467747,6001.6828211059965,6751.893173744246,2234.5586711745423,3131.1621095698556,4027.7655479651685,4924.368986360481,5820.972424755794,2576.995000922864,3332.7458788585027,4088.4967567941408,4844.247634729779,5599.998512665417
.SPX,2024-03-15,5117.09,25.48042,21.00875,18.26706,20.446928278688524,200.82439771400945,250.26204084324263,2409.8927725681133,3012.3659657101416,3614.83915885217,4217.312351994198,4819.785545136227,5422.258738278255,3003.1444901189116,3753.9306126486395,4504.716735178367,5255.502857708096,6006.288980237823,6757.075102767551,2224.3310760390805,3116.830752432857,4009.3304288266336,4901.83010522041,5794.329781614187,2578.9727877219984,3335.303687780023,4091.634587838048,4847.965487896073,5604.296387954098
.SPX,2024-03-22,5234.18,26.02772,21.52578,18.6957,20.891718360655737,201.10021162053383,250.53851050650067,2413.202539446406,3016.5031743080076,3619.803809169609,4223.104444031211,4826.405078892812,5429.705713754413,3006.462126078008,3758.07765759751,4509.6931891170125,5261.308720636514,6012.924252156016,6764.539783675518,2227.3859909322377,3121.1114338420357,4014.8368767518327,4908.562319661631,5802.287762571427,2581.8218324104005,3338.9882668888517,4096.154701367303,4853.321135845754,5610.487570324205
.SPX,2024-03-28,5254.35,26.12399,21.54779,18.7599,20.87747765027322,201.13122076681245,251.67551789625495,2413.5746492017493,3016.9683115021867,3620.361973802624,4223.755636103061,4827.1492984034985,5430.542960703936,3020.106214755059,3775.1327684438243,4530.159322132589,5285.185875821354,6040.212429510118,6795.238983198884,2227.729448243671,3121.5927013664405,4015.4559544892095,4909.3192076119785,5803.182460734748,2593.5387955892143,3354.1414436443147,4114.744091699416,4875.3467397545155,5635.9493878096155
.SPX,2024-04-05,5204.34,25.82948,21.34518,18.59494,20.62380557377049,201.48837684692066,252.34625013236737,2417.860522163048,3022.3256527038097,3626.7907832445717,4231.255913785334,4835.721044326096,5440.186174866858,3028.1550015884086,3785.1937519855105,4542.232502382612,5299.271252779715,6056.310003176817,6813.348753573919,2231.685309070463,3127.1358279315946,4022.586346792726,4918.036865653858,5813.487384514989,2600.450751469353,3363.080456900504,4125.710162331655,4888.3398677628065,5650.969573193958
.SPX,2024-04-12,5123.41,25.43665,21.12837,18.29392,20.330696912568307,201.41842577540675,252.0036584103883,2417.021109304881,3021.276386631101,3625.5316639573216,4229.786941283542,4834.042218609762,5438.297495935982,3024.0439009246597,3780.054876155825,4536.065851386989,5292.076826618155,6048.0878018493195,6804.098777080484,2230.9105309860183,3126.0501747273925,4021.189818468766,4916.32946221014,5811.4691059515135,2596.9203130324813,3358.514652874174,4120.108992715866,4881.7033325575585,5643.297672399251
.SPX,2024-04-19,4967.23,24.67312,20.45758,17.7105,19.63195486338798,201.32151912688786,253.01759476146134,2415.8582295226543,3019.822786903318,3623.7873442839814,4227.751901664645,4831.7164590453085,5435.681016425972,3036.211137137536,3795.2639214219203,4554.316705706304,5313.369489990688,6072.422274275072,6831.475058559457,2229.8371929243635,3124.5461661225763,4019.255139320789,4913.964112519002,5808.673085717214,2607.369018114118,3372.0276316683744,4136.6862452226305,4901.344858776887,5666.003472331144
.SPX,2024-04-26,5099.96,25.21189,20.91449,18.156,20.03267762295082,202.28392238741324,254.58204319911448,2427.407068648959,3034.2588358111984,3641.1106029734383,4247.962370135678,4854.814137297918,5461.665904460157,3054.984518389374,3818.730647986717,4582.476777584061,5346.2229071814045,6109.969036778748,6873.715166376091,2240.4967716629812,3139.4828377261874,4038.4689037893936,4937.4549698526,5836.441035915806,2623.4907996472143,3392.877420257426,4162.264040867638,4931.650661477849,5701.037282088061
.SPX,2024-05-03,5127.79,25.20219,20.96342,18.22273,20.03488021857924,203.46604799027384,255.94313237993663,2441.592575883286,3051.9907198541077,3662.388863824929,4272.7870077957505,4883.185151766572,5493.583295737393,3071.3175885592395,3839.1469856990493,4606.9763828388595,5374.805779978669,6142.635177118479,6910.464574258289,2253.589995116681,3157.8296395798207,4062.0692840429597,4966.308928506099,5870.548572969238,2637.5169457905754,3411.0169900815094,4184.517034372443,4958.017078663377,5731.517122954311
.SPX,2024-05-10,5222.68,25.65938,21.35681,18.53491,20.34678568306011,203.5388228398348,256.683295403666,2442.465874078018,3053.0823425975223,3663.6988111170267,4274.315279636531,4884.931748156036,5495.54821667554,3080.199544843992,3850.2494310549905,4620.299317265988,5390.349203476986,6160.399089687984,6930.448975898983,2254.3960493674354,3158.9591183269117,4063.5221872863876,4968.085256245863,5872.6483252053395,2645.1443921673585,3420.881324497888,4196.618256828417,4972.355189158946,5748.092121489474
.SPX,2024-05-17,5303.27,26.06023,21.68344,18.80054,20.596444918032788,203.50050632707388,257.48472715098677,2442.0060759248863,3052.5075949061084,3663.00911388733,4273.5106328685515,4884.012151849773,5494.513670830995,3089.816725811841,3862.2709072648017,4634.7250887177615,5407.179270170722,6179.633451623682,6952.087633076643,2253.9716556631356,3158.3644391611397,4062.757222659143,4967.150006157146,5871.54278965515,2653.403218238594,3431.5622022424163,4209.721186246238,4987.8801702500605,5766.039154253883
.SPX,2024-05-24,5304.72,25.8928,21.63105,18.72494,20.479722267759563,204.8723969597726,259.0230438989408,2458.4687635172713,3073.085954396589,3687.703145275907,4302.320336155225,4916.937527034543,5531.55471791386,3108.276526787289,3885.345658484112,4662.414790180934,5439.483921877756,6216.553053574578,6993.622185271402,2269.1667166316956,3179.656428389755,4090.1461401478145,5000.635851905874,5911.1255636639335,2669.255710364459,3452.0637273843718,4234.871744404284,5017.679761424197,5800.48777844411
.SPX,2024-05-31,5277.51,25.7428,21.5173,18.64237,20.32334,205.0091676119148,259.67729713718313,2460.1100113429775,3075.137514178722,3690.1650170144662,4305.19251985021,4920.220022685955,5535.2475255217,3116.1275656461976,3895.159457057747,4674.191348469296,5453.2232398808455,6232.255131292395,7011.287022703945,2270.6815884068037,3181.7791334967023,4092.8766785866005,5003.974223676499,5915.071768766397,2675.9978486928317,3460.7831209883684,4245.568393283905,5030.353665579441,5815.138937874978
.SPX,2024-06-07,5346.99,26.08033,21.80282,18.86355,20.525924016393446,205.02002850424054,260.4993566053113,2460.2403420508863,3075.300427563608,3690.36051307633,4305.420598589051,4920.480684101773,5535.540769614495,3125.9922792637353,3907.490349079669,4688.988418895603,5470.486488711536,6251.984558527471,7033.482628343405,2270.801883652743,3181.9476964979367,4093.09350934313,5004.239322188323,5915.385135033516,2684.46924527798,3471.738909434686,4259.008573591392,5046.278237748098,5833.547901904803
.SPX,2024-06-14,5431.6,26.57013,22.15923,19.11143,20.776894480874315,204.42504421318228,261.42501734318057,2453.1005305581875,3066.375663197734,3679.650795837281,4292.925928476828,4906.201061116375,5519.4761937559215,3137.100208118167,3921.3752601477086,4705.65031217725,5489.925364206792,6274.200416236334,7058.475468265875,2264.2118375058567,3172.7134333471727,4081.215029188488,4989.716625029803,5898.218220871119,2694.008262244292,3484.075417449429,4274.142572654566,5064.209727859703,5854.27688306484
.SPX,2024-06-21,5464.62,26.82281,22.39208,19.25935,20.911308715847,203.73033250431254,261.32367295877583,2444.7639900517506,3055.954987564688,3667.145985077626,4278.336982590564,4889.527980103501,5500.718977616439,3135.8840755053097,3919.8550943816376,4703.826113257965,5487.797132134292,6271.7681510106195,7055.739169886948,2256.5172104559715,3161.931382745114,4067.3455550342564,4972.759727323399,5878.173899612541,2692.963899269038,3482.724775946219,4272.485652623401,5062.246529300582,5852.007405977763
.SPX,2024-06-28,5460.48,26.76717,22.3612,19.25418,20.833157377049183,203.99915269339266,262.10525371519196,2447.9898323207117,3059.98729040089,3671.984748481068,4283.982206561246,4895.979664641423,5507.9771227216015,3145.2630445823033,3931.5788057278796,4717.894566873455,5504.210328019031,6290.526089164607,7076.841850310183,2259.4946629330807,3166.103520402377,4072.7123778716723,4979.321235340968,5885.930092810264,2701.0181590977063,3493.1410946591536,4285.2640302206,5077.386965782047,5869.509901343495
.SPX,2024-07-05,5567.19,27.29238,22.80229,19.59391,21.16303573770492,203.9833096270827,263.0619760321658,2447.7997155249923,3059.7496444062403,3671.6995732874884,4283.649502168737,4895.599431049985,5507.549359931232,3156.743712385989,3945.929640482487,4735.115568578984,5524.301496675481,6313.487424771978,7102.673352868476,2259.319185126927,3165.857633165319,4072.3960812037103,4978.934529242101,5885.472977280493,2710.877268423948,3505.89156796798,4300.905867512012,5095.920167056044,5890.934466600076
.SPX,2024-07-12,5615.35,27.44248,23.00058,19.78935,21.29845262295082,204.6225414029636,263.6506087746958,2455.470496835563,3069.338121044454,3683.205745253345,4297.073369462236,4910.940993671126,5524.808617880018,3163.8073052963496,3954.759131620437,4745.710957944524,5536.662784268612,6327.614610592699,7118.566436916786,2266.3993164260555,3175.778625234396,4085.157934042736,4994.537242851076,5903.916551659417,2716.943181655663,3513.736421107886,4310.529660560109,5107.322900012332,5904.116139464555
.SPX,2024-07-19,5505.0,26.84629,22.53944,19.4029,20.81691393442623,205.05626662008046,264.448420036749,2460.6751994409656,3075.843999301207,3691.012799161448,4306.18159902169,4921.350398881931,5536.519198742172,3173.381040440988,3966.726300551235,4760.071560661481,5553.416820771728,6346.762080881976,7140.107340992223,2271.2032570322594,3182.510118569885,4093.81698010751,5005.123841645135,5916.43070318276,2725.164698301338,3524.369047755989,4323.57339721064,5122.777746665291,5921.982096119941
.SPX,2024-07-26,5459.1,26.49471,22.35205,19.26019,20.59492737704918,206.044904813074,265.07012625271875,2472.538857756888,3090.67357219611,3708.808286635332,4326.943001074554,4945.077715513776,5563.212429952998,3180.841515032625,3976.0518937907814,4771.262272548937,5566.472651307094,6361.68303006525,7156.893408823406,2282.153413889029,3197.8539610413563,4113.554508193683,5029.2550553460105,5944.955602498338,2731.571436644641,3532.6546791999463,4333.737921755252,5134.821164310557,5935.904406865862
.SPX,2024-08-02,5346.56,25.52964,21.67107,18.58899,19.860558524590164,209.42559315368334,269.2049165374784,2513.1071178442,3141.3838973052502,3769.6606767663,4397.93745622735,5026.2142356884,5654.4910151494505,3230.458998449741,4038.0737480621765,4845.688497674611,5653.303247287047,6460.917996899482,7268.532746511917,2319.5979187401235,3250.322851795397,4181.047784850671,5111.772717905944,6042.497650961218,2774.1808215573606,3587.760044913775,4401.339268270189,5214.918491626603,6028.4977149830165
.SPX,2024-08-09,5344.16,25.47518,21.66247,18.55193,19.77574901639344,209.779086938738,270.23805751022974,2517.349043264856,3146.68630408107,3776.023564897284,4405.360825713498,5034.698086529712,5664.035347345926,3242.856690122757,4053.570862653446,4864.285035184135,5674.9992077148245,6485.713380245514,7296.427552776203,2323.5132159860464,3255.8091388829916,4188.1050617799365,5120.400984676881,6052.696907573826,2784.8274319886855,3601.5289684181284,4418.230504847572,5234.932041277015,6051.633577706458
.SPX,2024-08-16,5554.25,26.54247,22.54439,19.29948,20.51410478142077,209.25897250708016,270.75273618717097,2511.1076700849617,3138.8845876062023,3766.661505127443,4394.438422648684,5022.215340169923,5649.992257691164,3249.0328342460516,4061.2910428075647,4873.549251369077,5685.80745993059,6498.065668492103,7310.323877053616,2317.752428419386,3247.7368694086226,4177.721310397859,5107.705751387096,6037.690192376333,2790.1312419383676,3608.3882175613057,4426.645193184244,5244.9021688071825,6063.15914443012
.SPX,2024-08-23,5634.61,26.92237,22.89568,19.61743,20.78183573770492,209.29100966965387,271.1314857415127,2511.4921160358463,3139.3651450448083,3767.23817405377,4395.111203062731,5022.9842320716925,5650.857261080655,3253.577828898152,4066.97228612269,4880.366743347228,5693.7612005717665,6507.155657796304,7320.550115020842,2318.1072720395437,3248.234091930722,4178.3609118219,5108.487731713079,6038.614551604257,2794.0342900822966,3613.435905900634,4432.837521718971,5252.239137537309,6071.640753355647
.SPX,2024-08-30,5648.4,26.82206,22.92546,19.63784,20.742695901639344,210.5878519397839,272.30790186504123,2527.054223277407,3158.8177790967584,3790.58133491611,4422.344890735461,5054.108446554814,5685.872002374165,3267.6948223804948,4084.6185279756182,4901.542233570743,5718.465939165866,6535.3896447609895,7352.313350356113,2332.471097326744,3268.3613170816834,4204.251536836623,5140.141756591562,6076.031976346501,2806.157363798929,3629.114292530696,4452.071221262463,5275.028149994229,6097.985078725997
.SPX,2024-09-06,5408.42,25.75486,21.99761,18.78173,19.800970655737707,209.9960939411047,273.13913514804426,2519.9531272932563,3149.9414091165704,3779.9296909398845,4409.917972763199,5039.906254586513,5669.894536409827,3277.669621776531,4097.087027220664,4916.504432664797,5735.9218381089295,6555.339243553062,7374.756648997195,2325.9167855950027,3259.1771265685966,4192.43746754219,5125.697808515783,6058.958149489377,2814.7232973695595,3640.1923426611274,4465.661387952695,5291.130433244262,6116.59947853583
.SPX,2024-09-13,5626.02,26.78184,22.87401,19.51844,20.517776420765024,210.06846430267677,274.20222760133913,2520.821571632121,3151.0269645401518,3781.232357448182,4411.437750356212,5041.643143264242,5671.848536172273,3290.4267312160696,4113.033414020087,4935.640096824104,5758.246779628122,6580.853462432139,7403.460145236157,2326.718359736697,3260.3003275893893,4193.882295442081,5127.464263294773,6061.046231147465,2825.6785604955303,3654.3604369033797,4483.042313311229,5311.724189719079,6140.406066126929
.SPX,2024-09-20,5702.55,27.19784,23.23623,19.83543,20.78319393442623,209.6692237324729,274.3827545464047,2516.0306847896745,3145.0383559870934,3774.046027184512,4403.05369838193,5032.061369579349,5661.069040776768,3292.5930545568567,4115.741318196071,4938.889581835285,5762.0378454745,6585.186109113713,7408.334372752927,2322.296371087765,3254.1040421729012,4185.911713258038,5117.719384343174,6049.527055428311,2827.538906863705,3656.766363841369,4485.993820819033,5315.221277796697,6144.448734774362
.SPX,2024-09-27,5738.17,27.39996,23.36066,19.95003,20.83530281420765,209.4225685001,275.4061244594499,2513.0708220012,3141.3385275015,3769.6062330018,4397.8739385021,5026.1416440024,5654.4093495027,3304.873493513399,4131.091866891749,4957.310240270099,5783.528613648448,6609.746987026798,7435.965360405148,2319.564417676327,3250.275908628076,4180.987399579825,5111.698890531574,6042.410381483322,2838.084825647969,3670.405066033048,4502.725306418127,5335.045546803206,6167.365787188285
.SPX,2024-10-04,5751.07,27.5095,23.48908,20.10323,20.917314153005464,209.05759828422907,274.9430427794033,2508.691179410749,3135.863974263436,3763.036769116123,4390.2095639688105,5017.382358821498,5644.555153674185,3299.3165133528396,4124.14564169105,4948.974770029259,5773.80389836747,6598.633026705679,7423.462155043889,2315.52200748,3244.6115052712266,4173.701003062453,5102.790500853679,6031.879998644906,2833.312727381253,3664.23346274076,4495.1541981002665,5326.074933459774,6156.995668819281
.SPX,2024-10-11,5815.03,28.18116,23.75514,20.2747,21.044961311475408,206.3445933382444,276.314596826043,2476.135120058933,3095.168900073666,3714.2026800883996,4333.236460103132,4952.270240117866,5571.304020132599,3315.7751619125156,4144.7189523906445,4973.662742868773,5802.606533346902,6631.550323825031,7460.494114303161,2285.4727640638926,3202.5051808235894,4119.537597583286,5036.570014342982,5953.602431102679,2847.4467149059105,3682.5125004019783,4517.578285898046,5352.644071394113,6187.709856890181
.SPX,2024-10-18,5864.67,28.40254,23.99368,20.49044,21.198745355191257,206.4839975579649,276.6517499849976,2477.8079706955787,3097.2599633694736,3716.711956043368,4336.163948717262,4955.615941391157,5575.067934065052,3319.820999819971,4149.776249774964,4979.731499729956,5809.686749684949,6639.641999639942,7469.597249594935,2287.0168052341137,3204.668759372758,4122.320713511402,5039.972667650046,5957.624621788689,2850.921108462795,3687.0058233630593,4523.090538263324,5359.175253163588,6195.259968063853
.SPX,2024-10-25,5808.12,28.10924,23.75977,20.2714,20.90998139344262,206.6267177625578,277.7678224917708,2479.520613150694,3099.400766438367,3719.2809197260403,4339.161073013714,4959.041226301388,5578.921379589061,3333.2138699012494,4166.517337376562,4999.8208048518745,5833.124272327187,6666.427739802499,7499.731207277811,2288.597574253557,3206.883802603223,4125.170030952889,5043.456259302555,5961.742487652221,2862.422335793933,3701.8799957909996,4541.337655788066,5380.795315785132,6220.2529757821985
.SPX,2024-11-01,5728.8,27.47129,23.4187,19.6085,20.23312295081967,208.53771337276117,283.139682090842,2502.4525604731343,3128.0657005914177,3753.678840709701,4379.291980827985,5004.905120946269,5630.518261064552,3397.676185090104,4247.095231362629,5096.514277635156,5945.933323907681,6795.352370180208,7644.771416452733,2309.763762079017,3236.542797991464,4163.32183390391,5090.100869816358,6016.879905728804,2917.779830996913,3773.472088106115,4629.164345215317,5484.8566023245185,6340.54885943372
.SPX,2024-11-08,5995.54,28.89885,24.56214,20.58135,21.157803196721314,207.4663870707658,283.3725195500963,2489.5966448491895,3111.9958060614867,3734.3949672737845,4356.794128486082,4979.193289698379,5601.592450910676,3400.4702346011554,4250.587793251444,5100.705351901734,5950.822910552022,6800.940469202311,7651.0580278525995,2297.897751707608,3219.9156212043854,4141.933490701163,5063.95136019794,5985.969229694717,2920.1792419077965,3776.5751701152267,4632.971098322657,5489.367026530087,6345.762954737516
.SPX,2024-11-15,5870.62,27.80665,24.1794,20.1546,20.660449180327863,211.12287887969242,284.1477428085055,2533.474546556309,3166.8431831953862,3800.2118198344638,4433.580456473541,5066.949093112618,5700.317729751695,3409.772913702066,4262.216142127582,5114.659370553099,5967.102598978615,6819.545827404132,7671.989055829648,2338.3970558382757,3276.665031364754,4214.933006891232,5153.20098241771,6091.468957944189,2928.1679871490246,3786.906760890691,4645.645534632358,5504.384308374025,6363.123082115691
.SPX,2024-11-22,5969.34,28.12883,24.41134,20.33706,20.771204590163933,212.21430112805973,287.3853547630426,2546.5716135367165,3183.214516920896,3819.8574203050753,4456.500323689254,5093.143227073433,5729.786130457613,3448.624257156511,4310.780321445639,5172.936385734766,6035.092450023894,6897.248514313022,7759.40457860215,2350.485648916399,3293.604100851944,4236.722552787489,5179.841004723034,6122.959456658578,2961.5318688620514,3830.055210632345,4698.578552402639,5567.101894172932,6435.625235943226
.SPX,2024-11-29,6032.38,28.46708,24.92292,21.23619,21.558527049180327,211.9072275765551,279.81410725503883,2542.886730918661,3178.6084136483264,3814.330096377992,4450.051779107657,5085.773461837322,5721.495144566988,3357.769287060466,4197.2116088255825,5036.653930590699,5876.0962523558155,6715.538574120932,7554.9808958860485,2347.084502188131,3288.8382641334824,4230.592026078833,5172.345788024184,6114.0995499695355,2883.5094838992427,3729.151335440351,4574.793186981459,5420.435038522568,6266.076890063677
.SPX,2024-12-06,6090.27,28.6539,25.09468,21.44976,21.698729945355197,212.54593615528776,280.67403093809537,2550.551233863453,3188.1890423293166,3825.82685079518,4463.464659261043,5101.102467726906,5738.74027619277,3368.0883712571444,4210.11046407143,5052.132556885716,5894.154649700003,6736.176742514289,7578.198835328575,2354.158838555523,3298.7511360887697,4243.343433622016,5187.935731155262,6132.528028688508,2892.371074616908,3740.6117495792428,4588.852424541577,5437.0930995039125,6285.333774466248
.SPX,2024-12-13,6051.09,28.43875,24.69521,21.39253,21.554956885245904,212.77622961628063,280.7284668772358,2553.3147553953677,3191.6434442442096,3829.9721330930515,4468.300821941893,5106.629510790735,5744.958199639577,3368.7416025268294,4210.927003158537,5053.112403790245,5895.297804421952,6737.483205053659,7579.668605685367,2356.7095689833295,3302.325332000608,4247.941095017885,5193.556858035164,6139.172621052441,2892.9320418544653,3741.3372307107443,4589.742419567024,5438.147608423304,6286.552797279583
.SPX,2024-12-20,5930.85,27.98936,24.46976,21.22091,21.318553032786888,211.8965921335822,278.2013390345322,2542.7591056029864,3178.448882003733,3814.1386584044794,4449.828434805227,5085.518211205973,5721.207987606719,3338.4160684143867,4173.020085517984,5007.62410262158,5842.228119725177,6676.832136828773,7511.43615393237,2346.966704019276,3288.673200146731,4230.379696274184,5172.086192401639,6113.792688529093,2866.8897626679486,3707.657577236887,4548.425391805825,5389.193206374764,6229.961020943701
.SPX,2024-12-27,5970.84,28.17881,25.08209,21.39946,21.439707322404374,211.89113379876582,278.49447337186854,2542.6936055851897,3178.3670069814875,3814.040408377785,4449.713809774083,5085.3872111703795,5721.060612566677,3341.9336804624227,4177.417100578028,5012.900520693634,5848.383940809239,6683.867360924845,7519.350781040451,2346.9062475015735,3288.588485809198,4230.270724116822,5171.952962424445,6113.635200732069,2869.910538318103,3711.5642505503406,4553.217962782578,5394.871675014815,6236.525387247052
.SPX,2025-01-03,5942.47,28.04808,21.33523,,21.33523,211.86726506769807,278.5285183239178,2542.4071808123767,3178.008976015471,3813.6107712185653,4449.212566421659,5084.8143616247535,5720.416156827848,3342.342219887014,4177.927774858767,5013.513329830521,5849.098884802274,6684.684439774028,7520.26999474578,2346.6418774306862,3288.218038812417,4229.794200194147,5171.370361575878,6112.946522957608,2870.261374603936,3712.017975988436,4553.774577372936,5395.531178757436,6237.287780141935
.SPX,2025-01-10,5827.04,27.51131,20.93414,,20.93414,211.80525391193657,278.35105717263764,2541.663046943239,3177.0788086790485,3812.4945704148586,4447.910332150668,5083.326093886478,5718.741855622287,3340.2126860716517,4175.265857589565,5010.319029107477,5845.37220062539,6680.425372143303,7515.4785436612165,2345.9550418549716,3287.2556145279605,4228.556187200948,5169.856759873936,6111.157332546924,2868.4326215158235,3709.6529076372462,4550.873193758669,5392.093479880092,6233.3137660015145
.SPX,2025-01-17,5996.66,27.79603,21.55159,,21.55159,215.73800287307216,278.24675580780814,2588.8560344768657,3236.0700430960824,3883.284051715299,4530.498060334516,5177.712068953731,5824.926077572948,3338.961069693698,4173.701337117122,5008.441604540547,5843.181871963971,6677.922139387396,7512.662406810819,2389.514170268103,3348.2925853502093,4307.0710004323155,5265.849415514422,6224.627830596528,2867.357786591953,3708.262857729621,4549.167928867289,5390.073000004957,6230.978071142626
.SPX,2025-01-24,6101.24,27.99392,21.90951,,21.90951,217.94875458671027,278.47450718888734,2615.385055040523,3269.2313188006538,3923.077582560785,4576.923846320916,5230.770110081046,5884.616373841177,3341.694086266648,4177.11760783331,5012.541129399972,5847.9646509666345,6683.388172533296,7518.811694099958,2414.000456765298,3382.603849347493,4351.207241929688,5319.810634511882,6288.414027094077,2869.704785010851,3711.2981563256485,4552.891527640446,5394.484898955243,6236.07827027004
.SPX,2025-01-31,6040.53,27.47077,21.71187,,21.71187,219.8893587620587,278.2132538560704,2638.6723051447043,3298.3403814308804,3958.0084577170564,4617.6765340032325,5277.344610289409,5937.012686575585,3338.559046272845,4173.198807841056,5007.838569409268,5842.478330977479,6677.11809254569,7511.757854113901,2435.4945890652284,3412.7223749891796,4389.95016091313,5367.1779468370805,6344.405732761032,2867.0125459730557,3707.81636899005,4548.620192007043,5389.4240150240375,6230.227838041032
.SPX,2025-02-07,6025.99,26.92623,21.82087,18.81297,21.507718767123286,223.79627597327956,280.1780172619391,2685.555311679355,3356.9441395991935,4028.332967519032,4699.721795438871,5371.11062335871,6042.499451278548,3362.136207143269,4202.670258929086,5043.204310714904,5883.7383625007205,6724.272414286538,7564.806466072356,2478.767605010264,3473.358432409273,4467.9492598082825,5462.5400872072905,6457.1309146062995,2887.259609175186,3734.0012534860316,4580.742897796877,5427.4845421077225,6274.2261864185675
.SPX,2025-02-14,6114.63,27.39514,22.20856,19.05052,21.81921260273972,223.20126854617277,280.2406352295325,2678.4152225540734,3348.0190281925916,4017.62283383111,4687.226639469628,5356.830445108147,6026.4342507466645,3362.8876227543897,4203.609528442987,5044.3314341315845,5885.053339820182,6725.775245508779,7566.497151197376,2472.177302608499,3464.123810182877,4456.070317757255,5448.016825331633,6439.963332906011,2887.9048929501514,3734.8357785203984,4581.766664090646,5428.697549660894,6275.62843523114
.SPX,2025-02-21,6013.13,26.89425,21.81343,18.82036,21.38702002739726,223.58422339347632,281.1579169186284,2683.0106807217157,3353.763350902145,4024.516021082574,4695.268691263002,5366.0213614434315,6036.7740316238605,3373.895003023541,4217.368753779427,5060.8425045353115,5904.316255291196,6747.790006047082,7591.263756802968,2476.418910586779,3470.0673382524533,4463.715765918127,5457.3641935838,6451.012621249474,2897.3575630669743,3747.060616894074,4596.763670721173,5446.466724548273,6296.1697783753725
.SPX,2025-02-28,5954.5,26.73396,21.57347,18.85263,21.133662986301367,222.73168658889293,281.7542800724914,2672.7802390667152,3340.975298833394,4009.1703586000726,4677.365418366751,5345.5604781334305,6013.755537900109,3381.0513608698966,4226.314201087371,5071.577041304845,5916.839881522319,6762.102721739793,7607.365561957267,2466.976212739865,3456.8358137945015,4446.695414849138,5436.555015903774,6426.414616958409,2903.503138881151,3755.0084951245613,4606.513851367971,5458.019207611382,6309.524563854792
.SPX,2025-03-07,5770.2,25.81378,20.87083,18.1918,20.386402657534248,223.53177256488587,283.04159870341294,2682.3812707786306,3352.976588473288,4023.5719061679456,4694.167223862603,5364.762541557261,6035.357859251919,3396.499184440955,4245.623980551194,5094.748776661433,5943.873572771672,6792.99836888191,7642.123164992149,2475.8379651970467,3469.253291964242,4462.668618731437,5456.083945498633,6449.499272265828,2916.7690728881134,3772.1649067105677,4627.560740533021,5482.956574355476,6338.35240817793
.SPX,2025-03-14,5638.94,25.2459,20.38988,17.81406,19.874716000000003,223.36062489354705,283.72430579636955,2680.3274987225645,3350.409373403206,4020.491248083847,4690.573122764488,5360.654997445129,6030.736872125771,3404.6916695564346,4255.864586945543,5107.037504334652,5958.21042172376,6809.383339112869,7660.556256501978,2473.9423335492784,3466.597049339799,4459.251765130319,5451.906480920839,6444.561196711359,2923.8044307425744,3781.2635118251883,4638.722592907802,5496.181673990416,6353.64075507303
.SPX,2025-03-21,5667.56,25.38702,20.55725,17.95194,19.98622315068493,223.24636763196312,283.5733373569269,2678.9564115835574,3348.695514479447,4018.434617375336,4688.173720271226,5357.912823167115,6027.651926063005,3402.880048283123,4253.600060353903,5104.320072424684,5955.040084495466,6805.760096566246,7656.480108637026,2472.6768200932584,3464.8237561012916,4456.970692109325,5449.1176281173575,6441.264564125391,2922.2486874272254,3779.251518351808,4636.254349276391,5493.257180200973,6350.260011125556
.SPX,2025-03-28,5580.94,24.99345,20.25077,17.67458,19.63671923287671,223.29610357913774,284.20939026597324,2679.553242949653,3349.441553687066,4019.329864424479,4689.218175161893,5359.106485899306,6028.994796636719,3410.5126831916787,4263.140853989598,5115.769024787518,5968.397195585438,6821.025366383357,7673.653537181278,2473.2276954557938,3465.5956669419056,4457.963638428017,5450.331609914128,6442.699581400239,2928.803269730058,3787.728351698237,4646.653433666416,5505.5785156345955,6364.503597602775
.SPX,2025-04-04,5074.08,22.73505,18.38443,16.03708,17.77990698630137,223.18314672718995,285.3828202762452,2678.1977607262793,3347.747200907849,4017.296641089419,4686.846081270989,5356.395521452559,6025.944961634129,3424.593843314942,4280.742304143678,5136.890764972413,5993.039225801149,6849.187686629884,7705.33614745862,2471.9765853372073,3463.842556294711,4455.7085272522145,5447.574498209717,6439.44046916722,2940.8955712816273,3803.366941663478,4665.838312045328,5528.309682427178,6390.781052809029
.SPX,2025-04-11,5363.36,23.98964,19.4716,16.99333,18.7858321369863,223.56984098135692,285.5002621598221,2682.838091776283,3353.547614720354,4024.2571376644246,4694.966660608496,5365.676183552566,6036.385706496637,3426.0031459178654,4282.5039323973315,5139.0047188767985,5995.505505356265,6852.006291835731,7708.507078315197,2476.2596109867814,3469.844120630998,4463.428630275214,5457.01313991943,6450.597649563646,2942.1058204303326,3804.9321184920295,4667.758416553727,5530.584714615424,6393.411012677121
.SPX,2025-04-17,5282.7,23.37563,19.29615,16.87171,18.585423753424656,225.99177006138441,284.23887827828406,2711.901240736613,3389.876550920766,4067.8518611049194,4745.827171289073,5423.802481473226,6101.77779165738,3410.8665393394085,4263.583174174261,5116.299809009113,5969.016443843965,6821.733078678817,7674.44971351367,2503.084898043485,3507.4328953155914,4511.780892587698,5516.128889859804,6520.47688713191,2929.107146342977,3788.1213456811606,4647.135545019345,5506.149744357529,6365.163943695712
.SPX,2025-04-25,5525.21,24.34287,20.33307,17.78107,19.529015205479453,226.97446932099623,282.92312448247446,2723.6936318519547,3404.6170398149434,4085.540447777932,4766.463855740921,5447.387263703909,6128.310671666898,3395.0774937896936,4243.846867237117,5092.616240684541,5941.385614131964,6790.154987579387,7638.92436102681,2513.9692752727296,3522.6845644734044,4531.399853674078,5540.115142874753,6548.830432075427,2915.5481854102627,3770.585971668435,4625.623757926607,5480.66154418478,6335.6993304429525
.SPX,2025-05-02,5686.67,24.92293,20.84625,18.31616,20.00057608219178,228.17020310212322,284.32531026260426,2738.042437225479,3422.5530465318484,4107.063655838218,4791.574265144588,5476.084874450958,6160.595483757327,3411.903723151251,4264.879653939064,5117.855584726876,5970.831515514689,6823.807446302502,7676.783377090315,2527.2132229120903,3541.242567699919,4555.271912487747,5569.301257275575,6583.330602063404,2929.9978356972215,3789.2732459656545,4648.5486562340875,5507.8240665025205,6367.0994767709535
.SPX,2025-05-09,5659.91,24.76049,20.714,18.12572,19.79923802739726,228.586348654651,285.8650414812975,2743.036183855812,3428.795229819765,4114.554275783718,4800.313321747671,5486.072367711624,6171.831413675577,3430.38049777557,4287.975622219463,5145.570746663355,6003.165871107248,6860.76099555114,7718.356119995033,2531.8224511491953,3547.7012214808897,4563.579991812584,5579.458762144278,6595.337532475972,2945.8649040709793,3809.7936221065747,4673.72234014217,5537.651058177765,6401.57977621336
.SPX,2025-05-16,5958.38,26.10705,21.88041,19.14259,20.86029076712329,228.2287734539138,285.63264369213215,2738.7452814469652,3423.431601808707,4108.117922170448,4792.804242532189,5477.4905628939305,6162.176883255673,3427.5917243055856,4284.489655381983,5141.387586458379,5998.285517534775,6855.183448611171,7712.081379687568,2527.8619481422184,3542.1515900882328,4556.441232034246,5570.73087398026,6585.020515926275,2943.470023999816,3806.6963996887303,4669.922775377645,5533.149151066559,6396.375526755473
.SPX,2025-05-23,5802.82,25.41496,21.2528,18.59353,20.21094901369863,228.3230034593798,287.11269302925604,2739.8760415125575,3424.845051890697,4109.814062268836,4794.783072646976,5479.752083025115,6164.721093403255,3445.3523163510727,4306.690395438841,5168.028474526609,6029.366553614377,6890.704632702145,7752.042711789913,2528.9056397047934,3543.6140567117186,4558.322473718643,5573.030890725568,6587.739307732492,2958.722065228551,3826.421380734888,4694.120696241225,5561.820011747562,6429.519327253899
.SPX,2025-05-30,5911.69,25.84191,21.69788,18.96144,20.57331561643836,228.76366336698797,287.3474606726238,2745.1639604038555,3431.4549505048194,4117.745940605783,4804.036930706748,5490.327920807711,6176.618910908675,3448.1695280714857,4310.211910089357,5172.254292107229,6034.2966741251,6896.3390561429715,7758.381438160843,2533.786388944501,3550.4531776902027,4567.119966435904,5583.786755181605,6600.453543927307,2961.1413668599253,3829.550186781772,4697.95900670362,5566.3678266254665,6434.776646547314
.SPX,2025-06-06,6000.36,26.15509,22.0217,19.24463,20.827179479452056,229.4146187223978,288.1023811178999,2752.9754246687735,3441.219280835967,4129.46313700316,4817.706993170354,5505.950849337547,6194.19470550474,3457.2285734147986,4321.535716768498,5185.842860122198,6050.150003475897,6914.457146829597,7778.764290183297,2540.996370613233,3560.5561218209828,4580.1158730287325,5599.675624236482,6619.235375444231,2968.9208897899784,3839.6111969798267,4710.301504169675,5580.991811359523,6451.682118549372
.SPX,2025-06-13,5976.97,26.0516,21.5237,18.85272,20.32358843835617,229.42813493221146,294.0902891302317,2753.1376191865374,3441.422023983172,4129.706428779807,4817.99083357644,5506.275238373075,6194.5596431697095,3529.083469562781,4411.3543369534755,5293.625204344171,6175.896071734866,7058.166939125562,7940.437806516256,2541.14607615629,3560.765895826946,4580.385715497602,5600.005535168258,6619.625354838913,3030.626819171651,3919.413517812524,4808.200216453397,5696.9869150942695,6585.773613735142
.SPX,2025-06-20,5967.84,26.07959,21.57966,18.86163,20.30628156164384,228.83181829162191,293.8913252967271,2745.981819499463,3432.4772743743288,4118.972729249194,4805.46818412406,5491.963638998926,6178.459093873792,3526.695903560725,4408.369879450906,5290.043855341088,6171.717831231269,7053.39180712145,7935.065783011631,2534.5412729056834,3551.510954371955,4568.480635838227,5585.450317304498,6602.419998770769,3028.576479013709,3916.7618779338313,4804.947276853954,5693.132675774075,6581.318074694197
.SPX,2025-06-27,6173.07,26.95934,22.31667,19.53144,20.958393452054796,228.97704469026317,294.53927440200727,2747.724536283158,3434.6556703539477,4121.586804424737,4808.517938495526,5495.449072566316,6182.380206637105,3534.471292824087,4418.089116030109,5301.706939236131,6185.324762442153,7068.942585648174,7952.560408854196,2536.1498005309923,3553.7648941845605,4571.379987838129,5588.995081491697,6606.610175145265,3035.2536526862164,3925.3972548094175,4815.540856932619,5705.68445905582,6595.8280611790215
.SPX,2025-07-03,6279.35,27.42671,22.72231,19.86959,21.284226493150683,228.9501730247631,295.0236411936657,2747.4020762971572,3434.2525953714467,4121.103114445736,4807.9536335200255,5494.8041525943145,6181.654671668603,3540.283694323988,4425.354617904985,5310.425541485983,6195.49646506698,7080.567388647976,7965.6383122289735,2535.85216995763,3553.3478411055867,4570.843512253543,5588.3391834015,6605.834854549456,3040.245095938075,3931.8525300122137,4823.459964086353,5715.067398160491,6606.674832234631
.SPX,2025-07-11,6259.75,27.33314,22.65326,19.81992,21.16284553424657,229.01686377781695,295.789618171631,2748.2023653338033,3435.2529566672542,4122.303548000705,4809.354139334156,5496.404730667607,6183.4553220010575,3549.475418059572,4436.844272574464,5324.213127089358,6211.581981604251,7098.950836119144,7986.319690634036,2536.5908367540487,3554.3828935812185,4572.174950408388,5589.9670072355575,6607.759064062727,3048.1385574296296,3942.0608933371277,4835.983229244625,5729.905565152124,6623.827901059622
.SPX,2025-07-18,6296.79,27.4106,23.22836,20.39375,21.68291509589041,229.720983852962,290.40329550492214,2756.651806235544,3445.81475779443,4134.977709353316,4824.140660912202,5513.303612471088,6202.4665640299745,3484.8395460590655,4356.049432573832,5227.259319088598,6098.469205603365,6969.679092118131,7840.888978632898,2544.3896708709995,3565.3109637191046,4586.232256567209,5607.153549415314,6628.07484226342,2992.632019016825,3870.2760481671803,4747.920077317536,5625.564106467891,6503.208135618247
.SPX,2025-07-25,6388.64,27.69675,23.11578,20.22093,21.48197424657534,230.663886557087,297.39538492457126,2767.966638685044,3459.958298356305,4151.949958027566,4843.941617698827,5535.933277370088,6227.924937041349,3568.744619094855,4460.930773868569,5353.116928642283,6245.303083415996,7137.48923818971,8029.675392963424,2554.8332614423666,3579.9449831819893,4605.0567049216115,5630.168426661234,6655.280148400856,3064.686127909388,3963.461341262632,4862.236554615876,5761.01176796912,6659.786981322364
.SPX,2025-08-01,6238.01,26.81558,23.18013,20.10072,21.383104438356163,232.62633140883025,291.7261157276352,2791.515976905963,3489.394971132454,4187.273965358944,4885.152959585435,5583.031953811926,6280.910948038417,3500.713388731622,4375.891735914528,5251.070083097434,6126.24843028034,7001.426777463244,7876.60512464615,2576.569301079153,3610.4024800473726,4644.235659015591,5678.068837983811,6711.90201695203,3006.263800112873,3887.9055981869074,4769.547396260941,5651.189194334976,6532.83099240901
.SPX,2025-08-08,6389.45,27.61636,23.68408,20.58029,21.813302465753424,231.36466934816897,292.91529836123374,2776.376032178028,3470.4700402225344,4164.5640482670415,4858.6580563115485,5552.752064356056,6246.846072400563,3514.983580334805,4393.729475418506,5272.475370502208,6151.221265585908,7029.96716066961,7908.713055753311,2562.5951318002544,3590.8212580713107,4619.047384342367,5647.273510613423,6675.4996368844795,3018.5184338613576,3903.754127232387,4788.989820603417,5674.225513974446,6559.4612073454755
.SPX,2025-08-15,6449.8,27.87593,23.93319,20.81389,21.99324178082192,231.37524021620087,293.26281519917717,2776.5028825944105,3470.628603243013,4164.754323891616,4858.8800445402185,5553.005765188821,6247.1314858374235,3519.1537823901263,4398.942227987657,5278.730673585189,6158.519119182721,7038.3075647802525,7918.096010377783,2562.7122147370474,3590.9853198433702,4619.258424949693,5647.531530056015,6675.804635162338,3022.0996260601883,3908.385569488883,4794.671512917578,5680.957456346273,6567.243399774968
.SPX,2025-08-22,6466.91,27.92173,23.83582,20.58716,21.753117424657532,231.60849990312204,297.28658535487176,2779.3019988374645,3474.127498546831,4168.952998256196,4863.778497965563,5558.603997674929,6253.429497384295,3567.4390242584614,4459.298780323076,5351.158536387692,6243.018292452307,7134.878048516923,8026.737804581538,2565.295799083929,3594.60555211482,4623.915305145711,5653.225058176601,6682.534811207492,3063.564938580693,3962.011342673853,4860.457746767013,5758.904150860174,6657.350554953334
.SPX,2025-08-29,6460.26,27.89576,23.76036,20.53483,21.63062649315069,231.58573202522535,298.6626393852084,2779.0287843027045,3473.7859803783804,4168.543176454056,4863.300372529732,5558.057568605409,6252.814764681085,3583.951672622501,4479.939590778126,5375.927508933752,6271.915427089377,7167.903345245002,8063.891263400627,2565.0436220630218,3594.252190557142,4623.460759051261,5652.669327545382,6681.877896039501,3077.745298841146,3980.3503527230887,4882.955406605031,5785.560460486974,6688.165514368917
.SPX,2025-09-05,6481.5,27.7722,23.93018,20.63173,21.689041369863013,233.38086287726574,298.83755069996147,2800.570354527189,3500.712943158986,4200.855531790783,4900.9981204225805,5601.140709054378,6301.283297686175,3586.050608399538,4482.563260499422,5379.075912599306,6275.588564699191,7172.101216799076,8068.6138688989595,2584.9264917999762,3622.1129440710074,4659.299396342039,5696.485848613069,6733.6723008841,3079.547775635041,3982.681438776589,4885.815101918138,5788.948765059686,6692.082428201234
.SPX,2025-09-12,6584.29,28.22728,24.31279,20.94763,21.961787808219174,233.25981107637716,299.8066485978813,2799.1177329165257,3498.8971661456576,4198.676599374789,4898.45603260392,5598.235465833051,6298.014899062184,3597.6797831745753,4497.099728968219,5396.519674761863,6295.939620555507,7195.359566349151,8094.779512142795,2583.5857220250286,3620.234198361115,4656.882674697201,5693.531151033287,6730.179627369373,3089.5344164334324,3995.5968444923783,4901.659272551324,5807.72170061027,6713.784128669216
.SPX,2025-09-19,6664.36,28.69271,24.85739,21.52605,22.46612676712329,232.26666285617495,296.64036302655245,2787.1999542740996,3483.999942842624,4180.799931411149,4877.599919979674,5574.399908548199,6271.199897116723,3559.6843563186294,4449.605445398287,5339.526534477944,6229.447623557601,7119.368712637259,8009.289801716916,2572.5856121058414,3604.8203594566485,4637.055106807456,5669.289854158263,6701.524601509069,3056.9055594997167,3953.3989789789557,4849.892398458195,5746.385817937435,6642.879237416674
.SPX,2025-09-26,6643.7,28.5622,24.71579,21.42462,22.290242794520548,232.60463129590858,298.05417828975703,2791.255575550903,3489.0694694386284,4186.883363326355,4884.69725721408,5582.511151101806,6280.325044989531,3576.6501394770844,4470.812674346355,5364.975209215627,6259.137744084897,7153.300278954169,8047.46281382344,2576.328950623358,3610.065690394046,4643.802430164734,5677.539169935421,6711.275909706109,3071.4750526533126,3972.2412422535513,4873.00743185379,5773.773621454028,6674.5398110542665
.SPX,2025-10-03,6715.79,28.86768,24.96027,21.60517,22.42326287671233,232.64044772562255,299.5010153930221,2791.6853727074704,3489.6067158843384,4187.528059061206,4885.449402238073,5583.370745414941,6281.292088591809,3594.0121847162654,4492.515230895331,5391.018277074398,6289.521323253464,7188.024369432531,8086.527415611597,2576.725653407245,3610.621567821518,4644.517482235791,5678.413396650063,6712.309311064336,3086.38483883189,3991.52359570147,4896.66235257105,5801.801109440631,6706.939866310211
.SPX,2025-10-10,6552.51,28.16514,24.3968,21.08416,21.828369534246576,232.64610081824554,300.18320835735136,2791.7532098189467,3489.691512273683,4187.62981472842,4885.568117183157,5583.5064196378935,6281.4447220926295,3602.1985002882166,4502.74812536027,5403.297750432324,6303.847375504379,7204.397000576433,8104.946625648487,2576.788267062459,3610.709304835219,4644.6303426079785,5678.551380380738,6712.4724181534975,3093.4148985447114,4000.615348897594,4907.815799250477,5815.016249603359,6722.2166999562405
.SPX,2025-10-17,6664.01,28.44857,24.77568,21.41734,22.1074098630137,234.24762650635867,301.43784555915215,2810.971518076304,3513.71439759538,4216.457277114456,4919.200156633532,5621.943036152608,6324.685915671684,3617.254146709826,4521.567683387282,5425.881220064739,6330.194756742195,7234.508293419652,8138.821830097108,2594.5267659584842,3635.565271402741,4676.603776846998,5717.642282291254,6758.6807877355095,3106.344047491973,4017.3362070504822,4928.328366608991,5839.3205261675,6750.3126857260095
.SPX,2025-10-24,6791.69,28.83408,25.18479,21.78617,22.41933756164384,235.54384256407693,302.9389241018242,2826.526110768923,3533.157638461154,4239.789166153385,4946.4206938456155,5653.052221537846,6359.683749230077,3635.2670892218907,4544.083861527363,5452.900633832836,6361.717406138308,7270.5341784437815,8179.3509507492545,2608.8836553168658,3655.682777624505,4702.481899932143,5749.281022239782,6796.080144547421,3121.8127965709014,4037.3414494841822,4952.870102397463,5868.398755310744,6783.9274082240245
.SPX,2025-10-31,6840.2,28.59548,25.31311,21.95034,22.51233717808219,239.20563669503014,303.8422863824,2870.467640340362,3588.084550425452,4305.701460510542,5023.318370595633,5740.935280680724,6458.552190765814,3646.1074365888,4557.634295736,5469.1611548832,6380.6880140304,7292.2148731776,8203.741732324801,2649.4416879675396,3712.5144807758643,4775.587273584189,5838.660066392512,6901.732859200836,3131.12202593389,4049.380780481619,4967.639535029347,5885.898289577076,6804.157044124804
.SPX,2025-11-07,6728.8,27.93314,24.84448,21.64468,22.11807506849315,240.88949541655538,304.2217724265286,2890.6739449986644,3613.3424312483307,4336.010917497997,5058.679403747663,5781.347889997329,6504.016376246996,3650.6612691183436,4563.3265863979295,5475.991903677515,6388.657220957101,7301.322538236687,8213.987855516272,2668.0921075608894,3738.648270822013,4809.204434083135,5879.760597344258,6950.316760605381,3135.032663671161,4054.438284201234,4973.843904731307,5893.24952526138,6812.655145791453
.SPX,2025-11-14,6734.11,27.83876,24.66015,21.38908,21.810286273972604,241.89690920141555,308.75844156324433,2902.7629104169864,3628.4536380212335,4354.14436562548,5079.835093229726,5805.525820833973,6531.21654843822,3705.101298758932,4631.376623448665,5557.651948138398,6483.927272828131,7410.202597517864,8336.477922207598,2679.2502228775643,3754.2835138543282,4829.316804831093,5904.350095807857,6979.383386784621,3181.783446215193,4114.899588084724,5048.015729954255,5981.131871823787,6914.248013693318
.SPX,2025-11-21,6602.99,27.12945,24.34918,21.04567,21.407698493150686,243.38827362884246,308.4399755589141,2920.6592835461097,3650.824104432637,4380.988925319164,5111.153746205691,5841.318567092219,6571.483387978747,3701.2797067069696,4626.599633383712,5551.919560060454,6477.239486737197,7402.559413413939,8327.879340090682,2695.7685756244696,3777.429757853567,4859.090940082664,5940.752122311761,7022.413304540857,3178.5016254635725,4110.655313423269,5042.809001382965,5974.96268934266,6907.116377302356
.SPX,2025-11-28,6849.09,28.13445,25.38714,21.87345,22.19112608219178,243.4414036883607,308.64093938415976,2921.2968442603287,3651.6210553254105,4381.945266390493,5112.269477455575,5842.593688520657,6572.917899585739,3703.691272609917,4629.614090762397,5555.536908914875,6481.459727067355,7407.382545219834,8333.305363372314,2696.357044176117,3778.254345927875,4860.151647679632,5942.04894943139,7023.946251183147,3180.572575715871,4113.333607683132,5046.094639650393,5978.8556716176545,6911.616703584916
.SPX,2025-12-05,6870.4,28.24403,25.50358,21.98163,22.232508630136984,243.25140569529208,309.02495594612833,2919.016868343505,3648.771085429381,4378.525302515258,5108.279519601134,5838.03373668701,6567.787953772886,3708.29947135354,4635.374339191925,5562.4492070303095,6489.524074868695,7416.59894270708,8343.673810545464,2694.252626360462,3775.305542921678,4856.3584594828935,5937.411376044109,7018.464292605324,3184.5299008460206,4118.4514907267885,5052.3730806075555,5986.294670488323,6920.21626036909
.SPX,2025-12-12,6827.41,28.00698,24.89145,21.73308,21.89748830136986,243.77530172835486,311.78964025627045,2925.3036207402583,3656.629525925323,4387.9554311103875,5119.281336295452,5850.607241480517,6581.933146665581,3741.4756830752453,4676.844603844057,5612.213524612868,6547.5824453816795,7482.951366150491,8418.320286919303,2700.055298945168,3783.436503529627,4866.817708114085,5950.198912698544,7033.5801172830015,3213.020220746211,4155.297117590913,5097.574014435616,6039.850911280318,6982.12780812502
.SPX,2025-12-19,6834.5,28.08108,25.42885,21.64155,21.76606397260274,243.38451370104,313.9979744892179,2920.61416441248,3650.7677055156,4380.92124661872,5111.07478772184,5841.22832882496,6571.38186992808,3767.9756938706146,4709.969617338268,5651.963540805922,6593.957464273575,7535.951387741229,8477.945311208883,2695.7269306632506,3777.3714030981932,4859.015875533136,5940.660347968079,7022.304820403021,3235.777303177796,4184.728130325338,5133.678957472879,6082.629784620421,7031.580611767961
.SPX,2025-12-26,6929.94,28.47029,25.81748,21.94641,21.999438356164383,243.40953323622625,315.0053145815055,2920.914398834715,3651.142998543394,4381.3715982520725,5111.600197960752,5841.82879766943,6572.057397378108,3780.0637749780662,4725.079718722583,5670.095662467099,6615.111606211615,7560.1275499561325,8505.143493700649,2696.004047040824,3777.7597107817605,4859.515374522697,5941.271038263633,7023.02670200457,3246.158033220745,4198.153199158529,5150.148365096314,6102.143531034098,7054.1386969718815
.SPX,2026-01-02,6858.47,28.16484,21.74637,,21.74637,243.51176857386727,315.3845906236306,2922.1412228864074,3652.676528608009,4383.211834329611,5113.747140051213,5844.282445772815,6574.817751494416,3784.6150874835666,4730.768859354459,5676.92263122535,6623.076403096242,7569.230174967133,8515.383946838025,2697.1364056644416,3779.34642159963,4861.556437534818,5943.766453470006,7025.976469405194,3250.066506868525,4203.207904129863,5156.3493013912,6109.4906986525375,7062.632095913875
.SPX,2026-01-09,6966.28,28.59281,22.0829,,22.0829,243.6374738964096,315.4603788451698,2923.6496867569153,3654.562108446144,4385.474530135373,5116.386951824602,5847.299373513831,6578.211795203059,3785.524546142038,4731.905682677548,5678.286819213057,6624.667955748567,7571.049092284076,8517.430228819585,2698.528717846314,3781.297390802099,4864.066063757883,5946.8347367136685,7029.603409669453,3250.8475112922124,4204.217952373449,5157.588393454686,6110.958834535923,7064.32927561716
.SPX,2026-01-16,6940.01,28.42824,22.02888,,22.02888,244.1238008402912,315.0414365142486,2929.4856100834945,3661.8570126043683,4394.228415125242,5126.599817646115,5858.971220166989,6591.342622687863,3780.497238170983,4725.621547713728,5670.745857256475,6615.87016679922,7560.994476341966,8506.118785884712,2703.9152751904644,3788.8452723925893,4873.775269594714,5958.705266796838,7043.635263998963,3246.5302729790014,4198.634605028479,5150.738937077957,6102.843269127436,7054.947601176914
.SPX,2026-01-23,6915.61,28.24102,21.94201,,21.94201,244.87819490939066,315.1766861832621,2938.538338912688,3673.17292364086,4407.807508369032,5142.442093097204,5877.076677825376,6611.711262553547,3782.1202341991457,4727.650292748932,5673.180351298718,6618.710409848504,7564.240468398291,8509.770526948078,2712.2709440762096,3800.55360395383,4888.83626383145,5977.11892370907,7065.40158358669,3247.924032954582,4200.437110587501,5152.9501882204195,6105.463265853338,7057.976343486257
.SPX,2026-01-30,6939.03,28.15216,21.48475,,21.48475,246.48304073293133,322.97466807852084,2957.7964887951757,3697.24561099397,4436.694733192764,5176.143855391558,5915.592977590351,6655.042099789146,3875.69601694225,4844.620021177812,5813.5440254133755,6782.468029648938,7751.3920338845,8720.316038120063,2730.046216793007,3825.4610996200104,4920.875982447014,6016.290865274018,7111.7057481010215,3328.2829361236722,4304.362730649032,5280.442525174391,6256.522319699751,7232.602114225111
.SPX,2026-02-06,6932.3,28.02431,21.54752,,21.54752,247.36737496837569,321.7214788523227,2968.4084996205083,3710.510624525635,4452.612749430762,5194.714874335889,5936.816999241017,6678.919124146143,3860.657746227873,4825.822182784841,5790.986619341809,6756.1510558987775,7721.315492455746,8686.479929012714,2739.841102991572,3839.186125920786,4938.531148849999,6037.876171779213,7137.221194708427,3315.368708694928,4287.661170022653,5259.953631350378,6232.246092678103,7204.538554005828
.SPX,2026-02-13,6836.17,27.53093,21.3145,,21.3145,248.30872041009874,320.72861197776166,2979.704644921185,3724.630806151481,4469.556967381777,5214.483128612073,5959.40928984237,6704.335451072666,3848.74334373314,4810.929179666425,5773.11501559971,6735.300851532995,7697.48668746628,8659.672523399564,2750.267445324211,3853.7959763912613,4957.324507458311,6060.853038525361,7164.38156959241,3305.1371264593804,4274.428989317021,5243.720852174661,6213.012715032301,7182.304577889941
.SPX,2026-02-20,6909.51,27.84999,,,20.856926191780822,248.097396085241,331.2813180842947,2977.168753022892,3721.460941278615,4465.753129534338,5210.045317790061,5954.337506045784,6698.629694301507,3975.375817011536,4969.21977126442,5963.063725517304,6956.907679770188,7950.751634023072,8944.595588275957,2747.926817052673,3850.5161848821053,4953.105552711538,6055.69492054097,7158.2842883704025,3413.883709816076,4415.067495558663,5416.251281301249,6417.435067043835,7418.6188527864215
.SPX,2026-02-27,6878.88,27.46047,,,20.399352383561645,250.50117496168127,337.21070505861695,3006.0140995401753,3757.517624425219,4509.021149310263,5260.524674195307,6012.0281990803505,6763.531723965394,4046.5284607034037,5058.160575879254,6069.792691055105,7081.424806230956,8093.056921406807,9104.689036582658,2774.5510724502,3887.8232651443705,5001.09545783854,6114.367650532709,7227.639843226879,3474.9865746497753,4494.089892143845,5513.193209637914,6532.296527131984,7551.399844626054
.SPX,2026-03-06,6740.02,26.98413,,,19.941778575342468,249.7771838484324,337.98489811404653,2997.326206181189,3746.657757726486,4495.989309271783,5245.320860817081,5994.652412362378,6743.9839639076745,4055.8187773685586,5069.773471710698,6083.728166052838,7097.682860394977,8111.637554737117,9125.592249079256,2766.532146710565,3876.586792923123,4986.64143913568,6096.696085348238,7206.750731560795,3482.964703556855,4504.407753151161,5525.850802745468,6547.293852339774,7568.73690193408
.SPX,2026-03-13,6632.19,26.46727,19.99762,17.39489,19.48420476712329,250.58081169686182,340.3880260584634,3006.969740362342,3758.712175452927,4510.454610543513,5262.197045634098,6013.939480724684,6765.681915815269,4084.656312701561,5105.820390876951,6126.984469052341,7148.148547227732,8169.312625403122,9190.476703578512,2775.4331289476813,3889.05924158976,5002.685354231838,6116.311466873916,7229.937579515994,3507.7291526646104,4536.434829523648,5565.140506382686,6593.846183241723,7622.551860100761
.SPX,2026-03-20,6506.48,26.08743,20.5379,17.69529,19.92265016438356,249.4105398653681,326.5870728198535,2992.9264783844174,3741.1580979805212,4489.389717576626,5237.62133717273,5985.852956768835,6734.084576364939,3919.044873838242,4898.806092297803,5878.567310757363,6858.328529216924,7838.089747676484,8817.850966136046,2762.4711978684127,3870.896412398558,4979.321626928703,6087.746841458848,7196.172055988993,3365.509091136011,4352.506135917064,5339.503180698116,6326.500225479168,7313.497270260221
.SPX,2026-03-27,6368.85,25.59723,20.06098,17.30412,19.411418465753425,248.81012515807376,328.09812488645474,2985.721501896885,3732.1518773711064,4478.582252845327,5225.012628319549,5971.44300379377,6717.873379267991,3937.1774986374567,4921.471873296821,5905.766247956185,6890.06062261555,7874.354997274913,8858.649371934278,2755.821004430026,3861.577868211646,4967.334731993266,6073.091595774886,7178.848459556506,3381.0806182739866,4372.644297953869,5364.2079776337505,6355.771657313632,7347.335336993514
.SPX,2026-04-02,6582.69,26.43808,20.66156,17.88069,19.960628383561644,248.98517592805527,329.7837058787739,2987.8221111366634,3734.777638920829,4481.733166704995,5228.68869448916,5975.644222273327,6722.599750057492,3957.404470545287,4946.755588181609,5936.106705817931,6925.457823454252,7914.808941090574,8904.160058726895,2757.759866799273,3864.2946876286396,4970.829508458006,6077.364329287372,7183.8991501167375,3398.4506816525372,4395.10844985158,5391.766218050624,6388.423986249667,7385.08175444871
.SPX,2026-04-10,6816.89,27.14171,21.29126,18.47507,20.51970109589041,251.1591937280297,332.2119541675612,3013.9103247363564,3767.3879059204455,4520.865487104535,5274.343068288624,6027.820649472713,6781.298230656802,3986.5434500107344,4983.179312513418,5979.815175016101,6976.451037518786,7973.086900021469,8969.722762524152,2781.8392884601394,3898.035834682626,5014.232380905112,6130.428927127598,7246.625473350085,3423.4739981631606,4427.47031122356,5431.46662428396,6435.46293734436,7439.4592504047605
.SPX,2026-04-17,7126.06,28.1926,22.14057,19.16524,21.268349972602746,252.7634911288778,335.0546708691355,3033.1618935465335,3791.452366933167,4549.7428403198,5308.033313706434,6066.323787093067,6824.6142604797005,4020.6560504296262,5025.820063037033,6030.984075644439,7036.148088251846,8041.3121008592525,9046.476113466659,2799.6084868470657,3922.9348187300343,5046.261150613002,6169.587482495971,7292.91381437894,3452.7684488591617,4465.35589493465,5477.943341010137,6490.530787085626,7503.1182331611135
.SPX,2026-04-24,7165.08,28.12475,22.12436,19.21001,21.21412465753425,254.76066453924037,337.7504429557174,3057.1279744708845,3821.4099680886056,4585.691961706327,5349.973955324048,6114.255948941769,6878.53794255949,4053.005315468609,5066.256644335761,6079.5079732029135,7092.759302070065,8106.010630937218,9119.26195980437,2821.72918000724,3953.931309067946,5086.133438128652,6218.335567189358,7350.537696250064,3480.5486221118445,4501.2831116691395,5522.0176012264355,6542.752090783731,7563.486580341027
.SPX,2026-05-01,7230.12,27.41872,21.88245,19.23527,21.004891698630136,263.6928346764546,344.2112486812547,3164.314016117455,3955.392520146819,4746.471024176182,5537.549528205546,6328.62803223491,7119.706536264274,4130.534984175056,5163.16873021882,6195.802476262585,7228.436222306348,8261.069968350112,9293.703714393876,2920.6618985356317,4092.560195231859,5264.458491928086,6436.356788624313,7608.255085320539,3547.127804862759,4587.38785647905,5627.647908095341,6667.907959711632,7708.1680113279235
.SPX,2026-05-08,7398.93,27.83691,22.19364,19.52776,21.25875605479452,265.7956648205566,348.04153078991226,3189.5479778466797,3986.934972308349,4784.32196677002,5581.7089612316895,6379.095955693359,7176.482950155028,4176.498369478947,5220.622961848684,6264.74755421842,7308.872146588157,8352.996738957894,9397.121331327631,2943.95284570341,4125.196497070113,5306.440148436815,6487.683799803519,7668.9274511702215,3586.599205696231,4638.4349669365465,5690.270728176863,6742.106489417178,7793.942250657494
.SPX,2026-05-15,7408.5,27.86656,22.20871,19.45356,21.18968191780822,265.85628078959155,349.627711672904,3190.2753694750986,3987.8442118438734,4785.413054212648,5582.981896581423,6380.550738950197,7178.1195813189715,4195.532540074848,5244.41567509356,6293.298810112272,7342.181945130984,8391.065080149696,9439.948215168408,2944.6242281906143,4126.137267805777,5307.650307420938,6489.163347036099,7670.676386651261,3602.944942028665,4659.574389162558,5716.20383629645,6772.833283430343,7829.462730564235
.SPX,2026-05-22,7473.47,27.5778,22.22812,19.42943,21.139314575342468,270.99587349244683,353.53416845015784,3251.9504819093618,4064.9381023867027,4877.925722864043,5690.913343341384,6503.9009638187235,7316.888584296064,4242.4100214018945,5303.012526752367,6363.615032102841,7424.217537453314,8484.820042803789,9545.422548154262,3001.550358169229,4205.90467044005,5410.25898271087,6614.613294981691,7818.967607252511,3643.2013296574237,4711.636698138489,5780.072066619554,6848.507435100618,7916.942803581683
.SPX,2026-05-29,7580.06,27.93674,22.48215,19.58115,21.29790616438356,271.3294392974986,355.906347858557,3255.9532715699834,4069.941589462479,4883.929907354975,5697.91822524747,6511.906543139967,7325.894861032462,4270.876174302684,5338.5952178783555,6406.314261454027,7474.033305029698,8541.752348605369,9609.47139218104,3005.2449331039797,4211.081671695773,5416.918410287566,6622.75514887936,7828.591887471152,3667.646851324403,4743.251315769875,5818.855780215347,6894.46024466082,7970.064709106292
.SPX,2026-06-05,7383.74,27.24917,21.87673,19.04925,20.668272794520547,270.9711892142036,357.24997794482056,3251.6542705704433,4064.567838213054,4877.481405855665,5690.394973498276,6503.3085411408865,7316.222108783497,4286.999735337847,5358.749669172308,6430.4996030067705,7502.249536841232,8573.999470675693,9645.749404510156,3001.276955097635,4205.521566004504,5409.766176911372,6614.010787818241,7818.2553987251085,3681.493079931676,4761.1582039524665,5840.823327973257,6920.488451994047,8000.153576014837
.SPX,2026-06-12,7431.46,27.22639,21.89027,19.08608,20.63798789041096,272.95061886647477,360.08645995246866,3275.4074263976972,4094.2592829971218,4913.111139596545,5731.96299619597,6550.8148527953945,7369.666709394819,4321.037519429624,5401.29689928703,6481.556279144435,7561.815659001842,8642.075038859248,9722.334418716653,3023.20111838904,4236.2426700272445,5449.284221665448,6662.325773303652,7875.367324941855,3710.723281547308,4798.960696366233,5887.198111185157,6975.435526004082,8063.672940823008
.SPX,2026-06-18,7500.58,27.46704,22.07689,19.21094,20.74991589041096,273.07565722407656,361.47520017014625,3276.9078866889186,4096.134858361149,4915.361830033378,5734.588801705608,6553.815773377837,7373.042745050067,4337.702402041755,5422.128002552194,6506.553603062633,7590.979203573072,8675.40480408351,9759.83040459395,3024.586043267075,4238.183287813943,5451.780532360811,6665.377776907679,7878.975021454547,3725.0343741066827,4817.468778350148,5909.903182593613,7002.337586837077,8094.771991080542
.SPX,2026-06-26,7354.02,26.79356,21.62243,18.7576,20.23318367123288,274.46968599917295,363.46331449834037,3293.6362319900754,4117.0452899875945,4940.454347985113,5763.863405982632,6587.272463980151,7410.68152197767,4361.559773980084,5451.949717475106,6542.339660970127,7632.7296044651475,8723.119547960168,9813.50949145519,3040.0263063060083,4259.818864992092,5479.611423678176,6699.40398236426,7919.1965410503435,3745.5220706587315,4843.964866323424,5942.407661988115,7040.850457652807,8139.293253317499
.SPX,2026-07-02,7483.24,27.29461,21.97043,19.06486,20.513664767123288,274.16548542001516,364.79293607221234,3289.985825040182,4112.482281300227,4934.978737560273,5757.475193820318,6579.971650080364,7402.46810634041,4377.515232866548,5471.894041083186,6566.272849299822,7660.651657516459,8755.030465733096,9849.409273949734,3036.656980620125,4255.097617320895,5473.538254021664,6691.978890722433,7910.419527423202,3759.22394028878,4861.685059620596,5964.146178952412,7066.607298284227,8169.068417616043
